MW,LogP,HBA,HBD,TPSA,RotBonds,AromaticRings,HeavyAtoms,RingCount,Source
134.22199999999998,2.9475200000000017,0,0,0.0,2,1,10,1,Generated
156.29399999999998,3.422300000000003,1,1,0.0,4,0,10,0,Generated
166.26399999999995,3.102000000000002,1,0,17.07,5,0,12,1,Generated
191.27399999999994,2.3988000000000005,2,1,43.09,4,1,14,1,Generated
216.38999999999993,4.059200000000003,2,0,17.07,11,0,14,0,Generated
154.23399999999998,2.0404999999999998,2,1,20.23,2,1,10,1,Generated
240.38699999999994,3.879200000000004,2,1,37.3,9,0,17,0,Generated
114.18799999999999,1.9874999999999998,1,0,9.23,3,0,8,0,Generated
114.18799999999999,1.9639,1,0,9.23,1,0,8,1,Generated
103.19,0.8738999999999999,2,1,12.03,0,0,6,1,Generated
126.24300000000001,3.2227000000000023,0,0,0.0,1,0,9,1,Generated
99.17699999999998,1.0043,1,1,12.03,0,0,7,1,Generated
140.27,3.778900000000003,0,0,0.0,6,0,10,0,Generated
110.11199999999998,0.9572999999999998,2,1,37.3,1,0,8,1,Generated
132.20299999999997,1.3858,2,1,29.46,3,0,9,0,Generated
150.243,1.0497,3,2,29.46,4,0,9,0,Generated
180.29099999999997,3.466400000000003,1,0,9.23,3,0,13,1,Generated
163.22,1.921,2,0,29.43,2,0,12,1,Generated
127.18699999999995,1.0887,2,1,29.1,5,0,9,0,Generated
188.31399999999994,4.399300000000004,0,0,0.0,3,0,14,2,Generated
168.27999999999997,3.3480000000000025,1,0,17.07,5,0,12,0,Generated
240.34600000000003,4.133000000000004,1,1,20.23,6,2,18,2,Generated
226.31599999999997,2.555300000000001,3,0,35.53,5,0,16,1,Generated
176.28099999999998,1.4712,3,1,37.3,7,0,11,0,Generated
172.33700000000002,3.521100000000003,1,1,0.0,0,0,11,1,Generated
182.26299999999992,2.828500000000001,2,0,26.3,2,0,13,1,Generated
172.31199999999998,3.2213000000000025,1,1,20.23,7,0,12,0,Generated
168.32399999999998,4.2489000000000035,0,0,0.0,4,0,12,1,Generated
296.451,3.933200000000003,3,1,46.53,6,0,21,2,Generated
115.17599999999997,0.8496000000000001,2,1,32.59,4,0,8,0,Generated
142.242,2.6477000000000013,1,0,17.07,4,0,10,0,Generated
208.38899999999998,4.740900000000004,0,0,0.0,1,0,15,2,Generated
218.43099999999993,4.354300000000003,2,1,0.0,4,0,13,1,Generated
256.42999999999995,3.7509000000000032,2,2,40.46,7,0,18,1,Generated
112.172,1.5974,1,0,9.23,1,0,8,1,Generated
114.23199999999999,3.0786000000000016,0,0,0.0,3,0,8,0,Generated
152.237,2.8693000000000017,1,0,9.23,0,0,11,2,Generated
192.30200000000002,3.170300000000002,1,1,20.23,6,1,14,1,Generated
114.23199999999999,3.0786000000000016,0,0,0.0,1,0,8,0,Generated
180.33499999999995,4.703200000000004,0,0,0.0,5,0,13,1,Generated
158.285,2.9737000000000022,1,1,20.23,6,0,11,0,Generated
152.19299999999998,1.6582,2,0,26.3,0,0,11,2,Generated
92.163,0.6877,2,1,20.23,1,0,5,0,Generated
144.283,2.8850000000000007,1,1,0.0,1,0,9,1,Generated
171.23999999999998,1.0816999999999999,3,1,38.33,4,0,12,1,Generated
154.20899999999997,2.7045000000000012,2,0,22.37,4,1,11,1,Generated
222.39699999999996,4.596700000000005,1,0,0.0,4,0,15,1,Generated
104.149,0.40530000000000005,2,1,29.46,4,0,7,0,Generated
142.242,2.791800000000001,1,0,17.07,5,0,10,0,Generated
126.19899999999998,1.7235,1,1,20.23,1,0,9,1,Generated
158.24099999999999,2.2317,2,0,26.3,4,0,11,0,Generated
214.39299999999997,4.678200000000005,1,1,20.23,11,0,15,0,Generated
210.361,3.775900000000003,1,1,20.23,3,0,15,1,Generated
246.41599999999997,3.844500000000004,3,1,26.3,9,0,16,0,Generated
160.28199999999998,2.6351000000000004,2,1,9.23,5,0,10,0,Generated
204.35699999999997,4.4737000000000045,0,0,0.0,5,1,15,1,Generated
124.18299999999999,2.2568,1,0,9.23,1,0,9,1,Generated
144.25799999999998,2.5836000000000006,1,1,20.23,5,0,10,0,Generated
200.281,3.8540000000000028,1,0,9.23,3,1,15,2,Generated
118.24499999999999,2.350800000000001,1,1,0.0,2,0,7,0,Generated
208.301,2.4608000000000008,2,1,29.46,4,0,15,1,Generated
172.17999999999998,0.8399999999999999,3,3,77.76,4,0,12,0,Generated
132.272,2.742500000000002,1,1,0.0,4,0,8,0,Generated
112.17199999999998,2.4603,1,0,9.23,3,0,8,0,Generated
158.24099999999999,2.0877,2,1,29.46,7,0,11,0,Generated
152.23699999999997,2.5437000000000003,1,0,9.23,2,0,11,1,Generated
44.053,0.016600000000000004,1,0,12.53,0,0,3,1,Generated
180.33499999999998,4.2489000000000035,0,0,0.0,0,0,13,2,Generated
172.17999999999998,0.5606,4,1,55.760000000000005,2,0,12,1,Generated
216.36799999999997,4.454440000000004,0,0,0.0,0,1,16,2,Generated
112.21599999999998,3.142800000000002,0,0,0.0,3,0,8,0,Generated
100.161,2.1042,1,1,20.23,2,0,7,0,Generated
163.264,2.0846,1,1,12.03,4,1,12,1,Generated
176.303,4.089100000000003,0,0,0.0,0,0,13,2,Generated
170.25199999999995,1.7385000000000002,2,1,29.46,3,0,12,1,Generated
228.379,5.311900000000005,0,0,0.0,8,1,17,1,Generated
146.23299999999998,3.366200000000002,0,0,0.0,2,1,11,1,Generated
240.4309999999999,5.333900000000006,1,0,9.23,4,0,17,1,Generated
187.28299999999996,1.8064,3,2,43.7,8,0,13,0,Generated
138.254,3.3888000000000025,0,0,0.0,1,0,10,1,Generated
158.24099999999999,1.7626,2,1,37.3,5,0,11,0,Generated
78.11399999999999,1.6866,0,0,0.0,0,1,6,1,Generated
278.436,4.0690000000000035,2,1,29.46,10,1,20,1,Generated
168.26099999999997,2.9284000000000017,1,1,20.23,3,0,11,1,Generated
188.38,4.490100000000004,1,0,0.0,9,0,12,0,Generated
180.24699999999999,2.4620000000000006,2,0,26.3,4,0,13,1,Generated
162.27599999999998,3.762500000000003,0,0,0.0,3,1,12,1,Generated
118.245,2.539600000000001,1,0,0.0,4,0,7,0,Generated
122.21099999999998,2.774700000000001,0,0,0.0,0,0,9,1,Generated
116.22899999999998,2.3156,1,0,0.0,4,0,7,0,Generated
108.13999999999997,1.4617,1,0,17.07,1,0,8,1,Generated
146.255,2.1087,2,0,17.07,5,0,9,0,Generated
150.26499999999996,3.6990000000000025,0,0,0.0,3,0,11,1,Generated
114.23199999999999,3.2227000000000023,0,0,0.0,2,0,8,0,Generated
86.134,1.2089,1,0,9.23,2,0,6,0,Generated
200.322,2.5970000000000018,2,1,29.46,2,0,14,1,Generated
128.23999999999998,2.661600000000001,1,0,0.0,1,0,8,1,Generated
206.32899999999995,3.904200000000003,1,0,17.07,5,0,15,1,Generated
96.17299999999999,2.5287000000000006,0,0,0.0,4,0,7,0,Generated
183.33899999999997,3.3206000000000024,1,0,3.24,6,0,13,0,Generated
234.33899999999997,3.342600000000002,2,1,29.46,4,0,17,2,Generated
198.39399999999995,5.563300000000005,0,0,0.0,10,0,14,0,Generated
140.26999999999998,3.778900000000003,0,0,0.0,3,0,10,0,Generated
130.231,2.603200000000001,1,0,9.23,6,0,9,0,Generated
174.284,2.7018000000000013,2,1,29.46,8,0,12,0,Generated
175.27199999999996,1.3245999999999998,3,2,41.489999999999995,7,0,12,0,Generated
188.31099999999998,2.7443000000000013,2,1,29.46,9,0,13,0,Generated
130.23099999999997,2.4575000000000005,1,0,9.23,4,0,9,0,Generated
156.225,1.5386,2,1,37.3,4,0,11,0,Generated
200.32199999999997,2.4561,2,1,29.46,4,0,14,1,Generated
162.229,1.9747000000000001,3,0,27.69,7,0,11,0,Generated
70.135,1.9505000000000001,0,0,0.0,0,0,5,1,Generated
222.37199999999996,4.3742000000000045,1,0,17.07,4,0,16,1,Generated
171.284,2.1191,2,1,43.09,5,0,12,0,Generated
102.20199999999998,1.7383000000000002,1,1,0.0,2,0,6,0,Generated
142.242,2.7677000000000014,1,0,9.23,4,0,10,0,Generated
145.20499999999998,0.8788999999999999,1,0,12.36,0,1,11,2,Generated
118.17599999999999,0.7953999999999999,2,1,29.46,5,0,8,0,Generated
140.226,2.567800000000001,1,0,17.07,5,0,10,0,Generated
80.13,1.8926,0,0,0.0,0,0,6,1,Generated
176.30299999999997,4.323500000000004,0,0,0.0,3,1,13,1,Generated
138.21,2.4879000000000007,1,0,17.07,4,0,10,0,Generated
148.27100000000002,2.1040000000000005,2,1,20.23,4,0,9,0,Generated
130.23099999999997,2.0494,1,1,20.23,3,0,9,0,Generated
170.296,3.608900000000003,1,0,9.23,6,0,12,0,Generated
124.18299999999998,1.6452,1,1,20.23,3,0,9,1,Generated
200.36599999999996,4.409600000000004,1,0,9.23,10,0,14,0,Generated
124.22699999999999,3.142800000000002,0,0,0.0,2,0,9,1,Generated
166.26399999999995,2.9338000000000015,1,0,9.23,3,0,12,1,Generated
62.068000000000005,-0.6829999999999999,2,2,40.46,0,0,4,0,Generated
56.10799999999999,1.5824,0,0,0.0,0,0,4,0,Generated
136.23799999999997,3.308900000000002,0,0,0.0,2,0,10,1,Generated
186.295,3.1319000000000017,2,0,18.46,8,0,13,0,Generated
179.26299999999998,2.1644,2,1,43.09,3,0,13,1,Generated
248.41000000000003,4.994700000000005,1,0,9.23,10,1,18,1,Generated
238.45899999999997,6.221400000000006,0,0,0.0,9,0,17,0,Generated
138.20999999999998,1.8896,1,1,20.23,1,0,10,1,Generated
212.31400000000002,2.622300000000001,3,1,29.46,6,1,14,1,Generated
222.37199999999999,4.3742000000000045,1,0,17.07,6,0,16,1,Generated
130.23099999999997,2.6016000000000004,1,0,9.23,5,0,9,0,Generated
151.20899999999997,2.2135999999999996,2,0,22.12,2,1,11,1,Generated
168.32399999999998,4.104800000000004,0,0,0.0,2,0,12,1,Generated
101.14899999999999,-0.24569999999999992,2,2,32.26,4,0,7,0,Generated
186.339,4.017900000000004,1,0,9.23,8,0,13,0,Generated
170.34,4.783100000000005,0,0,0.0,8,0,12,0,Generated
186.33899999999997,4.163600000000003,1,0,9.23,10,0,13,0,Generated
281.44000000000005,3.7367000000000017,3,2,55.480000000000004,9,0,20,1,Generated
86.13399999999999,1.2089,1,0,9.23,3,0,6,0,Generated
128.21499999999997,2.401700000000001,1,0,17.07,4,0,9,0,Generated
148.271,2.8613000000000017,2,0,9.23,6,0,9,0,Generated
129.247,2.3056,1,1,26.02,6,0,9,0,Generated
124.22699999999999,2.8546000000000014,0,0,0.0,0,0,9,1,Generated
142.286,3.858800000000003,0,0,0.0,5,0,10,0,Generated
212.333,2.598600000000001,2,1,29.46,1,0,15,2,Generated
152.28099999999998,3.945000000000003,0,0,0.0,4,0,11,0,Generated
238.4399999999999,5.392300000000005,1,0,0.0,5,0,16,2,Generated
119.16699999999996,1.616,1,1,26.02,1,1,9,1,Generated
152.23699999999997,3.3207200000000023,1,0,13.14,4,1,11,1,Generated
102.08899999999998,-0.5992,3,0,43.370000000000005,3,0,7,0,Generated
168.261,2.3968000000000007,2,0,17.07,2,0,11,1,Generated
179.28799999999998,2.8957000000000006,2,0,12.89,1,1,12,2,Generated
340.59200000000004,6.667300000000009,2,1,29.46,18,0,24,0,Generated
154.25299999999996,2.3596000000000004,1,1,20.23,2,0,11,1,Generated
168.28,3.1578000000000017,1,0,9.23,3,0,12,1,Generated
133.19399999999993,2.3019,1,1,26.02,1,1,10,1,Generated
110.156,1.8667,1,0,9.23,0,0,8,1,Generated
156.26899999999998,2.4411000000000005,1,1,20.23,1,0,11,1,Generated
150.26499999999996,3.6990000000000025,0,0,0.0,3,0,11,1,Generated
170.29599999999996,3.283900000000002,1,1,20.23,8,0,12,0,Generated
182.35099999999997,4.639000000000005,0,0,0.0,3,0,13,1,Generated
158.285,2.687100000000001,1,1,20.23,5,0,11,0,Generated
140.182,0.47189999999999993,2,2,40.46,3,0,10,1,Generated
113.116,0.0040999999999999925,3,0,38.66,1,0,8,1,Generated
166.26399999999998,2.6698000000000013,1,1,20.23,3,0,12,1,Generated
212.37699999999998,4.454200000000004,1,1,20.23,10,0,15,0,Generated
84.11800000000001,1.6122,1,1,20.23,0,0,6,1,Generated
104.14899999999997,0.3432,2,2,40.46,2,0,7,0,Generated
212.40199999999996,4.103500000000004,0,0,0.0,0,0,14,2,Generated
230.34799999999993,2.7035000000000013,3,1,46.53,11,0,16,0,Generated
126.199,2.0116,1,0,17.07,1,0,9,1,Generated
180.31600000000003,3.8232000000000026,1,0,0.0,3,1,12,1,Generated
158.24099999999999,1.9216,2,1,29.46,2,0,11,1,Generated
168.26099999999997,2.823800000000001,2,1,20.23,3,1,11,1,Generated
158.26599999999996,1.819,2,1,20.23,3,0,10,1,Generated
194.274,2.2389000000000006,2,1,37.3,5,0,14,1,Generated
150.22099999999998,2.818600000000001,1,0,9.23,2,1,11,1,Generated
140.22599999999997,2.884400000000001,1,1,20.23,1,0,10,1,Generated
131.21899999999997,0.8847,2,2,46.25,3,0,9,0,Generated
166.21999999999997,1.9058,2,0,26.3,2,0,12,2,Generated
200.36599999999996,4.288100000000004,1,1,20.23,10,0,14,0,Generated
174.23999999999998,2.058,2,1,46.53,8,0,12,0,Generated
131.21899999999997,0.8847,2,2,46.25,4,0,9,0,Generated
130.256,2.705700000000001,1,0,0.0,4,0,8,0,Generated
144.214,1.2284,2,1,37.3,3,0,10,0,Generated
172.31199999999998,3.2197000000000022,1,1,20.23,6,0,12,0,Generated
132.20299999999997,0.7742,2,2,40.46,3,0,9,0,Generated
254.43899999999994,4.592900000000005,2,0,9.23,0,0,17,1,Generated
167.252,1.7943,2,1,32.59,4,0,12,1,Generated
164.29199999999997,3.945000000000003,0,0,0.0,3,0,12,1,Generated
142.242,2.359600000000001,1,1,20.23,5,0,10,0,Generated
194.365,2.855200000000001,3,0,9.23,7,0,11,0,Generated
128.127,0.19799999999999995,3,1,46.53,1,0,9,1,Generated
170.208,1.4882,3,0,35.53,2,0,12,1,Generated
188.33599999999996,3.2790000000000017,2,0,17.07,9,0,12,0,Generated
180.31599999999997,3.840320000000003,1,0,0.0,2,1,12,1,Generated
114.14399999999998,0.7528,2,0,26.3,0,0,8,1,Generated
180.33499999999998,4.5591000000000035,0,0,0.0,3,0,13,1,Generated
114.232,3.2227000000000023,0,0,0.0,4,0,8,0,Generated
190.28599999999997,3.7630000000000026,1,0,9.23,5,1,14,1,Generated
255.47099999999998,4.241000000000003,2,1,12.03,6,0,17,1,Generated
174.28399999999996,2.3526000000000007,2,1,29.46,7,0,12,0,Generated
148.16099999999997,2.0583,2,0,18.46,1,1,11,2,Generated
164.248,2.561000000000001,1,1,20.23,3,1,12,1,Generated
194.36200000000002,4.971200000000005,0,0,0.0,6,0,14,0,Generated
290.51599999999996,6.231700000000006,1,0,0.0,10,1,20,1,Generated
200.36599999999999,4.263900000000004,1,0,9.23,8,0,14,0,Generated
168.28,2.4395000000000007,1,1,20.23,0,0,12,2,Generated
184.367,5.029100000000005,0,0,0.0,8,0,13,0,Generated
138.20999999999995,2.0337,1,1,20.23,3,0,10,1,Generated
132.20599999999996,2.805200000000001,0,0,0.0,3,1,10,1,Generated
154.25299999999996,2.3612,1,1,20.23,2,0,11,1,Generated
112.17199999999997,1.7875999999999999,1,0,17.07,2,0,8,0,Generated
146.22999999999996,1.1643,2,2,40.46,4,0,10,0,Generated
124.18299999999996,1.7651,1,0,9.23,3,0,9,1,Generated
178.319,4.191000000000003,0,0,0.0,3,0,13,1,Generated
154.25299999999996,2.7677000000000014,1,0,9.23,3,0,11,1,Generated
167.25199999999995,1.7007,2,1,21.259999999999998,4,0,12,1,Generated
170.296,2.975300000000002,1,1,20.23,3,0,12,1,Generated
216.36499999999998,3.608100000000003,2,2,40.46,11,0,15,0,Generated
192.30199999999996,3.0378000000000016,1,0,17.07,2,0,14,3,Generated
134.22199999999998,3.0292000000000012,0,0,0.0,3,1,10,1,Generated
58.123999999999995,1.8064,0,0,0.0,1,0,4,0,Generated
90.14699999999999,0.5035999999999998,2,1,17.07,1,0,5,0,Generated
128.21499999999997,2.725200000000001,1,0,9.23,2,0,9,0,Generated
192.258,2.4443,2,1,29.46,4,1,14,1,Generated
102.17699999999999,1.823,1,0,9.23,4,0,7,0,Generated
186.33899999999994,4.1620000000000035,1,0,9.23,9,0,13,0,Generated
295.37899999999996,3.892420000000003,5,0,57.650000000000006,10,1,21,1,Generated
128.171,2.0206999999999997,2,0,18.46,2,0,9,1,Generated
149.237,2.821840000000001,1,0,12.89,1,1,11,1,Generated
154.253,2.8138000000000014,1,0,17.07,4,0,11,0,Generated
172.26799999999994,2.5725000000000007,2,0,18.46,3,0,12,1,Generated
182.307,3.1398000000000015,1,1,20.23,4,0,13,1,Generated
126.19899999999998,1.7235,1,1,20.23,1,0,9,1,Generated
152.28099999999998,3.945000000000003,0,0,0.0,6,0,11,0,Generated
98.189,2.752700000000001,0,0,0.0,3,0,7,0,Generated
142.286,4.002900000000003,0,0,0.0,6,0,10,0,Generated
163.26399999999998,2.2271,1,1,12.03,4,1,12,1,Generated
138.254,3.3888000000000025,0,0,0.0,1,0,10,1,Generated
88.14999999999999,1.4329,1,0,9.23,3,0,6,0,Generated
180.203,1.0913,3,1,41.99,3,1,13,2,Generated
224.43199999999993,5.665200000000006,0,0,0.0,5,0,16,1,Generated
98.145,1.3755,1,0,17.07,0,0,7,1,Generated
120.195,2.611860000000001,0,0,0.0,0,1,9,1,Generated
198.262,0.8164999999999998,3,3,60.69,2,0,14,1,Generated
56.10799999999999,1.5824,0,0,0.0,1,0,4,0,Generated
90.12199999999999,-0.0469,2,2,40.46,1,0,6,0,Generated
152.19299999999998,1.4462,2,1,29.46,3,1,11,1,Generated
160.257,3.2250000000000014,2,1,29.46,7,0,11,0,Generated
144.25799999999998,2.8476000000000017,1,0,9.23,5,0,10,0,Generated
230.41699999999997,4.4493000000000045,2,0,17.07,11,0,15,0,Generated
90.122,0.3612,2,1,29.46,2,0,6,0,Generated
99.17699999999999,2.2162699999999997,1,1,23.85,4,0,7,0,Generated
172.31199999999998,3.4837000000000025,1,0,9.23,6,0,12,0,Generated
144.214,1.7822,2,0,26.3,7,0,10,0,Generated
100.16099999999999,1.4313,1,0,9.23,0,0,7,1,Generated
179.307,3.0321000000000016,1,0,3.24,0,0,13,2,Generated
182.30699999999996,3.6684000000000028,1,0,9.23,3,0,13,2,Generated
169.31199999999998,3.049400000000001,1,0,3.24,4,0,12,1,Generated
156.22499999999994,1.4925,2,1,29.46,2,0,11,1,Generated
170.277,2.9459000000000017,2,0,9.23,4,0,11,1,Generated
174.28400000000002,2.7018000000000018,2,1,29.46,8,0,12,0,Generated
202.34100000000004,4.611600000000004,0,0,0.0,7,1,15,1,Generated
132.203,1.1823,2,1,29.46,3,0,9,0,Generated
223.35999999999996,3.2852000000000023,1,1,29.1,3,0,16,1,Generated
101.19300000000001,1.3813,1,1,26.02,3,0,7,0,Generated
234.33899999999994,4.295700000000003,2,0,18.46,6,1,17,1,Generated
194.27399999999997,3.055600000000002,2,0,26.3,4,0,14,1,Generated
178.27499999999995,3.412200000000002,1,0,17.07,4,0,13,1,Generated
200.39099999999993,4.344400000000004,1,0,0.0,3,0,13,1,Generated
166.308,3.858800000000003,0,0,0.0,2,0,12,3,Generated
214.39299999999994,4.655600000000004,1,0,9.23,9,0,15,0,Generated
270.48199999999997,3.788700000000003,1,1,20.23,1,0,18,3,Generated
150.22099999999998,2.3438,1,0,17.07,1,0,11,1,Generated
142.242,2.791800000000001,1,0,17.07,3,0,10,0,Generated
156.26899999999998,2.7497000000000007,1,1,20.23,4,0,11,0,Generated
172.26799999999994,2.1660000000000004,2,1,29.46,0,0,12,1,Generated
154.29699999999997,3.714700000000003,0,0,0.0,1,0,11,1,Generated
186.29499999999996,2.9525000000000015,2,0,26.3,9,0,13,0,Generated
98.14499999999998,1.699,1,0,9.23,1,0,7,1,Generated
164.292,3.945000000000003,0,0,0.0,3,0,12,1,Generated
240.45600000000002,4.9374000000000065,1,1,0.0,1,0,16,2,Generated
156.225,1.779,2,0,26.3,2,0,11,1,Generated
168.27999999999997,3.061500000000002,1,1,20.23,5,0,12,0,Generated
194.23000000000002,2.2275,3,0,35.53,5,1,14,1,Generated
122.21099999999996,2.774700000000001,0,0,0.0,2,0,9,1,Generated
140.229,-0.3868999999999998,3,2,37.3,2,0,7,0,Generated
196.33399999999995,3.9380000000000033,1,0,9.23,5,0,14,1,Generated
135.20999999999998,2.3425200000000004,1,0,12.89,2,1,10,1,Generated
160.257,2.0235000000000003,2,1,29.46,5,0,11,0,Generated
130.23099999999997,2.6016000000000012,1,0,9.23,5,0,9,0,Generated
226.29699999999997,1.7021,4,0,27.69,1,0,15,3,Generated
169.31199999999998,2.6666000000000007,1,1,12.03,3,0,12,1,Generated
128.215,2.401700000000001,1,0,17.07,5,0,9,0,Generated
146.255,2.0640000000000005,2,1,17.07,4,0,9,0,Generated
156.26899999999998,2.7497000000000007,1,1,20.23,4,0,11,0,Generated
191.274,2.6660000000000004,2,1,21.259999999999998,3,1,14,2,Generated
102.17699999999999,1.823,1,0,9.23,4,0,7,0,Generated
74.12299999999999,1.0428,1,0,9.23,2,0,5,0,Generated
142.19799999999998,1.1008,2,1,29.46,1,0,10,1,Generated
194.36199999999997,4.661000000000004,0,0,0.0,4,0,14,1,Generated
176.30300000000003,4.055400000000003,0,0,0.0,5,1,13,1,Generated
100.11699999999999,0.8929,2,0,18.46,1,0,7,1,Generated
175.34099999999998,2.706500000000001,2,1,26.02,5,0,11,0,Generated
112.216,2.832600000000001,0,0,0.0,0,0,8,1,Generated
114.18799999999999,2.3367000000000004,1,0,9.23,4,0,8,0,Generated
66.103,1.5025,0,0,0.0,0,0,5,1,Generated
182.307,3.2597000000000023,1,0,9.23,3,0,13,1,Generated
140.27,3.9230000000000027,0,0,0.0,6,0,10,0,Generated
142.19799999999998,1.5956000000000001,2,0,26.3,1,0,10,1,Generated
168.28,3.059900000000002,1,1,20.23,6,0,12,0,Generated
180.33499999999998,4.415000000000004,0,0,0.0,3,0,13,1,Generated
82.146,2.1166,0,0,0.0,0,0,6,1,Generated
83.134,1.2411,1,0,12.36,0,0,6,1,Generated
198.35,3.4673000000000025,1,1,20.23,4,0,14,1,Generated
196.37799999999996,4.740900000000004,0,0,0.0,1,0,14,1,Generated
90.147,1.0549,2,0,9.23,0,0,5,1,Generated
281.484,4.781400000000005,1,1,29.1,6,0,20,1,Generated
78.136,0.29919999999999997,2,1,20.23,1,0,4,0,Generated
144.283,2.9281000000000015,1,0,0.0,2,0,9,1,Generated
156.269,2.439500000000001,1,1,20.23,0,0,11,1,Generated
148.27100000000002,2.1230000000000007,2,1,9.23,6,0,9,0,Generated
254.45799999999994,5.624400000000006,1,0,17.07,11,0,18,0,Generated
128.21499999999997,2.2115,1,0,9.23,2,0,9,1,Generated
170.252,2.8436000000000012,1,1,37.3,5,0,12,0,Generated
128.21499999999997,2.2576,1,0,17.07,3,0,9,0,Generated
168.236,1.3724999999999998,2,1,37.3,0,0,12,2,Generated
137.182,0.92482,2,1,33.120000000000005,2,1,10,1,Generated
128.21499999999997,2.7403000000000013,1,1,20.23,3,0,9,0,Generated
150.265,3.6990000000000025,0,0,0.0,4,0,11,1,Generated
136.238,3.1648000000000023,0,0,0.0,1,0,10,1,Generated
116.204,2.2115,1,0,9.23,4,0,8,0,Generated
124.18299999999999,2.4144000000000005,1,1,20.23,1,0,9,1,Generated
118.08799999999998,-1.0621,3,3,77.76,2,0,8,0,Generated
88.106,0.3808,2,0,18.46,0,0,6,1,Generated
158.24099999999999,2.374200000000001,2,0,26.3,4,0,11,0,Generated
158.24099999999999,2.0282,2,0,26.3,6,0,11,0,Generated
144.21399999999997,1.3724999999999998,2,1,37.3,4,0,10,0,Generated
154.29699999999997,3.714700000000003,0,0,0.0,1,0,11,1,Generated
168.27999999999997,3.3260000000000023,1,0,17.07,3,0,12,1,Generated
204.35700000000003,4.547400000000004,0,0,0.0,5,1,15,1,Generated
162.22899999999998,0.5464,3,2,49.69,7,0,11,0,Generated
179.263,2.0311,2,1,33.120000000000005,4,1,13,1,Generated
266.425,5.061900000000005,2,0,18.46,9,0,19,1,Generated
208.38899999999995,5.339300000000005,0,0,0.0,0,0,15,1,Generated
228.41999999999996,5.044100000000005,1,0,9.23,10,0,16,0,Generated
200.36599999999999,4.144000000000004,1,1,20.23,9,0,14,0,Generated
187.32699999999997,2.1731999999999996,2,2,32.26,8,0,13,0,Generated
170.252,2.1482,2,0,18.46,4,0,12,1,Generated
214.39299999999994,4.943800000000005,1,0,9.23,12,0,15,0,Generated
170.252,2.0728000000000004,2,1,37.3,6,0,12,0,Generated
140.226,2.2576,1,0,17.07,1,0,10,1,Generated
144.258,2.5852000000000017,1,1,20.23,6,0,10,0,Generated
130.18699999999995,0.9973000000000001,2,1,29.46,0,0,9,1,Generated
196.37799999999996,5.195200000000005,0,0,0.0,8,0,14,0,Generated
132.203,1.3874,2,1,29.46,4,0,9,0,Generated
184.32299999999998,3.7703000000000024,1,0,9.23,5,0,13,1,Generated
200.30600000000004,4.146220000000003,1,0,0.0,2,2,14,2,Generated
138.254,3.6990000000000025,0,0,0.0,6,0,10,0,Generated
111.188,2.0197000000000003,1,0,12.36,1,0,8,1,Generated
152.237,3.094940000000002,1,0,13.14,2,1,11,1,Generated
227.30400000000003,1.8781999999999999,4,2,50.72,9,0,16,1,Generated
166.264,3.6484000000000023,1,0,13.14,5,1,12,1,Generated
82.14600000000002,1.9725,0,0,0.0,0,0,6,1,Generated
160.26,3.756300000000002,0,0,0.0,4,1,12,1,Generated
117.217,1.264,2,1,12.03,0,0,7,1,Generated
224.43199999999993,6.263600000000006,0,0,0.0,12,0,16,0,Generated
218.34,4.158700000000003,1,0,17.07,8,1,16,1,Generated
120.10399999999998,-0.8381000000000001,3,3,77.76,3,0,8,0,Generated
192.34599999999998,4.415000000000004,0,0,0.0,0,0,14,2,Generated
232.36699999999993,4.249600000000004,1,0,9.23,6,1,17,1,Generated
236.44299999999987,6.263600000000006,0,0,0.0,4,0,17,1,Generated
194.31799999999996,3.692000000000003,1,0,9.23,4,0,14,2,Generated
186.339,4.160400000000004,1,0,9.23,8,0,13,0,Generated
139.242,3.1625700000000014,1,1,23.85,6,0,10,0,Generated
184.348,3.521100000000003,1,1,0.0,2,0,12,3,Generated
146.23,1.4283,2,1,29.46,4,0,10,0,Generated
208.34499999999997,4.6109000000000036,1,1,20.23,5,0,15,1,Generated
170.277,1.9867,2,1,20.23,2,0,11,1,Generated
154.297,4.313100000000003,0,0,0.0,7,0,11,0,Generated
192.346,4.437000000000004,0,0,0.0,4,0,14,1,Generated
152.19299999999998,1.4468999999999996,2,2,40.46,2,1,11,1,Generated
140.182,1.8408,2,0,18.46,2,0,10,1,Generated
185.31099999999998,2.910000000000001,2,1,21.259999999999998,8,0,13,0,Generated
150.22099999999998,2.4879000000000007,1,0,17.07,3,0,11,1,Generated
130.23099999999997,2.6000000000000005,1,0,9.23,4,0,9,0,Generated
168.28,3.3480000000000025,1,0,17.07,5,0,12,0,Generated
170.32099999999997,3.484300000000003,1,0,0.0,2,0,11,1,Generated
128.21499999999997,2.379200000000001,1,0,9.23,6,0,9,0,Generated
112.21599999999998,2.6885000000000012,0,0,0.0,0,0,8,1,Generated
164.24799999999996,2.9071000000000016,1,1,20.23,3,1,12,1,Generated
208.34499999999997,4.128200000000003,1,0,17.07,4,0,15,1,Generated
138.20999999999998,2.3218000000000005,1,0,17.07,2,0,10,1,Generated
116.22899999999998,2.1479,1,0,0.0,0,0,7,1,Generated
242.44699999999995,5.579900000000006,1,0,9.23,13,0,17,0,Generated
146.18599999999995,1.1319000000000001,3,0,27.69,3,0,10,1,Generated
112.172,1.7656,1,0,17.07,0,0,8,1,Generated
200.36599999999996,4.409600000000004,1,0,9.23,10,0,14,0,Generated
188.311,2.6838000000000015,2,2,40.46,8,0,13,0,Generated
208.30099999999996,2.7253000000000007,2,0,26.3,0,0,15,2,Generated
184.28199999999998,4.066500000000003,0,0,0.0,3,1,14,2,Generated
200.28099999999998,3.8553400000000027,1,0,9.23,2,2,15,2,Generated
216.36499999999995,3.872100000000003,2,1,29.46,11,0,15,0,Generated
104.14899999999997,0.4872999999999999,2,2,40.46,2,0,7,0,Generated
154.20899999999995,1.8833,2,0,18.46,3,0,11,1,Generated
81.11800000000001,0.7889000000000002,1,1,26.02,0,0,6,1,Generated
160.28199999999998,2.2106000000000003,2,0,17.07,5,0,10,0,Generated
116.20400000000001,2.2115,1,0,9.23,4,0,8,0,Generated
162.25399999999996,1.0364,3,2,37.3,5,0,10,0,Generated
132.203,1.1839,2,1,29.46,5,0,9,0,Generated
102.133,-0.08429999999999993,2,2,40.46,2,0,7,0,Generated
155.241,1.6786999999999999,2,1,21.259999999999998,4,0,11,1,Generated
135.166,1.4714,2,1,43.09,1,1,10,1,Generated
188.31099999999998,2.9478000000000018,2,1,29.46,8,0,13,0,Generated
192.30200000000002,3.4327000000000023,1,0,9.23,5,1,14,1,Generated
82.146,2.1386000000000003,0,0,0.0,2,0,6,0,Generated
128.196,2.0789,2,1,20.23,0,0,8,1,Generated
156.31299999999996,4.2489000000000035,0,0,0.0,6,0,11,0,Generated
193.19899999999998,-1.5416,5,5,110.02,5,0,13,0,Generated
124.22699999999999,3.142800000000002,0,0,0.0,2,0,9,1,Generated
140.26999999999998,3.778900000000003,0,0,0.0,4,0,10,0,Generated
130.231,2.4591000000000003,1,0,9.23,5,0,9,0,Generated
196.33399999999997,3.6739000000000024,1,0,17.07,3,0,14,1,Generated
198.34999999999997,4.184000000000004,1,0,9.23,7,0,14,0,Generated
123.19899999999997,2.0417,1,0,12.36,1,0,9,1,Generated
194.31799999999998,3.5699000000000023,1,0,9.23,2,0,14,1,Generated
194.27399999999997,3.1997000000000018,2,0,26.3,2,0,14,1,Generated
170.321,3.441200000000002,1,1,0.0,0,0,11,1,Generated
204.357,4.924820000000005,0,0,0.0,5,1,15,1,Generated
88.13099999999999,0.5751,2,0,17.07,1,0,5,0,Generated
168.32399999999998,4.5591000000000035,0,0,0.0,7,0,12,0,Generated
166.30799999999996,3.858800000000003,0,0,0.0,3,0,12,2,Generated
141.25799999999998,2.173,1,1,12.03,1,0,10,1,Generated
100.161,1.599,1,0,9.23,3,0,7,0,Generated
204.31300000000002,3.624500000000003,1,0,17.07,6,1,15,1,Generated
170.29599999999996,2.685500000000001,1,1,20.23,1,0,12,1,Generated
233.399,4.307000000000003,1,1,26.02,9,1,17,1,Generated
172.31199999999998,3.7703000000000033,1,0,9.23,7,0,12,0,Generated
159.22899999999998,0.4849999999999997,3,2,41.49,4,0,11,1,Generated
152.237,2.2576,1,0,17.07,1,0,11,3,Generated
100.16099999999999,1.1673,1,1,20.23,0,0,7,1,Generated
130.231,2.1935000000000002,1,1,20.23,4,0,9,0,Generated
127.231,2.2998000000000003,1,1,12.03,5,0,9,0,Generated
121.183,1.45372,1,1,26.02,1,1,9,1,Generated
158.28499999999997,2.973700000000002,1,1,20.23,6,0,11,0,Generated
96.173,2.5287000000000006,0,0,0.0,3,0,7,0,Generated
118.20099999999998,1.4664,2,1,9.23,4,0,7,0,Generated
140.226,2.711900000000001,1,0,17.07,5,0,10,0,Generated
91.17899999999999,0.26340000000000013,2,2,26.02,1,0,5,0,Generated
232.38899999999995,3.246800000000002,3,1,29.46,4,0,15,1,Generated
207.273,2.2169999999999996,3,0,21.700000000000003,0,0,15,3,Generated
164.29199999999997,3.945000000000003,0,0,0.0,2,0,12,1,Generated
174.28699999999992,3.8651000000000026,0,0,0.0,1,0,13,2,Generated
170.34,4.639000000000005,0,0,0.0,7,0,12,0,Generated
120.19499999999995,2.639100000000001,0,0,0.0,2,1,9,1,Generated
146.233,3.240000000000002,0,0,0.0,3,0,11,1,Generated
126.24299999999998,3.3888000000000025,0,0,0.0,4,0,9,0,Generated
138.25399999999996,3.3888000000000025,0,0,0.0,2,0,10,1,Generated
198.34999999999997,4.039900000000003,1,0,9.23,8,0,14,0,Generated
188.33599999999998,2.702700000000001,2,1,20.23,5,0,12,0,Generated
142.28599999999997,3.858800000000003,0,0,0.0,5,0,10,0,Generated
161.248,3.1513000000000018,1,0,12.89,4,1,12,1,Generated
147.22099999999998,2.5771900000000008,1,1,23.85,2,1,11,1,Generated
104.14899999999997,0.7513000000000001,2,1,29.46,2,0,7,0,Generated
91.17899999999999,0.2650000000000002,2,2,26.02,2,0,5,0,Generated
260.465,6.396000000000007,0,0,0.0,11,1,19,1,Generated
186.29499999999993,2.3526000000000007,2,1,29.46,5,0,13,1,Generated
184.367,5.173200000000005,0,0,0.0,9,0,13,0,Generated
140.182,1.2056,2,1,29.46,0,0,10,2,Generated
102.202,1.9035,1,0,0.0,0,0,6,1,Generated
168.32399999999998,4.5591000000000035,0,0,0.0,7,0,12,0,Generated
152.28099999999998,3.6128000000000027,0,0,0.0,1,0,11,2,Generated
148.20499999999998,2.3462000000000005,1,0,9.23,3,1,11,1,Generated
188.31099999999998,2.9478000000000018,2,1,29.46,8,0,13,0,Generated
165.32699999999997,2.692400000000001,3,1,12.03,6,0,9,0,Generated
184.323,4.285600000000003,1,0,9.23,8,0,13,0,Generated
182.307,4.039600000000004,1,0,9.23,5,0,13,1,Generated
146.22999999999996,1.3084,2,2,40.46,5,0,10,0,Generated
140.22599999999997,2.2576,1,0,17.07,1,0,10,1,Generated
233.31099999999998,2.2347,3,2,41.49,5,0,17,2,Generated
146.22999999999996,1.1643,2,2,40.46,4,0,10,0,Generated
195.30599999999993,3.0436000000000014,2,0,21.59,6,0,14,1,Generated
146.186,0.7105000000000001,3,1,46.53,3,0,10,0,Generated
179.307,3.400100000000003,1,0,3.24,1,0,13,1,Generated
164.204,1.1789999999999998,2,1,37.3,3,1,12,1,Generated
104.149,-0.0043999999999999595,2,2,40.46,2,0,7,0,Generated
102.17699999999999,1.4133,1,1,20.23,2,0,7,0,Generated
154.25299999999996,2.6000000000000005,1,0,9.23,2,0,11,2,Generated
128.259,3.7569000000000026,0,0,0.0,6,0,9,0,Generated
162.232,2.7692000000000014,1,0,17.07,3,1,12,1,Generated
143.22999999999996,0.7536999999999996,2,2,32.26,1,0,10,1,Generated
82.146,2.1166,0,0,0.0,0,0,6,1,Generated
110.15599999999998,2.1504200000000004,1,0,13.14,1,1,8,1,Generated
248.41,4.730700000000004,1,1,20.23,10,1,18,1,Generated
130.18699999999995,1.3075,2,1,29.46,5,0,9,0,Generated
125.215,1.6551,1,0,3.24,0,0,9,1,Generated
124.18299999999996,2.5585000000000004,1,1,20.23,1,0,9,1,Generated
140.25099999999998,3.2616000000000023,1,0,0.0,2,1,9,1,Generated
190.28600000000003,3.8118000000000025,1,0,9.23,6,1,14,1,Generated
194.31799999999998,3.139800000000002,1,1,20.23,2,0,14,2,Generated
230.41699999999997,3.908300000000003,1,0,9.23,1,0,15,2,Generated
210.34199999999998,3.112900000000002,2,1,20.23,2,0,14,2,Generated
127.21199999999997,2.04502,1,1,15.79,1,1,8,1,Generated
100.161,1.5754000000000001,1,0,9.23,0,0,7,1,Generated
154.25299999999996,2.6698000000000013,1,1,20.23,4,0,11,0,Generated
192.25799999999995,2.9963000000000015,2,1,29.46,3,1,14,1,Generated
151.253,2.6778000000000013,1,0,12.36,2,0,11,1,Generated
84.16199999999999,2.3626000000000005,0,0,0.0,2,0,6,0,Generated
98.145,1.5565,1,0,9.23,0,0,7,1,Generated
154.29699999999997,3.858800000000003,0,0,0.0,1,0,11,1,Generated
141.214,1.4788,2,1,29.1,5,0,10,0,Generated
152.19299999999998,1.3326,2,0,26.3,3,0,11,1,Generated
156.225,2.2959000000000005,2,0,26.3,5,0,11,0,Generated
120.19499999999996,2.5574200000000005,0,0,0.0,1,1,9,1,Generated
84.11800000000001,0.9613,1,0,9.23,0,0,6,1,Generated
105.137,-0.6983999999999999,3,2,55.480000000000004,4,0,7,0,Generated
228.41999999999996,4.900000000000005,1,0,9.23,9,0,16,0,Generated
127.187,0.7175,2,1,29.1,2,0,9,1,Generated
182.351,4.661000000000004,0,0,0.0,4,0,13,0,Generated
171.328,3.1861000000000024,1,1,26.02,6,0,12,0,Generated
116.15999999999998,1.3631,1,1,37.3,2,0,8,0,Generated
166.30799999999996,4.024900000000003,0,0,0.0,1,0,12,1,Generated
184.27899999999997,1.9845000000000002,2,1,29.46,3,0,13,1,Generated
136.23799999999997,2.9987000000000013,0,0,0.0,0,0,10,3,Generated
200.36599999999999,4.408000000000004,1,0,9.23,9,0,14,0,Generated
182.35099999999997,4.494900000000004,0,0,0.0,4,0,13,1,Generated
118.17599999999999,0.7922,2,1,29.46,3,0,8,0,Generated
180.29100000000003,3.323900000000002,1,0,9.23,4,0,13,1,Generated
152.28099999999998,3.490700000000002,0,0,0.0,1,0,11,1,Generated
142.28599999999997,3.858800000000003,0,0,0.0,5,0,10,0,Generated
116.204,2.2099,1,0,9.23,1,0,8,0,Generated
224.38799999999995,4.8864000000000045,1,0,17.07,8,0,16,1,Generated
197.347,3.5042000000000026,2,1,12.03,4,0,13,1,Generated
176.303,4.0103000000000035,0,0,0.0,3,1,13,1,Generated
168.28,2.605600000000001,1,1,20.23,0,0,12,1,Generated
198.39399999999998,5.2751000000000055,0,0,0.0,8,0,14,0,Generated
182.307,3.738100000000003,1,0,17.07,7,0,13,0,Generated
168.27999999999997,3.1578000000000017,1,0,9.23,5,0,12,1,Generated
216.32399999999998,3.790600000000002,1,0,17.07,6,1,16,1,Generated
214.34900000000002,3.502400000000003,2,1,29.46,7,0,15,0,Generated
168.23599999999996,2.0078,2,1,29.46,3,0,12,1,Generated
188.31099999999995,3.354300000000002,2,0,18.46,8,0,13,0,Generated
138.25399999999996,3.3888000000000025,0,0,0.0,0,0,10,1,Generated
110.15599999999999,2.2142999999999997,1,0,9.23,0,0,8,1,Generated
168.27999999999997,3.3480000000000025,1,0,17.07,6,0,12,0,Generated
154.297,3.858800000000003,0,0,0.0,0,0,11,1,Generated
232.43299999999996,4.053900000000004,2,2,20.23,10,0,15,0,Generated
177.24699999999999,2.6417,2,1,43.09,4,1,13,1,Generated
136.19399999999996,2.0978000000000003,1,0,17.07,2,0,10,1,Generated
182.30700000000002,4.063200000000003,1,0,9.23,8,0,13,0,Generated
144.17,0.9456,3,2,49.69,1,0,10,1,Generated
110.15599999999998,1.375,1,0,9.23,2,0,8,1,Generated
168.27999999999997,3.059800000000002,1,0,17.07,4,0,12,0,Generated
116.204,1.8034,1,1,20.23,1,0,8,0,Generated
168.324,4.5591000000000035,0,0,0.0,7,0,12,0,Generated
100.205,2.832600000000001,0,0,0.0,3,0,7,0,Generated
148.249,3.1198200000000016,0,0,0.0,2,1,11,1,Generated
172.26799999999997,1.8184,2,1,29.46,2,0,12,1,Generated
124.22699999999998,3.1648000000000023,0,0,0.0,3,0,9,0,Generated
246.394,4.938900000000005,1,0,17.07,10,1,18,1,Generated
140.25099999999998,2.930300000000001,1,1,0.0,1,0,9,1,Generated
130.18699999999998,1.3075,2,1,29.46,4,0,9,0,Generated
222.37199999999996,4.684400000000005,1,0,17.07,8,0,16,0,Generated
222.32799999999995,3.0191000000000017,2,1,37.3,5,0,16,1,Generated
128.215,2.1152,1,1,20.23,5,0,9,0,Generated
142.22299999999996,1.8422,2,0,17.07,1,0,9,1,Generated
91.17899999999999,0.611,2,2,26.02,1,0,5,0,Generated
96.12899999999998,1.842,1,0,13.14,1,1,7,1,Generated
204.35699999999997,4.887700000000005,0,0,0.0,3,1,15,1,Generated
100.16099999999997,1.3334000000000001,1,1,20.23,2,0,7,0,Generated
205.30100000000002,3.1636000000000015,2,0,29.96,7,1,15,1,Generated
194.27399999999997,2.660300000000001,2,0,18.46,2,0,14,2,Generated
176.303,3.634800000000003,0,0,0.0,0,0,13,3,Generated
152.237,2.5458000000000007,1,0,17.07,0,0,11,2,Generated
178.275,3.2151000000000023,1,0,9.23,4,1,13,1,Generated
188.314,4.526100000000004,0,0,0.0,5,1,14,1,Generated
140.26999999999998,3.7569000000000026,0,0,0.0,4,0,10,1,Generated
123.15499999999997,1.3239,2,0,29.43,2,0,9,1,Generated
159.273,1.393,2,2,32.26,5,0,11,0,Generated
170.296,3.427900000000002,1,0,17.07,6,0,12,0,Generated
224.38799999999995,5.089400000000006,1,0,9.23,9,0,16,0,Generated
184.34799999999998,3.6872000000000025,1,1,0.0,1,0,12,1,Generated
188.26999999999998,3.369200000000003,1,0,9.23,2,0,14,2,Generated
172.31199999999998,3.6278000000000024,1,0,9.23,7,0,12,0,Generated
170.296,4.198800000000003,1,1,20.23,8,0,12,0,Generated
182.351,4.805100000000004,0,0,0.0,8,0,13,0,Generated
132.15899999999996,-0.37579999999999997,3,3,60.69,3,0,9,0,Generated
142.28599999999997,3.858800000000003,0,0,0.0,5,0,10,0,Generated
222.32799999999995,3.033900000000002,2,0,26.3,2,0,16,2,Generated
210.34199999999996,3.3636000000000026,2,0,17.07,4,0,14,1,Generated
142.242,2.6016000000000012,1,0,9.23,3,0,10,1,Generated
192.30199999999994,3.6582000000000026,1,0,17.07,4,0,14,1,Generated
154.209,1.8212,2,1,29.46,1,0,11,1,Generated
116.20399999999998,1.8034,1,1,20.23,3,0,8,0,Generated
142.242,2.791800000000001,1,0,17.07,6,0,10,0,Generated
140.22599999999997,2.581100000000001,1,0,9.23,2,0,10,1,Generated
188.26999999999998,3.8609000000000036,1,0,9.23,3,0,14,2,Generated
144.214,1.3264,2,1,32.76,5,0,10,1,Generated
116.20399999999998,1.8034,1,1,20.23,3,0,8,0,Generated
162.276,3.6990000000000025,0,0,0.0,0,0,12,2,Generated
124.18299999999996,2.1111,1,0,9.23,1,0,9,1,Generated
128.215,2.401700000000001,1,0,17.07,4,0,9,0,Generated
211.393,3.858900000000003,1,1,12.03,7,0,15,0,Generated
347.5430000000001,4.906800000000006,3,2,49.33,9,0,25,2,Generated
150.26499999999996,3.6990000000000025,0,0,0.0,1,0,11,1,Generated
158.24099999999999,1.6184999999999998,2,1,37.3,4,0,11,0,Generated
95.145,1.33352,1,0,4.93,0,1,7,1,Generated
206.329,3.904200000000003,1,0,17.07,5,0,15,1,Generated
144.21399999999997,1.6365,2,0,26.3,4,0,10,0,Generated
98.189,2.608600000000001,0,0,0.0,3,0,7,0,Generated
184.367,4.740900000000004,0,0,0.0,5,0,13,0,Generated
154.25299999999996,2.791800000000001,1,0,17.07,1,0,11,1,Generated
99.17700000000002,1.3014000000000001,1,1,26.02,3,0,7,0,Generated
278.52399999999994,6.691400000000008,0,0,0.0,5,0,20,2,Generated
164.29199999999997,3.945000000000003,0,0,0.0,3,0,12,1,Generated
214.39299999999997,4.678200000000004,1,1,20.23,11,0,15,0,Generated
140.27,3.778900000000003,0,0,0.0,6,0,10,0,Generated
182.26299999999995,2.540300000000001,2,0,26.3,3,0,13,1,Generated
152.28099999999998,3.490700000000002,0,0,0.0,1,0,11,1,Generated
110.15599999999998,2.0702,1,0,9.23,1,0,8,1,Generated
150.22099999999998,3.2676200000000017,1,0,13.14,3,1,11,1,Generated
236.35799999999995,5.012800000000004,0,0,0.0,2,1,18,3,Generated
178.275,2.788100000000001,1,0,9.23,1,0,13,2,Generated
202.29699999999997,2.9463000000000017,1,1,20.23,4,1,15,2,Generated
228.424,3.3693000000000017,2,2,38.05,9,0,16,0,Generated
148.22699999999998,1.8537,3,0,26.3,3,0,9,0,Generated
132.203,1.1823,2,1,29.46,4,0,9,0,Generated
196.37799999999996,5.173200000000005,0,0,0.0,6,0,14,1,Generated
170.29599999999996,3.139800000000002,1,1,20.23,6,0,12,0,Generated
140.25099999999998,2.625800000000001,1,0,0.0,3,0,9,1,Generated
210.36099999999996,4.492600000000004,1,0,9.23,7,0,15,0,Generated
132.20299999999997,1.1839,2,1,29.46,5,0,9,0,Generated
238.37399999999997,4.888100000000004,0,0,0.0,6,2,18,2,Generated
180.29099999999997,2.7717000000000014,1,1,20.23,2,0,13,1,Generated
126.243,3.3888000000000025,0,0,0.0,4,0,9,0,Generated
222.41599999999994,5.751400000000006,0,0,0.0,10,0,16,0,Generated
198.34999999999994,3.9200000000000026,1,1,20.23,8,0,14,0,Generated
160.21599999999998,2.2639000000000005,1,0,17.07,1,0,12,2,Generated
156.26899999999998,2.583600000000001,1,1,20.23,5,0,11,1,Generated
116.16299999999998,0.6513,0,0,0.0,0,1,9,2,Generated
158.24399999999994,1.6775,0,0,0.0,1,1,12,2,Generated
185.31099999999998,2.5092,2,1,43.09,6,0,13,0,Generated
168.23600000000002,1.5145,2,1,29.46,2,0,12,1,Generated
156.269,3.1819000000000024,1,0,17.07,6,0,11,0,Generated
240.4749999999999,6.733600000000007,0,0,0.0,13,0,17,0,Generated
98.16999999999999,1.76,1,1,0.0,0,0,6,1,Generated
114.232,3.3668000000000022,0,0,0.0,5,0,8,0,Generated
151.253,3.027000000000002,1,0,12.36,2,0,11,1,Generated
171.32799999999997,3.1529000000000016,1,0,3.24,6,0,12,0,Generated
128.259,3.6128000000000027,0,0,0.0,5,0,9,0,Generated
112.21599999999998,2.9987000000000013,0,0,0.0,3,0,8,0,Generated
249.401,1.4232999999999998,5,5,52.489999999999995,3,0,15,1,Generated
126.199,2.3218000000000005,1,0,17.07,4,0,9,0,Generated
112.17199999999998,1.7399,1,0,9.23,1,0,8,1,Generated
214.26399999999995,2.6586000000000007,2,0,26.3,4,1,16,2,Generated
208.38899999999992,4.885000000000005,0,0,0.0,1,0,15,2,Generated
60.052,-0.8224,2,1,37.3,1,0,4,0,Generated
114.18799999999999,2.0116,1,0,17.07,4,0,8,0,Generated
198.34999999999997,3.921600000000003,1,1,20.23,8,0,14,0,Generated
108.18399999999998,2.5287000000000006,0,0,0.0,0,0,8,1,Generated
136.194,2.0978000000000003,1,0,17.07,2,0,10,1,Generated
170.208,0.4444,3,2,49.69,2,0,12,1,Generated
122.189,0.9274,3,0,18.46,4,0,7,0,Generated
154.297,3.858800000000003,0,0,0.0,1,0,11,1,Generated
142.15399999999997,1.1997,3,0,35.53,2,0,10,1,Generated
132.203,1.3874,2,1,29.46,4,0,9,0,Generated
64.109,-0.134,2,2,20.23,0,0,3,0,Generated
112.172,1.4775,1,1,20.23,1,0,8,1,Generated
92.094,-1.3205000000000002,3,3,60.69,2,0,6,0,Generated
158.24099999999996,2.0892999999999997,2,1,29.46,7,0,11,0,Generated
134.178,2.3804000000000007,1,0,9.23,0,0,10,2,Generated
142.19799999999998,1.3664,2,0,18.46,3,0,10,1,Generated
85.15000000000002,0.9113,1,1,26.02,1,0,6,0,Generated
182.26600000000002,3.585820000000002,0,0,0.0,2,2,14,2,Generated
196.37799999999996,5.173200000000005,0,0,0.0,7,0,14,1,Generated
208.34499999999994,3.5299000000000023,1,1,20.23,3,0,15,2,Generated
100.16099999999999,1.4313,1,0,9.23,0,0,7,1,Generated
200.32499999999993,4.536500000000004,0,0,0.0,3,1,15,2,Generated
128.21499999999997,2.401700000000001,1,0,17.07,2,0,9,0,Generated
138.254,3.3888000000000025,0,0,0.0,4,0,10,1,Generated
176.303,3.9113000000000033,0,0,0.0,4,1,13,1,Generated
238.32999999999998,4.338000000000004,1,0,17.07,5,1,18,2,Generated
166.26399999999998,2.5273000000000003,1,1,20.23,1,0,12,1,Generated
138.254,3.5329000000000024,0,0,0.0,0,0,10,1,Generated
180.29099999999997,3.3480000000000025,1,0,17.07,3,0,13,1,Generated
152.28099999999998,3.634800000000003,0,0,0.0,3,0,11,1,Generated
158.285,3.095200000000002,1,0,9.23,6,0,11,0,Generated
144.25799999999998,2.7051000000000007,1,0,9.23,5,0,10,0,Generated
138.254,3.3888000000000025,0,0,0.0,1,0,10,1,Generated
196.37799999999996,5.483400000000005,0,0,0.0,10,0,14,0,Generated
114.14399999999999,0.4904,2,1,37.3,0,0,8,1,Generated
168.32399999999998,4.2489000000000035,0,0,0.0,2,0,12,1,Generated
187.32699999999997,2.5813000000000006,2,1,21.259999999999998,9,0,13,0,Generated
144.25799999999995,2.846000000000001,1,0,9.23,4,0,10,0,Generated
146.25499999999997,2.6981,1,1,20.23,4,0,9,0,Generated
126.19899999999997,2.3218000000000005,1,0,17.07,3,0,9,0,Generated
142.267,2.7041000000000013,1,0,0.0,1,0,9,1,Generated
286.437,3.387200000000002,3,2,57.53,3,0,19,1,Generated
140.18200000000002,1.9835,1,1,37.3,4,0,10,0,Generated
224.34399999999994,3.256400000000002,2,1,29.46,4,0,16,2,Generated
124.18299999999996,2.1111,1,0,9.23,1,0,9,1,Generated
213.409,4.228600000000004,1,1,12.03,10,0,15,0,Generated
110.15599999999999,2.1684,1,1,20.23,0,0,8,1,Generated
145.246,1.1485999999999998,2,2,32.26,7,0,10,0,Generated
184.32299999999998,3.962100000000003,1,0,17.07,8,0,13,0,Generated
145.202,1.2101000000000002,3,2,41.489999999999995,1,0,10,1,Generated
214.39299999999994,4.654000000000004,1,0,9.23,9,0,15,0,Generated
171.284,1.7994999999999999,2,1,21.259999999999998,3,0,12,1,Generated
226.31600000000003,1.5967000000000002,3,3,60.69,2,0,16,1,Generated
130.187,1.1414,2,1,29.46,2,0,9,1,Generated
239.44699999999995,4.473000000000003,1,1,12.03,5,0,17,1,Generated
184.348,3.874400000000003,1,0,0.0,4,0,12,1,Generated
128.259,3.324600000000002,0,0,0.0,1,0,9,0,Generated
235.41499999999994,4.601400000000004,1,1,12.03,9,0,17,1,Generated
138.16599999999997,1.4454999999999998,2,2,40.46,1,1,10,1,Generated
134.2,1.7887,3,0,18.46,5,0,8,0,Generated
158.24099999999999,1.7626,2,1,37.3,5,0,11,0,Generated
158.31,3.2971000000000026,1,1,0.0,4,0,10,0,Generated
192.30200000000002,3.4627000000000026,1,0,9.23,5,1,14,1,Generated
220.378,3.044900000000002,3,1,29.46,10,0,14,0,Generated
156.26899999999998,2.8476000000000017,1,0,9.23,0,0,11,1,Generated
137.22599999999997,2.7810000000000015,1,0,12.36,1,0,10,1,Generated
155.24099999999999,1.9788,2,2,42.17,5,0,11,1,Generated
166.30799999999996,4.169000000000003,0,0,0.0,4,0,12,1,Generated
182.30699999999996,4.063200000000003,1,0,9.23,8,0,13,0,Generated
108.184,2.5287000000000006,0,0,0.0,0,0,8,1,Generated
114.14399999999998,0.6698,2,1,29.46,1,0,8,1,Generated
302.50200000000007,5.668500000000006,1,1,20.23,4,0,22,2,Generated
184.367,4.885000000000005,0,0,0.0,7,0,13,0,Generated
222.284,2.8868000000000014,3,1,38.69,2,1,16,2,Generated
166.26399999999995,3.102000000000002,1,0,17.07,3,0,12,1,Generated
130.23099999999997,2.4575000000000005,1,0,9.23,3,0,9,0,Generated
128.171,0.9987999999999999,2,0,26.3,0,0,9,1,Generated
153.269,2.8324000000000007,1,1,12.03,4,0,11,1,Generated
154.209,1.9042,2,0,26.3,2,0,11,1,Generated
220.39999999999995,5.029100000000005,0,0,0.0,0,0,16,3,Generated
182.30699999999996,3.5720000000000027,1,0,17.07,4,0,13,1,Generated
180.33499999999995,4.393000000000004,0,0,0.0,1,0,13,2,Generated
126.24300000000001,3.3888000000000025,0,0,0.0,4,0,9,0,Generated
204.30999999999995,2.1842,3,1,38.69,9,0,14,0,Generated
100.16099999999999,1.1908999999999998,1,1,20.23,2,0,7,0,Generated
277.496,6.106200000000006,1,1,26.02,11,0,20,1,Generated
256.389,4.426800000000004,1,1,20.23,6,1,19,2,Generated
212.42099999999994,5.9534000000000065,0,0,0.0,11,0,15,0,Generated
138.20999999999998,2.6453000000000007,1,0,9.23,2,0,10,1,Generated
223.40399999999997,4.147100000000003,1,1,12.03,6,0,16,1,Generated
124.22699999999999,3.286900000000002,0,0,0.0,2,0,9,1,Generated
172.31199999999995,3.771900000000003,1,0,9.23,8,0,12,0,Generated
110.15599999999998,2.1504200000000004,1,0,13.14,1,1,8,1,Generated
142.19799999999998,2.0634,1,1,37.3,5,0,10,0,Generated
154.297,4.313100000000003,0,0,0.0,7,0,11,0,Generated
196.33399999999997,3.9841000000000033,1,0,17.07,6,0,14,0,Generated
170.29599999999996,3.141400000000002,1,1,20.23,6,0,12,0,Generated
114.18799999999999,1.9875,1,0,9.23,4,0,8,0,Generated
146.186,2.2613,2,1,46.53,5,0,10,0,Generated
190.242,2.2715199999999998,2,0,26.3,2,1,14,2,Generated
200.32199999999997,2.912000000000002,2,1,29.46,10,0,14,0,Generated
202.34099999999995,4.024900000000003,0,0,0.0,0,0,15,4,Generated
148.249,3.4193000000000024,0,0,0.0,4,1,11,1,Generated
222.32799999999997,3.4882000000000026,2,0,26.3,5,0,16,1,Generated
152.28099999999998,3.468700000000003,0,0,0.0,0,0,11,2,Generated
140.22599999999997,2.8693000000000017,1,0,9.23,2,0,10,1,Generated
144.239,1.5924999999999998,2,2,20.23,2,0,9,1,Generated
112.21600000000001,2.976700000000002,0,0,0.0,2,0,8,1,Generated
116.16299999999997,2.2559000000000005,0,0,0.0,0,1,9,2,Generated
148.24899999999997,3.308900000000002,0,0,0.0,0,0,11,2,Generated
146.21099999999998,0.6627000000000001,3,1,26.3,1,0,9,1,Generated
108.18399999999998,2.6728000000000014,0,0,0.0,0,0,8,1,Generated
108.18399999999998,2.6728000000000014,0,0,0.0,1,0,8,1,Generated
196.29300000000003,3.861900000000003,0,0,0.0,4,2,15,2,Generated
198.34999999999994,4.496300000000004,1,0,17.07,10,0,14,0,Generated
126.243,3.3668000000000022,0,0,0.0,2,0,9,1,Generated
146.29899999999998,3.174100000000002,1,0,0.0,4,0,9,0,Generated
166.21999999999997,2.2144000000000004,2,0,26.3,3,0,12,1,Generated
137.22599999999997,2.7810000000000015,1,0,12.36,1,0,10,1,Generated
184.27899999999997,2.7643000000000013,2,0,26.3,4,0,13,1,Generated
167.252,2.9617200000000015,2,0,26.03,4,1,12,1,Generated
130.23099999999997,2.1935000000000002,1,1,20.23,4,0,9,0,Generated
94.157,2.1386000000000003,0,0,0.0,0,0,7,1,Generated
229.43299999999996,3.8915000000000033,2,1,12.03,6,0,15,1,Generated
156.22499999999997,1.8653,2,1,29.46,5,0,11,0,Generated
112.21599999999998,2.9987000000000013,0,0,0.0,3,0,8,0,Generated
126.22399999999998,2.2357000000000005,1,0,0.0,2,0,8,1,Generated
86.134,1.5549,1,0,9.23,2,0,6,0,Generated
186.29500000000002,2.867900000000002,2,1,29.46,8,0,13,0,Generated
174.287,3.975500000000003,0,0,0.0,5,1,13,1,Generated
112.172,1.9465999999999999,1,0,9.23,0,0,8,1,Generated
200.27799999999996,1.7126,3,1,38.69,4,0,14,1,Generated
210.36099999999993,3.7759000000000027,1,1,20.23,3,0,15,1,Generated
148.271,2.3249000000000004,2,1,9.23,4,0,9,0,Generated
168.32399999999998,4.393000000000004,0,0,0.0,5,0,12,1,Generated
110.15599999999998,1.2534999999999998,1,1,20.23,0,0,8,1,Generated
176.259,3.6879000000000026,1,0,9.23,4,1,13,1,Generated
141.17,1.255,3,0,21.700000000000003,1,0,10,1,Generated
176.25900000000001,2.762620000000001,1,0,17.07,3,1,13,1,Generated
206.329,4.064000000000004,1,0,9.23,6,1,15,1,Generated
92.09400000000001,-1.0565000000000002,3,2,49.69,2,0,6,0,Generated
117.14799999999998,0.1149,3,1,38.33,4,0,8,0,Generated
214.39299999999994,4.942200000000005,1,0,9.23,11,0,15,0,Generated
152.237,3.094940000000001,1,0,13.14,2,1,11,1,Generated
140.26999999999998,3.468700000000003,0,0,0.0,1,0,10,1,Generated
150.174,0.2635,4,2,58.92,6,0,10,0,Generated
114.18799999999999,2.0116,1,0,17.07,4,0,8,0,Generated
110.2,2.918800000000002,0,0,0.0,3,0,8,0,Generated
165.23600000000002,1.9093699999999996,2,2,44.08,3,0,12,1,Generated
196.37799999999996,5.029100000000005,0,0,0.0,3,0,14,1,Generated
152.28099999999998,3.778900000000003,0,0,0.0,2,0,11,1,Generated
178.319,3.714700000000003,0,0,0.0,0,0,13,3,Generated
272.473,4.939200000000005,2,1,29.46,13,0,19,0,Generated
128.171,1.3496,2,0,26.3,1,0,9,1,Generated
198.30599999999993,2.806800000000001,2,0,26.3,3,0,14,1,Generated
96.12899999999999,1.4766,1,0,9.23,0,0,7,1,Generated
210.40499999999994,5.2751000000000055,0,0,0.0,4,0,15,1,Generated
158.285,2.975300000000002,1,1,20.23,7,0,11,0,Generated
194.23,2.0568999999999997,3,1,38.69,4,1,14,1,Generated
124.18299999999998,2.5585000000000004,1,1,20.23,1,0,9,1,Generated
170.296,3.5720000000000027,1,0,17.07,7,0,12,0,Generated
196.33399999999995,4.106200000000003,1,0,17.07,7,0,14,1,Generated
132.203,1.389,2,1,29.46,3,0,9,0,Generated
74.079,1.0096,2,1,29.46,1,0,5,0,Generated
158.24099999999996,1.7642,2,1,37.3,6,0,11,0,Generated
152.237,2.878000000000001,1,0,17.07,6,0,11,0,Generated
192.30199999999996,3.370000000000002,1,0,17.07,2,0,14,1,Generated
85.15,1.1148,1,1,26.02,1,0,6,0,Generated
184.32299999999998,4.106200000000004,1,0,17.07,9,0,13,0,Generated
184.32299999999998,3.221300000000002,1,1,20.23,4,0,13,1,Generated
128.17100000000002,1.1445,2,0,26.3,1,0,9,1,Generated
182.35099999999994,4.783100000000005,0,0,0.0,3,0,13,1,Generated
112.12799999999997,1.3329,2,1,33.370000000000005,1,1,8,1,Generated
132.27200000000002,2.9281000000000015,1,0,0.0,4,0,8,0,Generated
70.13499999999999,1.9725,0,0,0.0,1,0,5,0,Generated
170.296,3.7161000000000026,1,0,17.07,8,0,12,0,Generated
212.42099999999996,5.665200000000006,0,0,0.0,9,0,15,0,Generated
152.281,3.468700000000003,0,0,0.0,0,0,11,2,Generated
194.31799999999996,3.594000000000003,1,0,17.07,2,0,14,1,Generated
241.4629999999999,5.4264000000000046,1,1,26.02,14,0,17,0,Generated
129.20299999999997,1.1444999999999999,2,1,21.259999999999998,4,0,9,0,Generated
272.40999999999997,3.391700000000002,4,0,35.53,10,0,18,1,Generated
154.253,2.5037000000000003,1,1,20.23,2,0,11,1,Generated
284.52799999999996,6.628700000000007,1,1,20.23,16,0,20,0,Generated
172.293,2.9694000000000016,1,1,17.07,7,0,11,0,Generated
250.46999999999994,6.509600000000007,0,0,0.0,0,0,18,1,Generated
208.257,1.5448000000000002,3,1,46.53,6,1,15,1,Generated
126.19899999999997,2.804500000000001,1,1,20.23,5,0,9,0,Generated
158.28499999999997,2.951100000000001,1,0,9.23,5,0,11,0,Generated
164.292,4.089100000000003,0,0,0.0,4,0,12,1,Generated
168.32399999999998,4.415000000000004,0,0,0.0,6,0,12,0,Generated
182.33200000000002,4.491300000000004,1,0,0.0,5,0,12,1,Generated
95.14500000000001,1.7548,1,0,12.36,0,0,7,1,Generated
100.16099999999999,1.599,1,0,9.23,3,0,7,0,Generated
154.29699999999997,4.169000000000003,0,0,0.0,6,0,11,0,Generated
168.32399999999998,4.393000000000004,0,0,0.0,4,0,12,1,Generated
140.22599999999997,2.567800000000001,1,0,17.07,5,0,10,0,Generated
115.22,1.7845,1,1,12.03,4,0,8,0,Generated
59.111999999999995,0.22569999999999996,1,1,12.03,1,0,4,0,Generated
158.24099999999996,1.92,2,1,29.46,3,0,11,1,Generated
142.286,4.002900000000003,0,0,0.0,6,0,10,0,Generated
138.21,2.786520000000001,1,0,13.14,2,1,10,1,Generated
166.22,2.563600000000001,2,0,26.3,4,0,12,1,Generated
142.154,1.3051199999999998,3,1,42.6,2,1,10,1,Generated
206.32899999999998,4.192400000000004,1,0,17.07,8,0,15,1,Generated
112.216,3.142800000000002,0,0,0.0,4,0,8,0,Generated
126.24299999999998,3.3888000000000025,0,0,0.0,4,0,9,0,Generated
152.281,3.634800000000003,0,0,0.0,1,0,11,1,Generated
136.23799999999997,3.308900000000002,0,0,0.0,2,0,10,1,Generated
128.171,1.6733,1,1,37.3,3,0,9,0,Generated
142.22299999999996,2.8625000000000016,2,0,9.23,2,0,9,1,Generated
132.206,3.1098000000000017,0,0,0.0,2,1,10,1,Generated
256.436,3.313500000000002,3,1,20.23,5,0,16,2,Generated
126.243,3.5329000000000024,0,0,0.0,5,0,9,0,Generated
154.253,2.8138000000000014,1,0,17.07,3,0,11,0,Generated
168.32399999999996,4.415000000000004,0,0,0.0,5,0,12,0,Generated
160.21299999999997,0.34490000000000004,3,2,57.53,5,0,11,0,Generated
138.254,3.2447000000000017,0,0,0.0,0,0,10,1,Generated
168.27999999999997,2.7497000000000016,1,1,20.23,2,0,12,1,Generated
189.25799999999998,3.0092000000000017,2,0,22.12,2,1,14,2,Generated
212.289,2.3704,3,1,38.69,6,0,15,1,Generated
188.267,1.5332,3,1,46.53,8,0,13,0,Generated
142.286,4.002900000000003,0,0,0.0,6,0,10,0,Generated
206.373,4.350800000000004,0,0,0.0,1,0,15,3,Generated
156.26899999999998,3.1819000000000024,1,0,17.07,6,0,11,0,Generated
97.161,1.6422,1,0,12.36,3,0,7,0,Generated
160.257,1.6985,2,2,40.46,6,0,11,0,Generated
176.256,1.1973000000000003,3,1,38.69,6,0,12,0,Generated
234.38299999999998,4.8285000000000045,1,0,17.07,8,0,17,1,Generated
136.19399999999996,1.6655999999999997,1,1,20.23,2,0,10,1,Generated
212.42099999999996,5.665200000000006,0,0,0.0,9,0,15,0,Generated
162.22899999999998,2.1188000000000002,3,0,27.69,8,0,11,0,Generated
144.21699999999998,3.275900000000002,0,0,0.0,2,1,11,1,Generated
152.28099999999998,3.9230000000000027,0,0,0.0,4,0,11,1,Generated
152.281,3.945000000000003,0,0,0.0,4,0,11,0,Generated
210.40499999999994,5.563300000000005,0,0,0.0,7,0,15,1,Generated
160.32600000000002,3.5227000000000035,1,1,0.0,6,0,10,0,Generated
154.25299999999996,3.1153000000000013,1,0,9.23,3,0,11,1,Generated
155.26600000000002,1.7380999999999998,2,2,12.03,2,0,10,1,Generated
130.18699999999998,2.0547,2,1,29.46,2,0,9,1,Generated
141.21399999999997,1.287,2,1,21.259999999999998,2,0,10,1,Generated
136.19399999999996,2.0978000000000003,1,0,17.07,2,0,10,1,Generated
226.40399999999994,4.988300000000005,1,0,17.07,10,0,16,0,Generated
164.24799999999996,2.956120000000001,1,0,9.23,3,1,12,1,Generated
84.162,2.3626000000000005,0,0,0.0,2,0,6,0,Generated
152.28099999999995,3.778900000000003,0,0,0.0,2,0,11,1,Generated
122.16699999999997,1.5636,1,0,17.07,1,0,9,1,Generated
176.30300000000003,4.370400000000004,0,0,0.0,5,1,13,1,Generated
169.227,2.6724000000000006,1,0,12.89,2,2,13,2,Generated
138.254,3.2447000000000017,0,0,0.0,1,0,10,1,Generated
102.13299999999998,0.20380000000000004,2,1,37.3,2,0,7,0,Generated
272.476,6.418000000000006,0,0,0.0,9,1,20,1,Generated
216.36499999999995,3.524500000000003,2,1,29.46,11,0,15,0,Generated
112.12799999999999,0.7490999999999999,2,2,40.46,0,0,8,1,Generated
168.19199999999995,1.7116,3,1,46.53,2,0,12,1,Generated
146.255,2.6137000000000006,2,0,9.23,3,0,9,1,Generated
166.26399999999998,2.7661000000000016,1,0,9.23,0,0,12,2,Generated
154.253,3.2745000000000024,1,1,20.23,0,0,11,1,Generated
202.31899999999996,1.3843999999999999,3,3,40.46,3,0,13,1,Generated
222.28399999999993,2.7227000000000015,3,0,35.53,2,0,16,2,Generated
136.216,0.4386999999999999,3,2,40.46,3,0,8,0,Generated
142.286,3.858800000000003,0,0,0.0,5,0,10,0,Generated
146.21099999999998,0.8988,2,1,29.46,2,0,9,1,Generated
192.30200000000002,3.026200000000002,1,1,20.23,5,1,14,1,Generated
240.43099999999995,5.522500000000005,1,0,17.07,12,0,17,0,Generated
172.337,3.5626000000000024,1,0,0.0,1,0,11,1,Generated
94.157,2.1386000000000003,0,0,0.0,0,0,7,1,Generated
176.30299999999997,4.125360000000004,0,0,0.0,2,1,13,1,Generated
132.272,2.7856000000000014,1,0,0.0,4,0,8,0,Generated
186.25099999999995,2.1023,3,0,35.53,3,0,13,1,Generated
160.282,2.3070000000000004,2,0,9.23,3,0,10,1,Generated
200.36599999999999,3.8574000000000033,1,1,20.23,8,0,14,0,Generated
164.29199999999997,3.778900000000003,0,0,0.0,0,0,12,2,Generated
176.21200000000002,-0.7336000000000003,4,3,69.92,2,0,12,1,Generated
128.171,1.0004,2,0,26.3,1,0,9,1,Generated
115.21999999999998,1.642,1,1,12.03,2,0,8,0,Generated
192.30200000000002,3.026200000000002,1,1,20.23,5,1,14,1,Generated
172.268,2.2968,2,1,37.3,8,0,12,0,Generated
198.30599999999998,2.5187000000000013,2,1,29.46,4,0,14,1,Generated
108.18399999999997,2.5287000000000006,0,0,0.0,2,0,8,1,Generated
154.29699999999997,3.858800000000003,0,0,0.0,2,0,11,1,Generated
130.18699999999995,1.1634,2,1,29.46,4,0,9,0,Generated
178.275,2.6361000000000008,1,1,20.23,4,1,13,1,Generated
114.18799999999997,1.7235,1,1,20.23,2,0,8,0,Generated
188.31399999999996,4.199500000000003,0,0,0.0,4,1,14,2,Generated
194.36199999999997,4.639000000000005,0,0,0.0,0,0,14,2,Generated
196.29,2.4404000000000003,2,1,29.46,7,0,14,1,Generated
116.15999999999998,0.5923,2,1,37.3,2,0,8,0,Generated
270.37199999999996,4.219000000000004,2,0,26.3,7,1,20,2,Generated
169.312,3.0973000000000015,1,1,12.03,4,0,12,1,Generated
210.361,3.920000000000004,1,1,20.23,5,0,15,1,Generated
112.172,1.7415,1,0,9.23,1,0,8,1,Generated
344.58000000000004,5.6771000000000065,3,2,49.69,18,0,24,0,Generated
124.18299999999998,2.4144000000000005,1,1,20.23,1,0,9,1,Generated
116.20399999999998,1.8034,1,1,20.23,2,0,8,0,Generated
165.236,2.1111,2,1,23.47,3,1,12,1,Generated
184.27899999999994,2.908400000000001,2,0,26.3,3,0,13,1,Generated
169.268,2.0167000000000006,2,1,32.59,2,0,12,1,Generated
126.19899999999998,2.1776999999999997,1,0,17.07,3,0,9,0,Generated
114.23199999999999,3.0786000000000016,0,0,0.0,3,0,8,0,Generated
114.18799999999999,2.0116,1,0,17.07,3,0,8,0,Generated
243.435,3.793000000000003,2,2,32.26,10,0,17,0,Generated
190.286,3.3576000000000024,1,0,9.23,2,1,14,2,Generated
112.17199999999998,2.0891,1,0,9.23,2,0,8,1,Generated
153.225,2.3550000000000004,2,1,21.259999999999998,3,0,11,1,Generated
184.367,5.029100000000005,0,0,0.0,8,0,13,0,Generated
140.26999999999998,3.778900000000003,0,0,0.0,4,0,10,0,Generated
128.259,3.6128000000000027,0,0,0.0,5,0,9,0,Generated
154.29699999999997,4.002900000000003,0,0,0.0,4,0,11,1,Generated
143.274,2.4222,1,1,12.03,6,0,10,0,Generated
97.117,0.33710000000000007,2,1,32.59,1,0,7,1,Generated
156.22499999999997,1.6349,2,0,26.3,1,0,11,1,Generated
200.36599999999999,4.552100000000004,1,0,9.23,10,0,14,0,Generated
214.39299999999997,4.655600000000004,1,0,9.23,10,0,15,0,Generated
196.33399999999997,3.962100000000003,1,0,17.07,3,0,14,1,Generated
155.19699999999997,1.6451,3,0,21.700000000000003,3,0,11,1,Generated
156.26899999999998,3.1819000000000015,1,0,17.07,6,0,11,0,Generated
126.19899999999997,2.3351000000000006,1,0,9.23,1,0,9,1,Generated
118.17899999999997,2.638020000000001,0,0,0.0,1,1,9,1,Generated
153.18099999999995,0.43989999999999996,3,1,32.7,1,0,11,2,Generated
123.19899999999997,1.3365,1,1,12.03,1,0,9,1,Generated
169.312,3.0973000000000015,1,1,12.03,5,0,12,1,Generated
168.27999999999997,3.4921000000000024,1,0,17.07,8,0,12,0,Generated
126.15499999999997,1.1107,2,0,34.14,4,0,9,0,Generated
178.319,4.335100000000004,0,0,0.0,5,0,13,1,Generated
178.319,4.479200000000004,0,0,0.0,5,0,13,1,Generated
152.281,3.634800000000003,0,0,0.0,1,0,11,1,Generated
86.17799999999998,2.442500000000001,0,0,0.0,0,0,6,0,Generated
168.19199999999998,1.4541,3,2,49.69,2,1,12,1,Generated
145.246,2.0599,2,0,12.47,6,0,10,0,Generated
118.201,1.0936,2,1,9.23,0,0,7,1,Generated
168.27999999999997,3.0378000000000016,1,0,17.07,2,0,12,1,Generated
156.18099999999998,0.13730000000000014,3,1,46.53,2,0,11,1,Generated
156.26899999999998,3.3260000000000023,1,0,17.07,7,0,11,0,Generated
175.322,1.6512,3,2,26.02,1,0,10,1,Generated
128.215,2.2115,1,0,9.23,2,0,9,1,Generated
176.30300000000003,4.199500000000003,0,0,0.0,6,1,13,1,Generated
178.27500000000003,3.044200000000002,1,0,9.23,5,1,13,1,Generated
154.253,2.935900000000001,1,0,17.07,4,0,11,1,Generated
256.4299999999999,5.084000000000005,2,0,18.46,14,0,18,0,Generated
122.16699999999999,1.7077,1,0,17.07,1,0,9,1,Generated
104.10499999999998,-0.7238,3,2,57.53,2,0,7,0,Generated
156.313,4.2489000000000035,0,0,0.0,6,0,11,0,Generated
135.20999999999998,2.26084,1,0,12.89,1,1,10,1,Generated
162.27599999999998,3.764300000000003,0,0,0.0,3,1,12,1,Generated
164.204,1.6617,2,2,40.46,3,1,12,1,Generated
170.296,3.5720000000000027,1,0,17.07,7,0,12,0,Generated
167.29599999999996,3.291900000000002,1,0,12.36,3,0,12,1,Generated
212.27,2.909300000000001,4,0,35.53,4,1,14,1,Generated
144.23899999999998,1.9075,2,0,17.07,5,0,9,0,Generated
224.34399999999997,3.363000000000002,2,0,26.3,4,0,16,1,Generated
206.285,2.9625000000000012,2,0,26.3,6,1,15,1,Generated
154.209,2.2487000000000004,2,0,22.37,5,1,11,1,Generated
127.18699999999998,1.4596,2,0,21.59,2,0,9,1,Generated
170.29599999999996,3.5720000000000027,1,0,17.07,7,0,12,0,Generated
208.32600000000002,2.896700000000001,2,1,17.07,5,1,14,1,Generated
198.34999999999997,3.9200000000000026,1,1,20.23,8,0,14,0,Generated
104.14899999999997,0.4872999999999999,2,2,40.46,3,0,7,0,Generated
254.48299999999995,5.493600000000005,1,1,0.0,5,0,17,1,Generated
108.18399999999998,2.6728000000000014,0,0,0.0,1,0,8,1,Generated
170.34,4.639000000000005,0,0,0.0,7,0,12,0,Generated
151.253,2.08,1,1,26.02,0,0,11,3,Generated
146.255,2.0640000000000005,2,1,17.07,4,0,9,0,Generated
200.27799999999996,2.516000000000001,3,0,35.53,6,0,14,0,Generated
210.32000000000005,4.252000000000003,0,0,0.0,5,2,16,2,Generated
162.232,3.1472200000000017,1,0,9.23,0,1,12,2,Generated
124.18299999999996,2.2552000000000003,1,0,9.23,1,0,9,1,Generated
95.145,1.4056,1,0,12.36,1,0,7,1,Generated
212.42099999999996,5.521100000000006,0,0,0.0,8,0,15,0,Generated
192.30199999999996,3.490000000000003,1,0,9.23,4,0,14,1,Generated
141.23899999999998,2.3014,2,0,12.36,1,0,9,1,Generated
178.319,4.0469000000000035,0,0,0.0,3,0,13,1,Generated
152.23699999999997,2.892900000000002,1,0,9.23,1,0,11,1,Generated
96.085,0.6397999999999999,2,0,30.21,0,1,7,1,Generated
134.22199999999998,3.084900000000002,0,0,0.0,1,0,10,1,Generated
167.208,1.4817,3,1,32.7,4,1,12,1,Generated
148.249,3.337620000000002,0,0,0.0,3,1,11,1,Generated
82.146,1.9725,0,0,0.0,0,0,6,1,Generated
125.17099999999999,0.4105,2,2,32.26,1,0,9,1,Generated
102.133,0.20380000000000004,2,1,37.3,3,0,7,0,Generated
166.26399999999998,3.102000000000002,1,0,17.07,3,0,12,1,Generated
224.38799999999995,4.764300000000005,1,0,17.07,9,0,16,0,Generated
180.316,3.3276000000000012,1,1,0.0,4,1,12,1,Generated
154.29699999999997,4.024900000000003,0,0,0.0,6,0,11,0,Generated
156.27499999999998,2.697200000000001,2,1,0.0,1,1,9,1,Generated
148.24899999999997,3.4750000000000023,0,0,0.0,2,0,11,1,Generated
146.186,0.7104999999999999,3,1,46.53,4,0,10,0,Generated
142.286,3.858800000000003,0,0,0.0,5,0,10,0,Generated
198.35000000000002,4.1856000000000035,1,0,9.23,9,0,14,0,Generated
142.242,2.5037000000000003,1,1,20.23,6,0,10,0,Generated
214.39299999999994,4.535700000000005,1,1,20.23,11,0,15,0,Generated
224.43199999999996,5.665200000000006,0,0,0.0,4,0,16,1,Generated
154.297,3.858800000000003,0,0,0.0,3,0,11,1,Generated
108.184,2.5287000000000006,0,0,0.0,1,0,8,1,Generated
98.145,0.9433,1,1,20.23,0,0,7,1,Generated
192.34599999999995,4.581100000000004,0,0,0.0,5,0,14,1,Generated
136.19399999999996,2.0978,1,0,17.07,2,0,10,1,Generated
134.17799999999997,2.1976200000000006,1,0,17.07,1,1,10,1,Generated
170.296,3.5720000000000027,1,0,17.07,7,0,12,0,Generated
146.255,1.9215000000000004,2,1,17.07,4,0,9,0,Generated
165.236,1.5972,2,1,21.259999999999998,2,0,12,2,Generated
246.41599999999997,2.6330000000000013,3,3,40.46,3,0,16,1,Generated
220.26799999999997,1.7429999999999999,3,1,46.53,3,0,16,2,Generated
152.23699999999997,2.878000000000001,1,0,17.07,5,0,11,0,Generated
112.172,1.3334,1,1,20.23,1,0,8,1,Generated
186.33899999999997,3.6098000000000026,1,1,20.23,6,0,13,0,Generated
166.26399999999998,2.8138000000000014,1,0,17.07,2,0,12,1,Generated
174.287,3.831400000000003,0,0,0.0,4,1,13,1,Generated
170.23299999999998,1.3917,3,2,40.46,2,1,11,1,Generated
114.18799999999997,1.7235,1,1,20.23,3,0,8,0,Generated
116.15999999999998,1.3479999999999999,2,0,26.3,4,0,8,0,Generated
212.35799999999995,3.277400000000002,2,0,17.07,3,0,14,2,Generated
269.43199999999996,4.509800000000004,1,1,12.03,7,1,20,2,Generated
126.19899999999997,2.0116,1,0,17.07,4,0,9,1,Generated
128.21499999999997,2.401700000000001,1,0,17.07,3,0,9,0,Generated
143.23,1.9672699999999996,2,2,44.08,5,0,10,0,Generated
138.254,3.6990000000000025,0,0,0.0,5,0,10,0,Generated
230.34799999999996,3.0511000000000017,3,1,46.53,10,0,16,0,Generated
150.22099999999998,2.3197,1,0,9.23,3,0,11,1,Generated
172.312,3.3638000000000026,1,1,20.23,6,0,12,0,Generated
246.41599999999997,4.023900000000004,3,1,18.46,9,0,16,0,Generated
171.284,2.1191,2,1,43.09,5,0,12,0,Generated
198.30599999999998,3.1170000000000018,2,0,26.3,7,0,14,0,Generated
195.30599999999998,2.505000000000001,2,1,29.1,4,0,14,1,Generated
157.25699999999998,1.3489,2,2,32.26,2,0,11,1,Generated
178.31899999999993,4.479200000000004,0,0,0.0,4,0,13,1,Generated
244.41899999999993,4.304700000000004,2,1,29.46,13,0,17,0,Generated
130.187,0.9362999999999999,2,1,29.46,1,0,9,1,Generated
561.0800000000005,14.617299999999968,0,0,0.0,28,0,40,0,Generated
228.33199999999997,2.3235,3,1,38.69,1,0,16,2,Generated
184.32299999999995,4.106200000000004,1,0,17.07,9,0,13,0,Generated
112.216,2.9987000000000013,0,0,0.0,3,0,8,0,Generated
122.21099999999997,2.918800000000002,0,0,0.0,1,0,9,1,Generated
81.118,1.3647,1,0,12.36,0,0,6,1,Generated
182.30699999999996,3.594000000000002,1,0,17.07,6,0,13,0,Generated
60.096000000000004,0.6527000000000001,1,0,9.23,1,0,4,0,Generated
132.272,2.596800000000001,1,1,0.0,2,0,8,0,Generated
184.36699999999996,5.317300000000005,0,0,0.0,10,0,13,0,Generated
200.32199999999997,2.802100000000001,2,1,29.46,3,0,14,1,Generated
186.29499999999993,2.8443000000000014,2,1,29.46,3,0,13,1,Generated
160.25699999999998,2.5757000000000003,2,0,18.46,7,0,11,0,Generated
198.34999999999997,4.1620000000000035,1,0,9.23,7,0,14,1,Generated
92.163,1.3009,2,0,9.23,2,0,5,0,Generated
74.123,1.0412,1,0,9.23,1,0,5,0,Generated
152.237,3.0505000000000013,1,1,20.23,1,0,11,1,Generated
220.37799999999996,3.0449000000000015,3,1,29.46,10,0,14,0,Generated
168.27999999999997,3.3629000000000024,1,0,9.23,3,0,12,1,Generated
156.269,2.749700000000001,1,1,20.23,5,0,11,0,Generated
145.246,1.4126,2,1,21.259999999999998,7,0,10,0,Generated
340.6360000000001,7.61270000000001,1,1,20.23,16,0,24,0,Generated
158.24399999999997,3.666000000000002,0,0,0.0,3,1,12,1,Generated
155.285,3.080000000000002,1,1,12.03,7,0,11,0,Generated
198.30599999999998,2.806800000000001,2,0,26.3,4,0,14,1,Generated
132.184,0.008599999999999997,3,2,37.3,0,0,8,1,Generated
127.18700000000001,0.7175,2,1,29.1,1,0,9,1,Generated
149.19299999999998,1.90104,2,0,29.96,1,1,11,1,Generated
152.215,-0.020400000000000085,4,3,49.69,4,0,9,0,Generated
236.37999999999997,4.4078000000000035,2,1,20.23,3,1,16,2,Generated
126.243,3.2227000000000023,0,0,0.0,2,0,9,1,Generated
116.18499999999999,0.9547999999999999,2,2,20.23,0,0,7,1,Generated
182.351,4.805100000000004,0,0,0.0,8,0,13,0,Generated
152.28099999999998,3.490700000000002,0,0,0.0,1,0,11,1,Generated
154.297,4.169000000000004,0,0,0.0,5,0,11,0,Generated
176.25900000000001,2.9884000000000013,1,0,17.07,5,1,13,1,Generated
202.338,3.3363000000000027,2,1,29.46,7,0,14,0,Generated
198.35,4.352200000000004,1,0,17.07,9,0,14,0,Generated
130.212,1.0388,2,1,20.23,1,0,8,1,Generated
152.237,2.6862000000000013,1,0,9.23,2,0,11,1,Generated
96.17299999999999,2.5287000000000006,0,0,0.0,1,0,7,0,Generated
185.292,1.9335999999999998,3,1,31.17,2,0,12,2,Generated
214.374,3.4803000000000024,2,1,17.07,4,0,14,1,Generated
146.255,2.2661000000000007,2,0,9.23,3,0,9,1,Generated
175.22799999999998,-1.3161999999999991,4,4,86.71,2,0,12,1,Generated
229.43299999999994,3.8321000000000023,2,1,12.03,1,0,15,1,Generated
124.22699999999999,3.142800000000002,0,0,0.0,1,0,9,1,Generated
150.22099999999995,2.6320000000000006,1,0,17.07,2,0,11,1,Generated
158.24099999999999,2.1723,2,0,26.3,8,0,11,0,Generated
96.12899999999999,0.865,1,1,20.23,1,0,7,1,Generated
132.206,2.8920000000000012,0,0,0.0,2,1,10,1,Generated
218.38399999999996,4.661000000000004,0,0,0.0,0,0,16,3,Generated
246.39399999999998,4.938900000000005,1,0,17.07,10,1,18,1,Generated
227.307,2.751100000000001,2,1,43.09,4,1,17,2,Generated
195.28700000000003,1.335,2,2,32.26,1,0,13,2,Generated
136.238,3.1648000000000023,0,0,0.0,2,0,10,1,Generated
126.24299999999998,3.2227000000000023,0,0,0.0,1,0,9,1,Generated
136.19399999999996,2.7246000000000006,1,1,20.23,2,0,10,1,Generated
208.30399999999997,4.250920000000003,0,0,0.0,3,2,16,2,Generated
245.40999999999994,5.128600000000005,1,1,12.03,6,1,18,1,Generated
204.37899999999996,3.683400000000003,2,1,9.23,10,0,13,0,Generated
178.275,2.952700000000002,1,1,20.23,5,1,13,1,Generated
144.214,1.5904,2,0,18.46,2,0,10,1,Generated
156.26899999999998,2.7277000000000013,1,1,20.23,3,0,11,1,Generated
194.274,2.5677000000000003,2,1,29.46,5,1,14,1,Generated
202.33799999999997,3.3363000000000023,2,1,29.46,8,0,14,0,Generated
156.313,4.2489000000000035,0,0,0.0,6,0,11,0,Generated
161.20100000000002,-0.13090000000000013,4,2,58.56,6,0,11,0,Generated
98.18900000000001,2.5866000000000007,0,0,0.0,1,0,7,1,Generated
154.253,2.9579000000000013,1,0,17.07,6,0,11,0,Generated
118.17599999999999,0.7938000000000001,2,1,29.46,4,0,8,0,Generated
156.29399999999998,3.2367000000000017,1,0,0.0,1,0,10,1,Generated
134.22199999999998,2.9841000000000015,0,0,0.0,0,1,10,1,Generated
184.279,2.3353,2,1,29.46,4,0,13,1,Generated
137.18199999999996,1.5699,2,0,29.43,1,0,10,1,Generated
184.23499999999999,0.9802,3,2,49.69,4,0,13,1,Generated
184.191,0.9447999999999999,4,1,55.760000000000005,3,0,13,1,Generated
164.29199999999994,4.089100000000003,0,0,0.0,2,0,12,1,Generated
88.154,0.10570000000000007,2,2,38.05,2,0,6,0,Generated
182.21899999999997,1.0427,3,1,46.53,2,0,13,1,Generated
168.27999999999997,2.7497000000000016,1,1,20.23,1,0,12,1,Generated
142.242,2.1935000000000002,1,1,20.23,1,0,10,1,Generated
126.19899999999998,2.6384000000000007,1,1,20.23,1,0,9,1,Generated
198.34999999999994,4.328100000000004,1,0,9.23,8,0,14,0,Generated
166.26399999999998,2.6236000000000006,1,0,9.23,0,0,12,2,Generated
188.33599999999996,3.112400000000002,2,0,9.23,9,0,12,0,Generated
126.243,3.3668000000000022,0,0,0.0,3,0,9,1,Generated
118.24499999999999,2.3524000000000007,1,1,0.0,3,0,7,0,Generated
130.172,1.0110999999999999,4,0,24.83,1,0,8,1,Generated
187.286,3.1541000000000015,1,0,12.36,2,0,14,2,Generated
166.22,1.8432,2,0,26.3,1,0,12,2,Generated
159.22899999999998,0.5294999999999999,3,2,49.33,5,0,11,0,Generated
170.33999999999997,4.783100000000005,0,0,0.0,8,0,12,0,Generated
130.187,0.8774,2,2,40.46,1,0,9,1,Generated
169.31199999999998,2.796000000000001,1,1,26.02,1,0,12,1,Generated
220.356,3.6623000000000028,1,1,20.23,5,1,16,1,Generated
170.34,4.639000000000005,0,0,0.0,6,0,12,0,Generated
128.171,0.9040999999999999,2,1,37.3,5,0,9,0,Generated
156.26899999999995,2.4411000000000005,1,1,20.23,2,0,11,1,Generated
191.27400000000003,2.5487,2,1,29.1,6,0,14,1,Generated
162.32299999999998,2.9811000000000014,2,0,0.0,2,0,9,1,Generated
186.25099999999998,1.7530999999999999,3,0,35.53,3,0,13,1,Generated
134.22199999999998,3.2001000000000017,0,0,0.0,2,1,10,1,Generated
170.29599999999996,3.236100000000002,1,0,9.23,3,0,12,1,Generated
148.271,1.8973,2,1,20.23,3,0,9,0,Generated
113.16000000000001,0.51,2,1,21.259999999999998,1,0,8,1,Generated
169.227,2.6724000000000006,1,0,12.89,2,2,13,2,Generated
200.34699999999998,2.7483000000000013,1,0,17.07,1,0,13,1,Generated
192.34599999999995,4.581100000000004,0,0,0.0,2,0,14,1,Generated
144.25799999999995,2.4395000000000007,1,1,20.23,4,0,10,0,Generated
196.202,0.9298,4,2,66.76,3,1,14,1,Generated
296.53900000000004,6.340500000000008,1,1,20.23,11,0,21,1,Generated
198.34999999999997,4.017900000000004,1,0,9.23,6,0,14,1,Generated
164.24799999999996,2.6541000000000006,1,0,9.23,4,1,12,1,Generated
128.259,3.468700000000003,0,0,0.0,4,0,9,0,Generated
242.40299999999996,4.572300000000004,2,0,26.3,10,0,17,0,Generated
168.23599999999996,2.4769000000000005,2,0,18.46,3,0,12,1,Generated
112.17199999999998,1.5974,1,0,9.23,0,0,8,1,Generated
154.297,3.858800000000003,0,0,0.0,2,0,11,1,Generated
222.353,4.005800000000003,2,0,9.23,1,1,15,2,Generated
170.25199999999995,2.2302,2,1,29.46,3,0,12,1,Generated
30.07,1.0262,0,0,0.0,0,0,2,0,Generated
172.268,1.5544,2,2,40.46,1,0,12,1,Generated
164.24800000000002,2.2476000000000003,1,1,20.23,4,1,12,1,Generated
113.16000000000001,0.866,2,0,21.59,1,0,8,1,Generated
182.351,4.805100000000004,0,0,0.0,7,0,13,0,Generated
198.34999999999997,4.352200000000004,1,0,17.07,9,0,14,0,Generated
102.17699999999999,1.6773,1,0,9.23,2,0,7,0,Generated
172.268,2.4183000000000003,2,0,26.3,7,0,12,0,Generated
168.32399999999996,4.2489000000000035,0,0,0.0,2,0,12,1,Generated
110.15599999999999,1.111,1,1,20.23,1,0,8,1,Generated
140.22599999999997,2.2335000000000003,1,0,9.23,1,0,10,1,Generated
176.25899999999996,2.8624000000000014,1,1,20.23,4,1,13,1,Generated
172.268,2.4167000000000005,2,0,26.3,6,0,12,0,Generated
130.18699999999998,1.1265,2,1,37.3,4,0,9,0,Generated
204.35700000000003,5.006500000000005,0,0,0.0,6,1,15,1,Generated
103.16499999999998,0.10450000000000015,2,2,46.25,2,0,7,0,Generated
222.41599999999997,5.8955000000000055,0,0,0.0,10,0,16,0,Generated
232.367,4.404700000000004,1,0,17.07,9,1,17,1,Generated
142.242,2.503700000000001,1,1,20.23,6,0,10,0,Generated
131.219,1.0192999999999999,2,1,21.259999999999998,4,0,9,0,Generated
114.18799999999999,1.8214000000000001,1,0,9.23,1,0,8,1,Generated
128.21499999999997,2.2576,1,0,17.07,3,0,9,0,Generated
76.051,0.02249999999999991,3,1,46.53,0,0,5,0,Generated
114.21300000000002,2.2731000000000003,1,0,0.0,0,0,7,1,Generated
134.244,2.468000000000001,2,0,9.23,3,0,8,0,Generated
194.27399999999994,2.6839000000000004,2,0,18.46,4,0,14,1,Generated
154.253,2.791800000000001,1,0,17.07,2,0,11,1,Generated
158.30999999999997,3.4859000000000027,1,0,0.0,6,0,10,0,Generated
116.229,2.1494999999999997,1,0,0.0,0,0,7,1,Generated
184.32299999999998,3.9380000000000033,1,0,9.23,8,0,13,0,Generated
110.19999999999997,2.918800000000002,0,0,0.0,4,0,8,0,Generated
162.27599999999998,3.5916000000000023,0,0,0.0,4,1,12,1,Generated
206.28500000000003,3.2908000000000026,2,0,18.46,4,1,15,2,Generated
212.31399999999996,2.0422,3,0,29.6,4,0,14,2,Generated
164.29199999999994,3.9230000000000027,0,0,0.0,0,0,12,2,Generated
134.22199999999998,2.8658400000000013,0,0,0.0,1,1,10,1,Generated
198.39399999999998,5.419200000000005,0,0,0.0,9,0,14,0,Generated
128.259,3.6128000000000027,0,0,0.0,5,0,9,0,Generated
122.21099999999997,2.774700000000001,0,0,0.0,1,0,9,1,Generated
168.236,2.1654,2,2,40.46,2,0,12,1,Generated
160.21599999999995,2.5890000000000004,1,0,9.23,1,0,12,2,Generated
156.269,2.8476000000000017,1,0,9.23,2,0,11,1,Generated
246.45999999999995,4.752700000000004,2,0,9.23,12,0,16,0,Generated
118.17899999999999,2.1753,0,0,0.0,0,1,9,2,Generated
104.14899999999999,1.6646,2,1,29.46,3,0,7,0,Generated
108.11800000000001,0.6141999999999999,4,1,35.53,0,0,6,0,Generated
196.33399999999997,4.128200000000004,1,0,17.07,8,0,14,0,Generated
168.32399999999998,4.104800000000004,0,0,0.0,2,0,12,1,Generated
142.24199999999996,2.0494,1,1,20.23,1,0,10,1,Generated
230.39199999999997,4.2622000000000035,2,1,29.46,12,0,16,0,Generated
178.297,1.4854999999999998,3,2,29.46,8,0,11,0,Generated
74.148,1.3961,1,0,0.0,0,0,4,0,Generated
184.323,3.075600000000002,1,1,20.23,2,0,13,1,Generated
169.26799999999997,2.0193,2,0,12.47,3,0,12,1,Generated
150.22100000000003,2.2977,1,0,9.23,0,0,11,2,Generated
152.237,2.1372,1,1,20.23,3,0,11,1,Generated
199.338,2.4356,2,1,21.259999999999998,4,0,14,1,Generated
124.13899999999997,0.8539,2,0,18.46,0,0,9,2,Generated
164.24799999999996,2.7098000000000013,1,0,9.23,3,0,12,1,Generated
172.33699999999996,3.874400000000003,1,0,0.0,6,0,11,0,Generated
204.37899999999996,3.4609000000000028,2,1,20.23,9,0,13,0,Generated
199.29399999999998,0.8681000000000001,3,1,32.7,3,0,14,2,Generated
164.29199999999997,4.067100000000003,0,0,0.0,0,0,12,2,Generated
146.25499999999997,1.4673,2,2,20.23,1,0,9,1,Generated
130.231,2.0494,1,1,20.23,3,0,9,0,Generated
128.19599999999997,2.4724000000000004,2,0,9.23,0,0,8,1,Generated
158.28499999999994,3.237700000000002,1,0,9.23,6,0,11,0,Generated
156.26899999999998,3.1578000000000017,1,0,9.23,7,0,11,0,Generated
142.242,2.745700000000001,1,0,9.23,4,0,10,1,Generated
228.41999999999996,5.044100000000006,1,0,9.23,10,0,16,0,Generated
190.286,3.5133000000000028,1,0,9.23,4,1,14,1,Generated
159.273,1.5371,2,2,32.26,7,0,11,0,Generated
320.51700000000005,6.181500000000007,2,0,26.3,15,0,23,0,Generated
188.26999999999995,3.290700000000002,1,0,9.23,2,1,14,2,Generated
98.18899999999998,2.608600000000001,0,0,0.0,1,0,7,0,Generated
172.33699999999996,3.5211000000000023,1,1,0.0,2,0,11,1,Generated
184.32299999999995,3.7955000000000023,1,0,9.23,8,0,13,0,Generated
140.26999999999998,3.468700000000003,0,0,0.0,1,0,10,1,Generated
150.221,1.8575,1,1,20.23,3,1,11,1,Generated
151.253,3.027000000000002,1,0,12.36,2,0,11,1,Generated
110.19999999999999,2.8968000000000016,0,0,0.0,2,0,8,1,Generated
132.272,2.9297000000000013,1,0,0.0,5,0,8,0,Generated
134.20000000000002,0.6037999999999999,2,2,37.3,3,0,8,0,Generated
138.235,2.5833000000000004,1,0,0.0,0,0,9,2,Generated
145.24599999999998,1.3505,2,2,32.26,5,0,10,0,Generated
130.18699999999998,1.3905,2,0,26.3,4,0,9,0,Generated
88.106,-0.04219999999999996,2,1,37.3,3,0,6,0,Generated
142.223,2.1242,2,1,9.23,1,0,9,1,Generated
122.16699999999997,1.5636,1,0,17.07,1,0,9,1,Generated
144.17299999999997,1.7938999999999998,1,0,17.07,1,0,11,2,Generated
195.34999999999997,3.366900000000002,1,1,12.03,4,0,14,1,Generated
208.38899999999995,5.195200000000005,0,0,0.0,4,0,15,1,Generated
186.295,2.544400000000001,2,1,37.3,8,0,13,0,Generated
208.38899999999995,5.317300000000005,0,0,0.0,0,0,15,2,Generated
300.52699999999993,6.212700000000008,2,1,29.46,17,0,21,0,Generated
177.29100000000003,2.919100000000001,1,1,26.02,5,1,13,1,Generated
132.203,1.1823,2,1,29.46,4,0,9,0,Generated
140.226,2.2797000000000005,1,1,20.23,4,0,10,0,Generated
112.17199999999998,1.7651,1,0,9.23,5,0,8,0,Generated
128.21499999999997,2.2576,1,0,17.07,3,0,9,0,Generated
154.297,4.313100000000003,0,0,0.0,7,0,11,0,Generated
170.29599999999996,2.829600000000001,1,1,20.23,1,0,12,1,Generated
158.29100000000003,2.528820000000001,2,1,0.0,2,1,9,1,Generated
110.134,-0.4967,4,3,60.69,2,0,6,0,Generated
206.329,3.198500000000002,1,1,20.23,5,1,15,1,Generated
186.36399999999998,4.221400000000004,1,1,0.0,8,0,12,0,Generated
236.42399999999995,5.093700000000005,1,0,0.0,7,1,16,1,Generated
170.252,1.9286999999999996,2,1,37.3,5,0,12,0,Generated
134.178,1.8808999999999998,1,1,20.23,0,1,10,2,Generated
182.307,3.738100000000003,1,0,17.07,8,0,13,0,Generated
118.176,1.0594000000000001,2,0,18.46,5,0,8,0,Generated
96.17299999999999,2.5287000000000006,0,0,0.0,2,0,7,0,Generated
230.46099999999996,5.327500000000005,1,1,0.0,9,0,15,0,Generated
144.214,1.3724999999999998,2,1,37.3,4,0,10,0,Generated
206.307,2.4045000000000005,4,0,35.53,8,0,13,0,Generated
222.41599999999997,5.131000000000006,0,0,0.0,1,0,16,2,Generated
110.15599999999999,1.5415999999999999,1,0,17.07,1,0,8,1,Generated
94.157,2.2827,0,0,0.0,0,0,7,1,Generated
166.22,1.5856,2,1,29.46,5,1,12,1,Generated
134.222,2.9202800000000018,0,0,0.0,0,1,10,1,Generated
250.33799999999997,2.977500000000002,3,0,35.53,8,1,18,1,Generated
162.22899999999998,0.6678999999999999,3,1,38.69,7,0,11,0,Generated
152.237,2.733900000000001,1,0,17.07,6,0,11,0,Generated
170.32099999999997,3.448500000000003,1,0,0.0,2,0,11,1,Generated
42.080999999999996,1.1703,0,0,0.0,0,0,3,1,Generated
134.178,1.8738,1,0,17.07,2,0,10,1,Generated
108.18399999999998,2.5287000000000006,0,0,0.0,1,0,8,1,Generated
155.285,2.572000000000001,1,1,26.02,4,0,11,0,Generated
150.265,3.6990000000000025,0,0,0.0,3,0,11,1,Generated
124.18299999999999,1.7876,1,0,17.07,0,0,9,1,Generated
180.33499999999998,4.393000000000004,0,0,0.0,2,0,13,2,Generated
137.182,1.70704,2,0,22.12,1,1,10,1,Generated
180.29099999999994,3.2040000000000015,1,1,20.23,4,0,13,1,Generated
144.25799999999998,2.9917000000000016,1,0,9.23,6,0,10,0,Generated
84.11800000000001,1.3105,1,0,9.23,0,0,6,1,Generated
166.289,3.239800000000003,1,1,0.0,2,1,11,1,Generated
168.30499999999998,3.7520000000000024,1,0,0.0,2,0,11,1,Generated
284.484,6.165900000000007,2,1,29.46,16,0,20,0,Generated
120.19499999999998,2.8389000000000006,0,0,0.0,1,0,9,1,Generated
158.285,3.237700000000002,1,0,9.23,6,0,11,0,Generated
151.253,1.9359,1,1,26.02,0,0,11,3,Generated
237.32399999999998,1.8321999999999998,4,1,39.19,4,1,16,2,Generated
124.22699999999999,2.9987000000000013,0,0,0.0,1,0,9,1,Generated
134.22199999999995,2.9475200000000017,0,0,0.0,2,1,10,1,Generated
154.209,1.4735999999999998,2,1,29.46,2,0,11,1,Generated
238.37099999999995,3.8126000000000033,2,1,29.46,6,0,17,1,Generated
178.31899999999996,4.191000000000003,0,0,0.0,3,0,13,1,Generated
125.17099999999998,1.7189,2,1,21.259999999999998,1,0,9,1,Generated
192.32399999999998,1.3201999999999998,3,3,40.46,5,0,12,0,Generated
256.4299999999999,4.637400000000004,2,1,37.3,13,0,18,0,Generated
168.32399999999998,4.104800000000004,0,0,0.0,2,0,12,1,Generated
198.34999999999997,4.352200000000004,1,0,17.07,9,0,14,0,Generated
198.34999999999994,4.677300000000004,1,0,9.23,10,0,14,0,Generated
100.117,-0.06630000000000003,2,1,29.46,1,0,7,1,Generated
184.27899999999997,2.6218000000000012,2,0,26.3,1,0,13,1,Generated
244.48799999999994,5.906400000000007,1,0,0.0,12,0,16,0,Generated
251.37,2.5316000000000014,3,1,32.7,4,0,18,2,Generated
154.20899999999997,1.4124999999999999,2,0,26.3,2,0,11,1,Generated
175.27499999999998,3.375300000000002,1,0,12.89,1,1,13,2,Generated
112.21599999999998,2.8546000000000014,0,0,0.0,2,0,8,0,Generated
164.292,3.800900000000003,0,0,0.0,4,0,12,1,Generated
108.18399999999998,2.6728000000000014,0,0,0.0,1,0,8,1,Generated
126.24299999999998,3.5329000000000024,0,0,0.0,4,0,9,0,Generated
250.4699999999999,6.531600000000006,0,0,0.0,11,0,18,0,Generated
186.33899999999997,3.7539000000000033,1,1,20.23,8,0,13,0,Generated
172.337,3.708300000000003,1,0,0.0,2,0,11,1,Generated
87.122,-0.04620000000000002,2,1,21.259999999999998,0,0,6,1,Generated
194.362,4.494900000000004,0,0,0.0,0,0,14,2,Generated
164.248,2.2460000000000004,1,1,20.23,3,1,12,1,Generated
228.41999999999996,5.044100000000006,1,0,9.23,10,0,16,0,Generated
142.19799999999998,1.7616999999999998,2,0,26.3,4,0,10,0,Generated
206.37299999999996,4.639000000000005,0,0,0.0,0,0,15,3,Generated
166.268,2.3281,2,1,24.39,3,0,12,1,Generated
130.23099999999997,2.1935000000000002,1,1,20.23,3,0,9,0,Generated
143.23000000000002,0.9245999999999999,2,2,32.26,6,0,10,0,Generated
196.37799999999996,5.483400000000005,0,0,0.0,10,0,14,0,Generated
158.24099999999999,1.7626,2,1,37.3,5,0,11,0,Generated
138.166,2.2201999999999997,2,2,40.46,1,0,10,1,Generated
158.24099999999999,2.375800000000001,2,0,26.3,5,0,11,0,Generated
122.21099999999998,2.774700000000001,0,0,0.0,0,0,9,1,Generated
272.43199999999996,5.2069000000000045,1,0,17.07,9,1,20,1,Generated
172.31199999999995,3.771900000000003,1,0,9.23,8,0,12,0,Generated
168.26099999999997,2.509900000000001,2,1,20.23,0,0,11,2,Generated
202.341,4.616400000000004,0,0,0.0,2,1,15,2,Generated
150.22099999999995,2.1314000000000006,1,1,20.23,3,1,11,1,Generated
146.18599999999998,-0.09449999999999992,3,2,49.69,1,0,10,1,Generated
148.29600000000002,2.796100000000001,2,0,0.0,1,0,8,1,Generated
198.39399999999998,5.131000000000006,0,0,0.0,7,0,14,0,Generated
166.308,3.858800000000003,0,0,0.0,1,0,12,2,Generated
130.231,2.4575000000000005,1,0,9.23,4,0,9,0,Generated
81.11800000000001,1.3647,1,0,12.36,0,0,6,1,Generated
188.31400000000002,4.176400000000004,0,0,0.0,3,1,14,1,Generated
174.353,3.9559000000000033,1,0,0.0,7,0,11,0,Generated
174.28699999999995,3.7210000000000027,0,0,0.0,1,0,13,2,Generated
178.3,3.570000000000002,1,0,0.0,4,1,12,1,Generated
128.259,3.6128000000000027,0,0,0.0,3,0,9,0,Generated
174.284,2.2085,2,1,29.46,6,0,12,0,Generated
182.35099999999997,5.093300000000005,0,0,0.0,10,0,13,0,Generated
193.246,1.4757,3,0,39.19,6,1,14,1,Generated
154.253,2.8138000000000014,1,0,17.07,5,0,11,0,Generated
166.26399999999998,2.6477000000000013,1,0,17.07,0,0,12,2,Generated
84.11800000000001,1.3105,1,0,9.23,0,0,6,1,Generated
176.281,1.3418999999999999,3,3,40.46,5,0,11,0,Generated
130.25599999999997,2.5169000000000006,1,1,0.0,3,0,8,0,Generated
132.15899999999996,0.47779999999999995,3,1,38.69,1,0,9,1,Generated
164.26999999999998,1.7054,3,1,18.46,6,0,10,0,Generated
112.21600000000001,2.832600000000001,0,0,0.0,1,0,8,1,Generated
175.27499999999998,2.5421000000000005,1,1,12.03,1,1,13,2,Generated
130.256,2.956500000000002,1,0,0.0,4,0,8,0,Generated
210.34199999999998,3.5687000000000024,2,0,17.07,4,0,14,1,Generated
175.231,2.4640000000000004,2,0,29.96,4,1,13,1,Generated
160.25699999999998,2.3117000000000005,2,1,29.46,7,0,11,0,Generated
299.41100000000006,2.1271000000000004,5,3,100.62,11,0,21,0,Generated
138.254,3.3888000000000025,0,0,0.0,1,0,10,1,Generated
144.283,3.0706000000000016,1,0,0.0,1,0,9,1,Generated
130.187,0.9379,2,1,29.46,2,0,9,1,Generated
140.182,1.2276,2,1,29.46,3,0,10,1,Generated
110.15599999999999,1.2551,1,1,20.23,1,0,8,1,Generated
126.19899999999998,2.0116,1,0,17.07,0,0,9,1,Generated
212.42099999999996,5.809300000000006,0,0,0.0,10,0,15,0,Generated
182.35099999999997,5.093300000000005,0,0,0.0,9,0,13,0,Generated
170.33999999999997,4.783100000000005,0,0,0.0,8,0,12,0,Generated
196.33399999999997,3.3858000000000024,1,1,20.23,2,0,14,1,Generated
185.35499999999996,3.590900000000002,1,1,12.03,8,0,13,0,Generated
162.276,3.809400000000003,0,0,0.0,5,1,12,1,Generated
166.26399999999998,2.791800000000001,1,0,17.07,0,0,12,2,Generated
126.24299999999998,3.0786000000000016,0,0,0.0,0,0,9,1,Generated
174.287,3.831400000000003,0,0,0.0,5,1,13,1,Generated
167.296,3.080000000000001,1,1,12.03,4,0,12,1,Generated
163.21999999999994,1.3504999999999998,1,1,43.09,3,1,12,1,Generated
206.329,3.417900000000002,1,1,20.23,7,1,15,1,Generated
152.28099999999998,3.778900000000003,0,0,0.0,0,0,11,1,Generated
141.239,1.6955999999999998,2,2,12.03,1,0,9,1,Generated
156.181,0.28140000000000004,3,1,46.53,2,0,11,1,Generated
165.27999999999994,2.4353000000000007,1,0,3.24,0,0,12,2,Generated
150.221,2.824020000000001,1,1,20.23,1,1,11,1,Generated
193.334,3.621500000000002,1,1,26.02,5,0,14,1,Generated
182.35099999999997,4.350800000000004,0,0,0.0,1,0,13,1,Generated
192.346,4.581100000000004,0,0,0.0,2,0,14,1,Generated
200.23799999999994,-0.2773999999999991,3,2,103.25,7,0,14,0,Generated
176.32499999999996,2.901600000000001,2,1,9.23,6,0,11,0,Generated
150.26500000000001,3.8431000000000024,0,0,0.0,3,0,11,1,Generated
110.19999999999999,2.752700000000001,0,0,0.0,0,0,8,1,Generated
154.209,1.7156,2,0,18.46,0,0,11,2,Generated
204.35700000000003,4.835600000000005,0,0,0.0,7,1,15,1,Generated
142.19799999999998,0.8383,2,1,37.3,0,0,10,1,Generated
115.22000000000001,1.9155,1,1,26.02,5,0,8,0,Generated
356.5750000000003,5.685700000000006,2,1,20.23,6,0,25,4,Generated
196.33399999999995,3.818000000000003,1,0,17.07,4,0,14,1,Generated
156.269,3.5070000000000023,1,0,9.23,7,0,11,0,Generated
196.28999999999994,2.5828000000000007,2,0,26.3,2,0,14,1,Generated
112.21599999999998,2.8546000000000014,0,0,0.0,2,0,8,0,Generated
162.27599999999998,3.576900000000003,0,0,0.0,2,0,12,1,Generated
118.20099999999998,1.2854,2,1,17.07,3,0,7,0,Generated
148.249,3.2752000000000017,0,0,0.0,3,1,11,1,Generated
130.231,2.1935000000000007,1,1,20.23,4,0,9,0,Generated
106.19,0.9958,2,0,9.23,3,0,6,0,Generated
190.33,4.678820000000004,0,0,0.0,5,1,14,1,Generated
126.199,2.1557000000000004,1,0,17.07,2,0,9,1,Generated
96.12899999999998,1.3404,1,0,17.07,3,0,7,0,Generated
172.31199999999998,3.0756000000000014,1,1,20.23,4,0,12,0,Generated
140.26999999999998,3.778900000000003,0,0,0.0,5,0,10,0,Generated
160.213,-0.11089999999999989,3,3,60.69,1,0,11,1,Generated
200.23399999999995,0.6588999999999998,4,1,47.92,3,0,14,2,Generated
118.17599999999997,0.9973000000000001,2,1,29.46,3,0,8,0,Generated
86.134,1.0428,1,0,9.23,0,0,6,1,Generated
216.324,4.095200000000003,1,0,17.07,6,1,16,1,Generated
146.23,1.31,2,2,40.46,6,0,10,0,Generated
162.23199999999997,2.8130000000000015,1,0,9.23,1,0,12,2,Generated
260.41799999999995,4.152700000000004,3,0,27.69,14,0,18,0,Generated
126.19899999999998,2.1776999999999997,1,0,17.07,3,0,9,0,Generated
148.271,2.513700000000001,2,0,9.23,6,0,9,0,Generated
182.26299999999995,2.2538,2,1,29.46,3,0,13,1,Generated
122.21099999999996,2.774700000000001,0,0,0.0,2,0,9,1,Generated
168.27999999999997,3.4921000000000024,1,0,17.07,7,0,12,0,Generated
112.216,2.9987000000000013,0,0,0.0,4,0,8,0,Generated
192.25800000000004,2.824700000000001,2,0,26.3,6,1,14,1,Generated
142.242,2.769300000000001,1,0,9.23,7,0,10,0,Generated
218.29600000000005,3.5453000000000032,2,1,37.3,3,1,16,2,Generated
152.28099999999998,3.468700000000003,0,0,0.0,0,0,11,3,Generated
158.19699999999997,1.8357999999999999,3,0,35.53,4,0,11,0,Generated
162.232,2.9154000000000018,1,0,17.07,3,1,12,1,Generated
206.32899999999995,3.760100000000003,1,0,17.07,3,0,15,1,Generated
200.32199999999992,3.150800000000002,2,0,18.46,6,0,14,1,Generated
114.213,2.2715000000000005,1,0,0.0,0,0,7,1,Generated
116.204,2.069,1,0,9.23,4,0,8,0,Generated
194.318,3.427900000000002,1,0,17.07,1,0,14,2,Generated
142.242,2.791800000000001,1,0,17.07,5,0,10,0,Generated
102.13299999999998,0.2632999999999999,2,2,40.46,2,0,7,0,Generated
156.313,4.393000000000004,0,0,0.0,7,0,11,0,Generated
160.25699999999998,1.8184,2,1,29.46,5,0,11,0,Generated
156.25000000000003,1.6734,2,1,9.23,2,0,10,1,Generated
102.17699999999999,1.8214000000000001,1,0,9.23,3,0,7,0,Generated
152.23699999999997,3.0370000000000017,1,0,9.23,2,0,11,1,Generated
136.23799999999997,2.9987000000000013,0,0,0.0,1,0,10,2,Generated
132.18400000000003,0.9665999999999999,2,1,37.3,1,0,8,1,Generated
162.29799999999997,2.1018000000000003,2,2,20.23,4,0,10,0,Generated
152.28099999999998,3.945000000000003,0,0,0.0,4,0,11,0,Generated
202.34099999999995,4.589600000000004,0,0,0.0,4,1,15,2,Generated
198.34999999999994,4.064100000000003,1,1,20.23,9,0,14,0,Generated
167.296,2.738100000000001,1,1,26.02,4,0,12,0,Generated
166.30799999999994,4.169000000000003,0,0,0.0,4,0,12,1,Generated
196.378,5.339300000000006,0,0,0.0,8,0,14,0,Generated
266.46900000000005,5.192200000000006,1,1,20.23,7,0,19,1,Generated
172.26799999999997,2.562400000000001,2,0,26.3,8,0,12,0,Generated
128.21499999999997,2.1136,1,1,20.23,4,0,9,0,Generated
154.253,2.7677000000000014,1,0,9.23,3,0,11,1,Generated
138.25399999999996,3.3888000000000025,0,0,0.0,0,0,10,1,Generated
98.189,2.608600000000001,0,0,0.0,3,0,7,0,Generated
130.256,2.705700000000001,1,0,0.0,4,0,8,0,Generated
128.21499999999997,2.1136,1,1,20.23,5,0,9,0,Generated
110.19999999999999,2.8968000000000016,0,0,0.0,1,0,8,1,Generated
137.182,1.44332,2,1,33.120000000000005,1,1,10,1,Generated
156.26899999999998,3.0378000000000016,1,0,17.07,5,0,11,0,Generated
124.18299999999996,2.2568,1,0,9.23,1,0,9,1,Generated
170.296,3.910600000000003,1,1,20.23,6,0,12,0,Generated
166.26399999999998,3.1373000000000015,1,0,9.23,2,0,12,1,Generated
142.286,4.002900000000003,0,0,0.0,6,0,10,0,Generated
182.351,4.805100000000004,0,0,0.0,4,0,13,0,Generated
156.313,4.393000000000004,0,0,0.0,7,0,11,0,Generated
188.31400000000002,4.221500000000003,0,0,0.0,6,1,14,1,Generated
111.144,0.9896,2,0,21.59,1,0,8,1,Generated
142.267,3.053300000000002,1,0,0.0,2,0,9,1,Generated
74.07900000000001,-0.1682999999999999,2,0,26.3,2,0,5,0,Generated
114.188,1.823,1,0,9.23,0,0,8,1,Generated
186.295,2.686900000000002,2,1,37.3,8,0,13,0,Generated
262.43699999999995,5.2728000000000055,1,0,12.53,5,0,19,2,Generated
228.37599999999995,4.122800000000003,2,0,26.3,12,0,16,0,Generated
159.27299999999997,1.5208,2,2,46.25,5,0,11,0,Generated
168.32399999999996,4.393000000000004,0,0,0.0,4,0,12,1,Generated
235.37099999999995,3.427200000000002,2,1,21.259999999999998,6,0,17,1,Generated
116.204,1.8034,1,1,20.23,1,0,8,0,Generated
140.226,2.5233000000000008,1,0,9.23,4,0,10,1,Generated
186.33899999999997,4.019500000000003,1,0,9.23,9,0,13,0,Generated
108.18399999999998,2.5287000000000006,0,0,0.0,1,0,8,1,Generated
174.28699999999998,3.809400000000003,0,0,0.0,3,1,13,2,Generated
202.341,4.926600000000004,0,0,0.0,6,1,15,1,Generated
158.285,3.239300000000002,1,0,9.23,7,0,11,0,Generated
126.19899999999998,2.3367000000000004,1,0,9.23,1,0,9,1,Generated
82.146,2.1386000000000003,0,0,0.0,2,0,6,0,Generated
160.21299999999997,1.1006,3,1,46.53,6,0,11,0,Generated
154.25299999999996,2.6698000000000004,1,1,20.23,6,0,11,0,Generated
248.40999999999994,4.454100000000004,1,0,17.07,2,0,18,3,Generated
116.22900000000001,2.2920000000000007,1,0,0.0,1,0,7,1,Generated
172.268,2.3117000000000005,2,1,29.46,4,0,12,1,Generated
164.29199999999997,4.255200000000004,0,0,0.0,5,0,12,0,Generated
156.22799999999998,3.4022000000000014,0,0,0.0,1,2,12,2,Generated
144.25799999999998,2.5836000000000006,1,1,20.23,5,0,10,0,Generated
156.26899999999998,3.2188000000000017,1,0,9.23,5,0,11,0,Generated
130.231,2.1951000000000005,1,1,20.23,5,0,9,0,Generated
101.19300000000001,1.3813,1,1,26.02,3,0,7,0,Generated
126.243,3.3888000000000025,0,0,0.0,5,0,9,0,Generated
190.33,4.445500000000004,0,0,0.0,6,1,14,1,Generated
186.33899999999997,3.611400000000003,1,1,20.23,8,0,13,0,Generated
70.135,1.9725,0,0,0.0,1,0,5,0,Generated
253.47399999999996,4.861500000000005,1,1,12.03,6,0,18,1,Generated
160.23800000000003,0.5022,3,2,37.3,1,0,10,1,Generated
312.53799999999995,6.463400000000007,2,0,26.3,18,0,22,0,Generated
116.15999999999998,0.9174,2,1,29.46,4,0,8,0,Generated
94.15699999999998,2.2827,0,0,0.0,1,0,7,1,Generated
162.23199999999997,2.6862000000000004,1,1,20.23,3,1,12,1,Generated
212.37699999999995,4.001500000000004,1,1,20.23,5,0,15,1,Generated
162.276,3.5836200000000025,0,0,0.0,3,1,12,1,Generated
130.18699999999998,1.5956000000000001,2,0,26.3,3,0,9,0,Generated
122.21099999999997,3.0629000000000017,0,0,0.0,3,0,9,1,Generated
180.29099999999997,3.3480000000000016,1,0,17.07,2,0,13,1,Generated
180.247,1.9741,2,1,29.46,5,1,13,1,Generated
226.4039999999999,5.109900000000005,1,0,9.23,13,0,16,0,Generated
114.23199999999999,3.0786000000000016,0,0,0.0,3,0,8,0,Generated
154.25299999999996,3.116900000000002,1,0,9.23,2,0,11,1,Generated
140.26999999999998,3.6128000000000027,0,0,0.0,3,0,10,1,Generated
87.16600000000001,1.1337,1,1,26.02,2,0,6,0,Generated
120.19499999999996,2.5574200000000005,0,0,0.0,1,1,9,1,Generated
180.24699999999996,2.4379,2,0,18.46,4,0,13,1,Generated
154.253,2.6477000000000013,1,0,17.07,1,0,11,1,Generated
184.32299999999998,3.6278000000000024,1,0,9.23,4,0,13,1,Generated
150.221,3.1784000000000017,1,0,13.14,3,1,11,1,Generated
226.31899999999996,3.834400000000003,1,0,9.23,5,2,17,2,Generated
146.23299999999998,3.126400000000002,0,0,0.0,1,1,11,2,Generated
124.22999999999999,1.6015,3,0,9.23,3,0,6,0,Generated
226.40399999999997,5.084700000000005,1,0,9.23,9,0,16,1,Generated
118.24499999999999,2.350800000000001,1,1,0.0,2,0,7,0,Generated
120.217,1.0756,2,2,20.23,2,0,7,0,Generated
194.31799999999998,3.161800000000002,1,1,20.23,2,0,14,1,Generated
156.313,4.393000000000004,0,0,0.0,7,0,11,0,Generated
126.19899999999997,2.1315999999999997,1,0,9.23,3,0,9,1,Generated
218.34,3.9889000000000037,1,0,9.23,5,1,16,1,Generated
182.307,3.427900000000002,1,0,17.07,3,0,13,1,Generated
192.30200000000002,3.6052000000000026,1,0,9.23,5,1,14,1,Generated
250.382,3.9246000000000034,2,1,29.46,10,1,18,1,Generated
166.21999999999997,1.7498999999999998,2,1,29.46,3,1,12,1,Generated
110.2,2.608600000000001,0,0,0.0,0,0,8,1,Generated
196.33399999999997,4.272300000000003,1,0,17.07,10,0,14,0,Generated
116.22899999999998,2.519100000000001,1,0,0.0,2,0,7,0,Generated
134.26899999999998,1.8565,2,0,0.0,0,0,7,1,Generated
171.30899999999997,2.0713,2,1,12.03,8,0,11,0,Generated
152.23699999999997,2.423800000000001,1,1,20.23,4,0,11,1,Generated
188.22299999999996,1.4405,4,1,63.60000000000001,7,0,13,0,Generated
72.151,2.0524,0,0,0.0,1,0,5,0,Generated
144.25799999999998,2.439500000000001,1,1,20.23,4,0,10,0,Generated
167.296,3.291900000000002,1,0,12.36,2,0,12,1,Generated
98.18900000000001,2.752700000000001,0,0,0.0,3,0,7,0,Generated
206.373,4.971200000000005,0,0,0.0,5,0,15,1,Generated
146.23299999999998,3.366200000000002,0,0,0.0,3,1,11,1,Generated
170.25199999999998,2.686000000000001,2,0,26.3,8,0,12,0,Generated
252.48599999999996,6.301300000000007,0,0,0.0,6,0,18,1,Generated
140.26999999999998,3.778900000000003,0,0,0.0,5,0,10,0,Generated
128.21499999999997,2.401700000000001,1,0,17.07,4,0,9,0,Generated
78.136,0.2545,2,2,20.23,0,0,4,0,Generated
212.37699999999998,4.574100000000004,1,0,9.23,8,0,15,0,Generated
182.288,2.5818000000000003,2,0,17.07,4,0,12,1,Generated
166.26399999999998,3.102000000000001,1,0,17.07,4,0,12,1,Generated
166.264,2.7897000000000007,1,0,9.23,2,0,12,1,Generated
206.329,3.5604000000000022,1,1,20.23,7,1,15,1,Generated
142.242,2.7441000000000013,1,0,9.23,3,0,10,1,Generated
279.46799999999996,4.367200000000004,2,1,21.259999999999998,5,0,20,2,Generated
117.19199999999998,0.3651999999999998,2,2,32.26,3,0,8,0,Generated
132.206,2.6948000000000008,0,0,0.0,0,0,10,2,Generated
168.32399999999998,4.104800000000004,0,0,0.0,1,0,12,1,Generated
126.243,3.5329000000000024,0,0,0.0,5,0,9,0,Generated
186.295,2.3542000000000005,2,1,29.46,5,0,13,1,Generated
156.313,4.2489000000000035,0,0,0.0,6,0,11,0,Generated
239.318,3.872600000000002,2,0,22.12,5,2,18,2,Generated
158.28499999999997,2.973700000000002,1,1,20.23,6,0,11,0,Generated
154.297,4.024900000000003,0,0,0.0,4,0,11,0,Generated
118.17599999999997,1.1414,2,1,29.46,4,0,8,0,Generated
108.14399999999998,0.6878,2,1,24.39,1,0,8,1,Generated
160.25999999999996,3.0574000000000012,0,0,0.0,0,1,12,2,Generated
218.34000000000003,4.070300000000003,1,0,17.07,6,0,16,1,Generated
170.296,3.8971000000000027,1,0,9.23,8,0,12,0,Generated
191.23000000000002,2.645170000000001,3,1,42.31,4,1,14,1,Generated
208.30100000000002,2.6102000000000007,2,1,29.46,6,1,15,1,Generated
214.34899999999996,3.769600000000003,2,0,18.46,10,0,15,0,Generated
168.28,2.605600000000001,1,1,20.23,1,0,12,1,Generated
198.39399999999998,5.563300000000005,0,0,0.0,10,0,14,0,Generated
69.107,1.21207,1,1,23.85,1,0,5,0,Generated
186.339,4.1620000000000035,1,0,9.23,9,0,13,0,Generated
144.283,3.0958000000000014,1,0,0.0,5,0,9,0,Generated
114.18799999999999,2.0116,1,0,17.07,3,0,8,0,Generated
130.18699999999998,1.2839,2,1,29.46,2,0,9,1,Generated
179.30700000000002,3.593700000000003,1,1,12.03,5,0,13,1,Generated
132.203,1.3874,2,1,29.46,4,0,9,0,Generated
142.242,2.3612000000000006,1,1,20.23,5,0,10,0,Generated
128.21499999999997,2.884400000000001,1,1,20.23,4,0,9,0,Generated
112.17200000000001,1.7656,1,0,17.07,1,0,8,1,Generated
146.299,3.1326000000000023,1,1,0.0,5,0,9,0,Generated
185.29199999999997,1.4302,3,1,29.1,3,0,12,1,Generated
192.236,1.7868,5,0,52.60000000000001,5,0,12,0,Generated
84.16199999999999,2.2184999999999997,0,0,0.0,1,0,6,0,Generated
132.272,2.8850000000000016,1,1,0.0,4,0,8,0,Generated
174.284,1.802,2,2,40.46,6,0,12,0,Generated
158.28499999999997,3.239300000000002,1,0,9.23,7,0,11,0,Generated
202.33799999999997,3.193800000000002,2,1,29.46,8,0,14,0,Generated
194.31799999999996,3.5699000000000023,1,0,9.23,2,0,14,1,Generated
258.38599999999997,3.7443000000000026,2,1,9.23,6,2,18,2,Generated
157.25699999999998,1.4441000000000002,2,2,46.25,7,0,11,0,Generated
166.24199999999996,0.4127999999999999,4,2,49.69,5,0,10,0,Generated
145.24599999999998,1.0991,2,1,23.47,5,0,10,0,Generated
132.272,2.7856000000000014,1,0,0.0,4,0,8,0,Generated
256.38899999999995,5.198100000000005,1,0,17.07,7,1,19,1,Generated
140.22599999999997,2.567800000000001,1,0,17.07,4,0,10,0,Generated
134.22199999999998,2.774700000000001,0,0,0.0,0,0,10,2,Generated
142.286,4.002900000000003,0,0,0.0,6,0,10,0,Generated
198.34999999999997,4.389100000000004,1,0,9.23,8,0,14,0,Generated
178.27499999999998,3.1240000000000014,1,0,17.07,4,0,13,1,Generated
152.237,3.194600000000002,1,1,20.23,1,0,11,1,Generated
142.28599999999997,3.858800000000003,0,0,0.0,5,0,10,0,Generated
86.134,1.8582,1,1,20.23,2,0,6,0,Generated
120.19499999999998,2.6948000000000008,0,0,0.0,2,0,9,1,Generated
115.201,1.1824999999999999,2,1,12.03,1,0,7,1,Generated
212.35799999999998,3.695400000000003,1,0,9.23,5,0,14,1,Generated
194.27400000000003,2.2201000000000004,2,1,29.46,5,1,14,1,Generated
126.199,1.7250999999999999,1,1,20.23,2,0,9,1,Generated
139.19799999999998,2.1174,2,0,21.59,1,0,10,1,Generated
186.29499999999996,2.8084000000000016,2,0,26.3,8,0,13,0,Generated
222.41599999999997,5.2751000000000055,0,0,0.0,0,0,16,2,Generated
200.36599999999993,3.999900000000003,1,1,20.23,7,0,14,0,Generated
125.17099999999998,0.3362999999999998,2,1,43.09,2,0,9,1,Generated
198.34999999999997,4.496300000000004,1,0,17.07,10,0,14,0,Generated
154.29699999999997,3.858800000000003,0,0,0.0,2,0,11,1,Generated
248.45399999999998,5.521100000000006,0,0,0.0,1,0,18,3,Generated
224.43199999999993,6.119500000000006,0,0,0.0,11,0,16,0,Generated
196.33399999999995,3.9380000000000033,1,0,9.23,6,0,14,1,Generated
126.224,2.0485,1,1,0.0,1,0,8,1,Generated
152.19299999999998,2.1913,2,0,30.21,4,1,11,1,Generated
252.44199999999992,5.2343000000000055,1,0,17.07,6,0,18,1,Generated
202.36299999999997,3.2917000000000023,2,1,9.23,6,0,13,1,Generated
128.215,2.1152,1,1,20.23,5,0,9,0,Generated
174.24,2.1039000000000003,3,0,35.53,8,0,12,0,Generated
172.31199999999995,3.6278000000000024,1,0,9.23,7,0,12,0,Generated
194.274,3.0840000000000014,2,0,18.46,5,1,14,1,Generated
88.14999999999999,1.4329,1,0,9.23,3,0,6,0,Generated
114.14399999999998,1.6306,2,0,18.46,1,0,8,1,Generated
128.21499999999997,2.2099,1,0,9.23,0,0,9,1,Generated
256.47399999999993,5.560300000000006,1,1,20.23,12,0,18,0,Generated
174.30899999999997,2.4105000000000008,2,0,9.23,2,0,11,1,Generated
112.216,2.6885000000000012,0,0,0.0,0,0,8,1,Generated
180.33499999999995,4.393000000000004,0,0,0.0,1,0,13,2,Generated
130.231,2.1951000000000005,1,1,20.23,5,0,9,0,Generated
230.46099999999998,5.471600000000006,1,1,0.0,10,0,15,0,Generated
222.28399999999996,2.2771,3,0,43.370000000000005,5,0,16,1,Generated
146.18599999999998,0.3645,3,1,46.53,6,0,10,0,Generated
134.17499999999998,-0.23539999999999994,3,2,49.69,4,0,9,0,Generated
158.19699999999997,0.688,3,1,38.69,2,0,11,1,Generated
140.26999999999998,3.778900000000003,0,0,0.0,5,0,10,0,Generated
186.36399999999998,4.2409000000000034,1,0,0.0,7,0,12,1,Generated
82.14600000000002,2.1166,0,0,0.0,0,0,6,1,Generated
328.5400000000001,6.7769000000000075,1,0,9.23,7,0,24,2,Generated
174.28699999999998,4.009200000000003,0,0,0.0,2,0,13,2,Generated
200.36599999999996,4.263900000000004,1,0,9.23,8,0,14,0,Generated
162.29799999999997,2.5546000000000006,2,0,9.23,6,0,10,0,Generated
186.33899999999997,4.017900000000004,1,0,9.23,8,0,13,0,Generated
124.18299999999996,1.7876,1,0,17.07,1,0,9,1,Generated
174.30899999999997,2.509900000000001,2,1,9.23,2,0,11,1,Generated
174.28699999999998,3.9182000000000032,0,0,0.0,3,1,13,1,Generated
168.23599999999993,2.4294000000000002,2,1,29.46,3,0,12,1,Generated
172.268,2.1527000000000007,2,1,37.3,6,0,12,0,Generated
170.23299999999998,2.3336000000000006,3,3,40.46,1,0,11,1,Generated
212.37699999999992,3.857400000000003,1,1,20.23,4,0,15,1,Generated
168.28,3.1819000000000015,1,0,17.07,4,0,12,1,Generated
152.23699999999997,2.687800000000001,1,0,9.23,3,0,11,1,Generated
192.34599999999998,4.415000000000004,0,0,0.0,2,0,14,2,Generated
144.16999999999996,0.9187,3,0,43.370000000000005,4,0,10,0,Generated
135.21,2.513420000000001,1,0,12.89,1,1,10,1,Generated
104.14899999999997,0.3432,2,2,40.46,2,0,7,0,Generated
148.24899999999997,3.4750000000000023,0,0,0.0,0,0,11,1,Generated
132.20299999999997,2.3007,2,1,29.46,3,0,9,0,Generated
174.28399999999996,2.6182000000000007,2,0,18.46,8,0,12,0,Generated
206.329,3.8244000000000034,1,0,9.23,7,1,15,1,Generated
164.20399999999998,2.157200000000001,2,1,37.3,3,1,12,1,Generated
216.36499999999995,3.9936000000000034,2,0,18.46,11,0,15,0,Generated
178.275,3.1240000000000014,1,0,17.07,5,0,13,1,Generated
154.297,3.858800000000003,0,0,0.0,1,0,11,1,Generated
162.276,3.665300000000003,0,0,0.0,4,1,12,1,Generated
187.32699999999997,2.435600000000001,2,1,21.259999999999998,7,0,13,0,Generated
156.26899999999998,3.5054000000000025,1,0,9.23,6,0,11,0,Generated
124.22699999999998,3.1648000000000023,0,0,0.0,4,0,9,0,Generated
202.29399999999998,3.5184000000000024,3,0,35.53,7,0,14,0,Generated
192.25799999999995,2.4994000000000005,2,0,26.3,1,0,14,3,Generated
114.144,1.1036000000000001,2,0,26.3,0,0,8,1,Generated
148.183,0.3485,3,2,54.370000000000005,3,0,9,0,Generated
98.14500000000001,1.0874,1,1,20.23,0,0,7,1,Generated
224.388,3.999900000000004,1,1,20.23,1,0,16,2,Generated
180.24699999999996,2.4620000000000006,2,0,26.3,2,0,13,1,Generated
134.244,1.1806999999999999,2,2,20.23,3,0,8,0,Generated
113.11599999999999,0.20940000000000003,3,1,46.260000000000005,2,1,8,1,Generated
192.30200000000002,3.026200000000002,1,1,20.23,4,1,14,1,Generated
159.29799999999997,2.947870000000001,2,1,23.85,6,0,10,0,Generated
99.17699999999999,1.1468,1,1,12.03,0,0,7,1,Generated
114.18799999999999,1.8214000000000001,1,0,9.23,1,0,8,1,Generated
140.26999999999998,3.634800000000003,0,0,0.0,5,0,10,0,Generated
128.17099999999996,0.5923,2,1,37.3,0,0,9,1,Generated
216.39,3.9135000000000035,2,0,17.07,8,0,14,0,Generated
312.479,1.6820999999999997,5,5,92.5,3,0,21,2,Generated
218.384,5.081600000000005,0,0,0.0,6,1,16,1,Generated
164.29199999999997,3.945000000000003,0,0,0.0,4,0,12,1,Generated
212.42099999999996,5.377000000000006,0,0,0.0,7,0,15,0,Generated
122.16699999999997,1.8518,1,0,17.07,1,0,9,1,Generated
152.28099999999995,3.634800000000003,0,0,0.0,2,0,11,1,Generated
98.189,2.608600000000001,0,0,0.0,2,0,7,0,Generated
140.26999999999998,3.468700000000003,0,0,0.0,1,0,10,1,Generated
188.37999999999997,4.157200000000003,1,1,0.0,6,0,12,0,Generated
258.44899999999996,5.713420000000006,0,0,0.0,1,1,19,2,Generated
189.25800000000004,2.4041000000000006,2,2,32.26,5,1,14,1,Generated
126.243,3.3888000000000025,0,0,0.0,5,0,9,0,Generated
258.405,5.422100000000005,1,0,17.07,8,1,19,1,Generated
170.29599999999996,3.381800000000002,1,0,9.23,5,0,12,1,Generated
130.187,1.3921000000000001,2,0,26.3,5,0,9,0,Generated
176.30300000000003,4.055400000000003,0,0,0.0,5,1,13,1,Generated
126.24299999999997,3.2447000000000017,0,0,0.0,4,0,9,0,Generated
129.203,1.6384999999999998,2,1,23.47,1,0,9,1,Generated
201.35399999999998,2.563300000000001,2,2,32.26,9,0,14,0,Generated
100.11699999999999,0.12389999999999995,2,1,37.3,3,0,7,0,Generated
167.29599999999994,2.716100000000001,1,1,26.02,3,0,12,1,Generated
226.35999999999996,3.792100000000003,2,0,26.3,6,0,16,1,Generated
228.37599999999992,3.5245000000000024,2,1,29.46,2,0,16,1,Generated
148.227,1.196,3,1,29.46,2,0,9,1,Generated
186.33899999999997,4.019500000000003,1,0,9.23,9,0,13,0,Generated
219.372,4.326000000000004,1,0,3.24,4,0,16,2,Generated
162.298,2.2922000000000007,2,1,20.23,7,0,10,0,Generated
128.21499999999997,1.8034,1,1,20.23,1,0,9,1,Generated
132.203,0.7758,2,2,40.46,4,0,9,0,Generated
144.214,1.5299,2,1,29.46,2,0,10,1,Generated
166.308,4.024900000000003,0,0,0.0,2,0,12,1,Generated
164.248,2.7661000000000007,1,1,20.23,3,1,12,1,Generated
184.27899999999997,2.3926000000000007,2,0,18.46,4,0,13,1,Generated
112.216,2.832600000000001,0,0,0.0,1,0,8,1,Generated
184.34799999999998,3.5211000000000023,1,1,0.0,0,0,12,2,Generated
136.19400000000002,1.7651,1,0,9.23,0,0,10,2,Generated
124.22699999999999,2.9987000000000013,0,0,0.0,1,0,9,1,Generated
254.50199999999995,6.979600000000008,0,0,0.0,13,0,18,0,Generated
112.216,2.832600000000001,0,0,0.0,0,0,8,1,Generated
132.203,1.1839,2,1,29.46,5,0,9,0,Generated
218.296,3.1286000000000023,2,0,26.3,5,1,16,1,Generated
210.40499999999994,5.441200000000006,0,0,0.0,9,0,15,0,Generated
210.36099999999996,4.662400000000004,1,0,17.07,10,0,15,0,Generated
186.29499999999996,2.4003000000000005,2,1,37.3,8,0,13,0,Generated
150.26499999999996,3.5549000000000026,0,0,0.0,1,0,11,1,Generated
186.31999999999996,3.2124000000000015,2,0,9.23,3,0,12,1,Generated
122.16699999999996,1.7077,1,0,17.07,2,0,9,1,Generated
136.19399999999996,2.2576,1,0,9.23,2,1,10,1,Generated
262.393,4.522900000000004,2,0,26.3,10,1,19,1,Generated
198.33099999999993,3.2108000000000017,2,0,9.23,1,0,13,2,Generated
152.281,3.468700000000003,0,0,0.0,0,0,11,2,Generated
140.226,1.9695000000000005,1,1,20.23,1,0,10,1,Generated
164.26999999999998,1.688,3,1,29.46,5,0,10,0,Generated
246.39399999999995,4.706400000000005,1,0,17.07,7,0,18,1,Generated
176.259,3.329900000000002,1,0,9.23,4,1,13,1,Generated
112.21599999999998,2.8546000000000014,0,0,0.0,2,0,8,0,Generated
210.31699999999998,2.949300000000002,2,0,26.3,2,0,15,3,Generated
132.159,0.5860000000000001,3,0,35.53,4,0,9,0,Generated
80.13,1.9145999999999999,0,0,0.0,2,0,6,0,Generated
156.26899999999998,3.0378000000000016,1,0,17.07,6,0,11,0,Generated
146.299,3.318200000000002,1,0,0.0,5,0,9,0,Generated
148.20499999999996,2.1838999999999995,1,0,9.23,1,1,11,2,Generated
150.177,1.2307,2,0,26.3,1,0,11,2,Generated
140.22599999999997,2.0674,1,0,9.23,0,0,10,3,Generated
200.36599999999996,3.999900000000003,1,1,20.23,8,0,14,0,Generated
158.28499999999997,2.829600000000001,1,1,20.23,5,0,11,0,Generated
206.285,2.1315,2,1,37.3,5,1,15,1,Generated
154.297,3.858800000000003,0,0,0.0,2,0,11,1,Generated
154.253,2.9338000000000015,1,0,9.23,4,0,11,0,Generated
154.29699999999997,3.858800000000003,0,0,0.0,1,0,11,1,Generated
148.202,1.7648,3,2,49.69,6,0,10,0,Generated
80.13,1.9036,0,0,0.0,2,0,6,0,Generated
94.15699999999998,2.1386000000000003,0,0,0.0,1,0,7,1,Generated
182.307,3.738100000000003,1,0,17.07,7,0,13,0,Generated
226.34099999999998,2.2725,3,2,29.46,6,1,15,1,Generated
156.225,1.6365,2,0,26.3,1,0,11,1,Generated
156.225,1.3724999999999998,2,1,37.3,0,0,11,1,Generated
170.296,3.5720000000000027,1,0,17.07,7,0,12,0,Generated
117.192,0.9637000000000001,2,1,35.25,3,0,8,0,Generated
158.24099999999999,2.6908000000000003,2,1,29.46,2,0,11,1,Generated
124.18299999999998,1.4995,1,1,20.23,0,0,9,1,Generated
141.16999999999996,0.6896,3,2,55.480000000000004,2,0,10,1,Generated
120.217,1.6872,2,1,9.23,2,0,7,0,Generated
146.29899999999998,3.174100000000002,1,0,0.0,4,0,9,0,Generated
170.33999999999997,4.783100000000005,0,0,0.0,8,0,12,0,Generated
136.23799999999997,3.453000000000002,0,0,0.0,3,0,10,1,Generated
168.30499999999998,3.753600000000003,1,0,0.0,4,0,11,1,Generated
172.26799999999997,2.562400000000001,2,0,26.3,8,0,12,0,Generated
132.272,2.740900000000001,1,1,0.0,3,0,8,0,Generated
154.297,4.024900000000003,0,0,0.0,5,0,11,0,Generated
132.20300000000003,0.9215,2,2,40.46,6,0,9,0,Generated
178.27499999999998,3.412200000000002,1,0,17.07,4,0,13,1,Generated
170.29600000000002,3.2839000000000023,1,1,20.23,8,0,12,0,Generated
210.361,4.8418000000000045,1,0,9.23,8,0,15,0,Generated
96.129,1.1515,1,0,17.07,1,0,7,1,Generated
244.37499999999994,2.5531000000000006,3,2,49.69,5,0,17,1,Generated
202.338,2.9903000000000013,2,1,29.46,9,0,14,0,Generated
127.231,1.7829,1,1,12.03,0,0,9,1,Generated
226.4039999999999,4.942200000000005,1,0,9.23,2,0,16,1,Generated
62.068000000000005,-0.41739999999999994,2,1,29.46,1,0,4,0,Generated
182.35099999999997,5.093300000000005,0,0,0.0,9,0,13,0,Generated
256.4739999999999,5.706000000000007,1,1,20.23,14,0,18,0,Generated
158.285,2.975300000000002,1,1,20.23,7,0,11,0,Generated
123.19899999999998,2.3774200000000008,1,0,4.93,1,1,9,1,Generated
154.29699999999997,4.024900000000003,0,0,0.0,6,0,11,0,Generated
99.17699999999999,1.172,1,1,12.03,4,0,7,0,Generated
240.47499999999997,6.301300000000007,0,0,0.0,10,0,17,0,Generated
168.32399999999996,4.5591000000000035,0,0,0.0,7,0,12,0,Generated
156.313,4.2489000000000035,0,0,0.0,6,0,11,0,Generated
184.32299999999998,4.106200000000004,1,0,17.07,9,0,13,0,Generated
116.16,0.9174,2,1,29.46,2,0,8,0,Generated
202.34099999999995,4.191000000000003,0,0,0.0,3,0,15,3,Generated
254.45799999999994,5.768500000000006,1,0,17.07,12,0,18,0,Generated
256.47399999999993,5.848500000000007,1,1,20.23,14,0,18,0,Generated
202.40699999999998,4.736100000000005,1,0,0.0,9,0,13,0,Generated
105.13999999999999,1.7246,1,0,12.89,1,1,8,1,Generated
132.206,2.5654000000000003,0,0,0.0,0,1,10,2,Generated
186.339,3.8980000000000032,1,1,20.23,9,0,13,0,Generated
194.31799999999998,3.714000000000003,1,0,9.23,3,0,14,1,Generated
114.14399999999998,1.6321999999999999,2,0,18.46,2,0,8,1,Generated
150.26499999999996,3.5549000000000026,0,0,0.0,2,0,11,1,Generated
230.41699999999994,3.9104000000000028,2,1,20.23,4,0,15,1,Generated
220.4,5.505400000000006,0,0,0.0,8,0,16,1,Generated
144.25799999999998,2.8476000000000017,1,0,9.23,5,0,10,0,Generated
198.39399999999998,5.2751000000000055,0,0,0.0,8,0,14,0,Generated
156.26899999999998,2.8718000000000012,1,1,20.23,0,0,11,1,Generated
168.324,4.5591000000000035,0,0,0.0,6,0,12,0,Generated
186.31999999999996,3.3728000000000016,2,1,9.23,3,0,12,1,Generated
204.31299999999996,3.6052000000000026,1,0,9.23,2,1,15,2,Generated
152.23699999999997,2.687800000000001,1,0,9.23,3,0,11,1,Generated
164.33900000000003,3.533200000000003,2,1,0.0,5,0,9,0,Generated
188.31099999999998,2.3346000000000005,2,2,40.46,6,0,13,0,Generated
128.21499999999997,2.1136000000000004,1,1,20.23,4,0,9,0,Generated
152.23699999999997,3.0505000000000013,1,1,20.23,1,0,11,1,Generated
115.17599999999999,0.7785,1,1,29.1,2,0,8,0,Generated
146.23299999999998,3.113620000000002,0,0,0.0,3,1,11,1,Generated
114.18799999999999,2.0116,1,0,17.07,1,0,8,0,Generated
191.274,3.1604000000000014,2,2,32.26,5,1,14,1,Generated
125.21499999999999,2.0522,1,1,12.03,2,0,9,1,Generated
172.312,3.3638000000000026,1,1,20.23,7,0,12,0,Generated
102.17699999999999,1.8214000000000001,1,0,9.23,3,0,7,0,Generated
154.29699999999997,4.002900000000003,0,0,0.0,4,0,11,1,Generated
168.32399999999998,4.104800000000004,0,0,0.0,1,0,12,1,Generated
110.15599999999999,1.5175,1,0,9.23,1,0,8,1,Generated
98.189,2.752700000000001,0,0,0.0,3,0,7,0,Generated
200.32199999999995,2.946200000000001,2,1,29.46,2,0,14,1,Generated
130.14299999999997,-0.27640000000000015,3,1,46.53,0,0,9,1,Generated
198.30599999999995,2.638600000000001,2,0,18.46,2,0,14,1,Generated
142.24199999999996,2.6016000000000004,1,0,9.23,2,0,10,1,Generated
162.22899999999996,1.5056,3,1,38.69,7,0,11,0,Generated
216.36799999999994,5.057400000000005,0,0,0.0,6,0,16,1,Generated
146.23,1.8364,2,0,18.46,5,0,10,0,Generated
230.46099999999996,5.617300000000006,1,1,0.0,12,0,15,0,Generated
182.30699999999993,3.5720000000000027,1,0,17.07,3,0,13,1,Generated
228.44499999999996,5.146600000000005,1,0,0.0,9,0,15,0,Generated
244.488,5.904800000000007,1,0,0.0,11,0,16,0,Generated
130.212,2.3472,2,0,9.23,2,0,8,1,Generated
146.23000000000002,1.5134999999999996,2,2,40.46,5,0,10,0,Generated
98.18899999999998,2.608600000000001,0,0,0.0,3,0,7,0,Generated
114.23199999999999,3.2227000000000023,0,0,0.0,4,0,8,0,Generated
216.36499999999998,3.8721000000000037,2,1,29.46,11,0,15,0,Generated
206.332,3.0356000000000014,4,0,18.46,9,0,12,0,Generated
138.254,3.3888000000000025,0,0,0.0,1,0,10,1,Generated
180.20299999999997,1.1121999999999999,3,1,46.53,4,1,13,1,Generated
158.24099999999996,1.7774999999999999,2,1,29.46,0,0,11,1,Generated
226.44799999999995,6.055300000000006,0,0,0.0,10,0,16,0,Generated
124.18299999999996,1.4994999999999998,1,1,20.23,2,0,9,1,Generated
230.392,4.118100000000004,2,1,29.46,11,0,16,0,Generated
156.26899999999998,2.7497000000000016,1,1,20.23,5,0,11,0,Generated
127.231,1.7845,1,1,12.03,2,0,9,1,Generated
180.29099999999997,3.3629000000000024,1,0,9.23,1,0,13,2,Generated
154.297,4.313100000000003,0,0,0.0,7,0,11,0,Generated
138.20999999999998,1.8896,1,1,20.23,1,0,10,1,Generated
114.18799999999997,1.4133,1,1,20.23,0,0,8,1,Generated
117.192,1.3535,2,1,23.47,3,0,8,0,Generated
157.25699999999998,1.7554,2,1,21.259999999999998,2,0,11,1,Generated
124.18299999999999,1.9317,1,0,17.07,1,0,9,1,Generated
118.13199999999999,0.5419,3,0,35.53,2,0,8,0,Generated
238.44,4.653840000000004,0,0,0.0,1,1,16,1,Generated
164.29199999999997,3.778900000000003,0,0,0.0,1,0,12,2,Generated
164.248,3.0017000000000014,1,0,9.23,2,1,12,1,Generated
142.24199999999996,2.6016000000000012,1,0,9.23,2,0,10,1,Generated
122.21099999999997,2.774700000000001,0,0,0.0,1,0,9,1,Generated
238.41499999999996,5.252400000000005,1,0,9.23,0,0,17,1,Generated
142.286,3.858800000000003,0,0,0.0,5,0,10,0,Generated
282.4239999999999,5.078400000000004,2,1,46.53,14,0,20,0,Generated
168.32399999999998,4.415000000000004,0,0,0.0,6,0,12,0,Generated
126.243,3.3888000000000025,0,0,0.0,4,0,9,0,Generated
256.411,4.089700000000003,3,1,18.46,9,0,17,1,Generated
124.22699999999999,2.9987000000000013,0,0,0.0,1,0,9,1,Generated
184.23499999999999,1.8558,3,0,27.69,4,0,13,1,Generated
76.09499999999998,0.8860000000000001,2,1,29.46,2,0,5,0,Generated
127.18699999999997,1.6021,2,0,21.59,1,0,9,1,Generated
162.232,2.7692000000000014,1,0,17.07,4,1,12,1,Generated
137.22599999999997,2.4234,1,1,12.03,3,0,10,1,Generated
122.211,2.918800000000002,0,0,0.0,0,0,9,1,Generated
172.31199999999998,3.771900000000003,1,0,9.23,8,0,12,0,Generated
180.24699999999999,1.9929,2,1,37.3,4,0,13,1,Generated
202.33799999999994,2.9903000000000017,2,1,29.46,9,0,14,0,Generated
150.265,3.5549000000000026,0,0,0.0,3,0,11,1,Generated
138.254,3.5329000000000024,0,0,0.0,3,0,10,1,Generated
160.28199999999998,2.498800000000001,2,0,17.07,7,0,10,0,Generated
118.24499999999999,2.3955,1,0,0.0,3,0,7,0,Generated
194.31799999999993,3.5463000000000022,1,0,9.23,2,0,14,2,Generated
58.08,1.078,1,1,20.23,0,0,4,0,Generated
140.22599999999997,2.545300000000001,1,0,9.23,7,0,10,0,Generated
122.21099999999996,2.918800000000002,0,0,0.0,3,0,9,1,Generated
125.215,1.5142,1,0,3.24,1,0,9,1,Generated
170.27700000000002,1.6318,2,2,20.23,0,0,11,3,Generated
183.29499999999996,1.8693,2,2,32.26,6,0,13,0,Generated
156.26899999999998,3.1342000000000017,1,0,9.23,4,0,11,1,Generated
140.26999999999998,3.778900000000003,0,0,0.0,5,0,10,0,Generated
214.41799999999992,4.691400000000004,1,1,0.0,5,0,14,1,Generated
172.29299999999998,1.7132999999999998,2,2,20.23,1,0,11,3,Generated
158.28499999999997,3.237700000000002,1,0,9.23,6,0,11,0,Generated
168.324,4.415000000000004,0,0,0.0,5,0,12,0,Generated
228.41999999999996,4.900000000000005,1,0,9.23,9,0,16,0,Generated
110.15599999999999,2.0243,1,1,20.23,0,0,8,1,Generated
238.4149999999999,5.276500000000005,1,0,17.07,9,0,17,1,Generated
140.22599999999997,2.1136,1,1,20.23,2,0,10,1,Generated
170.34,4.639000000000005,0,0,0.0,7,0,12,0,Generated
140.226,2.567800000000001,1,0,17.07,3,0,10,0,Generated
162.27599999999998,3.665300000000003,0,0,0.0,3,1,12,1,Generated
112.21599999999998,2.9987000000000013,0,0,0.0,4,0,8,0,Generated
116.204,1.8034,1,1,20.23,3,0,8,0,Generated
149.237,2.1372999999999998,1,1,26.02,2,1,11,1,Generated
224.34399999999994,3.627600000000003,2,1,29.46,5,0,16,1,Generated
154.25299999999996,2.5037000000000003,1,1,20.23,1,0,11,1,Generated
158.28499999999997,3.381800000000002,1,0,9.23,7,0,11,0,Generated
170.296,3.141400000000002,1,1,20.23,6,0,12,0,Generated
114.14399999999999,0.9338,2,0,18.46,1,0,8,1,Generated
190.33,4.472300000000004,0,0,0.0,4,1,14,1,Generated
120.19499999999995,2.8100000000000014,0,0,0.0,1,1,9,1,Generated
181.27899999999997,1.9562,2,2,46.25,3,0,13,1,Generated
125.17099999999999,1.1157,2,1,32.59,2,0,9,1,Generated
174.28699999999998,3.9803000000000033,0,0,0.0,1,1,13,2,Generated
192.302,3.466400000000002,1,0,9.23,2,0,14,2,Generated
110.19999999999999,2.608600000000001,0,0,0.0,1,0,8,1,Generated
216.36799999999997,4.581100000000004,0,0,0.0,0,0,16,3,Generated
102.17699999999999,1.823,1,0,9.23,4,0,7,0,Generated
168.32399999999996,4.2489000000000035,0,0,0.0,3,0,12,1,Generated
140.22599999999997,2.582700000000001,1,0,9.23,2,0,10,1,Generated
142.28599999999997,3.714700000000003,0,0,0.0,4,0,10,0,Generated
156.313,4.393000000000004,0,0,0.0,7,0,11,0,Generated
134.178,2.11594,1,0,17.07,1,1,10,1,Generated
98.189,2.442500000000001,0,0,0.0,0,0,7,1,Generated
140.26999999999998,3.6128000000000027,0,0,0.0,3,0,10,1,Generated
162.23199999999997,2.654000000000001,1,0,17.07,3,0,12,1,Generated
148.16099999999997,1.4105999999999999,2,1,29.46,0,1,11,2,Generated
148.20499999999998,1.8096999999999999,1,1,20.23,0,0,11,2,Generated
164.29199999999994,3.945000000000003,0,0,0.0,3,0,12,1,Generated
113.204,1.3943999999999999,1,1,12.03,1,0,8,1,Generated
196.37799999999996,4.885000000000005,0,0,0.0,3,0,14,1,Generated
197.32199999999995,2.476000000000001,2,0,20.310000000000002,3,0,14,1,Generated
114.18799999999999,1.4133,1,1,20.23,0,0,8,1,Generated
186.295,2.725400000000001,2,1,29.46,7,0,13,0,Generated
196.29299999999998,1.7966,4,1,46.53,6,0,11,0,Generated
126.19900000000001,2.1557000000000004,1,0,17.07,1,0,9,1,Generated
180.335,4.415000000000004,0,0,0.0,3,0,13,1,Generated
110.15599999999998,1.7226000000000001,1,0,9.23,1,0,8,1,Generated
94.113,1.0715999999999999,1,0,17.07,0,0,7,1,Generated
140.182,1.5141,2,0,26.3,1,0,10,1,Generated
112.17199999999998,2.0891,1,0,9.23,1,0,8,1,Generated
146.23,1.9216000000000002,2,1,29.46,6,0,10,0,Generated
152.237,2.543700000000001,1,0,9.23,3,0,11,1,Generated
170.255,3.6764000000000028,0,0,0.0,1,1,13,2,Generated
172.24899999999997,2.308,3,0,26.3,4,0,11,1,Generated
222.32799999999997,3.1632000000000016,2,1,37.3,8,0,16,1,Generated
154.253,2.3596000000000004,1,1,20.23,1,0,11,1,Generated
88.106,0.7268,2,0,18.46,0,0,6,1,Generated
168.32399999999998,4.2489000000000035,0,0,0.0,4,0,12,1,Generated
185.35499999999996,3.448400000000002,1,1,12.03,8,0,13,0,Generated
165.28,2.8560000000000008,1,1,12.03,4,0,12,1,Generated
118.132,0.23360000000000009,2,2,57.53,4,0,8,0,Generated
222.32799999999997,3.6323000000000025,2,0,26.3,7,0,16,1,Generated
128.259,3.468700000000003,0,0,0.0,4,0,9,0,Generated
151.16499999999996,0.6450999999999999,3,1,50.19,2,1,11,1,Generated
200.32200000000003,2.5007000000000006,2,2,40.46,8,0,14,0,Generated
164.248,2.733900000000001,1,0,17.07,4,0,12,1,Generated
102.17699999999999,1.6789,1,0,9.23,3,0,7,0,Generated
274.44500000000005,3.869100000000003,3,2,49.69,13,0,19,0,Generated
185.31099999999995,2.8731000000000018,1,1,29.1,8,0,13,0,Generated
156.26899999999998,3.1819000000000015,1,0,17.07,6,0,11,0,Generated
124.18299999999999,1.9076,1,0,9.23,1,0,9,1,Generated
242.42799999999997,4.118000000000004,2,1,17.07,7,0,16,1,Generated
232.411,5.6158000000000055,0,0,0.0,9,1,17,1,Generated
204.338,3.6095000000000033,1,0,0.0,0,0,14,4,Generated
184.367,5.029100000000005,0,0,0.0,8,0,13,0,Generated
58.123999999999995,1.6622999999999999,0,0,0.0,0,0,4,0,Generated
182.35099999999997,4.516900000000004,0,0,0.0,3,0,13,0,Generated
110.2,2.752700000000001,0,0,0.0,1,0,8,1,Generated
164.248,3.172600000000002,1,0,9.23,3,1,12,1,Generated
102.133,0.3463,2,1,37.3,2,0,7,0,Generated
178.275,2.7802000000000016,1,1,20.23,5,1,13,1,Generated
128.21499999999997,2.3776,1,0,9.23,3,0,9,0,Generated
213.32099999999994,2.2520000000000007,3,1,38.33,7,0,15,1,Generated
160.21299999999997,0.3433,3,2,57.53,4,0,11,0,Generated
158.19699999999997,1.1932,3,2,49.69,2,0,11,1,Generated
154.209,1.7616999999999998,2,0,26.3,1,0,11,1,Generated
146.255,1.9215,2,1,17.07,5,0,9,0,Generated
114.188,2.494300000000001,1,1,20.23,3,0,8,0,Generated
92.163,0.9533,2,0,9.23,2,0,5,0,Generated
156.26899999999998,2.9917000000000016,1,0,9.23,3,0,11,1,Generated
178.275,3.3918000000000026,1,0,9.23,5,1,13,1,Generated
196.334,3.818000000000003,1,0,17.07,4,0,14,1,Generated
200.32199999999997,3.054400000000002,2,0,26.3,8,0,14,0,Generated
208.34499999999997,3.8175000000000034,1,0,9.23,6,0,15,1,Generated
139.242,2.0930999999999997,1,1,12.03,2,0,10,1,Generated
160.26,3.3309000000000024,0,0,0.0,3,0,12,2,Generated
116.15999999999998,0.30419999999999997,2,2,40.46,2,0,8,0,Generated
95.167,0.39730000000000004,2,2,46.25,0,0,5,0,Generated
158.24099999999999,2.375800000000001,2,0,26.3,5,0,11,0,Generated
184.36699999999993,5.029100000000005,0,0,0.0,8,0,13,0,Generated
102.20200000000001,1.8808000000000002,1,1,0.0,1,0,6,0,Generated
198.34999999999997,4.496300000000004,1,0,17.07,10,0,14,0,Generated
136.19399999999996,2.0978000000000003,1,0,17.07,2,0,10,1,Generated
152.237,2.1372,1,1,20.23,2,0,11,1,Generated
148.24899999999997,3.4750000000000023,0,0,0.0,2,0,11,1,Generated
256.43299999999994,5.361300000000005,0,0,0.0,3,0,19,5,Generated
171.328,3.3302000000000014,1,1,26.02,7,0,12,0,Generated
158.285,2.6855000000000016,1,1,20.23,4,0,11,0,Generated
116.15999999999998,0.8937999999999999,2,1,29.46,1,0,8,1,Generated
166.22,2.10222,2,1,29.46,3,1,12,1,Generated
170.29599999999996,3.608900000000003,1,0,9.23,6,0,12,0,Generated
134.22199999999998,3.084900000000001,0,0,0.0,2,0,10,1,Generated
126.19899999999998,2.3218000000000005,1,0,17.07,5,0,9,0,Generated
138.254,3.6770000000000023,0,0,0.0,4,0,10,1,Generated
182.26299999999992,2.0487,2,1,29.46,3,0,13,1,Generated
154.297,3.858800000000003,0,0,0.0,1,0,11,1,Generated
246.37499999999994,4.001900000000003,2,1,17.07,4,0,17,2,Generated
150.221,2.4879000000000007,1,0,17.07,4,0,11,1,Generated
149.19299999999998,1.895,2,0,21.59,1,0,11,2,Generated
111.188,2.0213,1,0,12.36,1,0,8,1,Generated
200.32199999999997,2.5397000000000016,2,2,40.46,3,0,14,1,Generated
148.249,3.446100000000002,0,0,0.0,2,1,11,1,Generated
212.37699999999992,4.406400000000004,1,0,9.23,4,0,15,1,Generated
162.232,2.598300000000001,1,0,17.07,4,1,12,1,Generated
208.34499999999997,3.840100000000003,1,1,20.23,5,0,15,1,Generated
216.36799999999997,4.5591000000000035,0,0,0.0,0,0,16,4,Generated
106.19,1.0778,2,1,20.23,2,0,6,0,Generated
183.29499999999996,2.3148,2,1,21.259999999999998,5,0,13,1,Generated
373.5370000000001,5.122900000000005,4,0,40.58,11,1,27,2,Generated
154.297,3.714700000000003,0,0,0.0,0,0,11,1,Generated
122.21099999999998,3.0629000000000017,0,0,0.0,1,0,9,1,Generated
204.31300000000002,4.229800000000004,1,0,17.07,7,1,15,1,Generated
164.24800000000002,2.6541000000000006,1,0,9.23,4,1,12,1,Generated
255.36100000000002,3.786400000000002,2,1,21.259999999999998,5,1,19,2,Generated
130.18999999999997,2.646000000000001,0,0,0.0,0,1,10,2,Generated
158.24099999999999,2.0282,2,0,26.3,6,0,11,0,Generated
106.12099999999998,0.906,3,0,27.69,4,0,7,0,Generated
124.18299999999998,1.9317,1,0,17.07,1,0,9,1,Generated
112.17199999999998,2.0907,1,0,9.23,2,0,8,1,Generated
151.253,2.0688,1,0,3.24,2,0,11,1,Generated
156.269,2.8954000000000018,1,1,20.23,7,0,11,0,Generated
110.15599999999999,1.8540999999999999,1,0,9.23,1,0,8,1,Generated
214.34899999999996,3.323000000000002,2,1,37.3,9,0,15,0,Generated
142.242,3.116900000000002,1,0,9.23,6,0,10,0,Generated
96.12899999999999,0.865,1,1,20.23,1,0,7,1,Generated
141.23899999999998,2.0547999999999997,2,1,12.36,2,0,9,1,Generated
146.255,1.4673,2,2,20.23,2,0,9,1,Generated
96.129,1.89644,1,0,13.14,0,1,7,1,Generated
132.203,1.2674999999999998,2,2,40.46,5,0,9,0,Generated
158.197,1.1422,3,0,35.53,5,0,11,0,Generated
113.16000000000001,0.6004,2,1,32.59,1,0,8,1,Generated
130.231,2.1935000000000007,1,1,20.23,4,0,9,0,Generated
224.432,5.975400000000006,0,0,0.0,10,0,16,0,Generated
208.301,2.4849000000000006,2,1,37.3,2,0,15,1,Generated
144.21399999999997,0.7742,2,2,40.46,1,0,10,1,Generated
158.28499999999997,2.829600000000001,1,1,20.23,5,0,11,0,Generated
170.296,3.237700000000002,1,0,9.23,3,0,12,1,Generated
137.226,1.5605,1,1,12.03,0,0,10,2,Generated
200.32199999999997,3.5461000000000027,2,0,26.3,8,0,14,0,Generated
102.17699999999998,1.8214000000000001,1,0,9.23,3,0,7,0,Generated
204.35999999999996,2.9419000000000013,3,0,17.07,5,0,12,1,Generated
144.214,1.5166,2,1,37.3,4,0,10,0,Generated
132.159,0.5843999999999999,3,0,35.53,3,0,9,0,Generated
130.231,2.603200000000001,1,0,9.23,6,0,9,0,Generated
143.25499999999997,2.3187000000000006,2,0,12.36,0,0,9,1,Generated
184.32299999999998,3.818000000000003,1,0,17.07,7,0,13,0,Generated
208.38899999999995,5.339300000000005,0,0,0.0,0,0,15,1,Generated
98.189,2.442500000000001,0,0,0.0,0,0,7,1,Generated
174.35299999999998,4.100000000000004,1,0,0.0,8,0,11,0,Generated
142.19799999999998,1.3889,2,0,26.3,1,0,10,1,Generated
102.17699999999999,1.2708,1,1,20.23,2,0,7,0,Generated
129.24699999999999,1.9842,1,0,3.24,4,0,9,0,Generated
196.33399999999995,4.104100000000003,1,0,9.23,8,0,14,0,Generated
196.37799999999996,5.029100000000005,0,0,0.0,5,0,14,1,Generated
172.31199999999998,3.4837000000000025,1,0,9.23,6,0,12,0,Generated
114.18799999999997,1.5794000000000001,1,1,20.23,3,0,8,0,Generated
162.276,3.521200000000002,0,0,0.0,3,1,12,1,Generated
172.31199999999998,3.629400000000003,1,0,9.23,8,0,12,0,Generated
142.242,2.8287000000000013,1,0,9.23,4,0,10,0,Generated
157.25699999999998,1.4570999999999998,2,1,29.1,5,0,11,0,Generated
154.253,3.102000000000002,1,0,17.07,6,0,11,0,Generated
198.33099999999993,2.964200000000001,2,1,9.23,0,0,13,2,Generated
170.29599999999996,3.547900000000002,1,0,9.23,7,0,12,0,Generated
185.35499999999996,3.448400000000002,1,1,12.03,8,0,13,0,Generated
128.21499999999997,2.1136000000000004,1,1,20.23,4,0,9,0,Generated
90.078,-0.5006999999999999,3,1,46.53,1,0,6,0,Generated
138.21,2.2993000000000006,1,0,9.23,2,0,10,1,Generated
130.187,0.7938000000000001,2,1,29.46,2,0,9,1,Generated
182.30699999999993,3.7161000000000026,1,0,17.07,5,0,13,1,Generated
112.21599999999998,2.9987000000000013,0,0,0.0,2,0,8,0,Generated
240.43099999999993,6.1493000000000055,1,1,20.23,13,0,17,0,Generated
140.22599999999997,2.2576,1,0,17.07,1,0,10,1,Generated
186.339,4.019500000000003,1,0,9.23,9,0,13,0,Generated
120.195,2.611860000000001,0,0,0.0,0,1,9,1,Generated
124.227,3.308900000000002,0,0,0.0,4,0,9,0,Generated
162.27599999999995,3.9334000000000033,0,0,0.0,2,1,12,1,Generated
200.36599999999999,3.9999000000000033,1,1,20.23,8,0,14,0,Generated
194.36199999999997,4.949200000000005,0,0,0.0,5,0,14,1,Generated
166.30799999999996,4.169000000000003,0,0,0.0,3,0,12,1,Generated
144.25799999999998,2.8476000000000017,1,0,9.23,4,0,10,0,Generated
162.276,3.4108000000000027,0,0,0.0,0,0,12,2,Generated
194.36199999999994,4.805100000000004,0,0,0.0,3,0,14,1,Generated
192.346,4.581100000000004,0,0,0.0,4,0,14,1,Generated
188.26699999999997,1.4485999999999999,3,2,49.69,7,0,13,0,Generated
214.34899999999996,3.732700000000003,2,0,26.3,11,0,15,0,Generated
185.29199999999994,2.4062,3,2,32.26,3,0,12,1,Generated
174.23999999999998,1.7547000000000001,3,0,35.53,6,0,12,0,Generated
144.195,1.0066,3,3,40.46,1,0,9,1,Generated
154.209,1.4752,2,1,29.46,3,0,11,1,Generated
126.243,3.2227000000000023,0,0,0.0,2,0,9,1,Generated
167.25199999999998,1.8195999999999999,2,1,21.259999999999998,0,0,12,2,Generated
126.24299999999998,3.3888000000000025,0,0,0.0,2,0,9,0,Generated
82.14599999999999,2.1386000000000003,0,0,0.0,1,0,6,0,Generated
141.214,1.4478,2,2,32.26,2,0,10,1,Generated
412.74600000000015,10.030799999999996,0,0,0.0,17,1,30,1,Generated
168.30499999999998,3.4060000000000024,1,0,0.0,4,0,11,1,Generated
180.24699999999999,2.0298,2,1,29.46,3,0,13,1,Generated
152.28099999999998,3.468700000000003,0,0,0.0,0,0,11,2,Generated
144.21400000000003,1.5182,2,1,37.3,7,0,10,0,Generated
240.43099999999993,5.333900000000005,1,0,9.23,0,0,17,1,Generated
151.20899999999997,1.9963000000000002,2,2,32.26,2,1,11,1,Generated
200.32199999999997,3.0770000000000017,2,1,37.3,9,0,14,0,Generated
240.412,3.3331000000000035,2,2,20.23,1,0,16,3,Generated
116.15999999999997,0.5092999999999999,2,2,40.46,3,0,8,0,Generated
158.285,2.831200000000001,1,1,20.23,6,0,11,0,Generated
170.34,4.494900000000004,0,0,0.0,6,0,12,0,Generated
204.31299999999993,4.127400000000003,1,0,9.23,4,0,15,2,Generated
114.23199999999999,3.0786000000000016,0,0,0.0,3,0,8,0,Generated
196.33399999999995,4.453300000000004,1,0,9.23,9,0,14,0,Generated
139.24200000000002,1.7845,1,1,12.03,0,0,10,2,Generated
218.40599999999995,3.9262000000000032,2,1,9.23,8,0,14,0,Generated
154.253,2.7661000000000016,1,0,12.53,4,0,11,1,Generated
148.249,3.308900000000002,0,0,0.0,1,0,11,2,Generated
90.122,-0.24880000000000008,2,2,40.46,3,0,6,0,Generated
104.14899999999999,0.1381,2,2,40.46,2,0,7,0,Generated
142.242,2.791800000000001,1,0,17.07,5,0,10,0,Generated
194.274,2.0551,2,2,40.46,4,1,14,1,Generated
162.32299999999998,2.9811000000000014,2,0,0.0,0,0,9,1,Generated
152.28099999999998,3.468700000000003,0,0,0.0,0,0,11,2,Generated
238.41499999999996,5.154400000000005,1,0,17.07,9,0,17,0,Generated
164.20399999999998,2.0294,2,0,26.3,0,0,12,2,Generated
231.40499999999997,2.2109000000000005,3,3,46.25,4,0,15,1,Generated
196.31500000000003,2.911600000000001,2,1,9.23,5,1,13,1,Generated
152.28099999999998,3.634800000000003,0,0,0.0,1,0,11,1,Generated
178.23099999999997,2.2011000000000003,2,0,34.14,4,0,13,1,Generated
240.368,3.5561000000000025,3,0,18.46,5,0,16,2,Generated
186.3389999999999,3.7539000000000033,1,1,20.23,8,0,13,0,Generated
118.245,2.538000000000001,1,0,0.0,3,0,7,0,Generated
96.17299999999999,2.3626000000000005,0,0,0.0,0,0,7,1,Generated
178.34099999999998,2.4955000000000007,1,0,9.23,5,0,11,0,Generated
182.35099999999997,5.093300000000005,0,0,0.0,9,0,13,0,Generated
112.21600000000001,2.976700000000002,0,0,0.0,1,0,8,1,Generated
166.26399999999998,2.8138000000000014,1,0,17.07,3,0,12,1,Generated
130.18699999999998,1.3905,2,0,26.3,5,0,9,0,Generated
138.25399999999996,3.2447000000000017,0,0,0.0,1,0,10,1,Generated
152.281,3.634800000000003,0,0,0.0,1,0,11,1,Generated
170.296,3.285500000000002,1,1,20.23,8,0,12,0,Generated
227.41699999999994,3.424100000000002,2,1,26.02,0,0,15,2,Generated
112.172,1.3334000000000001,1,1,20.23,0,0,8,1,Generated
170.296,3.381800000000002,1,0,9.23,3,0,12,1,Generated
140.22599999999997,2.401700000000001,1,0,17.07,2,0,10,1,Generated
130.18699999999998,1.1264999999999998,2,1,37.3,4,0,9,0,Generated
100.14199999999998,1.5682999999999998,2,1,13.14,0,1,6,1,Generated
70.13499999999999,1.8284,0,0,0.0,1,0,5,0,Generated
136.194,2.2419000000000002,1,0,17.07,3,0,10,1,Generated
156.26899999999995,2.8476000000000017,1,0,9.23,2,0,11,1,Generated
200.32199999999997,2.932900000000001,2,1,37.3,8,0,14,0,Generated
138.25399999999996,3.3888000000000025,0,0,0.0,2,0,10,1,Generated
136.23799999999997,3.1648000000000023,0,0,0.0,3,0,10,1,Generated
158.285,3.117800000000002,1,1,20.23,7,0,11,0,Generated
136.238,3.142800000000002,0,0,0.0,0,0,10,2,Generated
187.28299999999996,2.4146,2,1,38.33,8,0,13,0,Generated
156.22499999999997,1.6826999999999999,2,1,37.3,4,0,11,0,Generated
154.25299999999996,2.3376,1,1,20.23,1,0,11,2,Generated
128.259,3.6128000000000027,0,0,0.0,5,0,9,0,Generated
154.165,1.0182,3,0,35.53,3,0,11,1,Generated
138.254,3.5329000000000024,0,0,0.0,2,0,10,1,Generated
168.32399999999998,4.703200000000004,0,0,0.0,8,0,12,0,Generated
162.27599999999998,4.009200000000003,0,0,0.0,5,0,12,1,Generated
156.313,4.2489000000000035,0,0,0.0,6,0,11,0,Generated
165.28000000000003,2.3391,1,1,21.94,1,0,12,2,Generated
296.49500000000006,5.439600000000006,2,1,37.3,12,0,21,0,Generated
188.33599999999996,3.044100000000001,2,1,9.23,5,0,12,1,Generated
116.204,2.2131,1,0,9.23,5,0,8,0,Generated
140.226,2.3776,1,0,9.23,2,0,10,1,Generated
154.25299999999996,2.6698000000000013,1,1,20.23,4,0,11,0,Generated
236.38000000000002,3.7183000000000033,2,1,20.23,2,1,16,2,Generated
132.253,1.9353999999999998,2,1,0.0,0,0,7,1,Generated
142.28599999999997,3.714700000000003,0,0,0.0,4,0,10,0,Generated
127.187,0.575,2,1,29.1,2,0,9,1,Generated
148.249,3.590200000000002,0,0,0.0,3,1,11,1,Generated
142.19799999999998,1.5807,2,0,34.14,5,0,10,0,Generated
144.258,2.441100000000001,1,1,20.23,5,0,10,0,Generated
192.30199999999996,3.8309600000000037,1,1,20.23,2,1,14,1,Generated
182.28799999999998,3.415300000000002,2,1,20.23,3,0,12,1,Generated
111.14399999999999,1.3388,2,0,21.59,0,0,8,1,Generated
160.257,3.2266000000000012,2,1,29.46,8,0,11,0,Generated
216.38999999999996,3.7710000000000026,2,0,17.07,7,0,14,0,Generated
156.26899999999998,2.846000000000001,1,0,9.23,2,0,11,1,Generated
214.39299999999997,4.654000000000004,1,0,9.23,9,0,15,0,Generated
188.267,1.8792000000000004,3,1,46.53,7,0,13,0,Generated
126.19899999999997,1.9859,1,0,9.23,1,0,9,1,Generated
146.29899999999998,3.131000000000002,1,1,0.0,4,0,9,0,Generated
222.41599999999994,5.131000000000006,0,0,0.0,1,0,16,2,Generated
132.228,1.2628,2,1,20.23,1,0,8,1,Generated
174.28400000000002,2.354200000000001,2,1,29.46,8,0,12,0,Generated
214.393,4.798100000000005,1,0,9.23,10,0,15,0,Generated
154.25299999999996,2.3596000000000004,1,1,20.23,1,0,11,1,Generated
128.21499999999997,1.6593,1,1,20.23,0,0,9,1,Generated
141.25799999999998,2.1599000000000004,1,1,26.02,2,0,10,1,Generated
152.23699999999997,2.5437000000000003,1,0,9.23,2,0,11,1,Generated
272.542,6.685000000000008,1,0,0.0,13,0,18,0,Generated
256.3449999999999,3.838600000000003,2,2,40.46,6,2,19,2,Generated
148.24899999999997,3.142800000000002,0,0,0.0,0,0,11,4,Generated
138.20999999999998,2.5028000000000006,1,0,9.23,1,0,10,1,Generated
185.27,3.367700000000002,1,0,12.36,4,1,14,2,Generated
138.254,3.0786000000000016,0,0,0.0,0,0,10,2,Generated
136.19399999999996,2.4754000000000005,1,0,9.23,3,1,10,1,Generated
210.361,4.2081000000000035,1,0,17.07,5,0,15,1,Generated
82.10199999999999,0.9502999999999999,1,0,17.07,2,0,6,0,Generated
212.37699999999995,3.857400000000003,1,1,20.23,5,0,15,1,Generated
170.296,3.1178000000000017,1,1,20.23,5,0,12,1,Generated
144.25799999999998,2.8492000000000015,1,0,9.23,6,0,10,0,Generated
206.37299999999993,4.494900000000004,0,0,0.0,0,0,15,3,Generated
141.25799999999998,2.1615,1,1,26.02,2,0,10,1,Generated
206.32900000000004,4.080500000000003,1,1,20.23,7,1,15,1,Generated
158.31,3.4607000000000028,1,0,0.0,2,0,10,1,Generated
216.36499999999998,3.234700000000002,2,1,29.46,8,0,15,0,Generated
154.253,2.9118000000000013,1,0,9.23,3,0,11,1,Generated
188.361,3.464100000000002,1,0,0.0,1,0,11,1,Generated
252.44199999999995,5.990100000000006,1,0,9.23,0,0,18,1,Generated
190.32999999999996,4.024900000000003,0,0,0.0,3,0,14,3,Generated
194.31799999999996,3.139800000000002,1,1,20.23,2,0,14,2,Generated
124.22699999999998,3.308900000000002,0,0,0.0,3,0,9,0,Generated
250.46999999999997,6.221400000000006,0,0,0.0,1,0,18,1,Generated
150.265,3.5549000000000026,0,0,0.0,4,0,11,1,Generated
152.28099999999998,3.778900000000003,0,0,0.0,2,0,11,1,Generated
130.231,2.1935000000000007,1,1,20.23,4,0,9,0,Generated
116.15999999999998,1.002,2,0,26.3,4,0,8,0,Generated
166.264,3.4186000000000023,1,1,20.23,0,0,12,2,Generated
126.15499999999997,1.2045,2,1,33.370000000000005,3,1,9,1,Generated
228.41999999999996,4.636000000000005,1,1,20.23,8,0,16,0,Generated
43.068999999999996,-0.41040000000000004,1,1,21.94,0,0,3,1,Generated
128.259,3.468700000000003,0,0,0.0,4,0,9,0,Generated
126.243,3.3888000000000025,0,0,0.0,4,0,9,0,Generated
128.21499999999997,2.884400000000001,1,1,20.23,4,0,9,0,Generated
138.20999999999995,2.0353,1,1,20.23,2,0,10,1,Generated
176.303,4.226300000000004,0,0,0.0,4,1,13,1,Generated
158.24399999999991,2.9038000000000013,0,0,0.0,2,1,12,2,Generated
145.227,1.1566,3,1,21.259999999999998,3,0,9,1,Generated
124.22699999999998,2.9987000000000013,0,0,0.0,2,0,9,1,Generated
158.285,3.237700000000002,1,0,9.23,6,0,11,0,Generated
130.23099999999997,2.4559000000000006,1,0,9.23,3,0,9,0,Generated
200.23399999999995,0.7201999999999997,4,3,69.92,3,0,14,1,Generated
210.36099999999993,4.496300000000004,1,0,17.07,7,0,15,1,Generated
114.23199999999999,3.2227000000000023,0,0,0.0,4,0,8,0,Generated
174.284,2.7018000000000013,2,1,29.46,8,0,12,0,Generated
205.30100000000002,3.4219000000000017,2,1,43.09,6,1,15,1,Generated
140.27,3.778900000000003,0,0,0.0,5,0,10,0,Generated
184.34799999999998,3.6872000000000025,1,1,0.0,1,0,12,1,Generated
170.25199999999998,2.841800000000001,2,0,18.46,3,0,12,1,Generated
122.16699999999999,1.48732,1,1,20.23,1,1,9,1,Generated
154.29699999999997,3.858800000000003,0,0,0.0,2,0,11,1,Generated
151.209,1.7517399999999999,2,1,33.120000000000005,1,1,11,1,Generated
144.28299999999996,2.7840000000000016,1,0,0.0,1,0,9,1,Generated
122.21099999999997,2.918800000000002,0,0,0.0,2,0,9,1,Generated
200.281,2.7223000000000006,1,1,20.23,4,1,15,2,Generated
214.41799999999998,4.547300000000004,1,1,0.0,2,0,14,1,Generated
140.18200000000002,1.7933,2,1,29.46,1,0,10,1,Generated
116.22899999999998,2.1479,1,0,0.0,0,0,7,1,Generated
122.21099999999998,2.918800000000002,0,0,0.0,1,0,9,1,Generated
183.207,0.877,3,1,58.89,4,0,13,1,Generated
112.17199999999998,2.0891,1,0,9.23,0,0,8,1,Generated
206.329,3.5604000000000022,1,1,20.23,7,1,15,1,Generated
100.20499999999998,2.832600000000001,0,0,0.0,1,0,7,0,Generated
138.25399999999996,3.3888000000000025,0,0,0.0,1,0,10,1,Generated
126.199,1.7235,1,1,20.23,1,0,9,1,Generated
152.28099999999995,3.778900000000003,0,0,0.0,2,0,11,1,Generated
152.28099999999998,3.324600000000002,0,0,0.0,0,0,11,3,Generated
148.227,2.0898,3,2,29.46,5,0,9,0,Generated
178.23100000000002,1.5691,2,1,37.3,5,1,13,1,Generated
208.38899999999992,5.051100000000004,0,0,0.0,3,0,15,1,Generated
130.18699999999998,1.5463,2,0,18.46,0,0,9,1,Generated
142.202,0.7127999999999999,3,0,24.83,2,0,10,1,Generated
124.18299999999998,2.2703000000000007,1,1,20.23,0,0,9,1,Generated
96.173,2.2184999999999997,0,0,0.0,0,0,7,1,Generated
212.42099999999996,5.9534000000000065,0,0,0.0,11,0,15,0,Generated
186.251,1.0585,3,2,49.69,4,0,13,1,Generated
122.145,0.5705,4,0,27.69,0,0,7,1,Generated
137.182,1.2206,2,2,32.26,2,1,10,1,Generated
216.28,2.533400000000001,2,0,26.3,5,1,16,2,Generated
124.18299999999996,2.2702999999999998,1,1,20.23,1,0,9,1,Generated
210.405,5.441200000000006,0,0,0.0,7,0,15,0,Generated
123.15499999999996,1.7946,2,0,12.47,1,0,9,1,Generated
158.28499999999997,3.1178000000000017,1,1,20.23,7,0,11,0,Generated
190.33000000000004,4.445500000000004,0,0,0.0,6,1,14,1,Generated
130.256,2.6610000000000005,1,1,0.0,4,0,8,0,Generated
151.21299999999997,2.1954,3,1,36.75,2,0,11,1,Generated
118.245,2.538000000000001,1,0,0.0,3,0,7,0,Generated
106.16799999999999,2.30344,0,0,0.0,0,1,8,1,Generated
168.324,4.415000000000004,0,0,0.0,6,0,12,0,Generated
192.30199999999996,3.555100000000002,1,0,9.23,2,1,14,1,Generated
82.10200000000002,0.9055,1,0,17.07,0,0,6,1,Generated
104.174,1.4434,2,0,9.23,0,0,6,1,Generated
174.23999999999998,2.058,2,1,46.53,8,0,12,0,Generated
172.337,3.8313000000000024,1,1,0.0,4,0,11,0,Generated
150.26499999999996,3.8431000000000024,0,0,0.0,4,0,11,1,Generated
176.32500000000002,2.740100000000001,2,1,20.23,5,0,11,0,Generated
138.20999999999998,2.786520000000001,1,0,13.14,2,1,10,1,Generated
200.32199999999995,2.802100000000001,2,1,29.46,3,0,14,1,Generated
266.45000000000005,4.3704000000000045,2,1,9.23,9,1,18,1,Generated
136.238,3.1648000000000023,0,0,0.0,2,0,10,1,Generated
164.292,4.233200000000004,0,0,0.0,5,0,12,1,Generated
138.166,1.4358,2,0,26.3,3,0,10,1,Generated
238.37099999999995,3.9566000000000034,2,0,26.3,4,0,17,1,Generated
246.39099999999996,3.498600000000003,3,1,38.69,13,0,17,0,Generated
150.221,2.6689000000000007,1,0,9.23,3,0,11,1,Generated
164.24800000000002,2.3084200000000004,1,1,20.23,3,1,12,1,Generated
128.259,3.6128000000000027,0,0,0.0,4,0,9,0,Generated
160.25699999999998,1.8199999999999998,2,1,29.46,6,0,11,0,Generated
116.204,2.0674,1,0,9.23,3,0,8,0,Generated
102.13299999999998,0.3612,2,1,29.46,0,0,7,1,Generated
178.319,4.479200000000004,0,0,0.0,5,0,13,1,Generated
252.44199999999992,4.636000000000005,1,1,20.23,3,0,18,2,Generated
233.311,1.8562000000000003,3,1,52.32,4,1,17,2,Generated
196.378,5.195200000000005,0,0,0.0,7,0,14,0,Generated
140.13799999999998,0.3754,3,3,60.69,1,1,10,1,Generated
168.27999999999997,2.8937000000000017,1,0,17.07,2,0,12,1,Generated
170.29600000000002,3.1398000000000024,1,1,20.23,6,0,12,0,Generated
150.22099999999998,2.7838200000000013,1,0,9.23,3,1,11,1,Generated
145.158,-0.24159999999999993,4,2,50.72,3,0,10,1,Generated
116.229,2.5664000000000007,1,0,0.0,3,0,7,0,Generated
172.31199999999998,3.4853000000000023,1,0,9.23,7,0,12,0,Generated
116.22899999999998,2.1048,1,1,0.0,0,0,7,1,Generated
140.22599999999997,2.3776,1,0,9.23,2,0,10,1,Generated
150.22099999999998,2.7841000000000014,1,0,9.23,3,1,11,1,Generated
84.118,1.3089,1,0,9.23,0,0,6,1,Generated
114.23199999999999,3.0786000000000016,0,0,0.0,3,0,8,0,Generated
267.416,5.063300000000004,1,0,12.89,8,2,20,2,Generated
110.19999999999999,2.752700000000001,0,0,0.0,1,0,8,1,Generated
210.40499999999994,5.5853000000000055,0,0,0.0,9,0,15,0,Generated
92.163,0.6445999999999998,2,2,20.23,1,0,5,0,Generated
118.13199999999998,-0.3337,3,2,57.53,2,0,8,0,Generated
212.37699999999998,4.742300000000005,1,0,17.07,10,0,15,0,Generated
172.268,3.0894000000000013,2,0,18.46,7,0,12,0,Generated
234.42699999999994,5.751400000000006,0,0,0.0,5,0,17,1,Generated
160.28199999999998,1.8989,2,1,20.23,1,0,10,1,Generated
192.34599999999998,4.415000000000004,0,0,0.0,0,0,14,2,Generated
284.52799999999996,6.628700000000008,1,1,20.23,16,0,20,0,Generated
84.16199999999999,2.3626000000000005,0,0,0.0,1,0,6,0,Generated
162.23199999999997,2.5790000000000006,1,0,9.23,1,1,12,2,Generated
168.32399999999998,4.104800000000004,0,0,0.0,3,0,12,1,Generated
190.308,1.7463,3,1,18.46,3,0,12,1,Generated
214.34899999999996,3.134400000000002,2,1,29.46,7,0,15,1,Generated
170.29599999999996,3.237700000000002,1,0,9.23,2,0,12,1,Generated
173.23699999999997,1.5688,4,1,30.82,3,0,11,1,Generated
144.21399999999997,1.5166,2,1,37.3,6,0,10,0,Generated
144.214,1.7806,2,0,26.3,5,0,10,0,Generated
106.19,1.0777999999999999,2,1,20.23,2,0,6,0,Generated
126.15499999999997,1.4273,1,1,37.3,1,0,9,1,Generated
168.28,3.3480000000000025,1,0,17.07,5,0,12,0,Generated
98.189,2.752700000000001,0,0,0.0,4,0,7,0,Generated
139.22299999999998,2.3765,2,1,12.03,2,1,9,1,Generated
158.28499999999997,2.829600000000001,1,1,20.23,3,0,11,0,Generated
158.28499999999997,3.3834000000000026,1,0,9.23,8,0,11,0,Generated
142.242,2.791800000000001,1,0,17.07,5,0,10,0,Generated
114.14399999999999,0.3463,2,1,37.3,0,0,8,1,Generated
110.20000000000002,2.752700000000001,0,0,0.0,0,0,8,1,Generated
182.26299999999998,2.397900000000001,2,1,29.46,3,0,13,1,Generated
83.134,1.2505,1,0,12.36,1,0,6,0,Generated
114.18799999999999,1.8214000000000001,1,0,9.23,0,0,8,1,Generated
164.248,3.1742000000000017,1,0,9.23,4,1,12,1,Generated
132.20599999999996,2.7235200000000006,0,0,0.0,2,1,10,1,Generated
130.256,2.3524000000000007,1,1,0.0,1,0,8,1,Generated
198.30599999999993,3.0103000000000018,2,0,26.3,2,0,14,1,Generated
172.26799999999997,2.2264999999999997,2,0,18.46,3,0,12,1,Generated
213.39,3.621800000000003,2,1,26.02,10,0,14,0,Generated
106.16799999999996,2.2490000000000006,0,0,0.0,1,1,8,1,Generated
164.24799999999996,3.208700000000001,1,0,9.23,3,1,12,1,Generated
216.39,3.8704000000000027,2,1,17.07,8,0,14,0,Generated
198.35,4.064000000000004,1,0,17.07,8,0,14,0,Generated
166.30799999999996,4.169000000000003,0,0,0.0,4,0,12,1,Generated
176.19299999999998,0.5892,5,1,47.92,0,0,11,2,Generated
183.295,2.505000000000001,1,1,29.1,6,0,13,0,Generated
220.35600000000002,3.9505000000000035,1,1,20.23,8,1,16,1,Generated
111.18799999999999,2.3713699999999998,1,1,23.85,4,0,8,0,Generated
130.212,1.7991,2,1,17.07,2,0,8,0,Generated
212.37699999999995,4.8864000000000045,1,0,17.07,11,0,15,0,Generated
84.16199999999999,2.3626000000000005,0,0,0.0,3,0,6,0,Generated
139.15399999999997,0.7189,3,1,42.35,2,1,10,1,Generated
146.255,1.9215000000000004,2,1,17.07,4,0,9,0,Generated
254.45799999999994,6.093600000000007,1,0,9.23,13,0,18,0,Generated
230.46099999999996,5.5163000000000055,1,0,0.0,11,0,15,0,Generated
176.30299999999997,4.288720000000003,0,0,0.0,4,1,13,1,Generated
206.329,3.4163000000000023,1,1,20.23,6,1,15,1,Generated
132.20599999999996,3.1098000000000017,0,0,0.0,2,1,10,1,Generated
170.29599999999996,3.4022000000000023,1,0,9.23,5,0,12,0,Generated
162.32299999999995,3.0063000000000013,2,0,0.0,6,0,9,0,Generated
160.326,3.377000000000003,1,1,0.0,4,0,10,0,Generated
104.10499999999999,-0.4581999999999999,3,1,46.53,2,0,7,0,Generated
108.18399999999998,2.6728000000000014,0,0,0.0,1,0,8,1,Generated
212.37699999999995,4.408000000000004,1,0,9.23,0,0,15,1,Generated
196.35899999999998,3.999000000000003,1,1,0.0,3,0,13,1,Generated
70.13499999999999,1.9725,0,0,0.0,2,0,5,0,Generated
198.3499999999999,3.8980000000000032,1,1,20.23,6,0,14,1,Generated
138.20999999999995,2.804500000000001,1,1,20.23,1,0,10,1,Generated
258.36100000000005,3.476600000000003,2,1,29.46,6,1,19,2,Generated
150.265,3.3888000000000025,0,0,0.0,0,0,11,2,Generated
208.3449999999999,3.962100000000003,1,0,17.07,0,0,15,2,Generated
126.155,0.9446,2,0,34.14,1,0,9,1,Generated
97.11699999999999,0.9487,2,0,21.59,0,0,7,1,Generated
198.21799999999996,1.6857,4,1,55.760000000000005,3,0,14,1,Generated
165.27999999999997,2.711900000000001,1,1,12.03,3,0,12,1,Generated
226.40399999999997,5.132400000000005,1,0,17.07,11,0,16,0,Generated
184.32299999999998,3.5315000000000025,1,1,20.23,7,0,13,0,Generated
184.367,5.173200000000005,0,0,0.0,9,0,13,0,Generated
183.33899999999997,3.3449000000000018,1,1,12.03,6,0,13,1,Generated
212.35799999999998,3.6486000000000027,2,0,17.07,2,0,14,1,Generated
190.33000000000004,4.445500000000004,0,0,0.0,6,1,14,1,Generated
164.248,2.878000000000001,1,0,17.07,5,0,12,1,Generated
178.29700000000003,1.5659,3,3,40.46,6,0,11,0,Generated
122.21099999999997,2.918800000000002,0,0,0.0,1,0,9,1,Generated
154.25299999999996,2.791800000000001,1,0,17.07,2,0,11,1,Generated
160.25699999999998,1.9641,2,1,29.46,7,0,11,0,Generated
115.17600000000002,0.5603000000000001,2,1,43.09,4,0,8,0,Generated
180.33499999999998,4.581100000000004,0,0,0.0,8,0,13,0,Generated
142.242,2.5037000000000003,1,1,20.23,5,0,10,0,Generated
242.42799999999994,4.220600000000004,2,1,20.23,4,0,16,1,Generated
84.16199999999999,2.2184999999999997,0,0,0.0,2,0,6,0,Generated
109.17200000000001,1.7973,1,0,12.36,0,0,8,1,Generated
142.242,2.4575000000000005,1,0,9.23,2,0,10,1,Generated
163.26399999999998,3.1845700000000017,1,1,23.85,3,0,12,1,Generated
142.242,2.7441000000000013,1,0,9.23,2,0,10,1,Generated
118.17599999999999,0.38730000000000003,2,2,40.46,4,0,8,0,Generated
246.45999999999992,4.709600000000005,2,1,9.23,12,0,16,0,Generated
198.30599999999998,3.335700000000002,2,2,40.46,6,0,14,0,Generated
128.259,3.468700000000003,0,0,0.0,4,0,9,0,Generated
194.31799999999998,4.048300000000003,1,0,17.07,9,0,14,0,Generated
86.178,2.2984,0,0,0.0,1,0,6,0,Generated
102.17699999999998,1.8214000000000001,1,0,9.23,2,0,7,0,Generated
131.244,1.2853999999999999,2,2,12.03,3,0,8,0,Generated
56.108,1.4163,0,0,0.0,0,0,4,1,Generated
180.29099999999997,3.8156000000000025,1,0,9.23,5,0,13,1,Generated
198.34999999999997,4.352200000000004,1,0,17.07,9,0,14,0,Generated
208.301,2.499800000000001,2,1,29.46,2,0,15,2,Generated
181.27899999999997,1.8951,2,1,43.09,3,0,13,1,Generated
212.37699999999995,3.855800000000003,1,1,20.23,4,0,15,1,Generated
100.20499999999998,2.832600000000001,0,0,0.0,3,0,7,0,Generated
146.25499999999997,2.2629,2,0,9.23,0,0,9,1,Generated
150.225,1.6904,2,1,24.39,1,0,11,2,Generated
168.32399999999998,4.415000000000004,0,0,0.0,6,0,12,0,Generated
160.26,3.756300000000002,0,0,0.0,4,1,12,1,Generated
220.356,4.214500000000004,1,0,9.23,8,1,16,1,Generated
196.33399999999995,3.962100000000003,1,0,17.07,5,0,14,1,Generated
164.24799999999996,2.828520000000001,1,1,20.23,3,1,12,1,Generated
206.329,3.904200000000003,1,0,17.07,6,0,15,1,Generated
90.12199999999999,1.2745,2,1,29.46,2,0,6,0,Generated
190.33,4.616400000000004,0,0,0.0,5,1,14,1,Generated
115.17599999999999,1.95787,1,2,44.08,3,0,8,0,Generated
142.28599999999997,3.714700000000003,0,0,0.0,4,0,10,0,Generated
81.11800000000001,1.3231199999999999,0,1,15.79,0,1,6,1,Generated
274.492,5.911200000000006,0,0,0.0,3,0,20,5,Generated
120.21699999999998,1.1202999999999999,2,1,20.23,3,0,7,0,Generated
132.27200000000002,2.742500000000002,1,1,0.0,4,0,8,0,Generated
182.30699999999996,3.751400000000003,1,0,9.23,2,0,13,1,Generated
126.199,1.9875,1,0,9.23,1,0,9,1,Generated
196.334,3.818000000000003,1,0,17.07,3,0,14,1,Generated
168.27999999999997,2.4395000000000007,1,1,20.23,0,0,12,2,Generated
226.38499999999996,3.5024000000000024,2,2,20.23,5,0,15,1,Generated
204.31300000000002,3.768600000000003,1,0,17.07,7,1,15,1,Generated
88.14999999999999,1.4313,1,0,9.23,2,0,6,0,Generated
218.38399999999993,5.281400000000005,0,0,0.0,3,0,16,1,Generated
204.313,3.5141000000000027,1,0,17.07,0,0,15,2,Generated
152.19299999999998,1.7938,2,1,29.46,2,1,11,1,Generated
234.38299999999998,4.230100000000004,1,0,17.07,4,0,17,2,Generated
221.34399999999997,2.642100000000001,2,0,20.310000000000002,1,0,16,2,Generated
196.378,5.339300000000005,0,0,0.0,9,0,14,0,Generated
108.184,2.5287000000000006,0,0,0.0,0,0,8,1,Generated
212.37699999999995,4.8864000000000045,1,0,17.07,11,0,15,0,Generated
137.182,1.70704,2,0,22.12,1,1,10,1,Generated
89.13800000000002,-0.2839999999999999,2,2,46.25,2,0,6,0,Generated
158.241,1.3084,2,2,40.46,0,0,11,1,Generated
128.215,2.2115,1,0,9.23,1,0,9,1,Generated
114.14399999999999,0.778,2,0,26.3,3,0,8,0,Generated
190.24200000000002,2.8096000000000014,2,0,26.3,5,1,14,1,Generated
154.209,1.5807,2,0,34.14,1,0,11,1,Generated
128.21499999999997,2.5458000000000007,1,0,17.07,5,0,9,0,Generated
117.19200000000001,0.49620000000000014,2,2,46.25,4,0,8,0,Generated
138.20999999999998,2.1776999999999997,1,0,17.07,1,0,10,1,Generated
116.20399999999998,1.6593,1,1,20.23,2,0,8,0,Generated
186.295,2.760700000000001,2,0,18.46,5,0,13,1,Generated
112.17200000000001,1.335,1,1,20.23,1,0,8,1,Generated
100.16099999999999,1.1673,1,1,20.23,0,0,7,1,Generated
194.31799999999996,3.5463000000000022,1,0,9.23,0,0,14,2,Generated
200.32199999999992,3.6886000000000028,2,0,26.3,7,0,14,0,Generated
149.237,2.4511200000000004,1,0,3.24,2,1,11,1,Generated
224.29999999999995,2.1651999999999996,3,0,35.53,2,0,16,2,Generated
96.17299999999999,2.3626000000000005,0,0,0.0,1,0,7,1,Generated
204.35700000000003,4.691500000000004,0,0,0.0,6,1,15,1,Generated
126.243,3.3888000000000025,0,0,0.0,5,0,9,0,Generated
238.45899999999992,6.487600000000007,0,0,0.0,0,0,17,1,Generated
208.301,3.445700000000002,2,0,26.3,4,0,15,1,Generated
116.15999999999997,0.1381,2,2,40.46,0,0,8,1,Generated
229.43299999999996,3.6653000000000033,2,2,12.03,9,0,15,0,Generated
279.51199999999994,6.147100000000005,1,1,26.02,14,0,20,0,Generated
274.448,5.803200000000006,1,1,20.23,5,0,20,2,Generated
166.308,4.479200000000004,0,0,0.0,5,0,12,0,Generated
168.32399999999998,4.5591000000000035,0,0,0.0,6,0,12,0,Generated
205.25699999999995,2.0885,3,1,30.49,1,1,15,3,Generated
112.216,3.142800000000002,0,0,0.0,4,0,8,0,Generated
106.16799999999999,2.4488000000000003,0,0,0.0,1,0,8,1,Generated
124.18299999999998,2.4044000000000008,1,0,13.14,2,1,9,1,Generated
98.145,1.5565,1,0,9.23,0,0,7,1,Generated
123.19899999999997,2.1858000000000004,1,0,12.36,2,0,9,1,Generated
282.51199999999994,6.645100000000007,1,0,9.23,12,0,20,1,Generated
114.188,1.7250999999999999,1,1,20.23,3,0,8,0,Generated
200.32199999999997,3.259600000000002,2,1,29.46,10,0,14,0,Generated
190.32999999999998,4.501200000000004,0,0,0.0,5,0,14,1,Generated
242.3149999999999,2.1619,4,1,55.76,5,0,17,1,Generated
268.4,5.025100000000005,1,0,17.07,7,1,20,2,Generated
152.281,4.089100000000003,0,0,0.0,7,0,11,0,Generated
150.22099999999995,2.6477000000000013,1,0,9.23,3,1,11,1,Generated
144.17,0.1538,3,1,38.69,2,0,10,1,Generated
191.274,2.06372,1,1,29.1,4,1,14,1,Generated
277.4079999999999,4.024100000000003,3,2,49.33,11,1,20,1,Generated
178.23499999999999,1.7134999999999998,3,1,48.14,4,1,13,1,Generated
191.23000000000002,2.3378200000000002,3,1,38.3,3,2,14,2,Generated
102.133,0.5053000000000001,2,1,29.46,0,0,7,1,Generated
196.378,5.029100000000005,0,0,0.0,4,0,14,1,Generated
156.29399999999998,2.9501000000000017,1,0,0.0,1,0,10,1,Generated
140.26999999999998,3.778900000000003,0,0,0.0,5,0,10,0,Generated
122.11999999999999,-1.348,4,3,69.92,2,0,8,0,Generated
194.36199999999997,4.805100000000004,0,0,0.0,5,0,14,1,Generated
188.26699999999997,2.3483,3,0,35.53,8,0,13,0,Generated
136.23799999999997,3.308900000000002,0,0,0.0,4,0,10,1,Generated
168.32399999999996,4.5591000000000035,0,0,0.0,6,0,12,0,Generated
172.31199999999995,3.507900000000003,1,1,20.23,8,0,12,0,Generated
122.21099999999997,2.918800000000002,0,0,0.0,3,0,9,1,Generated
146.18599999999998,0.7104999999999999,3,1,46.53,4,0,10,0,Generated
172.31199999999995,3.363800000000002,1,1,20.23,7,0,12,0,Generated
128.21499999999997,2.2351,1,0,9.23,5,0,9,0,Generated
178.29999999999998,3.643200000000003,1,0,0.0,1,1,12,2,Generated
140.25099999999998,2.9734000000000016,1,0,0.0,2,0,9,1,Generated
180.24699999999996,2.944700000000001,2,1,29.46,3,0,13,1,Generated
72.151,2.0524,0,0,0.0,0,0,5,0,Generated
176.21199999999996,1.8264,4,0,36.92,9,0,12,0,Generated
212.33299999999994,3.1728000000000023,2,0,18.46,5,0,15,1,Generated
188.31400000000002,4.221500000000003,0,0,0.0,6,1,14,1,Generated
154.297,4.169000000000003,0,0,0.0,6,0,11,0,Generated
140.226,2.355600000000001,1,0,9.23,0,0,10,2,Generated
172.27099999999996,3.756300000000002,0,0,0.0,1,1,13,2,Generated
268.356,3.9327000000000027,2,2,40.46,2,2,20,3,Generated
152.28099999999998,3.778900000000003,0,0,0.0,1,0,11,1,Generated
138.20999999999998,2.6469000000000014,1,0,9.23,2,0,10,1,Generated
146.22999999999996,1.9216,2,1,29.46,6,0,10,0,Generated
148.249,3.201500000000002,0,0,0.0,3,1,11,1,Generated
126.19899999999998,1.9875,1,0,9.23,1,0,9,1,Generated
138.20999999999998,1.8896,1,1,20.23,0,0,10,1,Generated
124.18299999999998,2.5585000000000004,1,1,20.23,1,0,9,1,Generated
160.257,1.9641,2,1,29.46,7,0,11,0,Generated
140.22599999999997,2.725200000000001,1,0,9.23,1,0,10,1,Generated
166.26399999999998,2.671400000000001,1,1,20.23,3,0,12,1,Generated
180.203,1.2603,3,1,46.53,4,1,13,1,Generated
152.28099999999998,3.9230000000000036,0,0,0.0,3,0,11,1,Generated
196.33399999999997,2.933100000000002,1,1,20.23,2,0,14,3,Generated
128.17099999999996,1.2191,2,2,40.46,0,0,9,1,Generated
137.226,2.2052000000000005,1,1,26.02,0,0,10,1,Generated
154.25299999999993,2.3596000000000004,1,1,20.23,1,0,11,1,Generated
202.36299999999997,3.669100000000003,2,0,17.07,10,0,13,0,Generated
114.188,1.823,1,0,9.23,2,0,8,1,Generated
167.296,2.898500000000001,1,1,12.03,8,0,12,0,Generated
148.24899999999997,3.453000000000002,0,0,0.0,0,0,11,2,Generated
128.21499999999997,2.0674,1,0,9.23,0,0,9,1,Generated
170.34,4.639000000000005,0,0,0.0,5,0,12,0,Generated
148.249,3.193520000000002,0,0,0.0,2,1,11,1,Generated
198.39399999999998,5.2751000000000055,0,0,0.0,8,0,14,0,Generated
166.26399999999998,3.4491000000000023,1,0,9.23,6,0,12,0,Generated
176.259,3.2090200000000015,1,0,9.23,3,1,13,1,Generated
154.253,2.791800000000001,1,0,17.07,0,0,11,1,Generated
184.32299999999998,3.7939000000000034,1,0,9.23,8,0,13,0,Generated
154.253,2.9579000000000013,1,0,17.07,4,0,11,0,Generated
184.32299999999998,3.5079000000000025,1,1,20.23,6,0,13,1,Generated
196.37799999999993,5.029100000000005,0,0,0.0,5,0,14,1,Generated
142.286,3.858800000000003,0,0,0.0,5,0,10,0,Generated
180.247,2.2264,2,1,29.46,5,1,13,1,Generated
140.26999999999998,3.778900000000003,0,0,0.0,4,0,10,0,Generated
85.14999999999999,0.6157999999999999,1,1,12.03,0,0,6,1,Generated
200.391,4.302900000000005,1,1,0.0,6,0,13,1,Generated
154.25299999999996,2.2171000000000003,1,1,20.23,2,0,11,1,Generated
144.239,2.1723999999999997,1,0,9.23,1,0,9,1,Generated
146.23299999999998,3.084900000000002,0,0,0.0,0,0,11,2,Generated
134.17499999999998,-0.29589999999999994,3,3,60.69,3,0,9,0,Generated
140.226,2.711900000000001,1,0,17.07,5,0,10,0,Generated
98.14499999999998,1.8582,1,1,20.23,0,0,7,1,Generated
162.188,2.0294,2,0,26.3,4,1,12,1,Generated
262.39299999999986,4.2908200000000045,2,1,37.3,10,1,19,1,Generated
176.30299999999994,3.945000000000003,0,0,0.0,1,0,13,2,Generated
257.37399999999997,2.2656,4,1,53.71000000000001,2,0,18,2,Generated
222.328,3.3137000000000016,2,1,29.46,6,1,16,1,Generated
182.307,3.919100000000003,1,0,9.23,7,0,13,0,Generated
172.337,3.709900000000003,1,0,0.0,5,0,11,1,Generated
159.27299999999994,1.8847,2,2,32.26,7,0,11,0,Generated
72.107,0.7968,1,0,9.23,0,0,5,1,Generated
136.23799999999997,3.308900000000002,0,0,0.0,2,0,10,1,Generated
226.40399999999997,4.390000000000005,1,1,20.23,5,0,16,1,Generated
154.253,3.259400000000002,1,0,9.23,3,0,11,1,Generated
108.13999999999997,1.4617,1,0,17.07,1,0,8,1,Generated
244.422,5.073100000000005,0,0,0.0,0,0,18,3,Generated
222.41599999999994,5.729400000000005,0,0,0.0,0,0,16,1,Generated
196.33399999999997,3.3638000000000026,1,1,20.23,0,0,14,2,Generated
126.24299999999998,3.3888000000000025,0,0,0.0,4,0,9,0,Generated
192.30200000000002,3.026200000000002,1,1,20.23,5,1,14,1,Generated
112.17200000000001,1.4775,1,1,20.23,0,0,8,1,Generated
198.39399999999998,5.419200000000005,0,0,0.0,9,0,14,0,Generated
190.32999999999996,4.072320000000003,0,0,0.0,4,1,14,1,Generated
210.40499999999997,5.2751000000000055,0,0,0.0,1,0,15,1,Generated
232.27899999999994,2.8240000000000007,3,1,46.53,3,0,17,2,Generated
128.171,0.9174,2,1,29.46,1,0,9,1,Generated
104.17399999999999,0.4630999999999999,2,2,20.23,2,0,6,0,Generated
152.28099999999998,3.778900000000003,0,0,0.0,0,0,11,1,Generated
156.225,1.696,2,1,29.46,1,0,11,1,Generated
160.213,0.15150000000000002,3,2,49.69,1,0,11,1,Generated
204.35700000000003,4.691500000000004,0,0,0.0,6,1,15,1,Generated
200.36599999999996,4.263900000000004,1,0,9.23,8,0,14,0,Generated
140.22599999999997,2.379200000000001,1,0,9.23,3,0,10,1,Generated
170.29599999999996,3.283900000000002,1,1,20.23,5,0,12,0,Generated
168.32399999999996,4.5591000000000035,0,0,0.0,8,0,12,0,Generated
150.265,3.3888000000000025,0,0,0.0,0,0,11,3,Generated
114.14399999999999,0.9730999999999999,2,2,40.46,0,0,8,1,Generated
214.37399999999997,4.243400000000004,2,0,9.23,7,0,14,1,Generated
146.23299999999998,3.1953000000000014,0,0,0.0,3,1,11,1,Generated
198.34999999999997,4.533200000000004,1,0,9.23,9,0,14,0,Generated
170.34,4.639000000000005,0,0,0.0,7,0,12,0,Generated
166.21999999999997,2.271620000000001,2,1,29.46,2,1,12,1,Generated
127.23100000000001,1.8807,1,0,3.24,2,0,9,1,Generated
224.43199999999996,5.831300000000006,0,0,0.0,9,0,16,0,Generated
136.23799999999997,3.308900000000002,0,0,0.0,1,0,10,1,Generated
395.6530000000002,5.568100000000006,4,1,30.49,11,0,27,2,Generated
143.22999999999996,1.5587,1,1,29.1,4,0,10,0,Generated
180.33499999999998,4.4150000000000045,0,0,0.0,2,0,13,1,Generated
197.30299999999994,1.7867999999999997,3,2,46.25,4,0,13,1,Generated
174.35299999999998,3.8118000000000025,1,0,0.0,6,0,11,0,Generated
126.243,3.2227000000000023,0,0,0.0,2,0,9,1,Generated
136.238,3.142800000000002,0,0,0.0,0,0,10,2,Generated
172.31199999999995,3.629400000000003,1,0,9.23,8,0,12,0,Generated
166.308,4.313100000000003,0,0,0.0,4,0,12,1,Generated
128.21900000000002,0.899,2,2,24.06,1,0,9,1,Generated
184.367,4.885000000000005,0,0,0.0,7,0,13,0,Generated
226.40399999999994,4.245900000000003,1,1,20.23,4,0,16,1,Generated
224.38799999999992,5.2099000000000055,1,0,9.23,8,0,16,1,Generated
116.20399999999998,1.8034,1,1,20.23,3,0,8,0,Generated
130.25599999999997,2.4949000000000003,1,1,0.0,0,0,8,1,Generated
134.178,0.94282,1,0,13.14,0,1,10,2,Generated
198.34999999999997,4.352200000000004,1,0,17.07,9,0,14,0,Generated
152.19299999999998,1.9632,2,1,29.46,2,1,11,1,Generated
126.24299999999998,3.3888000000000025,0,0,0.0,4,0,9,0,Generated
112.12799999999999,0.8795999999999999,2,0,26.3,1,0,8,1,Generated
170.32099999999997,3.8335000000000026,1,0,0.0,4,0,11,1,Generated
90.122,-0.25039999999999996,2,2,40.46,2,0,6,0,Generated
114.18799999999999,1.7235,1,1,20.23,3,0,8,0,Generated
184.367,5.029100000000005,0,0,0.0,8,0,13,0,Generated
174.28399999999996,2.6182000000000007,2,0,18.46,8,0,12,0,Generated
192.34599999999998,4.7252000000000045,0,0,0.0,4,0,14,1,Generated
146.23,2.0415,2,0,18.46,5,0,10,0,Generated
136.23799999999997,3.1648000000000023,0,0,0.0,1,0,10,1,Generated
182.35099999999997,4.639000000000005,0,0,0.0,2,0,13,1,Generated
152.237,2.748800000000001,1,0,9.23,3,0,11,1,Generated
194.31799999999998,3.139700000000002,1,0,17.07,2,0,14,3,Generated
104.149,0.6072,2,1,29.46,2,0,7,0,Generated
130.25599999999997,2.6610000000000005,1,1,0.0,3,0,8,0,Generated
180.247,3.5001000000000024,2,0,22.37,6,1,13,1,Generated
174.353,3.808600000000003,1,0,0.0,4,0,11,0,Generated
166.26399999999998,3.2681000000000022,1,0,17.07,4,0,12,0,Generated
162.254,0.43649999999999994,3,3,40.46,0,0,10,1,Generated
195.30599999999998,2.480900000000001,2,1,21.259999999999998,4,0,14,1,Generated
188.37999999999997,4.4901000000000035,1,0,0.0,9,0,12,0,Generated
166.26399999999995,2.9579000000000013,1,0,17.07,1,0,12,1,Generated
142.19799999999998,1.5582,2,0,26.3,5,0,10,0,Generated
168.32399999999998,4.5591000000000035,0,0,0.0,7,0,12,0,Generated
120.19499999999996,2.8389000000000015,0,0,0.0,2,0,9,1,Generated
128.215,3.028500000000002,1,1,20.23,5,0,9,0,Generated
186.295,2.398700000000001,2,1,37.3,6,0,13,0,Generated
152.23700000000002,1.9695000000000005,1,1,20.23,0,0,11,2,Generated
100.161,1.5754000000000001,1,0,9.23,1,0,7,1,Generated
182.307,3.8822000000000028,1,0,17.07,8,0,13,0,Generated
167.252,1.5808,2,2,32.26,5,0,12,1,Generated
260.42099999999994,4.786300000000004,1,0,17.07,1,0,19,2,Generated
130.231,2.1935000000000007,1,1,20.23,3,0,9,0,Generated
140.26999999999998,3.634800000000003,0,0,0.0,4,0,10,0,Generated
208.38899999999992,5.195200000000005,0,0,0.0,4,0,15,1,Generated
116.20399999999998,2.069,1,0,9.23,3,0,8,0,Generated
192.324,1.9560000000000004,3,3,40.46,7,0,12,0,Generated
142.242,2.791800000000001,1,0,17.07,5,0,10,0,Generated
112.17199999999998,1.9317,1,0,17.07,2,0,8,0,Generated
176.25599999999997,1.2825,3,2,49.69,7,0,12,0,Generated
142.286,4.147000000000004,0,0,0.0,7,0,10,0,Generated
203.376,2.302000000000001,3,2,12.03,3,0,12,1,Generated
156.269,2.5836000000000006,1,1,20.23,2,0,11,1,Generated
166.30799999999996,4.313100000000003,0,0,0.0,3,0,12,1,Generated
83.09,0.98302,2,0,26.03,0,1,6,1,Generated
190.32999999999998,4.645300000000004,0,0,0.0,4,0,14,1,Generated
116.15999999999998,0.4037,2,1,29.46,0,0,8,1,Generated
258.4459999999999,4.6101000000000045,2,1,29.46,11,0,18,0,Generated
154.20899999999997,2.2534,2,0,26.3,1,0,11,1,Generated
140.182,1.8392,2,0,18.46,1,0,10,1,Generated
150.22099999999995,2.8130000000000015,1,0,9.23,3,0,11,1,Generated
186.33899999999994,4.017900000000004,1,0,9.23,8,0,13,0,Generated
100.161,1.3334,1,1,20.23,2,0,7,0,Generated
130.256,2.5364000000000004,1,0,0.0,0,0,8,1,Generated
101.19299999999998,1.396,1,1,12.03,4,0,7,0,Generated
156.26899999999998,3.1342000000000017,1,0,9.23,3,0,11,1,Generated
116.15999999999997,0.40209999999999996,2,1,29.46,0,0,8,1,Generated
163.26399999999995,3.070900000000001,1,1,12.03,4,1,12,1,Generated
158.28499999999997,2.829600000000001,1,1,20.23,5,0,11,0,Generated
148.20499999999998,2.3892000000000007,1,0,9.23,4,1,11,1,Generated
114.18799999999999,1.9639,1,0,9.23,0,0,8,1,Generated
152.28099999999998,3.634800000000003,0,0,0.0,1,0,11,1,Generated
126.243,3.5329000000000024,0,0,0.0,6,0,9,0,Generated
204.31299999999993,3.8679000000000032,1,0,17.07,5,1,15,1,Generated
201.31300000000002,3.011700000000002,1,1,26.02,1,1,15,2,Generated
174.28400000000002,2.557700000000001,2,1,29.46,7,0,12,0,Generated
142.242,2.359600000000001,1,1,20.23,5,0,10,0,Generated
156.26899999999998,3.0378000000000016,1,0,17.07,5,0,11,0,Generated
152.237,2.3996000000000004,1,0,9.23,2,0,11,1,Generated
156.225,1.6843,2,1,37.3,7,0,11,0,Generated
132.206,2.9464400000000017,0,0,0.0,1,1,10,1,Generated
70.09100000000001,0.9204,1,0,9.23,0,0,5,1,Generated
156.26899999999998,3.1819000000000015,1,0,17.07,6,0,11,0,Generated
177.291,2.4747000000000003,1,1,12.03,5,1,13,1,Generated
264.413,3.5863000000000023,2,1,32.34,9,0,19,1,Generated
110.2,2.9078000000000017,0,0,0.0,4,0,8,0,Generated
186.33899999999997,3.8754000000000035,1,0,9.23,8,0,13,0,Generated
195.34999999999997,2.8995000000000015,1,1,26.02,2,0,14,3,Generated
158.28499999999997,3.381800000000002,1,0,9.23,7,0,11,0,Generated
156.26899999999998,3.3613000000000026,1,0,9.23,5,0,11,0,Generated
274.46999999999997,4.813500000000005,3,0,26.3,14,0,18,0,Generated
142.24199999999996,2.6477000000000013,1,0,17.07,4,0,10,0,Generated
74.07900000000001,-0.4339000000000002,2,1,37.3,1,0,5,0,Generated
144.21399999999997,1.5534999999999999,2,1,29.46,5,0,10,0,Generated
134.20000000000002,0.8677999999999999,3,1,26.3,2,0,8,0,Generated
188.31099999999995,2.864200000000001,2,0,18.46,8,0,13,0,Generated
126.243,3.0786000000000016,0,0,0.0,0,0,9,1,Generated
154.20899999999997,1.5566,2,0,26.3,2,0,11,1,Generated
164.29199999999997,4.255200000000004,0,0,0.0,4,0,12,0,Generated
238.396,3.732700000000003,2,1,9.23,7,1,16,1,Generated
98.145,0.9433,1,1,20.23,0,0,7,1,Generated
124.22699999999999,2.8546000000000014,0,0,0.0,1,0,9,1,Generated
162.276,3.501940000000002,0,0,0.0,2,1,12,1,Generated
104.17399999999999,1.4669999999999999,2,0,9.23,3,0,6,0,Generated
182.26299999999995,2.6996,2,2,40.46,4,0,13,1,Generated
114.18800000000002,1.9655,1,0,9.23,2,0,8,1,Generated
210.40499999999994,5.131000000000006,0,0,0.0,3,0,15,1,Generated
156.313,4.2489000000000035,0,0,0.0,6,0,11,0,Generated
137.13799999999998,0.9081199999999998,3,1,50.19,1,1,10,1,Generated
156.26899999999998,3.5054000000000025,1,0,9.23,6,0,11,0,Generated
256.49899999999997,5.759100000000006,1,0,0.0,5,0,17,1,Generated
178.27499999999998,3.5988000000000024,1,0,9.23,4,1,13,1,Generated
138.20999999999998,1.8896,1,1,20.23,1,0,10,1,Generated
144.217,2.9544200000000016,0,0,0.0,0,1,11,2,Generated
130.25599999999997,2.6610000000000005,1,1,0.0,4,0,8,0,Generated
192.30199999999994,3.736600000000003,1,0,9.23,5,1,14,1,Generated
84.162,2.3626000000000005,0,0,0.0,2,0,6,0,Generated
114.18800000000002,1.5574,1,1,20.23,1,0,8,1,Generated
230.39500000000004,5.696400000000006,0,0,0.0,8,1,17,1,Generated
160.26,3.5854000000000026,0,0,0.0,4,1,12,1,Generated
168.28,2.9158000000000017,1,1,20.23,5,0,12,0,Generated
202.40699999999995,4.590400000000004,1,0,0.0,7,0,13,0,Generated
134.22199999999995,3.084900000000002,0,0,0.0,2,0,10,1,Generated
230.39199999999994,3.914600000000004,2,1,29.46,12,0,16,0,Generated
166.26399999999995,3.283000000000002,1,0,9.23,3,0,12,1,Generated
190.28600000000003,3.2344000000000017,1,0,17.07,4,1,14,1,Generated
156.294,3.0527000000000015,1,1,0.0,2,0,10,1,Generated
172.337,3.3786000000000023,1,1,0.0,2,0,11,1,Generated
132.203,1.3874,2,1,29.46,4,0,9,0,Generated
188.31099999999998,3.416900000000002,2,0,18.46,8,0,13,0,Generated
212.37699999999995,5.369100000000005,1,1,20.23,11,0,15,0,Generated
180.24699999999996,2.0093,2,2,40.46,3,1,13,1,Generated
244.44399999999996,3.7657000000000025,2,2,20.23,5,0,16,1,Generated
102.13299999999998,1.4422,2,1,29.46,4,0,7,0,Generated
168.27999999999997,3.0599000000000016,1,1,20.23,4,0,12,0,Generated
160.32599999999996,3.708300000000003,1,0,0.0,6,0,10,0,Generated
142.242,2.972800000000001,1,0,9.23,3,0,10,0,Generated
188.22299999999998,-0.9724000000000004,4,4,80.92,3,0,13,1,Generated
172.26799999999997,1.7001,2,2,40.46,2,0,12,1,Generated
102.13299999999998,0.5288999999999999,2,1,29.46,4,0,7,0,Generated
138.20999999999998,2.6469000000000014,1,0,9.23,2,0,10,1,Generated
298.53600000000006,5.388600000000006,2,1,17.07,7,0,20,1,Generated
100.161,1.945,1,0,9.23,3,0,7,0,Generated
264.453,5.581400000000006,1,0,9.23,7,0,19,1,Generated
186.29800000000003,3.975500000000003,0,0,0.0,2,1,14,2,Generated
186.295,2.7238000000000016,2,1,29.46,7,0,13,0,Generated
220.35599999999994,3.3858000000000024,1,1,20.23,0,0,16,3,Generated
184.32299999999995,3.4853000000000023,1,0,9.23,4,0,13,1,Generated
140.182,2.03142,2,1,33.370000000000005,2,1,10,1,Generated
72.107,1.1664,1,0,9.23,1,0,5,0,Generated
140.26999999999998,3.6128000000000027,0,0,0.0,2,0,10,1,Generated
143.27399999999997,2.4059000000000004,1,1,26.02,4,0,10,0,Generated
130.14299999999997,0.9046999999999998,3,2,49.69,1,0,9,1,Generated
184.32299999999995,3.2197000000000022,1,1,20.23,2,0,13,1,Generated
105.137,-0.8294000000000004,3,2,41.489999999999995,3,0,7,0,Generated
220.35599999999994,4.294300000000003,1,0,17.07,5,0,16,1,Generated
114.232,3.2227000000000023,0,0,0.0,4,0,8,0,Generated
194.36199999999994,4.805100000000004,0,0,0.0,3,0,14,1,Generated
166.22,0.9708,2,2,40.46,3,1,12,1,Generated
143.27399999999997,2.4206000000000003,1,1,12.03,5,0,10,0,Generated
131.17499999999998,0.8526,2,1,38.33,3,0,9,0,Generated
100.20499999999998,2.6885000000000012,0,0,0.0,2,0,7,0,Generated
154.253,3.102000000000002,1,0,17.07,6,0,11,0,Generated
242.38399999999996,3.763600000000003,3,0,26.3,6,0,16,1,Generated
216.36799999999997,4.437000000000004,0,0,0.0,2,0,16,4,Generated
85.15,0.7583,1,1,12.03,0,0,6,1,Generated
186.33899999999997,4.017900000000004,1,0,9.23,6,0,13,0,Generated
138.254,3.3888000000000025,0,0,0.0,1,0,10,1,Generated
128.17099999999996,1.5157,2,0,26.3,3,0,9,0,Generated
162.27599999999995,3.762500000000003,0,0,0.0,3,1,12,1,Generated
194.36199999999997,4.661000000000004,0,0,0.0,2,0,14,1,Generated
194.31799999999998,3.5495000000000028,1,0,9.23,0,0,14,2,Generated
186.29499999999996,2.5203000000000007,2,1,29.46,8,0,13,0,Generated
234.339,3.7984000000000027,2,0,26.3,7,0,17,1,Generated
156.26899999999998,2.5836000000000006,1,1,20.23,2,0,11,1,Generated
171.32799999999997,3.1877000000000013,1,1,26.02,7,0,12,0,Generated
140.27,3.9230000000000027,0,0,0.0,7,0,10,0,Generated
208.34499999999997,3.6960000000000024,1,1,20.23,2,0,15,1,Generated
184.36699999999996,5.173200000000005,0,0,0.0,9,0,13,0,Generated
184.32299999999998,3.962100000000003,1,0,17.07,8,0,13,0,Generated
194.36199999999997,4.971200000000005,0,0,0.0,7,0,14,0,Generated
200.36599999999999,4.144000000000005,1,1,20.23,9,0,14,0,Generated
170.33999999999997,4.783100000000005,0,0,0.0,8,0,12,0,Generated
100.20499999999998,2.832600000000001,0,0,0.0,2,0,7,0,Generated
196.31500000000003,2.7863000000000016,2,1,17.07,4,0,13,1,Generated
166.264,2.9118000000000013,1,0,9.23,3,0,12,2,Generated
128.259,3.468700000000003,0,0,0.0,4,0,9,0,Generated
232.36699999999996,4.169400000000004,1,0,9.23,5,1,17,2,Generated
142.198,1.3058999999999998,2,1,29.46,1,0,10,1,Generated
96.12899999999999,1.89644,1,0,13.14,0,1,7,1,Generated
160.25699999999998,2.0235000000000003,2,1,29.46,5,0,11,0,Generated
145.205,2.2141,1,0,3.24,0,0,11,2,Generated
178.31899999999996,4.479200000000004,0,0,0.0,5,0,13,1,Generated
252.44199999999995,4.636000000000005,1,1,20.23,0,0,18,2,Generated
170.29599999999996,3.5720000000000027,1,0,17.07,7,0,12,0,Generated
100.16499999999999,-0.08629999999999999,2,2,24.06,0,0,7,1,Generated
218.33999999999997,3.7793000000000028,1,0,9.23,5,1,16,2,Generated
161.248,2.9804000000000013,1,0,12.89,5,1,12,1,Generated
124.22699999999999,2.9987000000000013,0,0,0.0,1,0,9,1,Generated
180.335,4.270900000000004,0,0,0.0,3,0,13,1,Generated
198.30599999999998,3.1186000000000016,2,0,26.3,9,0,14,0,Generated
158.28499999999997,2.973700000000002,1,1,20.23,6,0,11,0,Generated
134.244,1.5104,2,1,20.23,3,0,8,0,Generated
160.25699999999998,1.9625,2,1,29.46,6,0,11,0,Generated
157.25699999999998,2.0929,1,1,29.1,6,0,11,0,Generated
72.107,1.4681,1,1,20.23,1,0,5,0,Generated
142.19799999999998,0.9599,2,1,29.46,2,0,10,1,Generated
124.18299999999999,1.5011,1,1,20.23,1,0,9,1,Generated
202.407,4.547300000000005,1,1,0.0,7,0,13,0,Generated
216.277,1.3785999999999998,4,2,58.92,5,0,15,1,Generated
174.28699999999998,3.764300000000003,0,0,0.0,1,1,13,2,Generated
114.18799999999999,1.8214000000000001,1,0,9.23,1,0,8,1,Generated
190.33,4.544500000000004,0,0,0.0,5,1,14,1,Generated
164.29199999999997,3.945000000000003,0,0,0.0,0,0,12,1,Generated
153.297,1.5766999999999998,4,1,12.03,0,0,7,1,Generated
148.20499999999998,2.5654000000000012,1,0,9.23,0,0,11,2,Generated
150.22099999999998,2.1725000000000003,1,1,20.23,3,1,11,1,Generated
168.32399999999996,4.5591000000000035,0,0,0.0,7,0,12,0,Generated
109.17199999999998,1.7973,1,0,12.36,2,0,8,1,Generated
122.16699999999999,1.8518,1,0,17.07,0,0,9,1,Generated
124.22699999999998,3.142800000000002,0,0,0.0,3,0,9,1,Generated
136.19400000000002,2.604400000000001,1,0,9.23,0,0,10,2,Generated
172.337,3.8313000000000033,1,1,0.0,5,0,11,0,Generated
208.37,4.0210000000000035,1,1,0.0,4,0,14,1,Generated
222.41599999999997,5.131000000000006,0,0,0.0,0,0,16,2,Generated
138.166,0.8374999999999999,2,1,29.46,0,0,10,2,Generated
209.28899999999996,2.3567,2,1,38.33,4,0,15,1,Generated
128.259,3.468700000000003,0,0,0.0,2,0,9,0,Generated
143.274,2.516800000000001,1,0,3.24,5,0,10,0,Generated
170.25199999999998,1.6185,2,1,37.3,1,0,12,1,Generated
114.18799999999997,1.7235,1,1,20.23,3,0,8,0,Generated
132.203,1.1855,2,1,29.46,6,0,9,0,Generated
86.178,2.5866000000000007,0,0,0.0,3,0,6,0,Generated
140.22599999999997,1.827,1,1,20.23,1,0,10,1,Generated
296.58299999999997,7.861700000000009,0,0,0.0,14,0,21,0,Generated
116.204,2.2131,1,0,9.23,5,0,8,0,Generated
225.37599999999998,3.015900000000001,2,1,29.1,4,0,16,1,Generated
170.33999999999995,4.639000000000005,0,0,0.0,7,0,12,0,Generated
134.22199999999998,3.118420000000002,0,0,0.0,1,1,10,1,Generated
178.32199999999997,3.2855000000000016,3,0,9.23,7,0,10,0,Generated
196.33399999999997,3.531500000000002,1,1,20.23,4,0,14,1,Generated
198.35,4.2081000000000035,1,0,17.07,8,0,14,0,Generated
84.11800000000001,1.1664,1,0,9.23,0,0,6,1,Generated
116.20399999999998,1.8034,1,1,20.23,3,0,8,0,Generated
84.162,2.1965000000000003,0,0,0.0,0,0,6,1,Generated
88.106,0.4388999999999999,2,2,40.46,1,0,6,0,Generated
116.204,2.069,1,0,9.23,4,0,8,0,Generated
166.26399999999998,3.2681000000000022,1,0,17.07,6,0,12,0,Generated
116.15999999999998,1.4847000000000001,2,1,29.46,4,0,8,0,Generated
141.239,1.7503,2,0,12.36,3,0,9,1,Generated
104.14899999999999,-0.0028000000000000247,2,2,40.46,3,0,7,0,Generated
192.27999999999997,1.9282,4,1,38.69,6,0,12,0,Generated
212.33299999999997,3.1953000000000022,2,0,26.3,3,0,15,1,Generated
206.32899999999992,3.305900000000002,1,1,20.23,3,0,15,2,Generated
208.345,4.451700000000004,1,0,9.23,5,0,15,1,Generated
102.133,0.6103000000000001,2,0,26.3,3,0,7,0,Generated
142.242,2.6000000000000005,1,0,9.23,2,0,10,1,Generated
178.31899999999996,4.024900000000003,0,0,0.0,2,0,13,2,Generated
128.21499999999997,2.379200000000001,1,0,9.23,5,0,9,0,Generated
196.33399999999997,3.3858000000000024,1,1,20.23,3,0,14,1,Generated
124.18299999999998,2.0758,1,0,17.07,2,0,9,1,Generated
118.24499999999999,2.208300000000001,1,1,0.0,2,0,7,0,Generated
170.33999999999997,4.783100000000005,0,0,0.0,8,0,12,0,Generated
156.26899999999998,3.1819000000000024,1,0,17.07,6,0,11,0,Generated
113.20400000000001,1.5385,1,1,12.03,2,0,8,1,Generated
118.13199999999998,0.08789999999999998,2,2,57.53,2,0,8,0,Generated
184.32299999999998,3.7939000000000034,1,0,9.23,6,0,13,0,Generated
114.18799999999999,2.1925999999999997,1,0,9.23,3,0,8,0,Generated
146.23000000000002,1.6576000000000004,2,2,40.46,6,0,10,0,Generated
150.221,2.1708999999999996,1,1,20.23,2,1,11,1,Generated
192.32400000000004,2.2216000000000014,3,2,29.46,8,0,12,0,Generated
163.26399999999995,3.193100000000002,1,0,12.36,2,0,12,1,Generated
246.45999999999998,4.198900000000004,2,1,20.23,9,0,16,0,Generated
190.28600000000003,3.0999000000000017,1,0,9.23,3,0,14,2,Generated
156.26899999999998,3.1358000000000015,1,0,9.23,5,0,11,1,Generated
244.37499999999994,3.1514000000000015,3,1,46.53,8,0,17,0,Generated
112.17199999999998,1.599,1,0,9.23,0,0,8,1,Generated
156.269,2.8954000000000018,1,1,20.23,7,0,11,0,Generated
184.27899999999997,3.2112000000000016,2,1,29.46,9,0,13,0,Generated
142.26699999999997,3.154300000000001,1,1,0.0,1,0,9,1,Generated
186.33899999999997,3.6098000000000026,1,1,20.23,7,0,13,0,Generated
182.26299999999998,2.671100000000001,2,0,34.14,7,0,13,0,Generated
116.20399999999998,2.0674,1,0,9.23,3,0,8,0,Generated
136.194,2.2576,1,0,9.23,2,1,10,1,Generated
130.231,2.603200000000001,1,0,9.23,6,0,9,0,Generated
84.16199999999999,2.3626000000000005,0,0,0.0,2,0,6,0,Generated
156.26899999999998,3.3260000000000023,1,0,17.07,7,0,11,0,Generated
139.19799999999998,0.8022,2,2,32.26,2,0,10,1,Generated
142.24199999999996,2.3376,1,1,20.23,2,0,10,1,Generated
277.49600000000004,6.537900000000008,1,0,12.36,12,0,20,1,Generated
194.31799999999998,3.4022000000000023,1,0,9.23,0,0,14,2,Generated
132.203,1.5314999999999999,2,1,29.46,5,0,9,0,Generated
258.44899999999996,6.258800000000006,0,0,0.0,9,1,19,1,Generated
170.29599999999996,3.283900000000002,1,1,20.23,7,0,12,0,Generated
88.15,1.4313,1,0,9.23,2,0,6,0,Generated
168.30499999999998,3.2603000000000018,1,0,0.0,2,0,11,1,Generated
128.21499999999997,2.401700000000001,1,0,17.07,4,0,9,0,Generated
200.32199999999997,3.258000000000002,2,1,29.46,9,0,14,0,Generated
150.26499999999996,3.6990000000000025,0,0,0.0,3,0,11,1,Generated
190.283,1.3265999999999998,3,2,49.69,9,0,13,0,Generated
156.225,1.3499999999999999,2,1,29.46,3,0,11,1,Generated
142.286,3.858800000000003,0,0,0.0,5,0,10,0,Generated
100.205,2.832600000000001,0,0,0.0,3,0,7,0,Generated
166.308,4.479200000000004,0,0,0.0,7,0,12,0,Generated
142.27,0.8126,4,3,20.23,2,0,6,0,Generated
130.231,2.6016000000000012,1,0,9.23,5,0,9,0,Generated
130.18699999999998,1.7532,1,1,37.3,3,0,9,0,Generated
136.19399999999996,2.0978,1,0,17.07,1,0,10,1,Generated
204.379,3.2721000000000022,2,2,20.23,7,0,13,0,Generated
227.43599999999995,4.474600000000004,1,1,12.03,10,0,16,0,Generated
156.29399999999998,3.5127000000000024,1,0,0.0,6,0,10,0,Generated
130.212,1.9996,2,0,9.23,1,0,8,1,Generated
224.43199999999996,5.521100000000006,0,0,0.0,4,0,16,1,Generated
237.343,2.845900000000001,3,0,31.35,9,1,17,1,Generated
189.29899999999998,1.8603999999999998,3,2,41.489999999999995,10,0,13,0,Generated
214.39299999999997,4.942200000000005,1,0,9.23,11,0,15,0,Generated
104.14899999999999,0.4037,2,1,29.46,3,0,7,0,Generated
152.28099999999998,3.778900000000003,0,0,0.0,0,0,11,1,Generated
156.269,3.3613000000000026,1,0,9.23,5,0,11,0,Generated
170.25199999999998,2.3517,2,0,18.46,5,0,12,1,Generated
168.27999999999997,3.6731000000000025,1,0,9.23,7,0,12,0,Generated
190.28600000000003,3.3785000000000025,1,0,17.07,6,1,14,1,Generated
162.232,2.5532000000000004,1,0,17.07,3,1,12,1,Generated
142.242,2.791800000000001,1,0,17.07,5,0,10,0,Generated
148.249,3.3309000000000024,0,0,0.0,2,0,11,1,Generated
208.38899999999992,5.483400000000005,0,0,0.0,6,0,15,1,Generated
218.36199999999997,2.9202000000000012,3,1,26.3,6,0,14,0,Generated
144.28299999999996,2.9265000000000017,1,0,0.0,0,0,9,1,Generated
136.14999999999998,1.7167999999999999,2,0,18.46,0,0,10,2,Generated
136.194,1.6655999999999997,1,1,20.23,2,0,10,1,Generated
98.145,1.3755,1,0,17.07,0,0,7,1,Generated
124.18299999999999,1.9317,1,0,17.07,2,0,9,1,Generated
190.28599999999997,2.735100000000001,1,1,20.23,3,1,14,2,Generated
132.203,0.7742,2,2,40.46,3,0,9,0,Generated
154.29699999999997,4.169000000000004,0,0,0.0,4,0,11,0,Generated
162.298,2.4957000000000007,2,1,20.23,6,0,10,0,Generated
224.38799999999995,4.620200000000004,1,0,17.07,10,0,16,0,Generated
172.31199999999998,3.2213000000000025,1,1,20.23,7,0,12,0,Generated
142.242,2.7677000000000014,1,0,9.23,6,0,10,0,Generated
101.193,1.396,1,1,12.03,4,0,7,0,Generated
184.32299999999995,3.962100000000003,1,0,17.07,9,0,13,0,Generated
168.32399999999998,4.2489000000000035,0,0,0.0,2,0,12,1,Generated
196.37799999999996,5.173200000000005,0,0,0.0,6,0,14,1,Generated
154.297,3.858800000000003,0,0,0.0,0,0,11,1,Generated
138.254,3.2447000000000017,0,0,0.0,1,0,10,1,Generated
152.23699999999997,2.567800000000001,1,0,17.07,0,0,11,1,Generated
128.215,2.401700000000001,1,0,17.07,4,0,9,0,Generated
96.129,1.1515,1,0,17.07,0,0,7,1,Generated
82.14599999999999,2.1386000000000003,0,0,0.0,1,0,6,0,Generated
170.29599999999996,3.283900000000002,1,1,20.23,7,0,12,0,Generated
154.165,1.0469,3,3,60.69,1,0,11,1,Generated
150.22099999999995,2.4879000000000007,1,0,17.07,1,0,11,1,Generated
106.19,1.691,2,0,9.23,3,0,6,0,Generated
144.214,1.9857,2,0,26.3,4,0,10,0,Generated
194.36199999999997,4.805100000000005,0,0,0.0,4,0,14,1,Generated
108.18399999999998,2.5287000000000006,0,0,0.0,0,0,8,1,Generated
156.26899999999998,3.0153000000000016,1,0,9.23,6,0,11,0,Generated
114.18799999999999,2.1925999999999997,1,0,9.23,3,0,8,0,Generated
128.21499999999997,2.726800000000001,1,0,9.23,5,0,9,0,Generated
156.313,4.2489000000000035,0,0,0.0,6,0,11,0,Generated
104.14899999999999,0.7496999999999998,2,1,29.46,2,0,7,0,Generated
295.55499999999995,6.548700000000007,1,1,12.03,13,0,21,0,Generated
138.20999999999998,2.6469000000000014,1,0,9.23,3,0,10,1,Generated
229.32299999999995,3.1487000000000016,1,1,29.1,3,1,17,2,Generated
137.226,2.431800000000001,1,0,12.36,2,0,10,1,Generated
108.13999999999997,2.23102,1,0,13.14,1,1,8,1,Generated
156.313,4.393000000000004,0,0,0.0,7,0,11,0,Generated
102.202,1.7593999999999999,1,0,0.0,0,0,6,1,Generated
212.42099999999994,5.665200000000006,0,0,0.0,9,0,15,0,Generated
104.14899999999999,0.7513000000000001,2,1,29.46,3,0,7,0,Generated
224.38799999999992,4.574100000000004,1,0,9.23,5,0,16,1,Generated
137.22599999999997,2.0742,1,1,12.03,0,0,10,1,Generated
142.286,3.858800000000003,0,0,0.0,5,0,10,0,Generated
168.236,1.9842,2,1,29.46,0,0,12,2,Generated
218.34,3.8705000000000034,1,0,17.07,6,1,16,1,Generated
152.237,2.891300000000001,1,0,9.23,2,0,11,1,Generated
176.25900000000001,3.449600000000002,1,0,17.07,5,1,13,1,Generated
196.378,4.885000000000005,0,0,0.0,4,0,14,1,Generated
144.12599999999998,-0.2639,4,2,66.76,0,0,10,1,Generated
80.13000000000001,1.8926,0,0,0.0,0,0,6,1,Generated
152.28099999999995,3.634800000000003,0,0,0.0,2,0,11,1,Generated
192.302,3.0417200000000015,1,1,20.23,3,1,14,1,Generated
170.296,3.8971000000000027,1,0,9.23,8,0,12,0,Generated
134.24400000000003,1.512,2,1,20.23,5,0,8,0,Generated
136.23799999999997,3.1648000000000023,0,0,0.0,2,0,10,1,Generated
204.313,3.9764000000000035,1,0,9.23,5,1,15,1,Generated
204.31300000000002,3.768600000000003,1,0,17.07,7,1,15,1,Generated
250.42599999999996,5.010300000000005,1,0,17.07,7,0,18,1,Generated
196.28999999999994,2.3188000000000004,2,1,37.3,3,0,14,1,Generated
124.18299999999999,1.5011,1,1,20.23,1,0,9,1,Generated
196.378,5.195200000000005,0,0,0.0,7,0,14,0,Generated
160.257,2.636700000000001,2,0,18.46,6,0,11,0,Generated
106.18999999999998,0.6871,2,2,20.23,2,0,6,0,Generated
202.34099999999995,4.616400000000004,0,0,0.0,1,1,15,2,Generated
85.14999999999999,1.2589000000000001,1,1,26.02,2,0,6,0,Generated
224.38799999999995,4.740200000000004,1,0,9.23,8,0,16,0,Generated
261.365,3.0988000000000016,3,1,42.35000000000001,3,1,19,3,Generated
168.28,3.2039000000000017,1,0,17.07,5,0,12,0,Generated
112.17199999999998,1.4775,1,1,20.23,0,0,8,1,Generated
210.31699999999998,2.853000000000002,2,1,37.3,6,0,15,1,Generated
163.26399999999995,2.6588000000000003,1,1,26.02,3,1,12,1,Generated
205.34500000000003,4.086500000000003,1,0,12.89,5,1,15,1,Generated
126.199,1.9875,1,0,9.23,1,0,9,1,Generated
234.42699999999996,5.131000000000006,0,0,0.0,1,0,17,3,Generated
142.242,2.7441000000000013,1,0,9.23,2,0,10,1,Generated
150.22099999999998,2.804500000000001,1,1,20.23,0,0,11,2,Generated
164.292,4.089100000000003,0,0,0.0,4,0,12,1,Generated
202.32199999999997,3.7898000000000023,1,1,0.0,2,1,14,2,Generated
122.21099999999998,3.0629000000000017,0,0,0.0,1,0,9,1,Generated
241.33399999999995,3.2719000000000023,2,0,22.12,6,2,18,2,Generated
186.29500000000002,2.2085,2,1,29.46,4,0,13,1,Generated
222.37199999999993,4.389100000000004,1,0,9.23,3,0,16,3,Generated
128.215,2.354,1,0,9.23,2,0,9,1,Generated
184.238,3.265600000000002,1,0,9.23,3,2,14,2,Generated
164.20399999999998,2.3750000000000013,2,1,37.3,3,1,12,1,Generated
216.38999999999996,3.7710000000000026,2,0,17.07,8,0,14,0,Generated
138.20999999999998,2.1776999999999997,1,0,17.07,2,0,10,1,Generated
156.269,2.8492000000000015,1,0,9.23,4,0,11,1,Generated
294.39099999999996,1.5711,4,3,69.92,5,0,21,2,Generated
178.231,1.9921,2,0,18.46,3,1,13,2,Generated
158.24099999999999,2.0877000000000003,2,1,29.46,6,0,11,0,Generated
210.36099999999996,4.064000000000004,1,0,17.07,4,0,15,1,Generated
180.24699999999999,3.058300000000001,2,1,29.46,4,1,13,1,Generated
150.22099999999995,2.4879000000000007,1,0,17.07,3,0,11,1,Generated
162.276,3.8651000000000035,0,0,0.0,5,0,12,1,Generated
154.25299999999996,2.6698000000000013,1,1,20.23,5,0,11,0,Generated
200.23399999999995,1.3408,4,1,55.76,4,0,14,1,Generated
96.173,2.5287000000000006,0,0,0.0,2,0,7,0,Generated
212.37699999999995,4.8864000000000045,1,0,17.07,11,0,15,0,Generated
126.243,3.2227000000000023,0,0,0.0,2,0,9,1,Generated
244.44399999999993,4.052300000000004,2,2,20.23,5,0,16,1,Generated
184.279,2.1676000000000006,2,1,29.46,2,0,13,2,Generated
164.29199999999997,3.634800000000003,0,0,0.0,0,0,12,2,Generated
146.18599999999998,-0.09450000000000014,3,2,49.69,1,0,10,1,Generated
180.33499999999998,4.559100000000004,0,0,0.0,4,0,13,1,Generated
120.21700000000001,1.3859000000000001,2,0,9.23,4,0,7,0,Generated
126.24300000000001,3.5329000000000024,0,0,0.0,5,0,9,0,Generated
186.32000000000002,2.7001000000000013,2,1,17.07,5,0,12,1,Generated
88.106,0.2218,2,0,26.3,2,0,6,0,Generated
124.22699999999998,2.9987000000000013,0,0,0.0,1,0,9,1,Generated
150.26499999999996,3.6990000000000025,0,0,0.0,3,0,11,1,Generated
126.243,3.2227000000000023,0,0,0.0,2,0,9,1,Generated
196.33399999999995,4.250300000000004,1,0,17.07,0,0,14,1,Generated
142.24199999999996,2.0494,1,1,20.23,0,0,10,1,Generated
178.27499999999998,3.412200000000002,1,0,17.07,4,0,13,1,Generated
158.285,2.9737000000000022,1,1,20.23,6,0,11,0,Generated
201.35399999999996,2.971400000000002,2,1,21.259999999999998,10,0,14,0,Generated
140.226,2.892900000000002,1,0,9.23,5,0,10,0,Generated
172.31199999999998,3.507900000000003,1,1,20.23,8,0,12,0,Generated
132.253,2.3277,2,0,0.0,1,0,7,1,Generated
206.307,0.9924999999999999,4,3,57.53,7,0,13,0,Generated
166.308,3.714700000000003,0,0,0.0,0,0,12,2,Generated
124.18299999999999,2.4143999999999997,1,1,20.23,0,0,9,1,Generated
241.41899999999995,4.843900000000005,2,1,23.47,9,0,17,0,Generated
146.29899999999998,3.275100000000002,1,1,0.0,4,0,9,0,Generated
182.35099999999997,4.661000000000004,0,0,0.0,6,0,13,0,Generated
196.33399999999997,3.221300000000002,1,1,20.23,1,0,14,2,Generated
156.26899999999998,2.8476000000000017,1,0,9.23,1,0,11,1,Generated
154.253,2.8138000000000014,1,0,17.07,5,0,11,0,Generated
112.21599999999998,2.8546000000000014,0,0,0.0,3,0,8,0,Generated
98.14500000000001,1.3755,1,0,17.07,1,0,7,1,Generated
196.33399999999995,3.5299000000000023,1,1,20.23,5,0,14,1,Generated
158.285,3.381800000000002,1,0,9.23,7,0,11,0,Generated
156.26899999999998,3.0378000000000016,1,0,17.07,5,0,11,0,Generated
176.35000000000002,3.3712000000000026,2,0,0.0,2,0,10,1,Generated
108.18399999999997,2.5287000000000006,0,0,0.0,1,0,8,1,Generated
96.17299999999999,2.5287000000000006,0,0,0.0,2,0,7,0,Generated
188.33599999999996,3.4974000000000025,2,0,9.23,3,0,12,1,Generated
192.34599999999998,4.7252000000000045,0,0,0.0,2,0,14,1,Generated
76.095,-0.2929,2,2,40.46,0,0,5,0,Generated
136.23799999999997,3.453000000000002,0,0,0.0,0,0,10,1,Generated
194.31799999999996,3.5463000000000022,1,0,9.23,0,0,14,2,Generated
214.374,3.379400000000002,2,1,20.23,6,0,14,1,Generated
148.20199999999997,-0.11090000000000005,3,3,60.69,4,0,10,0,Generated
238.41499999999996,5.298500000000005,1,0,17.07,10,0,17,0,Generated
127.23099999999998,2.1557000000000004,1,1,12.03,4,0,9,0,Generated
225.33199999999994,2.284600000000001,3,2,52.82000000000001,6,0,16,1,Generated
215.381,2.953400000000001,2,2,32.26,10,0,15,0,Generated
134.22199999999998,2.9475200000000017,0,0,0.0,2,1,10,1,Generated
141.25799999999998,2.3407,1,1,12.03,5,0,10,0,Generated
176.25900000000001,2.9884000000000013,1,0,17.07,5,1,13,1,Generated
128.21499999999997,2.3776,1,0,9.23,5,0,9,0,Generated
116.15999999999998,1.5306,2,0,18.46,5,0,8,0,Generated
138.25399999999996,3.2447000000000017,0,0,0.0,2,0,10,1,Generated
144.214,1.5182,2,1,37.3,6,0,10,0,Generated
102.133,0.6103,2,0,26.3,3,0,7,0,Generated
166.26399999999998,3.246100000000002,1,0,17.07,5,0,12,1,Generated
178.319,4.191000000000003,0,0,0.0,2,0,13,1,Generated
154.297,4.169000000000003,0,0,0.0,6,0,11,0,Generated
143.274,2.566300000000001,1,1,12.03,7,0,10,0,Generated
111.18799999999999,1.8756000000000002,1,0,12.36,0,0,8,1,Generated
174.353,4.055300000000004,1,1,0.0,7,0,11,0,Generated
158.28499999999997,3.237700000000002,1,0,9.23,4,0,11,0,Generated
172.268,2.4542000000000006,2,1,29.46,5,0,12,1,Generated
196.28999999999996,3.257100000000002,2,0,18.46,5,0,14,1,Generated
152.28099999999998,3.6128000000000027,0,0,0.0,1,0,11,2,Generated
159.22899999999998,0.3259999999999999,3,2,49.33,6,0,11,0,Generated
121.18299999999999,1.2346,1,1,12.03,0,0,9,2,Generated
140.226,2.2115,1,0,9.23,0,0,10,2,Generated
126.22399999999999,2.5833000000000004,1,0,0.0,0,0,8,1,Generated
113.20400000000001,1.3943999999999999,1,1,12.03,1,0,8,1,Generated
112.172,1.7399,1,0,9.23,0,0,8,1,Generated
102.17699999999998,1.4133,1,1,20.23,1,0,7,0,Generated
135.188,-0.08120000000000016,4,2,41.489999999999995,0,0,8,1,Generated
142.19799999999998,1.7992,2,1,29.46,2,0,10,1,Generated
186.33899999999997,3.873800000000003,1,0,9.23,7,0,13,0,Generated
210.273,1.8228999999999997,3,1,46.53,4,0,15,1,Generated
254.45799999999997,5.480300000000006,1,0,17.07,10,0,18,0,Generated
210.36099999999996,4.064000000000004,1,0,17.07,3,0,15,1,Generated
180.203,1.7637199999999997,3,1,46.53,2,1,13,1,Generated
114.18799999999999,2.0116,1,0,17.07,1,0,8,0,Generated
160.28199999999998,2.310000000000001,2,1,17.07,4,0,10,0,Generated
132.203,0.9198999999999999,2,2,40.46,4,0,9,0,Generated
236.377,1.2568000000000001,4,3,60.69,7,0,15,0,Generated
95.101,0.5437,1,0,29.43,0,0,7,1,Generated
138.254,3.3888000000000025,0,0,0.0,1,0,10,1,Generated
199.29399999999995,2.3921,3,1,30.49,0,0,14,1,Generated
112.17199999999998,2.1042,1,1,20.23,0,0,8,1,Generated
214.41799999999992,4.5473000000000035,1,1,0.0,3,0,14,1,Generated
104.10499999999999,-0.30060000000000026,2,2,57.53,2,0,7,0,Generated
134.244,2.4712000000000005,2,0,9.23,5,0,8,0,Generated
210.40499999999997,5.2751000000000055,0,0,0.0,5,0,15,1,Generated
204.35700000000003,5.006500000000005,0,0,0.0,6,1,15,1,Generated
100.20499999999998,2.6885000000000012,0,0,0.0,2,0,7,0,Generated
190.286,3.296820000000002,1,0,17.07,5,1,14,1,Generated
170.29600000000002,4.054700000000003,1,1,20.23,7,0,12,0,Generated
200.36599999999996,4.5537000000000045,1,0,9.23,11,0,14,0,Generated
186.25099999999995,1.3316999999999999,3,1,54.37,6,0,13,0,Generated
142.286,3.858800000000003,0,0,0.0,3,0,10,0,Generated
164.24800000000002,2.6557000000000013,1,0,9.23,5,1,12,1,Generated
101.14899999999999,0.18489999999999984,2,1,29.1,4,0,7,0,Generated
103.16499999999999,-0.021700000000000164,2,2,32.26,4,0,7,0,Generated
186.276,2.1822999999999997,3,0,18.46,4,0,12,1,Generated
124.22699999999998,2.8546000000000014,0,0,0.0,1,0,9,1,Generated
166.30799999999996,4.479200000000004,0,0,0.0,7,0,12,0,Generated
146.23299999999998,3.499900000000002,0,0,0.0,2,1,11,1,Generated
146.23,1.1674999999999998,2,2,40.46,6,0,10,0,Generated
154.297,4.313100000000003,0,0,0.0,7,0,11,0,Generated
192.30200000000002,3.637800000000003,1,0,9.23,5,1,14,1,Generated
142.19799999999995,1.7992,2,1,29.46,2,0,10,1,Generated
99.13299999999998,0.9782,2,0,29.43,2,0,7,0,Generated
205.30100000000002,3.277800000000001,2,1,43.09,5,1,15,1,Generated
154.29699999999997,3.714700000000003,0,0,0.0,1,0,11,1,Generated
176.25900000000001,2.9884000000000013,1,0,17.07,5,1,13,1,Generated
145.27100000000002,1.6471,2,0,3.24,1,0,9,1,Generated
72.151,2.1965000000000003,0,0,0.0,2,0,5,0,Generated
165.27999999999997,2.508400000000001,1,1,12.03,4,0,12,1,Generated
234.383,4.340600000000004,1,1,20.23,9,1,17,1,Generated
138.21,2.0337,1,1,20.23,1,0,10,1,Generated
155.28499999999997,2.516800000000001,1,0,3.24,1,0,11,1,Generated
156.26899999999998,2.846000000000001,1,0,9.23,2,0,11,1,Generated
112.17199999999998,1.7414999999999998,1,0,9.23,2,0,8,1,Generated
268.46599999999995,5.184900000000005,2,0,9.23,8,0,18,1,Generated
124.18299999999998,1.7876,1,0,17.07,2,0,9,1,Generated
158.30999999999995,3.275100000000002,1,1,0.0,3,0,10,1,Generated
148.24899999999997,3.2559400000000016,0,0,0.0,2,1,11,1,Generated
126.243,3.2227000000000023,0,0,0.0,1,0,9,1,Generated
180.24699999999999,3.001400000000002,2,2,40.46,3,1,13,1,Generated
142.26699999999997,3.051700000000002,1,0,0.0,1,0,9,1,Generated
192.302,3.8023000000000033,1,0,17.07,7,0,14,1,Generated
98.145,1.7226,1,0,9.23,2,0,7,0,Generated
120.17299999999997,0.7794000000000001,2,2,37.3,2,0,7,0,Generated
140.18199999999996,1.309,2,0,26.3,1,0,10,1,Generated
132.228,2.0662,2,0,17.07,3,0,8,0,Generated
150.221,2.1536,1,0,9.23,0,0,11,2,Generated
132.159,1.8712,2,1,46.53,4,0,9,0,Generated
136.23799999999997,3.308900000000002,0,0,0.0,3,0,10,1,Generated
182.263,3.230800000000002,2,0,22.37,5,1,13,1,Generated
98.18899999999998,2.608600000000001,0,0,0.0,0,0,7,0,Generated
135.25699999999998,1.6662,3,1,12.03,0,0,7,1,Generated
176.25900000000001,2.8443000000000014,1,0,17.07,4,1,13,1,Generated
96.15099999999998,0.9965999999999999,2,2,40.46,0,0,5,0,Generated
142.242,2.791800000000001,1,0,17.07,5,0,10,0,Generated
120.19499999999996,2.550700000000001,0,0,0.0,1,0,9,1,Generated
197.32199999999997,2.6086000000000014,2,2,32.26,9,0,14,0,Generated
154.29699999999997,3.858800000000003,0,0,0.0,0,0,11,1,Generated
190.28600000000003,3.6956000000000024,1,0,17.07,5,1,14,1,Generated
124.22699999999998,3.308900000000002,0,0,0.0,5,0,9,0,Generated
164.29199999999997,3.9230000000000027,0,0,0.0,3,0,12,2,Generated
148.20499999999996,2.4080000000000004,1,0,17.07,2,0,11,1,Generated
174.28699999999992,3.8651000000000035,0,0,0.0,1,0,13,2,Generated
166.308,4.191000000000003,0,0,0.0,5,0,12,0,Generated
86.178,2.442500000000001,0,0,0.0,2,0,6,0,Generated
158.222,2.1167,3,0,22.37,4,1,10,1,Generated
170.32099999999994,3.442800000000002,1,1,0.0,3,0,11,1,Generated
138.25399999999996,3.2447000000000017,0,0,0.0,1,0,10,1,Generated
255.40499999999997,4.263800000000003,1,1,12.03,6,1,19,2,Generated
86.178,2.442500000000001,0,0,0.0,2,0,6,0,Generated
158.285,2.9737000000000022,1,1,20.23,6,0,11,0,Generated
190.32999999999996,4.789400000000004,0,0,0.0,6,0,14,1,Generated
176.32500000000002,2.639200000000001,2,2,20.23,8,0,11,0,Generated
262.43699999999995,5.051300000000005,1,0,9.23,8,1,19,1,Generated
174.284,2.2085,2,1,29.46,6,0,12,0,Generated
180.20299999999997,1.4099000000000002,3,0,35.53,0,0,13,2,Generated
144.25799999999998,2.8476000000000017,1,0,9.23,5,0,10,0,Generated
218.36199999999997,3.9024000000000028,3,1,37.3,10,0,14,0,Generated
142.242,2.5037000000000003,1,1,20.23,6,0,10,0,Generated
156.26899999999995,3.013700000000002,1,0,9.23,5,0,11,0,Generated
224.29999999999998,2.3587000000000007,3,1,46.53,8,0,16,1,Generated
130.23099999999997,2.6016000000000012,1,0,9.23,5,0,9,0,Generated
168.305,3.6095000000000033,1,0,0.0,3,0,11,1,Generated
225.35699999999997,2.4802,3,1,35.25,5,0,15,1,Generated
176.256,1.5449,3,1,38.69,6,0,12,0,Generated
210.27299999999994,2.5802000000000005,3,0,35.53,5,0,15,1,Generated
184.36699999999996,5.029100000000005,0,0,0.0,7,0,13,0,Generated
144.214,1.1839,2,1,29.46,2,0,10,1,Generated
194.31799999999996,3.8822000000000036,1,0,17.07,6,0,14,1,Generated
136.19399999999996,2.39372,1,0,9.23,2,1,10,1,Generated
130.187,1.1281,2,1,37.3,5,0,9,0,Generated
124.18299999999998,1.6436,1,1,20.23,1,0,9,1,Generated
126.19899999999997,1.8675,1,0,17.07,0,0,9,1,Generated
160.25699999999998,1.6985,2,2,40.46,6,0,11,0,Generated
172.31199999999998,3.2197000000000027,1,1,20.23,5,0,12,0,Generated
164.24799999999996,2.907100000000002,1,1,20.23,3,1,12,1,Generated
172.31199999999995,3.4837000000000025,1,0,9.23,6,0,12,0,Generated
136.238,3.453000000000002,0,0,0.0,2,0,10,1,Generated
118.17599999999997,0.7332999999999998,2,2,40.46,3,0,8,0,Generated
150.26500000000001,3.5549000000000026,0,0,0.0,2,0,11,1,Generated
198.39399999999998,5.419200000000005,0,0,0.0,9,0,14,0,Generated
200.32199999999995,2.969800000000001,2,1,29.46,6,0,14,0,Generated
181.27899999999997,3.1452000000000018,2,0,21.59,3,0,13,1,Generated
180.29099999999997,3.179800000000002,1,0,9.23,4,0,13,1,Generated
112.17199999999998,1.9317,1,0,17.07,4,0,8,0,Generated
144.283,2.782400000000001,1,0,0.0,0,0,9,1,Generated
220.356,3.5519000000000025,1,1,20.23,1,0,16,2,Generated
148.20499999999998,2.3791,1,0,17.07,3,1,11,1,Generated
194.36199999999994,4.661000000000004,0,0,0.0,4,0,14,1,Generated
172.29299999999998,2.8668000000000013,2,0,17.07,4,0,11,0,Generated
144.21399999999997,1.4335999999999998,2,2,40.46,5,0,10,0,Generated
160.25699999999998,1.7001,2,2,40.46,7,0,11,0,Generated
126.15499999999997,0.8374999999999999,2,1,29.46,1,0,9,1,Generated
162.276,3.665300000000003,0,0,0.0,4,1,12,1,Generated
196.33399999999995,3.818000000000003,1,0,17.07,3,0,14,1,Generated
156.25,2.3227,2,2,20.23,0,0,10,1,Generated
122.16699999999997,1.8518,1,0,17.07,1,0,9,1,Generated
200.28099999999995,1.5630000000000002,1,0,17.07,2,1,15,2,Generated
191.318,3.383300000000002,1,1,12.03,5,1,14,1,Generated
154.253,3.102000000000001,1,0,17.07,6,0,11,0,Generated
123.15499999999997,1.4338999999999997,2,2,32.26,1,1,9,1,Generated
138.20999999999995,2.8504000000000014,1,0,9.23,2,0,10,1,Generated
154.29699999999997,3.714700000000003,0,0,0.0,0,0,11,1,Generated
142.242,2.769300000000001,1,0,9.23,7,0,10,0,Generated
153.269,2.2692000000000005,1,0,3.24,0,0,11,2,Generated
168.192,1.3624,3,1,46.53,3,0,12,1,Generated
142.242,2.1935000000000007,1,1,20.23,0,0,10,1,Generated
122.25800000000001,2.06,2,0,0.0,3,0,6,0,Generated
198.39399999999998,5.563300000000005,0,0,0.0,10,0,14,0,Generated
234.36099999999993,2.8371000000000013,4,0,35.53,10,0,15,0,Generated
190.28599999999997,3.294520000000002,1,0,9.23,4,1,14,1,Generated
146.299,3.1310000000000024,1,1,0.0,4,0,9,0,Generated
198.30599999999995,2.6885000000000012,2,1,37.3,6,0,14,1,Generated
100.16099999999999,1.3334,1,1,20.23,2,0,7,0,Generated
128.25899999999996,3.468700000000003,0,0,0.0,4,0,9,0,Generated
194.36199999999994,4.639000000000005,0,0,0.0,0,0,14,2,Generated
150.221,2.7841000000000014,1,0,9.23,3,1,11,1,Generated
126.24299999999998,3.3888000000000025,0,0,0.0,4,0,9,0,Generated
178.231,2.6838000000000006,2,1,37.3,3,0,13,1,Generated
116.18499999999999,1.2187999999999999,2,1,9.23,0,0,7,1,Generated
126.19899999999998,2.1315999999999997,1,0,9.23,2,0,9,1,Generated
180.24699999999999,1.9741,2,1,29.46,5,1,13,1,Generated
227.39199999999997,3.248900000000002,2,2,46.25,9,0,16,0,Generated
256.42999999999995,4.794800000000005,2,1,29.46,11,0,18,1,Generated
300.5080000000001,5.442700000000005,3,2,40.46,12,0,20,0,Generated
212.37699999999995,4.742300000000005,1,0,17.07,10,0,15,0,Generated
212.314,2.2300000000000004,3,2,29.46,4,1,14,1,Generated
116.20399999999998,2.0674,1,0,9.23,3,0,8,0,Generated
186.34299999999996,2.1395999999999997,2,2,38.05,8,0,13,0,Generated
115.22,1.642,1,1,12.03,4,0,8,0,Generated
98.18900000000001,2.752700000000001,0,0,0.0,3,0,7,0,Generated
98.18900000000001,2.5866000000000007,0,0,0.0,0,0,7,1,Generated
256.42999999999995,4.349200000000005,2,1,37.3,11,0,18,0,Generated
186.33899999999997,3.7313000000000027,1,0,9.23,7,0,13,0,Generated
146.299,3.174100000000002,1,0,0.0,4,0,9,0,Generated
114.23199999999999,2.9345000000000017,0,0,0.0,2,0,8,0,Generated
122.16699999999999,1.6616,1,0,9.23,0,0,9,2,Generated
210.31699999999998,2.828900000000001,2,1,29.46,7,0,15,1,Generated
68.119,1.7485,0,0,0.0,1,0,5,0,Generated
158.197,1.1154000000000002,3,0,35.53,1,0,11,1,Generated
140.182,2.2046,2,0,22.37,3,1,10,1,Generated
166.30799999999996,4.024900000000003,0,0,0.0,3,0,12,1,Generated
186.33899999999997,3.872200000000003,1,0,9.23,6,0,13,0,Generated
128.25899999999996,3.324600000000002,0,0,0.0,3,0,9,0,Generated
158.285,2.831200000000002,1,1,20.23,6,0,11,0,Generated
170.29599999999996,3.237700000000002,1,0,9.23,2,0,12,1,Generated
188.27,3.1593000000000018,1,0,17.07,4,1,14,2,Generated
132.203,1.0398,2,1,29.46,4,0,9,0,Generated
116.22900000000001,2.2920000000000007,1,0,0.0,0,0,7,1,Generated
126.199,2.1552,1,0,9.23,5,0,9,0,Generated
138.17,0.83832,3,1,46.010000000000005,1,1,10,1,Generated
144.25799999999998,2.9917000000000016,1,0,9.23,6,0,10,0,Generated
216.324,3.768600000000003,1,0,17.07,5,1,16,2,Generated
100.161,1.599,1,0,9.23,4,0,7,0,Generated
181.27899999999997,1.9098,2,1,29.1,4,0,13,1,Generated
256.47399999999993,6.112500000000007,1,0,9.23,14,0,18,0,Generated
170.321,3.448500000000003,1,0,0.0,1,0,11,1,Generated
228.41999999999993,5.068300000000005,1,1,20.23,12,0,16,0,Generated
198.34999999999997,3.4657000000000027,1,1,20.23,3,0,14,1,Generated
244.37499999999991,3.297100000000002,3,1,46.53,10,0,17,0,Generated
184.27899999999997,2.5844000000000005,2,0,26.3,7,0,13,0,Generated
200.32199999999997,2.934500000000002,2,1,37.3,9,0,14,0,Generated
188.31099999999998,2.745900000000001,2,1,29.46,10,0,13,0,Generated
140.27,3.778900000000003,0,0,0.0,5,0,10,0,Generated
154.29699999999997,4.002900000000003,0,0,0.0,4,0,11,1,Generated
134.20000000000002,0.8294999999999999,3,1,29.46,5,0,8,0,Generated
142.242,2.5037000000000007,1,1,20.23,6,0,10,0,Generated
150.177,1.6544,2,0,26.3,3,1,11,1,Generated
224.369,3.0786000000000016,2,2,20.23,6,1,15,1,Generated
130.18699999999998,1.3921,2,0,26.3,5,0,9,0,Generated
144.23899999999998,1.9914,2,0,17.07,3,0,9,0,Generated
138.20999999999998,2.0337,1,1,20.23,2,0,10,1,Generated
162.298,2.5546000000000006,2,0,9.23,6,0,10,0,Generated
120.15099999999998,1.6278,1,0,17.07,2,0,9,1,Generated
182.26299999999998,2.1927000000000003,2,0,26.3,4,0,13,1,Generated
166.21999999999997,2.1041,2,1,29.46,4,1,12,1,Generated
155.285,2.4206000000000003,1,1,12.03,2,0,11,1,Generated
160.25699999999998,2.1676,2,1,29.46,6,0,11,0,Generated
170.25199999999998,2.0877,2,1,29.46,5,0,12,1,Generated
208.38899999999998,4.740900000000004,0,0,0.0,0,0,15,2,Generated
310.525,7.029900000000007,0,0,0.0,8,0,23,2,Generated
172.271,3.987200000000003,0,0,0.0,1,1,13,2,Generated
132.203,1.0413999999999999,2,1,29.46,4,0,9,0,Generated
186.33899999999997,3.8980000000000032,1,1,20.23,9,0,13,0,Generated
168.32399999999996,4.104800000000004,0,0,0.0,3,0,12,1,Generated
195.35,3.1877000000000013,1,1,26.02,1,0,14,2,Generated
148.20499999999998,2.5253000000000005,1,0,17.07,2,1,11,1,Generated
44.096999999999994,1.4163,0,0,0.0,0,0,3,0,Generated
170.296,3.117800000000002,1,1,20.23,5,0,12,1,Generated
240.43099999999993,5.522500000000005,1,0,17.07,12,0,17,0,Generated
112.17199999999998,1.7876,1,0,17.07,3,0,8,0,Generated
203.3289999999999,3.3092000000000024,1,1,26.02,3,1,15,2,Generated
158.241,1.3084,2,2,40.46,2,0,11,1,Generated
138.20999999999998,1.8912,1,1,20.23,2,0,10,1,Generated
72.107,1.1664,1,0,9.23,1,0,5,0,Generated
190.32999999999993,4.335100000000003,0,0,0.0,2,0,14,2,Generated
206.32899999999998,4.048300000000003,1,0,17.07,5,0,15,1,Generated
150.22099999999998,2.4879000000000007,1,0,17.07,1,0,11,1,Generated
124.13899999999997,0.8844999999999998,2,2,40.46,1,1,9,1,Generated
162.276,3.665300000000003,0,0,0.0,4,1,12,1,Generated
127.14299999999999,0.38419999999999993,3,1,38.33,2,0,9,1,Generated
212.37699999999998,4.742300000000005,1,0,17.07,10,0,15,0,Generated
182.26299999999998,2.8301000000000007,2,0,26.3,6,0,13,1,Generated
192.258,2.694000000000001,2,1,37.3,5,1,14,1,Generated
252.44199999999995,4.6360000000000054,1,1,20.23,0,0,18,2,Generated
156.313,4.2489000000000035,0,0,0.0,5,0,11,0,Generated
202.29399999999995,2.2709,3,1,46.53,9,0,14,0,Generated
194.31799999999998,4.048300000000003,1,0,17.07,8,0,14,0,Generated
103.16500000000002,0.1061000000000002,2,2,46.25,3,0,7,0,Generated
140.22599999999997,2.2576,1,0,17.07,1,0,10,1,Generated
154.253,2.9102000000000015,1,0,9.23,2,0,11,1,Generated
214.30499999999995,2.3266,3,0,38.83,6,0,15,1,Generated
150.265,3.5549000000000026,0,0,0.0,2,0,11,1,Generated
222.32799999999995,3.4798000000000027,2,2,40.46,3,0,16,2,Generated
190.28599999999997,3.133460000000002,1,0,17.07,3,1,14,1,Generated
122.21099999999997,3.0629000000000017,0,0,0.0,2,0,9,1,Generated
142.242,2.6477000000000013,1,0,17.07,4,0,10,0,Generated
268.5289999999999,7.657900000000008,0,0,0.0,16,0,19,0,Generated
156.225,1.3725,2,1,37.3,1,0,11,1,Generated
148.24899999999997,3.5085200000000025,0,0,0.0,2,1,11,1,Generated
160.21299999999997,0.6105,3,1,46.53,6,0,11,0,Generated
172.268,2.213800000000001,2,2,40.46,7,0,12,0,Generated
224.38799999999995,4.428400000000004,1,0,9.23,4,0,16,1,Generated
200.36599999999999,3.9999000000000033,1,1,20.23,7,0,14,0,Generated
228.41999999999996,5.068300000000006,1,1,20.23,12,0,16,0,Generated
184.36699999999996,5.173200000000005,0,0,0.0,9,0,13,0,Generated
180.29099999999997,3.323900000000002,1,0,9.23,5,0,13,1,Generated
196.378,4.740900000000004,0,0,0.0,2,0,14,1,Generated
250.38200000000003,4.4222000000000055,2,2,40.46,8,1,18,1,Generated
132.15899999999996,-0.027200000000000057,3,1,46.53,5,0,9,0,Generated
128.171,1.0615,2,1,29.46,1,0,9,1,Generated
142.286,4.002900000000003,0,0,0.0,4,0,10,0,Generated
140.22599999999997,2.726800000000001,1,0,9.23,1,0,10,1,Generated
182.307,3.139800000000002,1,1,20.23,2,0,13,1,Generated
102.20199999999998,1.8808000000000002,1,1,0.0,1,0,6,0,Generated
128.21499999999997,2.401700000000001,1,0,17.07,4,0,9,0,Generated
150.265,3.6990000000000025,0,0,0.0,4,0,11,1,Generated
182.35099999999997,4.949200000000005,0,0,0.0,8,0,13,0,Generated
209.37699999999995,3.742300000000002,1,1,26.02,3,0,15,1,Generated
194.31799999999996,3.403800000000002,1,0,9.23,2,0,14,2,Generated
98.145,1.353,1,0,9.23,0,0,7,1,Generated
186.32,3.394800000000002,2,1,9.23,5,0,12,0,Generated
142.242,2.4559000000000006,1,0,9.23,1,0,10,1,Generated
154.29699999999997,4.024900000000003,0,0,0.0,5,0,11,0,Generated
134.22199999999998,2.8851000000000013,0,0,0.0,2,1,10,1,Generated
137.182,1.5222,2,0,21.59,0,0,10,2,Generated
194.36199999999994,5.093300000000005,0,0,0.0,6,0,14,1,Generated
178.31900000000002,4.191000000000003,0,0,0.0,5,0,13,1,Generated
176.25900000000001,2.862400000000001,1,1,20.23,4,1,13,1,Generated
192.30200000000002,3.5463000000000022,1,1,20.23,5,1,14,1,Generated
232.411,5.6158000000000055,0,0,0.0,9,1,17,1,Generated
242.40299999999996,4.103200000000004,2,1,37.3,11,0,17,0,Generated
164.292,4.233200000000004,0,0,0.0,4,0,12,1,Generated
126.199,1.9875,1,0,9.23,1,0,9,1,Generated
83.13400000000001,0.8835,1,1,12.03,0,0,6,1,Generated
224.34399999999997,3.723900000000003,2,0,18.46,3,0,16,2,Generated
128.12699999999995,0.1368999999999999,3,0,43.370000000000005,0,0,9,1,Generated
184.32299999999998,3.962100000000003,1,0,17.07,8,0,13,0,Generated
140.226,2.2335000000000003,1,0,9.23,1,0,10,1,Generated
120.21700000000001,1.3842999999999999,2,0,9.23,3,0,7,0,Generated
111.18799999999999,1.8756000000000002,1,0,12.36,0,0,8,1,Generated
192.30199999999996,3.370000000000002,1,0,17.07,4,0,14,1,Generated
140.25099999999998,2.481700000000001,1,0,0.0,2,0,9,1,Generated
124.18299999999998,2.4588400000000004,1,0,13.14,1,1,9,1,Generated
100.16099999999999,1.5974,1,0,9.23,3,0,7,0,Generated
94.15699999999998,2.3047000000000004,0,0,0.0,2,0,7,0,Generated
154.25699999999998,1.9074000000000002,2,0,15.6,1,0,11,1,Generated
224.41299999999995,4.676600000000004,1,0,0.0,4,0,15,1,Generated
87.16599999999998,1.0059,1,1,12.03,3,0,6,0,Generated
124.22699999999999,3.308900000000002,0,0,0.0,5,0,9,0,Generated
171.28399999999996,2.4830000000000005,1,1,29.1,7,0,12,0,Generated
115.21999999999998,1.642,1,1,12.03,4,0,8,0,Generated
128.21499999999997,3.028500000000001,1,1,20.23,5,0,9,0,Generated
166.26400000000004,2.3596000000000004,1,1,20.23,1,0,12,2,Generated
170.32099999999994,3.6894000000000027,1,0,0.0,3,0,11,1,Generated
145.24599999999995,1.2748,2,2,46.25,5,0,10,0,Generated
148.24899999999997,3.3309000000000015,0,0,0.0,2,0,11,1,Generated
174.284,2.3542000000000005,2,1,29.46,8,0,12,0,Generated
142.19799999999998,0.5517999999999998,2,2,40.46,1,0,10,1,Generated
227.351,4.188200000000004,1,0,3.24,4,0,17,2,Generated
172.33699999999996,3.8313000000000024,1,1,0.0,6,0,11,0,Generated
142.154,0.4231,3,1,38.69,2,0,10,1,Generated
177.24699999999996,1.5493,2,0,12.47,0,0,13,3,Generated
153.22499999999997,2.509100000000001,2,0,21.59,2,0,11,1,Generated
148.271,1.9004999999999996,2,1,20.23,5,0,9,0,Generated
138.25399999999996,3.3888000000000025,0,0,0.0,3,0,10,1,Generated
176.325,3.249200000000002,2,1,9.23,7,0,11,0,Generated
158.28499999999997,3.1178000000000017,1,1,20.23,7,0,11,0,Generated
126.24299999999998,3.2447000000000017,0,0,0.0,3,0,9,0,Generated
258.40199999999993,3.687200000000003,3,1,46.53,11,0,18,0,Generated
96.173,2.5287000000000006,0,0,0.0,3,0,7,0,Generated
180.247,2.0839,2,1,29.46,5,1,13,1,Generated
178.23099999999997,2.3918000000000013,2,2,40.46,4,1,13,1,Generated
184.36699999999993,5.029100000000005,0,0,0.0,8,0,13,0,Generated
200.36599999999999,4.144000000000005,1,1,20.23,9,0,14,0,Generated
162.27599999999998,3.8362000000000025,0,0,0.0,3,1,12,1,Generated
141.239,1.3479999999999999,2,2,12.03,1,0,9,1,Generated
156.31299999999996,3.9607000000000037,0,0,0.0,4,0,11,0,Generated
116.204,2.2115,1,0,9.23,4,0,8,0,Generated
146.22999999999996,1.7774999999999999,2,1,29.46,5,0,10,0,Generated
144.25799999999995,2.8476000000000017,1,0,9.23,5,0,10,0,Generated
116.16,1.002,2,0,26.3,4,0,8,0,Generated
176.30300000000003,4.055400000000003,0,0,0.0,5,1,13,1,Generated
142.286,4.002900000000003,0,0,0.0,6,0,10,0,Generated
106.16799999999999,2.30344,0,0,0.0,0,1,8,1,Generated
184.367,4.885000000000005,0,0,0.0,5,0,13,0,Generated
96.17300000000002,2.3626000000000005,0,0,0.0,0,0,7,1,Generated
138.21,1.8912,1,1,20.23,2,0,10,1,Generated
154.20899999999995,1.6177,2,1,29.46,2,0,11,1,Generated
88.154,0.24979999999999997,2,2,38.05,3,0,6,0,Generated
154.253,2.6477000000000013,1,0,17.07,2,0,11,1,Generated
140.182,2.1425,2,1,29.46,2,0,10,1,Generated
132.203,1.0414,2,1,29.46,5,0,9,0,Generated
148.271,2.324900000000001,2,1,9.23,4,0,9,0,Generated
150.221,2.4879000000000007,1,0,17.07,3,0,11,1,Generated
104.10499999999998,-0.30240000000000006,3,1,38.69,0,0,7,1,Generated
178.275,3.156200000000002,1,1,20.23,4,1,13,1,Generated
148.249,3.193520000000002,0,0,0.0,2,1,11,1,Generated
210.40499999999997,5.2751000000000055,0,0,0.0,5,0,15,1,Generated
130.18699999999998,1.5479,2,0,18.46,1,0,9,1,Generated
150.177,1.2501,2,1,37.3,2,1,11,1,Generated
196.378,4.885000000000005,0,0,0.0,4,0,14,1,Generated
136.194,1.9092,1,0,9.23,0,0,10,2,Generated
155.24099999999999,1.7247999999999999,1,1,29.1,3,0,11,0,Generated
214.308,3.2833000000000023,1,1,20.23,3,1,16,2,Generated
124.227,3.308900000000002,0,0,0.0,4,0,9,0,Generated
100.16099999999999,1.8025,1,0,9.23,2,0,7,0,Generated
162.232,2.598300000000001,1,0,17.07,5,1,12,1,Generated
138.20999999999995,2.5012000000000008,1,0,9.23,1,0,10,1,Generated
286.50300000000004,6.808100000000007,0,0,0.0,11,1,21,1,Generated
128.21499999999997,2.1136,1,1,20.23,3,0,9,0,Generated
164.24800000000002,2.3901000000000003,1,1,20.23,4,1,12,1,Generated
201.35399999999998,2.7074000000000007,2,2,32.26,10,0,14,0,Generated
249.39800000000002,4.909800000000004,2,0,22.12,10,1,18,1,Generated
168.32399999999998,4.5591000000000035,0,0,0.0,6,0,12,0,Generated
206.37299999999993,4.350800000000004,0,0,0.0,0,0,15,3,Generated
132.203,1.4479,2,0,18.46,5,0,9,0,Generated
126.24299999999998,3.0786000000000016,0,0,0.0,1,0,9,1,Generated
144.258,2.583600000000001,1,1,20.23,5,0,10,0,Generated
156.269,3.1819000000000015,1,0,17.07,7,0,11,0,Generated
211.34899999999993,2.7552000000000003,2,1,43.09,4,0,15,1,Generated
81.11799999999998,1.0171000000000001,1,0,12.36,0,0,6,1,Generated
112.21599999999998,2.9987000000000013,0,0,0.0,2,0,8,0,Generated
124.18299999999996,2.604400000000001,1,0,9.23,2,0,9,1,Generated
90.191,1.7578,1,0,0.0,1,0,5,0,Generated
152.28099999999998,3.634800000000003,0,0,0.0,1,0,11,1,Generated
124.22699999999999,2.9987000000000013,0,0,0.0,1,0,9,1,Generated
168.26099999999997,2.676500000000001,2,1,20.23,2,1,11,1,Generated
210.40499999999997,5.131000000000006,0,0,0.0,4,0,15,1,Generated
188.314,4.392400000000004,0,0,0.0,4,1,14,1,Generated
122.16699999999997,1.8518,1,0,17.07,1,0,9,1,Generated
176.25900000000001,2.825000000000001,1,0,9.23,3,1,13,2,Generated
186.254,3.340200000000002,1,0,9.23,2,1,14,2,Generated
154.25299999999993,2.5037000000000003,1,1,20.23,3,0,11,1,Generated
200.36599999999999,4.144000000000004,1,1,20.23,9,0,14,0,Generated
174.353,4.056900000000004,1,1,0.0,8,0,11,0,Generated
130.23100000000002,2.1951000000000005,1,1,20.23,5,0,9,0,Generated
170.25199999999998,1.7626,2,1,37.3,1,0,12,1,Generated
128.215,1.8034,1,1,20.23,1,0,9,1,Generated
142.242,2.5037000000000007,1,1,20.23,5,0,10,0,Generated
262.43699999999995,5.595840000000006,1,0,9.23,7,1,19,1,Generated
94.157,2.1386000000000003,0,0,0.0,0,0,7,1,Generated
160.25999999999996,3.590200000000002,0,0,0.0,1,1,12,2,Generated
