SMILES,MaxSimilarity,NearestNeighbor
CCCc1cccc(C)c1,0.6666666666666666,CCc1cccc(C)c1
C=CC(C)CCC=C(C)S,0.40625,C=CC(C)CCCC(C)(C)O
CCCCCCC1C=CC(=O)C1,0.38461538461538464,CCCCCCCCC1CCC(=O)O1
CC(N)c1cccc(C(C)CC=O)c1,0.41935483870967744,CC(N)c1ccccc1
CCCCSCCCCCCCC=O,0.6521739130434783,CCCCCCCCCCCCCCCCCC=O
CSC(O)c1ccccc1,0.5217391304347826,C[C@H](O)c1ccccc1
CC(=O)CC(C)CCC=C(C)CCCC(C)O,0.4878048780487805,C/C(=C/CCC(C)CCO)CC/C=C(\C)CC/C=C(\C)CCCC(C)C
C=C(C)C(C)OCC,0.5652173913043478,CCOC(C)C(C)=O
CCC1CCC(C)O1,0.3448275862068966,CCC1CCC(=O)O1
CC1CNSC1,0.2631578947368421,CC1CCC(C)CC1
CC(C)C1CCCCC1,0.5263157894736842,CC1CCC(C(C)C)CC1
CC1CCNC1C,0.38095238095238093,C[C@@H]1CCCN1
C=CC(C)CCCCCC,0.6,CCCCCCCCCCCCCC(C)C=O
O=CC1=CC(O)=CC1,0.2972972972972973,C=C(C)C1CC=C(C=O)CC1
CC(C)OC(O)C(C)C,0.375,CC(C)C(C)O
CCOC(O)C(S)CC,0.3448275862068966,CCOC(C)C(=O)C(O)O
CCC(C)OC1CC=CC=CCC1,0.24390243902439024,CC(C)CC1C=CCCC1
C=C(C)C1CC(C(C)=O)=CC=N1,0.3023255813953488,C=C(C)C1CC=C(C(=O)O)CC1
CCCCNC=CC=O,0.5833333333333334,CCCCNC=O
C=CCC1=CC2=C(CCC2)CC1CC,0.25,C=CCc1ccc(OC)cc1
CC=C(C)CCC(=O)C(C)CC,0.4074074074074074,CC[C@@H](C)C(=O)O
OC(CCCCc1ccccc1)c1ccccc1,0.5357142857142857,[NH3+]CC(O)c1ccccc1
COC1CC(C=O)CC=C1OC(C)C(C)C,0.2692307692307692,CC1=CCC(C2=CCC(C=O)CC2)C1(C)C
CC(=O)CCSCCCCO,0.5416666666666666,CC(=O)CCCO
CC1CCCC(C)(C)CC1S,0.41379310344827586,CC1CCCC(C)CCC(C)(C)CCC1
C=C(C)C1(OC(C)=O)CCCCC1,0.3055555555555556,C#CC1(OC(N)=O)CCCCC1
CCC(C)C(C)CCCCCO,0.625,CC[C@H](C)CCCCCO
CCCCCC1C(C)CCC1C,0.46153846153846156,CCCCCCCC[C@H]1CCC[C@@H]1CCCCCCC
CC(CC(C)(O)COC(=O)C1CC1)C1CCCC(C)(C)C1,0.3333333333333333,CCOC(=O)C1CCCCC1
CCCCN=CCO,0.37037037037037035,CCCCC/C=C/CO
CC(C)CCC(=O)C(C)C,0.5714285714285714,CC(C)CCC(=O)O
CC1CCC2C(C)CCC(C(C)C)C2C1,1.0,CC(C)[C@@H]1CC[C@H](C)[C@@H]2CC[C@H](C)C[C@H]21
CC(C)SC(S)CC1CCCCC1,0.2727272727272727,O=C(O)CC1CCCCC1
CCCCCC1CC(O)CC(C)C1C(O)CCC,0.375,CCCCCCCCCCCCCCCCCCCCCCCCC(C(=O)O)C(O)CCCCCCCCCCCCCCCC1CC1CCCCCCCCCCCCCCC1CC1CCCCCCCCCCCCCCCCCC
COC1C=CC(C)C1,0.35714285714285715,C[C@@H]1C=C[C@@H]2[C@H](C1)C2(C)C
CCC(C)C(C)CC,0.6666666666666666,CCC(C)C(C)C
CC1CCC2=C(CCC2C)O1,0.42857142857142855,CC1CCC(=O)O1
CCCC(O)CCCc1ccccc1,0.5714285714285714,CCCCc1ccccc1
CC(C)CC(C)(C)C,1.0,CC(C)CC(C)(C)C
C=C1CCC(CCCCCC)CC1,0.43333333333333335,CCCCCCCC[C@H]1CCC[C@@H]1CCCCCCC
CC(C)CCCCCC(C)O,0.6875,CC(C)CCCCCCC(C)C
O=C1CCC2C=CCCC2O1,0.375,CC1CCC(=O)O1
CSC(C)O,0.45454545454545453,CC(C)O
CC(S)C1CCCCC1,0.47619047619047616,CC(O)C1CCCC1
CCCNCC1CCCC(=O)O1,0.5675675675675675,CCCCCC1CCCC(=O)O1
CCC(C)COc1ccco1,0.375,CCOCC(OC)c1ccco1
CC=CC1=CC(SC)C(CC)C(CC)=C1,0.22727272727272727,CCC1=CC=C[C@H](O)[C@@H]1O
COCCCCO,0.5882352941176471,COCCO
CCCC(=O)CCC(C)C,0.631578947368421,CCCC(=O)CCC
CCC1C=CCC(O)C1,0.28,O[C@@H]1C=CC=C[C@@H]1O
CC(=O)OCC(C)CC(C)C,0.6521739130434783,CC(=O)OCC(C)C
CCCCCCCCCCCCC(C)O,1.0,CCCCCCC(C)O
C=C1CC(C)CCC1C(C)(C)CC(C)O,0.3235294117647059,C[C@H](O)CC(C)(C)O
CCCC(=O)OCCC(C)CCCC(C)S,0.5882352941176471,CCCC(=O)OCCC(C)C
C=C(C)OC(CS)CCC,0.3548387096774194,C=C(C)CC(C)CCC
CCC(C)Cc1ccc(CC(C)C)cc1,0.5416666666666666,CC(C)Cc1ccccc1
COC1=CC(C)=CCC1,0.25,CC(C)=C1C/C=C(\C)CC/C=C(\C)CC1
CCCC(O)CC(C)CC,0.5909090909090909,CCCC(C)CC(C)CC
CC(CC1C=COC=C1)c1ccccc1,0.45161290322580644,CCC(C)c1ccccc1
CC(C)CC(C)S,0.4117647058823529,CC(C)CC(C)C(C)C
CC=CC1=CC(OC)C(CC(C)O)C=C1,0.27450980392156865,C=C(O[C@@H]1C=C(C(=O)O)C=C[C@H]1O)C(=O)O
C=C(O)C(=CC(C)O)CC(=O)O,0.3793103448275862,CC(C)C(=O)CC(=O)O
CCCCC(C)CS,0.5,CCCCC(C)CC(C)CC(C)C
C=COC(C)=CCC,0.4166666666666667,C=COC(C)=O
C=CCCCCCC(O)OC,0.5714285714285714,C=CCCCCC(C)O
COC1CC=CC=C1C(C)C,0.2564102564102564,CC(C)C1=CC=C(C(=O)O)[C@@H](O)[C@H]1O
C1CO1,1.0,C1CO1
CC1CCC2C(CCCC2(C)C)C1,0.5625,CC1CC[C@H]2C(C)CCCC(C)(C)[C@H]2C1
CC1=C(OC(C)O)C(=O)C(C)O1,0.46875,CC1=C(O)C(=O)C(C)O1
Cc1ccc(C)c2c1CCC(C(C)(C)C)C2,0.3333333333333333,CC1=CC[C@@H](C(C)(C)O)CC1
CCCCC=C(C)C,0.5,CC(C)=CCCO
C=C(O)C(C)CC,0.5,CC[C@@H](C)C(=O)O
CNCC(C)Cc1ccccc1,0.5714285714285714,CN[C@@H](C)Cc1ccccc1
CC1=CC=C2C(CCCC2(C)C)C1,0.38095238095238093,CC1=CC[C@@H]2C(=C1)C(C)(C)CCC[C@H]2C
CCCC1C=CC(O)C(OC)C1,0.25,CCCC1CCCCC1CC
C=C(CCCC=CCC)CCc1ccccc1,0.4358974358974359,CC/C=C\C/C=C\C/C=C\C/C=C\C/C=C\CCCC(=O)O
C=C(C)C(C)c1ccccc1,0.56,C[C@@H](C(=O)O)c1ccccc1
CCOCCC1CCCCCCCCCCC1,0.391304347826087,CCOCCOCCOCCOCCOCCOCC
CCCC=CCCN(O)CCCO,0.45161290322580644,CCC/C=C\C=C\CCCCCCCCCO
CCC1C=C(C)CCC1C,0.39473684210526316,C=C(C)[C@@H]1CC[C@@H](C)[C@@H]2CCC(C)=C[C@@H]21
CC(=O)C(O)CCCC(C)C,0.5,CC(=O)OC(C)CCCC(C)C
c1ccccc1,1.0,c1ccccc1
CC(C)CCCC(C)COCC(O)Cc1ccccc1,0.4166666666666667,CC(C)Cc1ccccc1
OC(=S)CCC1=CC=CCC1,0.21428571428571427,C1=CCCC=C1
CCCCCCCCCSCC,0.5,CCCCCCCCCCCCCCCCC
CCC(C)C(=O)OCC1=CC=CC1,0.45454545454545453,CCOC(=O)C(C)CC
CCc1ccc(C(C)CC)cc1,0.5833333333333334,CCC(C)c1ccccc1
CCCCCSC,0.5,CCCCCC
CC1=CC(C)C=CC1C,0.25806451612903225,CC1=CC[C@H](C(C)C)C=C1
C=CCCSCC,0.42857142857142855,C=CCCCC
CC(=O)C1=CCC=C1,0.42857142857142855,O=C(O)C1=CCCC=C1
CCCC(=O)CCSC,0.631578947368421,CCCC(=O)CCC
CCCCC1CC=CC=C1C,0.275,CCCCC1COC(=O)C1
CCCCC(C)(C)C,0.45,CCCCCC(C)(C)CC
CC=CCOC,0.4117647058823529,CC=CCCC=CC
CC(C)C1CCC(C)(C)C(C(C)O)O1,0.3235294117647059,CC(C)C1CCC(C)(O)CC1
CCC1C=CSC1C,0.18421052631578946,CC/C=C\C/C=C\C/C=C\CCOS(=O)(=O)[O-]
CC1=CC(CC(C)C)=CCC1CCC=O,0.2978723404255319,CC1=CCC(C(C)C=O)CC1
C=CCCCC=C,0.8181818181818182,C=CCCCCC=C
CCN(C)CC(C)CCC=C(C)C,0.5333333333333333,CC(C)=CCCC(C)CO
CC1=CCC(OC(O)CC2C=CCCC2)C=C1,0.4318181818181818,CC(C)CC1C=CCCC1
CCCCCCCCC(C)CCCC,0.8333333333333334,CCCCCCCC(C)CCC
C=C(CCCC)C(C)(C)C,0.4782608695652174,C=C(CC)CCCC
CCCCCCCOC,0.55,CCCCCCCCOO
CCCCCCCC(O)OCC,0.5416666666666666,CCCCCCCCC(O)CCCCCCC
CCCNCOC(O)C(C)CC,0.35714285714285715,CCC(C)C(C)O
CCCCCCCOCCC(C)O,0.6,CCCCCCC(C)O
CCC(CC(C)C)OC,0.42857142857142855,CCC(C)CC(C)C
C=C(C=O)C(C)CC(C)(C)O,0.4074074074074074,C[C@H](O)CC(C)(C)O
CC(CO)CC1CCC(C(C)C)CO1,0.30303030303030304,CC1CCC(C(C)C)CC1
COCOOCCCC(C)C,0.391304347826087,CC(C)CCCCCCC(C)C
C1CCCC1,1.0,C1CCCCC1
CCC(=O)C(C)CC1C(C)=CCCC1(C)C,0.41304347826086957,C/C=C/C(=O)C1C(C)=CCCC1(C)C
CC(C)(C)CC(N)CCCC=O,0.4375,NC(CCCC=O)C(=O)O
C=CC(C)CS,0.4117647058823529,C=CC(C)C
C=C(CCC)C(C)(C)OC,0.375,C=C(C)CCC
CC1=c2ccccc2=NC1C,0.40625,C1=CC2=c3ccccc3=NC2C=C1
CCCOCCCO,0.65,CCOCCCO
C=CCC(C)C(=O)CCC,0.36666666666666664,CCCC(C)C(=O)CC
CC1=CCC=C1,0.36,C1=CC2=CCC=CC2=C1
CCC(C)c1ccc(C(C)C)cc1,0.6363636363636364,CCC(C)c1ccccc1
CC=CC=CCCC(C)=O,0.5384615384615384,CCCC=CCCC(C)=O
CCC(C)CSC(C)O,0.42105263157894735,CCC(C)CC
CC(C)CC(O)C(C)C,0.5,CC(C)C(O)CO
C=C(CC(C)C)OCCC(C)C,0.48148148148148145,CC(=O)OCCC(C)C
OCCCC1=CC=CC1,0.28205128205128205,COc1cc(CCCO)ccc1O
CCCCCOCCCCC(C)CC,0.56,CCCC(C)CCCCC(C)CC
CCC1=CCCC1CC,0.2647058823529412,CCC1=CC=C[C@H](O)[C@@H]1O
C=CC1=CCC(OC)C(CC)C1,0.23684210526315788,CCC1CC(=O)N1
CC(O)O,0.7142857142857143,CC(C)O
C=C(C)C,1.0,C=C(C)C
CCCC1=CCC=CC1C,0.25,CCCc1ccccc1
CCC=COCCCC(CC)OC,0.275,CC/C=C\CCOC(=O)OC
CC(C)CC(=O)C1=CCCC=C1N,0.3783783783783784,CC(C)CC(=O)c1c(O)cc(O)cc1O
CCCCCCCCOC(C)Cc1ccccc1,0.45161290322580644,CC(C)Cc1ccccc1
CC(C)=CCCC(C)CCCC(C)CC(C)C,0.6071428571428571,CC(C)=CCC[C@H](C)CCO
CC(C)C1=CCC(O)C=C1,0.3888888888888889,O=C([O-])C(=O)CC1=CCC(O)C=C1
CCC(O)SCOCc1ccccc1,0.4666666666666667,c1ccc(COCc2ccccc2)cc1
CC(C)CCCCC(=O)C1CC=CCC1C,0.4166666666666667,CC(C)CCCCCCCCCCC(=O)O
CCCCCOC(C)C,0.6086956521739131,CCCCCOC(C)OCC
COc1cccnc1C(C)C,0.44,COc1ccccc1OC
CC(C)CC1CC(C)CC(C)C1,0.2903225806451613,CC(C)CCCC(C)C1CCC(C)CC1
C=CCNCCO,0.5,OCCNCCO
CCCCCCC(C)COC(C)C,0.56,CCCCCCCC(C)CCC
CCCCCCCCCC(C)C,1.0,CCCCCCCCCCCC(C)C
CCCCCCCCCOCCC,0.6666666666666666,CCCCCCCCCCCCOCCO
CC(C)CCCC(C)CCOC(O)C1=C(N)C=CCC1,0.37254901960784315,CC(C)CCC[C@@H](C)CCC[C@@H](C)CCC[C@@H](C)CCOC[C@@H](CO)OCC[C@H](C)CCC[C@H](C)CCC[C@H](C)CCCC(C)C
C=CCCOC,0.4375,COCCOC
CCCCC(C)C(C)=O,0.5384615384615384,CCCCCCCCCCCCCCC(C)C(=O)O
CCCCOSCCC,0.34615384615384615,CCCCOP(=O)(OCCCC)OCCCC
CCCCCCCCN,1.0,CCCCCCN
CC1C=CC(C)C(C)C1,0.38461538461538464,C[C@@H]1C=C[C@@H]2[C@H](C1)C2(C)C
CCC(C)CCC(C)CC,0.7142857142857143,CCCC(C)CC
CC(C)C1CCC2CCC(O)COC2C1,0.35294117647058826,C1CC2OC2CC1C1CO1
C=C(C)C(CC)CC=C(C)C,0.68,C=C(C)C(CO)CC=C(C)C
C=C(CCC)SC1CCCC1C1CCCC1,0.3235294117647059,C1CC[C@H]2[C@H](C1)CC[C@@H]1[C@@H]2CC[C@@H]2CCC[C@H]21
NC=Cc1ccccc1,0.6470588235294118,C(=Cc1ccccc1)c1ccccc1
CCCCCc1ccoc1C,0.46875,CCCCCc1ccco1
COCC(=O)C=O,0.48,O=CC(=O)COP(=O)(O)O
CC1=CSC(C(C)C=O)C=C1,0.3170731707317073,CC1=CCC(C(C)C=O)CC1
CC1CSC(c2cccnc2)C1,0.4,CN1C(=O)[C@H](O)C[C@H]1c1cccnc1
C=C(CCCCCCOCC)CC(CCCCCCCC)C(C)O,0.3829787234042553,CCCCCCCCCCCC(=O)OCCCCCC(C)C
CCC1C=CC(C(C)O)CC1,0.34375,CC(C)[C@H]1C=C[C@H](C)CC1
CCC(C)C1=CCCCC1OC,0.2702702702702703,CCC(C)c1ccccc1
C=C(C)c1ccccc1N,0.6,CC(=O)c1ccccc1N
CC1=CC=C(C)OC1,0.32,CC1=CCCO1
CC1CCC(CO)C(C)(C)C1,0.4074074074074074,CC1CCC(CO)CC1
C=C(CC)CC1CC=CCC1,0.2727272727272727,C=C(CC)CCCC
C=CCCC(O)CCCCCC,0.6666666666666666,CCCCCCCCC(O)CCCCCCC
CCCCC1CC(C)CC(C)(C)C1,0.41935483870967744,CC1CC(O)CC(C)(C)C1
CC(CO)CCC(C)C(C)C,0.5882352941176471,CC(C)C(C)CCC(C)C(C)C
OCCC(O)C1C=CC=C1,0.36363636363636365,OCCC(O)CCO
CC(=O)C1=NCCO1,0.4230769230769231,CC1=NCCO1
CC(O)CCC1=CC=CC(C)C1,0.3,CC(O)CCC(C)O
C=C(CCCCC)CCCC(O)CCC,0.64,CCCCCC(O)CCC
OC1=CCCC1,0.34615384615384615,CC1(C)C=C(O)CCC1
CCC(C)C(O)O,0.625,CCC(C)C(C)O
CC1=C(C)CS2(CCCCC2)C(C)C1,0.21428571428571427,CC1CCCCC1
CCCCOC(C)CCC(=O)CCCCO,0.5,CCCC(=O)CCCCCO
CC(=O)C1CCCC1C,0.4,CC(=O)C1CCCCC1
CC(C)C(C)Sc1ccccc1,0.43478260869565216,CSc1ccccc1
COC(O)C1(C)CCCCC1,0.2857142857142857,CC1(C(=O)O)CCCC1
CC(Cc1ccccc1)SO,0.56,CC(C)Cc1ccccc1
CCCC(O)C1C=CCS1,0.3103448275862069,CCCC(O)CCC
CCCCCC(=O)C1C=CC=CC1O,0.3870967741935484,CCCCCC(=O)O
COc1ccccc1C(C)C,0.6,COc1ccccc1OC
CCC1CC(C)=C(O)C1C,0.25806451612903225,CCC1CC(=O)N1
CCC(O)(CC)C(C)N,0.3684210526315789,CCC(C)N
CCOC(=O)C1CC2=CC1CC2,0.4473684210526316,CCOC(=O)C1CCC(=O)CC1
CCCCCCCC(O)CCCCC,1.0,CCCCCCCCC(O)CCCCCCC
CCCCOCCCCC(=O)O,0.6521739130434783,CCCCCC(=O)O
CCCC(O)CC(C)N,0.55,CCCC(O)CCC
CC=CCSCCC,0.36,C/C=C\CCCCC
CC(=O)C(C)C(C)C(C)O,0.5882352941176471,CC(=O)[C@@H](C)O
CCC(C)C(O)CCCC(C)C,0.48,CCC(C)CCCC(C)CCCC(C)C
CC(C)CC(O)C(C)O,0.5,C[C@@H](O)[C@H](O)C[C@@H](O)C=O
C=C1CCCCCSCC=CCOCCCC1,0.29411764705882354,C1COCCCSC1
CC(C)C(O)CCC1=NCC=C1,0.28205128205128205,CC(CCC(O)C(C)C)CC(=O)O
CCCC1=CCC(C(C)C)C=C1,0.53125,CC1=CC[C@H](C(C)C)C=C1
C=CCCCC(C)C(C)O,0.5769230769230769,C=CCCCCC(C)O
CCOC(C)SCCCSC,0.32142857142857145,CSCCCN
C=CC1(O)CCC(=O)O1,0.3076923076923077,CC(C)(C)C1=CC2(C=C(C(C)(C)C)C1=O)CCC(=O)O2
CC(=O)OCC1CC=COC1C,0.3333333333333333,CC(=O)OC[C@H]1OC(O)[C@H](O)[C@@H](O)[C@@H]1O
CCCCSCCCCCC=O,0.6521739130434783,CCCCCCCCCCCCCCCCCC=O
CSc1cc(C(C)C)ccc1C,0.5357142857142857,Cc1ccc(C(C)C)cc2c(C)ccc1-2
CC1CC(=O)C(C)O1,0.3333333333333333,CC1CCC(=O)O1
CC(C)=CCCC1(C)CCC(C)C1,0.41025641025641024,CC(C)=CCC[C@]1(C)[C@H]2C[C@@H]3[C@H](C2)[C@@]31C
CCCC(CC)CC,0.5384615384615384,CCC(CC)CC
C=C(OCc1ccccc1)C(C)CC,0.4864864864864865,CC(=O)C(C)C(=O)OCc1ccccc1
C=CC1(C)CCC(C(C)(C)CCNC(C)C)S1,0.29411764705882354,C=C[C@]1(C)CC[C@@H]([C@@H](C)C=O)O1
CCCCC(C)OCC(O)CC,0.5384615384615384,CCCCC(O)CC
C=Cc1ccc2c(c1)OCO2,0.6428571428571429,O=Cc1ccc2c(c1)OCO2
CC(O)CC(C)c1ccccc1,0.56,CCC(C)c1ccccc1
CC(C)=CCCC(C)CC=CC(C)C,0.6,CC(C)=CCC[C@@H](C)CC=O
CC(C)CCCC(C)CCCC(=S)Cc1ccccc1,0.4489795918367347,C=C(C)CCC[C@H](C)CCOC(=O)Cc1ccccc1
CCC(CC(C)CCCC(C)C)OC,0.5925925925925926,CCC(C)CC(C)CCCC(C)C
CC1CCC2C(C1)CC(O)C2C,0.3870967741935484,CC(C)[C@@H]1CC[C@@H](C)C[C@@H]1O
CCCCCC(C)CCC(C)CC,0.75,CCCC(C)CCCCC(C)CC
CCCC(O)C1=CC=CC1,0.358974358974359,CCC[C@H](O)c1ccc(=O)[nH]c1C
C=CCCc1ccccc1,0.5833333333333334,O=CCCc1ccccc1
CC(C)C1CC=C(CO)CC1,0.5483870967741935,CC1=CCC(C(C)C)CC1
C=C(C)C(=O)C(C)C,0.5263157894736842,CC(C)C(=O)C(=O)[O-]
CCCC(O)C(C)C(C)O,0.5,CCCC(C)O
COCCC1C=CC=C1,0.4444444444444444,COCCOC
C=CC1=CCC(C)C(CC(C)C)C1,0.25,CC1=CC[C@@H]2C(=C1)[C@@H](C(C)C)CC[C@H]2C
COC(C)CC1C=CCCC1,0.6666666666666666,CC(C)CC1C=CCCC1
C=CNCC1C=CC(OC)CC1,0.21428571428571427,CO[C@@H]1[C@H](O)CC[C@]2(CO2)[C@H]1[C@@]1(C)O[C@@H]1CC=C(C)C
CCC1(CC)CCCCC1CO,0.2826086956521739,C[C@]12CC[C@H]3[C@@H](CCC4CCCC[C@@]43C)[C@@H]1CC[C@@H]2CCO
CCCCCCCCCCCCC(O)O,0.6842105263157895,CCCCCCCCC(O)CCCCCCC
CC(=O)CC1CCC2C3CCC(C3)C12,0.3157894736842105,CC(=O)C[C@H]1CCCN1C
CCCCc1ccccc1,1.0,CCCCc1ccccc1
CCCC,1.0,CCCC
CC(S)C=O,0.5384615384615384,CC(C)C=O
C=C(CC)OC(C)(C)C,0.391304347826087,CC(C)(C)OC(=O)OC(=O)OC(C)(C)C
C=C(OCC)C(C)(O)c1ccccc1,0.46875,C[C@@](O)(C(=O)O)c1ccccc1
CCCOCCC,0.5263157894736842,CCCOCCC(C)=O
CCCCCCOC(C)CCCC,0.5185185185185185,CCCCCOC(C)OCC
CCCCCOCCCCOC(=O)Oc1ccc(C)cn1,0.391304347826087,CCCCCOC(=O)c1ccccc1C(=O)OCCCCC
CCC1=COC(CC)O1,0.24242424242424243,CCC1CCC(=O)O1
Cc1ccc(C(C)C)c(C)n1,0.4,Cc1ccc2ccc3ccc(C)nc3c2n1
C=CC(C)(C)C(=O)CC(C)C,0.38461538461538464,CC(C)CC(=O)O
CCC1OC(OC(C)C)CC1C,0.2926829268292683,CO[C@H]1C[C@@H](O)[C@H](C)[C@@H](CO)O1
C=C(C)C1CC(CCCC)CC1O,0.34210526315789475,C=C(C)C1CCC(C(=O)O)C(O)C1
C=CC1(C)CCC(O)C1,0.38235294117647056,C=CC1(C)CCC(O)C(C)(C)O1
C=CC(=C)CCCC(C)CC,0.6896551724137931,C=CC(=C)CCCC(C)CCCC(C)CCCC(C)C
C=C(CC)CCC,0.6666666666666666,C=C(CC)CCCC
CCCCC(C)CCCC,0.6666666666666666,CCCCCCCC(C)CCC
CCC(Cc1ccccc1)NC,0.5714285714285714,CN[C@@H](C)Cc1ccccc1
C=C(C)C1CCC(C)CC1,0.5,C=C(C)[C@@H]1CC[C@H](C)[C@H](O)C1
CCCCOC,0.5,CCCCOP(=O)(OCCCC)OCCCC
COC(O)C1OC1c1ccccc1,0.42857142857142855,c1ccc([C@H]2O[C@H]2c2ccccc2)cc1
CCCC(C)CCC1C(C)CCCC1(C)C,0.5227272727272727,CC[C@@H](C)CC[C@H]1[C@@H](C)CC[C@H]2C(C)(C)CCC[C@]12C
CC1CCC(=O)C1,0.6842105263157895,CC1CCC(=O)CC1
Cc1cccc(C)c1C,1.0,Cc1cccc(C)c1C
CC=CC(O)C1C(C)CC=CC1(O)O,0.2222222222222222,C[C@H]1[C@H]2[C@H](CC[C@]3(O)C=CC[C@H](C)[C@@]23C)O[C@@H]1O
C=CCC,1.0,C=CCC
CC(C)C(O)O,0.6,CC(C)C(C)O
CC(O)COc1ccccc1,0.5,CCOc1ccccc1
CCCCCCCC(C)OO,0.5517241379310345,CCCCCCCCC(C)OC(=O)CC
CCCC(C)CC(C)OC,0.5454545454545454,CCCC(C)CC(C)C
CCC(=O)CCCCCCCCCSC,0.6,CCCCCCCC(=O)CC
CC(C)OCO,0.42857142857142855,CC(=O)COC(C)C
CCCCCC=N,0.5263157894736842,CCCCCCCC/C=C\CCCCCCCC
CC(C)CCC(C)OCC(C)C,0.34615384615384615,CC(O)COC(C)CO
COCCCCCCC=O,0.5217391304347826,CCCCCCCCCCCCCCCCCC=O
CC1CCOC1C,0.3333333333333333,C[C@H]1CO1
CC1CC=C2N(CCCC2(C)C)C1,0.30434782608695654,CC1=CC[C@@H]2C(=C1)C(C)(C)CCC[C@H]2C
CCCCC1CCC2(CCCC2)O1,0.45454545454545453,CCCCC1CCCO1
CCCCCN1C(C)CCC1C,0.41935483870967744,CCCCCCCCCCCCN1CC(C)OC(C)C1
CCC1=CC(OC)C(O)CC1,0.2682926829268293,C=C(C)[C@H]1CCC(C)=C[C@@H]1O
CCCSOC1C=CC=C1C,0.3142857142857143,CC1=CC=C[C@H](O)[C@@H]1O
CCCCCCCCOC(C)O,0.5384615384615384,CCCCCOC(C)OCC
C=CC(CCCCC)Cc1ccccc1,0.45714285714285713,CCCCCC(CCCCC)c1ccccc1
COC(C)(C)CC(C)O,0.5238095238095238,C[C@H](O)CC(C)(C)O
CCNC(=O)C1=C(CC)C(C)CCC1(C)C,0.2702702702702703,CCNC(C)=O
CCC(C)CCN,0.5555555555555556,CCCC(C)CC
CC=Cc1ccc(OC(C)CCC)c(OC)c1,0.6111111111111112,C/C=C/c1ccc(OC)c(OC)c1
CCC(=O)C1=COC=CC1CC(C)C,0.3170731707317073,CCC(=O)c1ccc(C)o1
CCCC(=O)CC1=CC=C(C)CC1,0.3793103448275862,CCCC(=O)CCC
CCSC(C)(C)C1CCC(C)CC1,0.36363636363636365,CC1CCC(C)CC1
CCCC1CCC2CC1C2(C)C,0.4827586206896552,CC1CCC2CC1C2(C)C
CCCC(C)CCC(C)(CCC)COC,0.4230769230769231,CCCC(C)CCC
CC(C)C1(C)CCS23CC1C(C)(O)C2CCC3C,0.2727272727272727,CC(C)C12CCC(C)(O)C1C2
CC(=O)C1C=CC(C)=CC1C,0.32432432432432434,CC1=C[C@H](O)[C@@](O)(C(=O)O)C=C1
CC(=O)CCCC(C)(C)C,0.5,CC(=O)CCCO
CC=C(C)C(O)CCC(C)C,0.34782608695652173,CC(C)CCO
CC1OC(C)(O)C(C)CC1(C)C,0.3,C[C@H]1C[C@@]1(N)C(=O)O
CC1CC(C)CC(C(C)C)C1,0.5,CC1CCC(C(C)C)CC1
CCCC(=O)CCCCCCOC,0.5925925925925926,CCCC(=O)CCCCCO
CCC1CC=CO1,0.2903225806451613,CCC1CCC(=O)O1
CCC1=CCC(C(C)CC)C=C1,0.4,CC1=CC[C@H](C(C)C)C=C1
CC1CCCC2(C)CCC(C(C)(C)S)CC12,0.5263157894736842,CC(C)[C@@H]1CC[C@@]2(C)CCC[C@@H](C)[C@@H]2C1
CC(C)OC1C(=O)CCC1C,0.35294117647058826,CC(C)[C@@H]1CC[C@@H](C)CC1=O
CCC(C)=CCCC(C)=CCO,0.7083333333333334,CC(C)=CCC/C(C)=C/CC/C(C)=C/CC/C(C)=C/CC/C(C)=C/CC/C(C)=C/CC/C(C)=C/CC/C(C)=C/CC/C(C)=C/CC/C(C)=C/CC/C(C)=C/CO
CCCOCOC(=O)c1ccccc1,0.7333333333333333,CCCOC(=O)c1ccccc1
CCC(C)C1C=CC=C1,0.34615384615384615,CCC(C)C1OCCO1
CS(=O)C(O)CS,0.35,O[C@H](CS)[C@@H](O)CS
CC(C)C(C)OCCC1=CCCCC1,0.25,O=[N+]([O-])C1=CCCCC1
CCCc1ncccc1C,0.41935483870967744,Cc1cccc2cccnc12
CCOC(O)C(C)CC(C)C,0.391304347826087,CC(C)CC(C)C(C)C
CCCCCC(C)OC,0.5,CCCCCCCCCCCC(C)C
CC1OCC(C2=CC3SCOC3C=C2)O1,0.2608695652173913,O=C1C=C[C@@H]2OC[C@H]1O2
CCC1CC(C(C)NC)CC1C,0.26666666666666666,CCC(C)NC
CCCC(CC)CC=O,0.391304347826087,CC(C)CC=O
CCCCC(=O)C(C)S,0.5,CCCCC(=O)CC
CCC(C)CC(O)C=C(C)C,0.4166666666666667,CCC(C)CC(C)C
CC1CCC(CNc2ccccc2)O1,0.32432432432432434,O=C(O)CNc1ccccc1
CCCCOCC,0.5789473684210527,CCOCCCO
CCCOC,0.5833333333333334,COCCOC
C=C1C(C)OC(CC)C1O,0.26666666666666666,CCC[C@@H]1O[C@@H]1C
CCCC(C)C1C(C=C(C)C)C1(C)C,0.4117647058823529,CC(C)=C[C@@H]1[C@@H](CO)C1(C)C
CC(C)CCCCc1ccccc1,0.5384615384615384,CCCCc1ccccc1
COC1CC=CO1,0.24324324324324326,CO[C@H]1C[C@@H](O)[C@H](C)[C@@H](CO)O1
CC(C)CCSC(N)C(C)C,0.34782608695652173,CC(C)CCN
CC1CCCCC1C,0.5384615384615384,CC1CCCC1
C=C(CCC)OCC,0.4782608695652174,CCCC(=O)OCC
C1=CCC=C1,1.0,C1=CCC=C1
CCOC1CC(C(C)C)C=CC1C,0.35294117647058826,CC(C)[C@H]1C=C[C@H](C)CC1
CCC=CCCCCCC,1.0,CC/C=C/CCCCCCCC
CC(C)C1CCC(=O)OC1,0.4838709677419355,CC(O)C1COC(=O)C1
C=C(CCCC=CCC)C(C)O,0.4838709677419355,CC/C=C\CCCC(=O)O
C=CCC(C)C1CCCC(C)(C)C1,0.3114754098360656,C=CC[C@@H](C)[C@H]1CC[C@H]2/C(=C/C=C3/C[C@@H](O)C[C@H](O)C3=C)CCC[C@]12C
C=C1CCCC1,0.38461538461538464,C1CCC(=C2CCCC2)C1
CC1=NCCC1,1.0,CC1=NCCC1
CC(CO)CCC1CCC(C)C1(C)C,0.3235294117647059,CC(C)CCC[C@H](C)CO
CC1CCC(C(C)C(C)(C)C)C(C)C1,0.42424242424242425,CC(C)[C@@H]1CC[C@H](C)[C@@H]2CC[C@H](C)C[C@H]21
C1COSC1,0.3684210526315789,C1COCCCSC1
CCC(=O)NCC(C)(C)CC(C)C1CCCC(C)(C)C1,0.2553191489361702,CCC(=O)NCC(=O)O
CSCO,0.5,CSCCO
CC(C)CC1CCCS1,0.3333333333333333,CC(C)CC1C=CCCC1
CC1CC(C)(C)CC(C)C1O,0.4782608695652174,CC1CC(O)CC(C)(C)C1
CCCCCOCCS,0.5416666666666666,CCCCCCCCCCCCOCCO
CC(C)CCCC(=O)CCC(C)CCCC(C)C,0.6666666666666666,CC(C)CCCC(C)CCCC(C)CCC(=O)O
CCC1CCC(OC)C1,0.2727272727272727,CCOC
CC(=CC(=O)O)CCCC(C)C,0.5357142857142857,CCC/C(C)=C/C(=O)O
CC(=O)C(C)CC(C)C,0.4583333333333333,*C(=O)C(N)CC(C)C
CC1CCC2C(CC(=O)C2O)C1,0.35135135135135137,C=C(C)[C@H]1CC[C@@H](C)CC1=O
Cc1cc(CCO)ccn1,0.41935483870967744,OCCc1ccc(O)c(O)c1
C=C(O)C(C)CC(C)C,0.375,CC(C)C[C@H](O)C(=O)O
CCCCCC1=CC(C)C=C1,0.3235294117647059,CCCCCc1cc(O)cc(O)c1
CC1=CC(C(C)C)C(C)=C1,0.2972972972972973,CC1=C[C@@H]2[C@H](CC1)C(C)=CC[C@H]2C(C)C
CCCC(CC)OC,0.38095238095238093,CCCC(C)CC
C=C(O)C1CC=CCC1,0.2682926829268293,C=C(C(=O)O)[C@H]1C/C=C(\C)CC/C=C(\C)CC1
O=C(O)C=CC(O)O,0.5,O=C(O)/C=C/C(=O)O
C1COCOC1,1.0,C1COCOC1
CCC(C)C(CC)OC(C)=O,0.41379310344827586,CCC(C)COC(C)=O
COCCC(C)CCC(C)=O,0.48148148148148145,CC(=O)CCC(C)O
CCC(C)C(=O)C(O)CC,0.5,CCC(O)C(=O)O
CC1CCC(C(C)C)C(C)C1,0.6,CC(C)[C@@H]1CC[C@@H](C)C[C@@H]1O
CCCCC1CCCCC(=O)C1,0.4444444444444444,O=C(O)C[C@H]1CCCC(=O)C1
CC(C)C(C)C(C)CCc1ccccc1,0.4838709677419355,CCC(N)CCc1ccccc1
CCC(O)CCOCCCO,0.5555555555555556,CCC(O)CCCCCCCCCO
CC(C)CC(O)Cc1ccccn1,0.42424242424242425,ClCc1ccccn1
CC(C)CCCC(C)COOC(C)C1=CC=CCC1,0.3191489361702128,CC(C)CCC[C@H](C)COS(=O)(=O)[O-]
CC1=CCCC(C)CCC(C)(C)CCC1,0.5,CC1CCCC(C)CCC(C)(C)CCC1
CCC(C)CCCC(C)CCOC(C)CC,0.5384615384615384,CCC(C)CCCC(C)CCCC(C)C
CCCCCCCC(O)C(CC)CC,0.5833333333333334,CCCCCCC(O)CC
CCC(O)CCC(CC)CCNC,0.44,CCCC(O)CC
CCOCCC1=C(C)COC1C,0.3,CCOCCOCCOCCOCCOCCOCC
CCCCCCCCCCOCCCC,0.7,CCCCCCCCCCCCOCCO
CCC=CCCCC(=O)C(C)O,0.5862068965517241,CC/C=C\CCCC(=O)O
CC(=O)C1CC(C)CC1C,0.2962962962962963,CC(=O)C1CCCCC1
CCCCCC(C)CCO,0.7391304347826086,CCCCCCC[C@H](C)CCC[C@H](C)CCC[C@H](C)CCC[C@H](C)CCC[C@H](C)CCCO
CC1COC(O)CC1C,0.4782608695652174,O[C@@H]1C[C@H](O)[C@H](O)CO1
C=C(C)CCCC(C)CCCC(C)C,0.6206896551724138,C=CC(=C)CCCC(C)CCCC(C)CCCC(C)C
CCC(O)OCC(C)C,0.4,CC[C@H](C)O
CCCCCCC1CC(C)C(C)O1,0.5,CCCCCCCCCCCCCCCC1OC(C)C(C)O1
Cc1cccc(Sc2ccccc2)c1,0.5714285714285714,c1ccc(Sc2ccccc2)cc1
C=CCCCCCC(=C)C,0.6,C=CCCCCC(C)=O
CCC1CCCC=N1,0.4,O=C(O)C1CCCC=N1
Cc1cc(CC(C)C)c(C)o1,0.3870967741935484,CC(=O)c1cc(C)oc1C
OCCCCCCCOCC1=CONC=C1,0.275,CCCCCCCCCCCCOCCO
CCCC(C)CCc1ccco1,0.5806451612903226,CCCCc1ccco1
CC1C=CCC1,0.375,C1=CC2OC2CC1
C=CC(CCC)c1ccccc1,0.4375,CCCCCC(CCCCC)c1ccccc1
CC1CCSNC1,0.3,CC1CCC(C)CC1
C=C(CCCCCCC)CCCCCCC,0.6,C=C(CC)CCCC
CCCCCCCC(=O)Cc1ccccc1,0.8571428571428571,CCCCC(=O)Cc1ccccc1
O=C(O)CCC(O)O,0.6,O=C(O)CCC(O)C(=O)O
CC1C=C2C(C)(C)CCCC2(C)C1C,0.2926829268292683,CC1C(O)C=C2C(C)(C)CC=CC21C
CC=Cc1ccc(CC(C)OCC)c(CC)c1,0.3695652173913043,CC=Cc1ccc(O)c(OC(C)C)c1
CCCCCC1C=CCCCCCCCCC1,0.42857142857142855,CC(C)CC1C=CCCC1
CC1OCC=C1CCCC1CCCC1,0.2926829268292683,O=C(O)CCCCCCCCCC1CCCC1
CCCCCCCC(C)OC(C)C,0.5217391304347826,CCCCCCCCCCCC(C)C
C=CCCCCCC(C)=N,0.5769230769230769,C=CCCCCC(C)=O
CCCC1CCC2CC1C2(C)S,0.3333333333333333,CCCC1CCCCC1CC
COC(C)C(O)CC(C)C,0.34615384615384615,CC(C)C[C@H](O)C(=O)O
CC(C)CC(C)CCC1=CC=C(O)CC1,0.34375,CCCC(C)CC(C)C
C=C(CO)C1CC=C(C)CS1,0.45,C=C(CO)[C@H]1C/C=C(\C)CC/C=C(\C)CC1
C=C(C)CCCCCCCC,0.5789473684210527,C=C(C)CCC
CC(C)CCC(C)C1C=CC=CC1C,0.2777777777777778,CC(C)CCCC(C)C1CCC(C)CC1
CCc1cccc(CO)c1O,0.64,CCc1cccc(O)c1O
CCC1=CC=C(OC)CO1,0.25,CCCCOc1ccc(-c2ccc(OCCCC)o2)o1
CCC=CC(C)CCONCCC,0.4186046511627907,CCCCC/C=C/[C@@H](C)CCOS(=O)(=O)[O-]
CC1=CC=C(C(C)CC=O)C1,0.36363636363636365,CC1=CC=C(C(C)C)CC1
CCCC(C)OC(C)C,0.42105263157894735,CCCC(C)CCC
CC(=O)C=C(C)CCCC(C)C,0.48484848484848486,C/C(=C\CO)CCC[C@H](C)CCC[C@H](C)CCCC(C)C
C=C(CC)C1CCC(C)CS1,0.28125,CC1CCC(CO)CC1
C=CCCOCCCC,0.5454545454545454,C=CCCCC
CC1CCC(C)C1C,0.38461538461538464,CC1CCC(C)CC1
CCCc1ccc(O)c(CC)c1,0.4666666666666667,CCCc1ccccc1O
CC(C)=CCCC1CCCC(C)(C=O)C1,0.36363636363636365,CC(C)=CCCC1(C)OC1C=O
CC(=O)C(C)C1=CCCC1,0.34285714285714286,CC(=O)C1=CCCCN1
CC1CCSC1C,0.2777777777777778,CC1CCC(C)CC1
CCCCCCCCCCCC(C)COCC,0.56,CCCCCCCC(C)CCC
CCCOC1OCC(C)O1,0.32,C[C@H]1CO1
CC1(C)CCCC1=O,0.42857142857142855,CC1=C(C=O)C(C)(C)CCC1
CCCCOCCCCCC(C)CC,0.5384615384615384,CCCC(C)CCCCC(C)CC
CCCCCCC(CC)CC(O)O,0.5384615384615384,CCCCCCC(O)CC
CC1OC2(CC1=O)C(C)CC=CC2(C)C,0.37254901960784315,C[C@@H]1[C@@H](O)O[C@@]23C=CC[C@H](C)[C@@]2(C)[C@H]1C(=O)CC3
CCCC1=CC(c2ccccc2)C=C1,0.3870967741935484,CCCc1ccccc1
CCOc1ccc2c(C)cc(C)cc2c1,0.45454545454545453,Cc1cc(C)c2ccccc2c1
CCCCCCCOC(O)CCCCC,0.52,CCCCCCCCC(O)CCCCCCC
CCCC(C)(O)O,0.4782608695652174,CCCC(C)(O)CC(=O)[O-]
COCC1=CC=C(OC)CC1,0.2857142857142857,COCc1ccc(OC)c(OC)c1
NC1=CC=CC1,0.375,C1=CCC2=CC=CC2=C1
CSCC(C=O)CC(C)C,0.36666666666666664,CSC[C@@H](O)[C@@H](O)[C@@H](O)C=O
CCOC(CC)CC,0.36363636363636365,CCOC(CCN)OCC
CCCC(=O)C(S)CCO,0.4444444444444444,CCCC(S)CCO
CCCC(CCO)OC,0.4583333333333333,COC(C)CCO
CC=CC(O)CO,0.42857142857142855,O=CC(O)CO
C=COCCC1CCCCN1,0.5,CCC[C@H]1CCCCN1
CC(=O)c1ccc(N)cc1,0.5909090909090909,CC(=O)c1ccc(O)cc1
CCCC(C)CCOC(O)CCC,0.5,CCCC(C)CCC
CC(C)OC(C)CCc1ccccc1,0.46875,CCC(N)CCc1ccccc1
C=CC=CCC,0.7647058823529411,C=CC=CC=CCC
CC1=C(O)C=CCS1,0.2222222222222222,Cc1cc(O)cc(O)c1
CCCCC(C)C(C)CCC,0.6842105263157895,CCCC(C)C(C)CCCC(C)C
CC(C)NC(O)(CC(O)O)C(=O)O,0.3448275862068966,CC(C)C(O)(O)C(=O)O
CCCC1CC=CCC1,0.3,CCCC1CCCCC1CC
CCCC(C)CC=C(C)C,0.4827586206896552,CC(C)=CCC[C@@H](C)CC=O
CCC(C)CCCOC,0.5,CCC(C)CCCC(C)CCCC(C)C
CC(=O)CC(C)C1CCC(C)C1(C)C,0.29411764705882354,CC(=O)CC(O)C(C)=O
CCC(CC(C)CCC=C(C)C)OC,0.5,CC(C)=CCCC(C)CO
CC1=NC(C(C)C)C=C1,0.3125,CC1=CC[C@H](C(C)C)C=C1
CCC1=CC(C(C)(C)C)C(OC)C=C1,0.21739130434782608,O=C(O)C(=O)CC1=CCC(O)C=C1
CC(=O)OC1=C(C(C)C)CC=C(C)C1,0.3333333333333333,CC1=CCC(C(C)C)=CC1
CC1=CCCC(C)(S)CC1C,0.3548387096774194,CC1=CCCC1(C)C
Cc1ccc(C(C)CCCC(C)C)cc1,0.5151515151515151,CC(C)=CCC[C@@H](C)c1ccc(C)cc1
CC(=S)C=O,0.5,CC(=O)C=O
CCC=CCCCC(CC)CC,0.5217391304347826,CC/C=C\CCCC
CCCCC1C2CCC(C2)C1C,0.3333333333333333,CCCCC1CCCO1
CC1CCC(C)(C(C)C)N1,0.3125,CC1CCC2(C(C)C)CC12
CC=CCOCC,0.4117647058823529,CCOCC
CC(C)C(=O)CCCCc1ccccc1,0.6333333333333333,O=C(O)CCCCc1ccccc1
CC1CC(C)C(C)C(C(C)O)C1,0.3125,CC(C)[C@@H]1CC[C@@H](C)C[C@@H]1O
CCCCCCC(N)CCCc1ccccc1,0.5862068965517241,CCCCc1ccccc1
CCCCCC(CC)OC(C)C,0.4583333333333333,CCCCCCCCCCCC(C)C
OCOCCC1CCCCN1,0.5161290322580645,CCC[C@H]1CCCCN1
CC1(C)C2CCC(C=O)C1C2,0.5,CC1CCC2CC1C2(C)C
CC1CCCC1O,0.47058823529411764,O[C@@H]1CCCC[C@H]1O
CCC(O)C(CC)CC,0.4375,CC[C@H](C)O
C=C(CCCC)NCC,0.4583333333333333,C=C(CC)CCCC
Cc1ccc(CN)cc1,0.5238095238095238,Cc1ccc(CO)cc1
CCCCCC(O)CC(C)C,0.6666666666666666,CCCCCC(O)CCCCC
C=CC(=C)CCC,0.5,C=CC(=C)CCC=C(C)C
C=CCCOCS,0.35,C=CCCCCC=C
CC=CCCCCC(C)=O,0.64,C/C=C/CCCCCCCCC(=O)O
CC(N)CS,0.5,CC(N)CN
CCC(O)CCC1C(C)SOCC1(C)C,0.3055555555555556,CCCC(O)CC
CC1CC2C(CC3=COC=CN32)C(C)O1,0.2391304347826087,C[C@H]1C=CN2C(=O)C[C@@H]12
CCC(C)C1=CC(C)CC=C1C,0.3076923076923077,CC1=CC[C@@H](C(C)C)CC1=O
C=C(C)C1=CC=CC2CCCCC12,0.26666666666666666,C=C(O[C@H]1C=CC=C(C(=O)O)[C@@H]1O)C(=O)O
CCCCCCCC(C)C(C)C,0.6,CCCCCCCCCCCC(C)C
CCCc1ccccc1,1.0,CCCc1ccccc1
C=C=CCCC1C=CCC=C1,0.27586206896551724,*C1C=CCC=C1
CCCC=CC(C)CC,0.46153846153846156,CCC/C=C/CC(C)CCC
CCC(C)C1C=CCCC1,0.46875,CC(C)CC1C=CCCC1
C=CC(C)CCCC(C)COC(C)C,0.42424242424242425,C=CC(C)CCCC(C)(C)O
C=CCCSCC(O)C(C)(C)C,0.3235294117647059,C=CCCCCC(C)O
CCCCCC(C)C(C)C,0.55,CCCCCCCCCCCC(C)C
C=CCC(CC)c1ccccn1,0.40540540540540543,*CC(*)c1ccccn1
CC(=N)Cc1ccccc1C,0.5384615384615384,Cc1ccccc1CO
CCC(C)(O)OC,0.47058823529411764,CCC(C)(C)O
NCCCS,1.0,NCCCS
CCCCCCCCC(C)CCCc1ccccc1,0.6071428571428571,CCCCc1ccccc1
CCC(C)C(O)CCC1CCCO1,0.4857142857142857,CCCCC1CCCO1
CCCCCCCCCC(C)CC,0.7,CCCC(C)CCCCC(C)CC
OC1CCC2=C1OCCC2,0.375,O=C1OCCCCC1O
C1CCSCC1,0.8888888888888888,C1CCSC1
CC=CCCC(CCC)CCC,0.5263157894736842,CC=CCCC=CC
CC1CCCC1C1CCCC1,0.5238095238095238,C1CC[C@H]2[C@H](C1)CC[C@@H]1[C@@H]2CC[C@@H]2CCC[C@H]21
C=C(COC)c1ccccc1,0.5714285714285714,COCC(=O)c1ccccc1
CCCCCCOC(O)C(C)CC,0.4666666666666667,CCCCCOC(C)OCC
CCCCSNSCC,0.34615384615384615,CCCCSP(=O)(SCCCC)SCCCC
C=C(CCCCCCC)OC(C)C,0.5862068965517241,CCCCCCCCCCCC(=O)OC(C)C
CCCCCCC1=C(C)CC(C)O1,0.34210526315789475,CCCCCCCCCCCCN1CC(C)OC(C)C1
CCCC(O)CC(O)CC,0.7222222222222222,CCCC(O)CC
CC1CC(C)CC(C=O)C1,0.36363636363636365,O=CC1CCCCC1
OC(OCCC1C=CC=CC1)C1=CCC=CN1,0.21739130434782608,*C1C=CC=CC1
CC(C)CCC(O)C(C)O,0.4782608695652174,C[C@@H](O)[C@@H](O)CCC=O
CCC1C=NC=CC1CCCCOC,0.2391304347826087,COCCCCC(=O)c1ccccc1
CC(=O)OCCC(C)(C)O,0.5217391304347826,CC(=O)OCCCCOC(C)=O
CC(C)C1C=CN(C(C)(C)C)C=C1,0.21875,CC(C)[C@H]1C=C[C@H](C)CC1
CC(O)C(=O)Cc1ccccc1,0.5555555555555556,CC(=O)Cc1ccccc1
CC(O)C(C)CO,0.5333333333333333,CC(O)CO
CCC(O)C(C)C,0.5333333333333333,CC[C@H](C)O
CCC1CC2CC1OC2CC,0.2647058823529412,*[C@H]1C[C@H](O)[C@@H](CO)O1
CCCCCCCCC,1.0,CCCCCCCCCCCCCCCCC
CC(=O)CC(C)c1ccccc1,0.7307692307692307,CC(CC(=O)O)c1ccccc1
CCC1NC(C)C(O)C1C,0.3023255813953488,C[C@H]1N[C@H](CN[C@@H](CO)c2ccccc2)[C@@H](O)[C@H]1O
C1=CCCCC1,1.0,C1=CCCCC1
CCc1cc(C)co1,0.4782608695652174,Cc1coc(C)c1
CCCCCCCC(O)CCCc1ccccc1,0.5862068965517241,CCCCc1ccccc1
C=CCCC(O)OCC,0.4,C=CCCCCC(C)O
CC1C=CCC(C)N1C,0.25925925925925924,C1=CC2C=CC2C1
CCC1=C(O)C=CCC1,0.32142857142857145,O=C1C=CCC1
CCC(C)c1cccs1,0.42857142857142855,CCC(C)c1ccccc1
C=C(CC)CCCOc1ccccc1,0.4838709677419355,OCCOc1ccccc1
CCCC=C1CC2C(CC1O)C2(C)C,0.28,CC/C=C1\CCC(C)(C)[C@@]23CC[C@@H](C2)C(C)(C)C13
CCC1CCCC(C)(C)S12COC(C)C2,0.24390243902439024,CC1CCCC(C)CCC(C)(C)CCC1
CC1CC=CC1(C)SC1=CCCC1O,0.3018867924528302,C[C@H]1[C@H]2[C@H](CC[C@]3(O)C=CC[C@H](C)[C@@]23C)O[C@@H]1O
CSc1c[nH]cc1C,0.3448275862068966,CSc1ccc(O)cc1C
CC1CCCCO1,0.3888888888888889,C[C@H]1CO1
C=C(CC)CC(O)C=C(C)C,0.5714285714285714,C=CC(=C)C[C@@H](O)C=C(C)C
CC=Cc1ccc(O)c(OC)c1CC,0.6285714285714286,CC=Cc1ccc(O)c(OC)c1C
CC(C)CC1C=CC=NC1C,0.3055555555555556,CC(C)CC1C=CCCC1
C=C(CC)CC,0.5384615384615384,C=C(C)CC
CC1CC=COC1,0.4166666666666667,CC1C=COC1
CC(C)C1CCC(C)(C)CC1,0.6363636363636364,CC(C)C1CCC(C)(O)CC1
CNC=CCCCC(C)=O,0.43333333333333335,C=CCCCCC(C)=O
CCOC1C=CC(C=O)C=C1,0.3076923076923077,CCOC=O
CCC=CCOC(=O)CCC,0.5384615384615384,CCCC(=O)OCC
CCc1ccc(C)cc1,0.55,Cc1ccc(CO)cc1
CC1C=CCO1,0.3157894736842105,C[C@H]1CO1
NCOCCCO,0.5238095238095238,CCOCCCO
CC(C)CCCC(OCCC(C)C)C(C)C,0.4166666666666667,CC(C)CCCC(C)CCCC(C)CCCC(C)C
CCC(=O)C1CCCN1,0.5925925925925926,*C(=O)C1CCCN1
CC(C)=CCC(C)(C)C(C)C(C)C,0.3448275862068966,CC(C)=CCCC(C)O
CC(C)CCCC(N)CC(C)C,0.47619047619047616,CC(C)CCCC(C)CCCC(C)CCCC(C)C
CC(C)C(C)C(=O)O,1.0,CC(C)C(C)C(=O)O
C=C1CC(C)CCC(C(C)C)C1,0.52,CC1CCC(C(C)C)CC1
C=CC1CC(CC)C(O)C(OC)C1,0.26666666666666666,C=CCC
CC1CCC2C=C1C2(C)C,0.3157894736842105,CC1=C[C@@H]2CC(C)(C)C[C@@]23[C@H](C)CC[C@@H]13
CCCCCCCOC(C)CC(C)C,0.5,CCCCCOC(C)OCC
CCCC(C)CC1C(C)CCC1C,0.43478260869565216,CCCC(C)CCC
CC(O)COC(C)C,0.5714285714285714,CC(O)COC(C)CO
COC(C)CCC1=CCC(C)C=C1,0.3055555555555556,COC(C)CCO
CC1C=CC(C(C)C)C(C)C1,0.39285714285714285,CC(C)[C@H]1C=C[C@H](C)CC1
CCCCC(C)CC(C)C,0.8947368421052632,CCCCC(C)CC(C)CC(C)C
CC(C)OC(C)(C)C,0.3333333333333333,COC(C)(C)C
CCCCCCCCCC1CCCC(=O)C1,0.5,CCCCCCCCCCCCCCCC1CCCC(=O)O1
CNC1=CCC(CCC(C)C)=CS1,0.2926829268292683,Cc1cc(C)c(CCC(C)C)c(C)c1C
CC(C)CC(C)(C)c1ccccc1,0.4666666666666667,CC(C)(C[Sn](CC(C)(C)c1ccccc1)(CC(C)(C)c1ccccc1)O[Sn](CC(C)(C)c1ccccc1)(CC(C)(C)c1ccccc1)CC(C)(C)c1ccccc1)c1ccccc1
CC1C=CC(C(C)(C)C)C(O)C1,0.3333333333333333,C[C@@H]1CC[C@@H](C(C)(C)O)[C@H](O)C1
CCCC(C)CC(C)CCCC(C)C,0.8,CCCC(C)CCCC(C)CCCC(C)CCCC(C)C
CC(C)=CCCC(C)CCCC=O,0.6551724137931034,CC(C)=CCC[C@@H](C)CC=O
CCCC(C)OCC1C=CCC1,0.3684210526315789,CC(C)CC1C=CCCC1
C=C(CCC)C(Cc1ccccc1)C(C)=O,0.43902439024390244,CCOC(=O)[C@@H](N)Cc1ccccc1
CC(C)=CCCC(C)CC(C)OC(C)O,0.5161290322580645,CC(C)=CCCC(C)CO
CCC1=CC=C(C(O)CC)CO1,0.25,CCC(O)CCl
CCCCCC(C)OC(C)OCC,0.5357142857142857,CCCCCOC(C)OCC
CC1=C(C)CC(C)C(C)C1,0.2857142857142857,CC1CC(=O)CC(C)C1
CC1=COC=C(C)C1,0.36363636363636365,CC1=COCC1
C=C(CCC)C(=O)CC(C)CC,0.5,CCC(C)CC(=O)[O-]
CC1C(C)(C)CCCC1(C)C,0.4074074074074074,C[C@H]1CC[C@H]2C(C)(C)CCC[C@]2(C)[C@H]1C
CCCC(O)CCCC(C)CCCCS,0.5555555555555556,CCCCCC(O)CCC
CCCCC(=O)c1ccccc1N,0.6666666666666666,NCCC(=O)c1ccccc1N
CCC1=CC=CC1C(C)=O,0.4838709677419355,CCC1=CC=C[C@H](O)[C@@H]1O
C=C(C)OCCCCCC=CCC,0.5294117647058824,CCCCCC/C=C\CCCCCCCCCCOC(C)=O
CC(O)C1CCC(O)=CO1,0.34375,CC1C=C(O)CC1
COCC1C=CC=C1,0.27586206896551724,COC[C@@H]1CCCN1
CC=CC(=O)C(C)C(C)C(C)C,0.375,CC=CC(=O)O
CCC(O)C(C)(C)C,0.4117647058823529,CC[C@H](C)O
C=C(CCCCC)CCC(C)C,0.48,CCCCCCCCCCCC(C)C
CCCC(C)CC,1.0,CCCC(C)CC
CCc1ccc(C)c(CC)c1,0.48,CCc1ccccc1C
CC(C)C1CCC(C(C)O)OC1,0.35714285714285715,CC1CCC(C(C)C)CC1
C=C(C)C=CCC(C)C,0.6,C=C(/C=C\CC(C)C)CC
CCCCCCCCC(=O)CCc1ccccc1,0.6060606060606061,CCCCC(=O)Cc1ccccc1
CCC1=C(S)CCC=C1,0.32142857142857145,O=C1C=CCC1
CC=CC(O)OCCC,0.34375,CC=CC(C)C(=O)OCC
CC=CC(=O)CCC=C(C)CCCC(C)C,0.525,C/C(=C/CCC(C)CCO)CC/C=C(\C)CC/C=C(\C)CCCC(C)C
CCC1=C(CC(O)C(C)C)CC=C(C=O)C1,0.2619047619047619,C[C@@H](O)[C@H](O)C[C@@H](O)C=O
CC=CCCCCCO,0.6086956521739131,CCCCCC/C=C\CCCCCCCCCCO
CSC(=O)C1C=CCC1,0.3076923076923077,O=C(O)CCCCCCCCCCCCC1C=CCC1
CCC(N)S,0.5,CCC(C)N
CCc1ccoc1,0.4666666666666667,CC(C)=CCCc1ccoc1
CCCC(C)c1ccc(C(C)(C)C)cc1,0.3793103448275862,CC(C)(C)c1ccc(O)cc1
C=C(C)CC(C)O,0.4782608695652174,C=C(C)CC(C)CCC
CCCC(=O)CCCCc1ccccn1,0.6285714285714286,CCCCCCc1ccccn1
COC(C)C1=COC2CCC=CC2C1,0.3,C1=CC2OC2CC1
CC1=CC2C3CCC(C3)C2CC1C,0.27906976744186046,CC1=CCC(C(C)C)=C[C@H]2[C@@H](C)CC[C@@H]12
O=C1CCC2CCCCC2C1,0.42105263157894735,C1CCC2CCCCC2C1
CC(C)OCC(C)c1ccccc1,0.5384615384615384,CCC(C)c1ccccc1
CCCCC(C)C=Cc1ccccc1,0.4166666666666667,CCCCCCC(CCCC)c1ccccc1
CCCCCC1CCCC1,0.5416666666666666,CCCCCCCC[C@H]1CCC[C@@H]1CCCCCCC
CCC1=NC(C=O)=CC1,0.25,CCN(CC)c1ccc(C=O)cc1
CCC(C)CNCC(C)(C)O,0.34782608695652173,CCC(C)CC
CC(=O)CCC(C)CCC(C)C,0.5416666666666666,CC(=O)CCC(C)O
C=C(CCC)OCCC(C)CCC=C(C)C,0.5945945945945946,CC(=O)OCCC(C)CCC=C(C)C
C=C(C)C1CCC(C)(S)C(C)C1,0.5,C=C(C)C1CCC2(C)OC2C1
COC1=CCC=CC1C1=CCCC=C1,0.25,O=C(O)C1=CCCC=C1
CCCCCCOC(C)C(C)C,0.5384615384615384,CCCCCOC(C)OCC
C=C(O)CCCCCCCCC,0.5454545454545454,CCCCCCCCCCCCCCCC(=O)O
C=CC(CCCCC)CC(C)CC,0.46875,C=CCCC(C)CCCCC
C=C(C)CC(O)C(O)O,0.4,C=C(C)CC(C)CCC
CCCCC(CC)C(C)C,0.6666666666666666,CCC(CCCC(C)C)C(C)C
C=C(C)C1C2CC(C(=O)OC)C(C)(C2)C1C,0.30434782608695654,C=C(C)[C@@H]1CCC(C)C(C)(OO)C1
CCCC(=O)C1=CC=C(C)C(SC)C1,0.2571428571428571,CCCC(=O)CCC
CCCCC1CC(C)CO1,0.45161290322580644,CCCCC1CCCO1
CC=CC(=O)CC(C)C1=CCCCC1,0.32432432432432434,CC=CC(=O)CC
CC1=CC(O)C(C(C)C)=CO1,0.2894736842105263,CC(C)C1=CC=C(C(=O)O)[C@@H](O)[C@H]1O
CCC(C)CC(C)O,0.5625,CC[C@H](C)O
CCCCCC(C)CC=O,0.5517241379310345,CC(CC=O)CCCC(C)(C)O
CC(C)CC1C=COC1C,0.2857142857142857,CC(C)CC1C=CCCC1
CC1=C(CCC2=CCC=C2)CC=CO1,0.2702702702702703,O=C1CC=CO1
CCCCCC1OC1CO,0.5666666666666667,CCCCCCCCC1OC1CCCCCCCC(=O)O
CCC(C)C(O)CC,0.5882352941176471,CCC(C)C(C)O
CC1=CC2CCCC=C2CC1C,0.26666666666666666,CC1=CCC(C(C)C)=C[C@H]2[C@@H](C)CC[C@@H]12
CC(C)C1C=CC=CO1,0.25,CC(C)[C@H]1O[C@@H]1C(C)C
CCC(C)CCC(C)=O,0.5652173913043478,CC(=O)CCC(C)O
C=CC(C)CCC(C)(C)C(NC)C(C)C,0.4411764705882353,C=CC(C)CCCC(C)(C)O
CCC(=O)C1=CCCC=C1NCC1CCC(CCCC(C)(C)O)CC1,0.24096385542168675,*C(=O)O[C@H]1CC[C@@]2(C)C(=CC[C@H]3[C@@H]4CC[C@H]([C@H](C)CCCC(C)(C)O)[C@@]4(C)CC[C@@H]32)C1
CC1=CC(C)=C(C(C)C)CC1,0.4,CC1=CC2=C(C(C)C)CC[C@@H](C)[C@@H]2CC1
CC(C=O)C(C)CC(C)(C)O,0.44,C[C@H](O)CC(C)(C)O
Cc1ccn(C)c1,0.36666666666666664,Cn1ccc(=O)c(C(N)=O)c1
CCC(C)CCC(=O)C1=CC=CCC1C,0.3181818181818182,CCC(C)CCCCCCCCCCC(=O)O
CC(=O)C(C)OCC(C)C,0.6086956521739131,CCOC(C)C(C)=O
C=CCC(C)CC,0.55,C=CCC(CC)CC
CC(C)CCC(C)(C)C(C)C(C)C,0.35714285714285715,CCC(C)(O)CCCC(C)C
CC(=O)C1(C)CCC(C)CC1,0.39285714285714285,CC1CCCC(C)CCC(C)(C)CCC1
CCC=CCCN,0.5333333333333333,CC/C=C\CC
CCC(C)C1CCCCC1CCC1CCC(C)CC1C,0.325,CC(C)[C@@H]1CC[C@@H](C)C[C@@H]1O
CCC(C1=CC=CCC1)C(C)C,0.25,CC1=CC=C(C(C)C)CC1
CCCCCCCCCCC(O)CCC,1.0,CCCCCCC(O)CCC
C=CC(CC)CCCCC,0.5384615384615384,C=CC(O)CCCCC
CC1=CC(OC=O)C(C(C)C)CC1,0.43902439024390244,C=C1CC[C@H](C(C)C)[C@H]2C=C(C)CC[C@H]12
C=C(C)C1C(C)CC(C)C1C,0.36666666666666664,C=C(C)[C@@H]1CC[C@H](C)[C@H](O)C1
CCC1C=COC=C1,0.3125,C1=CO1
C=CC(CC)c1ccc(C)o1,0.3870967741935484,CCc1ccc(C)o1
CC(c1ccccc1)C1C=C2CC=CC=C2CC1,0.3902439024390244,CC(c1ccccc1)C1OCCO1
CC(C)C1OC(C)C2C=CC=CC21,0.375,CC(C)[C@H]1O[C@@H]1C(C)C
OC(CCc1ccccc1)C1C=CCC1,0.375,N[C@@H](CCc1ccccc1)C(=O)O
CC(C)CCCC(C)CCNC(N)C(C)C,0.52,CC(C)CCCC(C)CCCC(C)CCCC(C)C
COSC(=O)CC(C)C,0.4230769230769231,CC(C)CC(=O)OO
CCOC(C)CC(C)O,0.4074074074074074,CCOC(C)C(=O)C(O)O
CCCCCC1CCCC(CCC)C1,0.5185185185185185,CCCCCCCC[C@H]1CCC[C@@H]1CCCCCCC
CC=CCCC(O)C(C)CCC,0.3888888888888889,CC/C=C\C/C=C\C/C=C\C/C=C\CC[C@@H](O)[C@H](C)N
CCSCC1=CC=CC1,0.3235294117647059,CCSCc1ccccc1O
C=CC(C)(CCC=C(C)CC)OC(C)C,0.45,C=C[C@@](C)(CCC=C(C)C)OC(C)=O
CCCCC(CO)OC,0.5517241379310345,CCCCCCCCCCCCCCCCOC[C@H](CO)OC
CC(CCc1ccccc1)CCc1ccccc1,0.5555555555555556,CCC(N)CCc1ccccc1
CC(C)C1=CC=CC(C(C)C)C1O,0.4,CC(C)C1=CC=C(C(=O)O)[C@@H](O)[C@H]1O
CCC=CCCC(C)C,0.4827586206896552,CC/C=C\C/C=C\C/C=C\C/C=C\CC[C@@H](O)[C@H](C)N
C=CC(=C)CCCC(C)CCCC(C)CC,0.7586206896551724,C=CC(=C)CCCC(C)CCCC(C)CCCC(C)C
CCCCC=CCC(O)C(C)CCC,0.4634146341463415,CCCCC/C=C\CC(O)C(O)CCCCCCCC(=O)O
CC(=O)C1C=CC2=CC=CCC21,0.2542372881355932,C[C@H]1C=C2C=C[C@H](C)[C@H](CC[C@@H](O)C[C@@H](O)CC(=O)O)[C@H]2CC1
CCCCCC1CC1C(C)O,0.45652173913043476,CCCCCCCCCCCCCCCCCCCCCCCC[C@@H](C(=O)O)[C@H](O)CCCCCCCCCCCCCCCC[C@@H]1C[C@@H]1[C@H](C)CCCCCCCCCCCCCCCCCC[C@H](O)[C@@H](C)CCCCCCCCCCCCCCCCCC
C1=c2ccccc2=CC1,1.0,C1=c2ccccc2=CC1
CC(C)C1=c2ccccc2=CC1,0.3333333333333333,C1=c2ccccc2=CC1
CC(C)CC(=O)CCCC(C)(C)N,0.3448275862068966,CC(C)CC(=O)O
COC1C=C(C(C)C)C=CC1O,0.375,C=C(O[C@@H]1C=C(C(=O)O)C=C[C@H]1O)C(=O)O
CCCC(C)CCCC(C)=O,0.5862068965517241,CCCC(C)CCCCCCCCCCC(=O)O
CCCCCCC(CCCCC)CCCCC,0.65,CCCCCCC(CO)CCCC
SC1=CCC=C1,0.36,C1=CC2=CCC=CC2=C1
CCCCCCCC,1.0,CCCCCCCCCCCCCCCCC
CCC1CC=CN=C1C(C)C,0.23255813953488372,CC[C@@H]1Cc2cc(O)ccc2C2=C1c1ccc(O)cc1C[C@H]2CC
CCCN(C)C(C)CCC(C)C,0.34615384615384615,CCCCCCCCCCCC(C)C
CCCC(CC)CCC,0.5384615384615384,CCC(CC)CC
C=C(CC)C(C)CC,0.4090909090909091,CC[C@@H](C)C(=O)O
CC1=CC(O)CC(C)(S)C1(S)CCNO,0.3018867924528302,CC1=CC(O)CC(C)(C)C1(O)/C=C/C(C)=C/C(=O)O
CCC=CC(=O)CCC,0.5217391304347826,CCC=CC(=O)O
CCC1C=CC(C)O1,0.30303030303030304,C[C@H]1C=C[C@H]([C@H](N)C(=O)O)O1
O=C(Cc1ccccc1)OCC1=CCC=C1,0.425,O=C(O)CC(=O)OCc1ccccc1
CC1CCC(C(C)C)C2(CCC(C)C2)C1,0.35714285714285715,CC1CCC(C(C)C)CC1
O=CCO,1.0,O=CCO
CCCC(C=O)CC,0.7142857142857143,CCCCC(C=O)CC
CC(C)=CCCC(C)CCCCCO,0.7037037037037037,CC(C)=CCC[C@H](C)CCO
CC1=CCC=CC1C,0.28,*C1C=CCC=C1
CC1=CC(C=CC=O)CC1,0.3488372093023256,CC1=C[C@H]2[C@@H](CC1)[C@H](C)CC[C@H]2[C@@H](C)C=O
COC1C=C(C(O)O)C=CC1C,0.2571428571428571,CC1C=CC(=O)O1
COCSCOC,0.46153846153846156,CCOC
CCC1C(C)CCCC1(C)C,0.4117647058823529,CC1CC[C@H]2C(C)CCCC(C)(C)[C@H]2C1
CCC1CC(C=O)=COO1,0.2972972972972973,CCC1CCC(=O)O1
CCC(C)COC(C)O,0.46153846153846156,CCC(C)COC(C)=O
OCS,0.5555555555555556,OCCS
CC(O)C1=CCCC1,0.29411764705882354,C/C1=C\C=C(\C(C)C)CC/C(C)=C/CC1
OCCC(O)O,0.5714285714285714,OCCC(O)CCO
C=C(CCCCO)OCCC,0.41935483870967744,CCCCCC(=O)OCCC
CC1=CC2CC=CC=C2O1,0.24242424242424243,CC1=CCCO1
CCOC(C)C1C=CCO1,0.2647058823529412,CCOC(C)C(C)=O
CC(C)=CCN,0.5555555555555556,CC(C)=CCCN
Cc1cccc(Cc2ccccc2)c1,0.6,CCc1cccc(C)c1
CCCCCCCCC1CCC(C)C1,0.4482758620689655,CCCCCCCC[C@H]1CCC[C@@H]1CCCCCCC
CCC(O)C(C)=CC1(C)CC2CCC1C2,0.25,C=C1[C@@H]2CC[C@@H](C2)[C@@]1(C)CCC=C(C)C
CC1COC(C)C1,0.6,C[C@H]1CO1
CCC(c1ccccc1)C1CC=CCC1,0.37142857142857144,CCC(C)c1ccccc1
CCCC(=O)C(C)(C)C,0.47368421052631576,CCCC(=O)CCC
CCC=CC1CC1CCC,0.3793103448275862,CCCC1CCCCC1CC
CC(C)CC(C)Cc1ccccc1,0.6521739130434783,CC(C)Cc1ccccc1
O=C(CCC=CC1C=CC=CC1)c1ccccc1,0.3902439024390244,O=C(O)CCC(=O)c1ccccc1
CC(C)(C)C1C=CC(CO)=CC1,0.3170731707317073,O=C([O-])C(=O)CC1=CCC(O)C=C1
CC(C)=C1CCC(C)CC1,0.45454545454545453,CC1CCC(=O)CC1
CC(=O)CC1(C(C)C)CC=CCC1,0.2608695652173913,CC(=O)CCC1=C(C)C=CCC1(C)C
CCC1C=CCC1CC(C)C,0.34285714285714286,CC(C)CC1C=CCCC1
CCCC(C)C(C)CCOC,0.4583333333333333,CCCC(C)C(C)CCCC(C)C
CCC(C)CC(C)COC,0.4782608695652174,CCCC(C)CC(C)CC
CC1CC=C(C(C)C)CC1,0.42424242424242425,CC(C)C1=CC2=C(CC[C@@H]2C)[C@@H](C)CC1
C=C(CCCCC)CCCCCCC,0.6,C=C(CC)CCCC
O=C1CCCCC1O,1.0,O=C1CCCCC1O
CC(C)CC1CCCC(C)(C)C1,0.3870967741935484,CC1CCCC(C)CCC(C)(C)CCC1
CCCOC(CCC)CCCNC,0.4074074074074074,CCCCNC
CCC(C)C(C)OC(C)C,0.42105263157894735,CCC(C)C(C)C
CCCCC(C)C(O)=S,0.5,CCCCC(O)CCCC
CCCC(=O)C=C(C)C,0.48,CCC/C(C)=C/C(=O)O
CC1=CC(C(C)C)SC1,0.3125,CC1=CCC(C(C)C)CC1
CSC1=C(C(C)(C)C)CC(C(=O)O)C(C)C1C(C)O,0.3111111111111111,C[C@@H]1COC(=O)[C@H]1[C@@H](C)O
CC=CC=CCCC(=O)O,0.7272727272727273,CC=CCCC(=O)O
CCCC(O)OC1C=C2CCC1(C)C2(C)C,0.23809523809523808,CC(=O)O[C@@H]1C[C@H]2O[C@@H]3C=C(C)CC[C@]3(C)[C@]1(C)[C@@]21CO1
C=C(C)C1OC=CC1C,0.3548387096774194,C=C(C)C1C=CC(C)CC1
CCNCCCCCCC(C)CC(C)C,0.4838709677419355,CCCCCC(C)CCCC(C)CC(C)CC(C)C
CC1=C(O)C=CCC1,0.36,O=C1C=CCC1
CCNCCCCCCO,0.6,CCNCCCNCCCCNCCCNCC
CCCCCC(=O)CCCC(C)C,0.6521739130434783,CCCCCCCCCCCCCCCC(=O)CCCCCCCCCCCCCCC
CC1CC(C)NC(OO)C1,0.24324324324324326,C=C(C)[C@@H]1CCC(C)C(OO)C1
CCC(C)OCCC(C)CCCC(C)C,0.5769230769230769,CCC(C)CCCC(C)CCCC(C)C
CCNCC1CC(C)CC(C)O1,0.2692307692307692,CCNCC
CC1=CC(O)CC(C)(C)C1(C)C=CC(O)O,0.40816326530612246,CC1=CC(O)CC(C)(C)C1(O)/C=C/C(C)=C/C(=O)O
COC(O)C1CCCC1,0.5,CC(O)C1CCCC1
CC(C)CC(C)CNC1C(C)CCCC1(C)C,0.3181818181818182,CC1CC[C@H]2C(C)CCCC(C)(C)[C@H]2C1
CC(C)=CCCC(C)(C)C1CS1,0.42424242424242425,C=CC(C)(O)CCC=C(C)C
CC(C)C(C)C(C)(C)C,0.36363636363636365,CC(C)C(C)C
CCCCCCNC(C)CCC1=CC=CCC1,0.3076923076923077,CCCCCCCCCCCNCCCCCCCCCCC
CC(O)c1ccccc1O,0.6818181818181818,CC(C)c1ccccc1O
C=CCCSOOC,0.3076923076923077,C=CCCCC
CCC(O)C(CC)CC(C)=O,0.44,CC(=O)CC(O)C(C)=O
C=C(CC(C)C)CC(C)S,0.3333333333333333,CC(C)CC(=O)O
CC(C)COCC(C)c1ccccc1,0.5185185185185185,CCC(C)c1ccccc1
CCCCCCCCSCC(O)OC,0.3939393939393939,CCCCCSCC(=O)O
CC1CCC(C(C)(C)C)OC1,0.3333333333333333,CC1CCC(C)CC1
CCC1=C(C)N=CC(C)C1,0.2647058823529412,CCc1cnc(C)cn1
C=C(O)C1NC1CCCCC,0.3157894736842105,CCCCCC[C@H]1C[C@H]1CCCCCCCCCC(=O)O
C=C1CCC(C)C1CCCCC,0.38095238095238093,CCCCC[C@@H]1C(=O)CC[C@H]1CC(=O)O
C=C(C=CCC)OCCCCCC,0.47058823529411764,C=CC(=O)OCCCCCCCCCCCC
CC1=CC=CC(C)C1,0.3103448275862069,CC1=CC=C[C@H](O)[C@@H]1O
CCC1C=CC(O)O1,0.25925925925925924,CCC[C@@H]1O[C@@H]1C
C=CC(C)(C)CCC1C(C)(O)CC=C2C(C)(C)C=CCC21C,0.30158730158730157,C=C[C@](C)(O)CC[C@@H]1[C@@]2(C)CCCC(C)(C)[C@@H]2CC[C@@]1(C)O
CC(C)CCCC(C)CCC(C)C,0.8666666666666667,CC(C)CCCC(C)CCCC(C)CCCC(C)C
COc1cc(C2CC(C)C(C)O2)ccc1O,0.5348837209302325,COc1cc([C@@H]2O[C@H](c3ccc(OC)c(OC)c3)[C@@H](C)[C@@H]2C)ccc1O
CC=CC(=O)CC1CCCCC1,0.5,O=C(O)CC1CCCCC1
COC(C)(C)CC(C)C,0.5,CC(C)CC(C)(C)C
CC1OC(C)C(C)C1=O,0.2962962962962963,CC1C=CC(=O)O1
CCCCC1CC=C(CC)N1,0.3076923076923077,CCCCC1COC(=O)C1
C=C(C)OC1C(=O)CCC1C,0.35135135135135137,C=C(C)[C@H]1CC[C@@H](C)CC1=O
CC1(C)CCCC2(C)C(C)(C)C3CCC12C3,0.4375,CC1(C)[C@@H]2CC[C@@]1(C)[C@](C)(O)C2
CCCC(=O)C1CCCCC1CC,0.43333333333333335,CCCC1CCCCC1CC
CC1CCCCC1C1CCCCC1,0.45454545454545453,C1CC[C@H]2[C@H](C1)CC[C@@H]1[C@@H]2CC[C@@H]2CCC[C@H]21
CC=CC(C)CCCC,0.4444444444444444,CCCCCCCCCCCCCC(C)C=O
CC(C)CC(C)OCCCCOCO,0.375,CC(COCCO)OCCO
C=C(C)C(C)CO,0.42857142857142855,CC(CO)C(=O)O
CCCCCCCCCCCC(C)C1=C(N)CC=CC1,0.40540540540540543,CCCCCCC(CCCCC)c1ccccc1
CC1=C(C(O)CCCCc2ccccc2)CCC=C1,0.35,CCCCc1ccccc1
CCCCCCCCC(CCC)CCC,0.5909090909090909,CCCCCCC(CO)CCCC
CCCC1OC=CC=C1C,0.2727272727272727,CC1=CC=C[C@H](O)[C@@H]1O
CCC1CCC(C=C(C)CCNC(C)C)C1,0.2564102564102564,CC(C)NCCN
CCCC1=C(C)CCC1,0.2631578947368421,CC(=O)CCC1=C(C)CCCC1(C)C
CCCCCC(C)OCCCC,0.5,CCCCOC(C)OCC
CCc1coc(C)c1,0.4782608695652174,Cc1coc(C)c1
C=CCCCC(C)C(=O)O,0.5555555555555556,CC(C)CCCC(C)C(=O)O
C=C(CCC)CCCCCC,0.5454545454545454,C=C(CC)CCCC
CCCC(C)CC(=CC(C)=O)C(C)C,0.4666666666666667,C=C(C)CC(C)CCC
CCC(C)=CCCC(C)CCO,0.6666666666666666,CC(C)=CCC[C@H](C)CCO
C=CCOC(C)CC,0.36,C=CCC(CC)CC
CCCCCCOC(=O)O,0.6666666666666666,CCCCCCCCOC(C)=O
COC(=O)C1CC1c1ccc(C)cc1,0.3333333333333333,COC(=O)[C@H]1[C@@H](c2ccc([123I])cc2)C[C@@H]2CC[C@H]1N2CCCF
CCCOCCCCCCC=CCO,0.6296296296296297,CCCCCC/C=C/CO
CC1=CCC2C3CC(C2C1)C1(C3)CC1C,0.3684210526315789,CC1=CC[C@@H]2[C@H](C1)C2(C)C
CCCCCc1ccccc1,0.85,CCCCc1ccccc1
CCOC(=O)C(CC1=CC=CCC1)C(C)C,0.34210526315789475,CCOC(=O)C(C)C
CC1CCC2CCC(C)C2C1,0.5,CC(C)[C@@H]1CC[C@H](C)[C@@H]2CC[C@H](C)C[C@H]21
CCC1=COC(CC)CC1,0.40625,CCC1CCC(=O)O1
OCCC1CCC=C1S,0.2391304347826087,CC1=CCC(C2=CCCC(CO)C2)C1(C)C
CCCC1CCCC1,0.5,CCCC1CCCCC1CC
C1=Cc2ccccc2C1,1.0,C1=Cc2ccccc2C1
C=C1CCC2C=CCCC2C1,0.30303030303030304,C1=CC2CCCC2C1
CCC1OCC(=O)C1S,0.38235294117647056,O=C1CO[C@H](CO)[C@@H](O)[C@@H]1O
CC1=C(C)CCC=C1,0.45454545454545453,O=C1C=CCC1
CCC1=CCC(C)=C1,0.4,CC1=CC1
c1ccc(CCCc2ccccc2)cc1,0.7333333333333333,c1ccc(CCc2ccccc2)cc1
CCCCCCCC(=O)CCCCC,1.0,CCCCCCCCCCCCCCCC(=O)CCCCCCCCCCCCCCC
CCC1(CC)CCCC1,0.3076923076923077,O=C(O)CC1(CO)CCCCC1
CCC(C)CC(C)SC,0.5,CCC(C)CC(C)C
CCCC(=O)OC1C=CC=CC1,0.35294117647058826,*OC(=O)CCC
CCC1=NC=C(C)CC1C,0.2647058823529412,CCc1cnc(C)cn1
CCCCC1CC(C(C)C)C(=O)O1,0.4594594594594595,CCCCC1CCC(=O)O1
Cc1ncoc1CCCC(C)C,0.32142857142857145,CC(C)CCCCCCC(C)C
CCCC(O)CC(C)C,0.6111111111111112,CCCC(O)CCC
CC1=CC=CC1C,0.4583333333333333,CC1=CC=C[C@H](O)[C@@H]1O
CCSCNC1CCCCC1C(C)CC,0.2972972972972973,CCCC(C)C1CCCC1
C=C(CCO)C(=CC)OCC,0.37037037037037035,[Li]C(=C)OCC
C=C(C)CCC(C)C,0.4782608695652174,CC(CCC(C)C)=NO
CSCC1=CC=CC1,0.3,C1=CCC2=CC=CC2=C1
C=COC(C)C,0.375,C=CC(C)C
CCC=CCCCCCOC(C)O,0.5,CC/C=C\CCCCCO
C=C(CC)CCCc1ccccc1,0.5357142857142857,CCCCc1ccccc1
CC1(C)C=COCC1,0.30434782608695654,C1=COCC1
CCCC1C=C(OC)C(O)C(OC)C1,0.2222222222222222,CCCC1CCOC(C)S1
CCC(O)CC1C=CC(C(C)(C)C)CC1,0.32558139534883723,NC(CC1C=CC(O)CC1)C(=O)O
CCCC(C)C(S)OC,0.38461538461538464,CCCC(C)C(C)CCCC(C)C
CCCCCCC1CCCC1C,0.75,CCCCCCCC[C@H]1CCC[C@@H]1CCCCCCC
CC1=CCC=CC1O,0.3783783783783784,C/C1=C\CC(C)(C)/C=C/C(O)/C(C)=C/CC1
C=C(CC)OC(C)c1ccccc1,0.41935483870967744,CCC(C)c1ccccc1
COC1=CC=C(C)ON1C,0.23333333333333334,COc1cc(C)cc(OC)c1
Cc1ccc(CC(=O)C(C)C)cc1,0.4444444444444444,Cc1ccc(CO)cc1
CCCC(C)CCc1ccc(OC)cc1,0.5,COc1ccc(CCN)cc1
COC(O)CO,0.4117647058823529,CC(O)CO
CCNC(C)OC=O,0.32,CCOC=O
CCCCCC(CCCC)OCCCC,0.4444444444444444,CCCCOC(C)OCC
Cc1cc(CC(C)C)oc1C,0.3,CC(C)Cc1ccccc1
CCC1CC(C)CCC1C,0.35,CC1CCC(C)CC1
CC(O)CCOCCOO,0.42857142857142855,CC(O)CCC(C)O
CC(C)CCCC=O,0.8,CC(C)CCCCCCCCCCCC=O
C=CC(=CC)CCC,0.4,C=CC(=O)CCCC
CCC1C=C(CC=N)C=CC1O,0.2631578947368421,O=C(O)C1=C[C@@H](O)[C@H](O)C=C1
CCC(C)CC1(C)CCCCC1(C)C,0.3333333333333333,CCC(C)CC
CC1=C(CC(C)C)CC(C)C1,0.25806451612903225,CC(C)Cc1ccccc1
CC1CC2C3CCC(C3)C2CC1C,0.4375,C1CC2CC3CCC2CC13
CCCCCCCCCCC(C(C)O)C(C)OCC,0.5555555555555556,CCCCCCC(C)O
COC(=O)C1CCCC1,0.9473684210526315,COC(=O)C1CCCCC1
CCCC(=O)C1C(C)OCCC1(C)C,0.2765957446808511,CCCC(=O)N[C@@H]1CCOC1=O
C=C1C=C(C)OC1,0.3076923076923077,CC1=CCCO1
CCC(C)CC(C)(C)C1CCC(C)CC1,0.3333333333333333,CC1CCC(C(C)C)CC1
CCCCCCC(CC)CO,0.8095238095238095,CCCCC(CC)CO
CC=Cc1ccc(OCO)c(OC)c1,0.7096774193548387,C/C=C/c1ccc(OC)c(OC)c1
CCC1=CCCC(O)=C1,0.26666666666666666,CCc1ccc(O)cc1
CCCCCC(C)CCC(C)=O,0.6206896551724138,CCCCCCCCC(C)CCCCCCCCC(=O)O
CCCCCCCCC1CCCC1=O,0.5277777777777778,CCCCCCCCCCCCCCCC1CCCC(=O)O1
CC(C)(C)CCOCO,0.3,COCO
CC=COO,0.3076923076923077,CC=CC
CCCC(=O)C(CO)CCC,0.48,CCCC(CCC)C(=O)O
CCC=CCCCC=CC=O,0.8636363636363636,CCC=CCCCCCCCC=CC=O
CC(=O)C=CC1C=C(C)CC(C)C1C,0.37777777777777777,CC(=O)/C=C/C1C(C)=CCC(C)C1(C)C
CC(C)C=CN,0.4117647058823529,CC(C)/C=C/O
CCCCCCCCCC(=O)CC,1.0,CCCCCCCC(=O)CC
CC(C)C1CCC(CCCO)CC1,0.4074074074074074,CC1CCC(C(C)C)CC1
CC(=O)C1CCCCO1,0.4230769230769231,CC(=O)C1CCCCC1
CC(C)CCC1(C)CCCCCC1,0.2916666666666667,CC(C)CCCCCCC(C)C
CC(O)c1ccco1,0.4166666666666667,Cc1ccco1
CCCC(C)SCC,0.42105263157894735,CCCC(C)CCC
C=C(C)CC,1.0,C=C(C)CC
CCCCCCCCC(=O)CC,1.0,CCCCCCCC(=O)CC
CCC(C)CCCC(C)CCCC(C)C,1.0,CCC(C)CCCC(C)CCCC(C)C
CC1CC2CC1(C)CC2(C)C,0.35714285714285715,CC12CCC(C1)C(C)(C)C2
CC(=O)C=CC1C(C)CCCC1(C)C,0.4634146341463415,C=C1CCCC(C)(C)C1/C=C/C(C)=O
CCCCCCCCCCCCCCCCN,1.0,CCCCCCN
C=C(CC(C)NC)OC,0.375,CCC(C)NC
COCSCCCC(=O)CCCC1C=COC1C,0.22580645161290322,CCCCC/C=C\C/C=C\C/C=C\CC1OC1CCCC(=O)O
CCCC1CC(C)=CC(O)C1,0.2826086956521739,CCC[C@@H]1CC(=O)N([C@@H](CC)C(N)=O)C1
CCCCCCCCCCCC(O)CCCCCCC,1.0,CCCCCCCCC(O)CCCCCCC
C=CCCCCCCC(=O)S,0.64,C=CCCCCCCCC(=O)O
CC1CCCCCCC=CCCCCCCC1C,0.5294117647058824,C1=C/CCCCCC/1
O=C(CCO)OCCCc1ccccc1,0.6388888888888888,CCCCC(=O)OCCc1ccccc1
C=CCCCCC=CO,0.5882352941176471,C=CCCCCC=C
CCC(C)C(C)C(C)COC,0.45,CCC(C)C(C)C
CCC(CC)CC1=CCCC=C1,0.29411764705882354,O=C(O)C1=CCCC=C1
C=C(CCC)C(CC)CC(C)C,0.34615384615384615,CCC(C)CC(C)C
CCCCCCC1=CCC=CS1,0.325,*c1cc(CCCCCC)c(*)s1
CC1=CCCC=N1,0.3,CC1=CC1
C=C(C)COCC,0.4444444444444444,C=C(C)CC
C=C(C)CCCC(C)CCC,0.5769230769230769,C=C(C)CC(C)CCC
CCCCCC1CCCC(C)C1,0.4827586206896552,CCCCCCCC[C@H]1CCC[C@@H]1CCCCCCC
C=CCCC(=O)C(C)CC,0.4444444444444444,C=CCCC(=O)O
CCCC(C)NCC,0.42105263157894735,CCCC(C)CCC
CCNC,0.45454545454545453,CCNCC
CCCCC1OC(O)CC1C,0.375,OC[C@H]1OC(O)C[C@@H]1O
CCCCCCCC(C)C,1.0,CCCCCCCCCCCC(C)C
Cc1ccc(CC(C)C)o1,0.56,CCc1ccc(C)o1
CC(=O)CCCC1=CCC=CO1,0.36363636363636365,CC(=O)CCCC(=O)O
Cc1occc1OC(C)O,0.3548387096774194,Cc1occc1SSc1ccoc1C
CCCCCCC(=O)CCC1=CCC=C1,0.5,CCCCCCCCCCCCCCCC(=O)CCCCCCCCCCCCCCC
C=C(CCC)CCC,0.5625,C=C(C)CCC
CCCC=CCC(C)C,0.6086956521739131,CCC/C=C/CC(C)CCC
C=CC1C(C)CCCC1(C)C,0.4,CC1CC[C@H]2C(C)CCCC(C)(C)[C@H]2C1
CCC(C)C1=CC=CCC1,0.3125,CCC(C)c1ccccc1
C=C(CC(C)C)C(=O)O,0.5454545454545454,CC(C)CC(=O)C(=O)O
CCCC1=CSC=CO1,0.25806451612903225,CCCc1ccccc1
CCC=Cc1ccccc1,0.5833333333333334,OCC=Cc1ccccc1
CSCC(SCO)C1C=CC2CCCC2=C1,0.22413793103448276,CC(C)=CCC[C@@H](C)[C@@H]1CCC(C)=C[C@H]1O
CCCC=CCCCC,0.7058823529411765,CC/C=C\CCCC
C=CC(=O)C(C)CC(C)(C)C,0.375,CC(CC(C)(C)C)CC(C)(C)C
CC=C(C)C(C)CCC(C)CC,0.44,CCC(C)CCO
CCCC(O)C(=O)C(C)CO,0.5,CCCC(O)C(=O)O
CC1=CC(C)CC(C)C1C,0.27586206896551724,CC1C=C(O)CC1
C=CC1(C)CCC(C(C)(C)O)C1,0.5,C=C[C@]1(C)CC[C@@H](C(C)(C)O)C[C@H]1C(=C)C
CCc1ccc(C2CC=C(C)O2)nc1,0.3,CCc1cnc(C)cn1
CCCCCOC(O)C1OC=CC=C1C,0.3170731707317073,CCCCCOC(C)OCC
CC(=O)CCCCCOCC(C)O,0.43333333333333335,CCCCCCCCCC(C)=O
CCCCCC(CC)CC,0.5714285714285714,CCCCC(CC)CO
CC(C)C1CCC(C)C23CCC(C)C2C13,0.5277777777777778,CC(C)[C@@H]1CC[C@@H](C)[C@@]23CC[C@](C)(O)[C@@H]2[C@@H]13
CCCCCC(C)CC(C)=O,0.6666666666666666,CCCCCCCCC(C)CC(=O)O
C=C=NCCCC,0.5454545454545454,CCCCN=C=S
CC(O)CCCCCC(C)O,0.7647058823529411,CCCCCCC(C)O
CC(C)OCC(CO)OC(C)C,0.35714285714285715,CC(O)COC(C)CO
CCCCCCCC(=O)C1=CCC(CC)C=C1,0.43902439024390244,CCCCCCCCC(=O)c1ccccc1
C=CCC1C=CC(O)C=C1,0.2727272727272727,C=CCO
CCCCC(CCC(C)C)CCC(C)C,0.5238095238095238,CCCCCCCCCCCC(C)C
CCCCCOOCOCC,0.39285714285714285,CCCCCCCCCCCCOCCO
C=C(C)C=Cc1ccccc1,0.6153846153846154,CC(=O)/C=C/c1ccccc1
C=C(CC)CCC1CCCC1,0.4642857142857143,O=C(O)CCC1CCCC1
C=CC(=C)CCCC(C)(C)C,0.72,C=CC(=C)CCCC(C)(C)O
CCCC(C)CCCCC1CCCCC1,0.4827586206896552,CCCC(C)CCCCC(C)CC
CCCC(CCC)CCS,0.4375,CCCS
CCCCC1=CC(C)C(C)O1,0.3333333333333333,CCCCCCCCCCCCCCC(O)C(O)CCCCCCCCCCCCCCC1=CC(C)OC1=O
CCC1C=CC(CS)=CN1,0.2,CCC1CC(=O)N1
CCC1CCC(OO)C1,0.28888888888888886,C[C@@]12CCC[C@H]1[C@@H]1CCC3CC(OO)CC[C@]3(C)[C@H]1CC2
CCC1NC=CCC1OC,0.23529411764705882,CCC1CC(=O)N1
CCC1=CC=CCC1C=O,0.3333333333333333,CCC1=CC=C[C@H](O)[C@@H]1O
CCCC(=O)CCCC(C)CCCC(C)C,0.5666666666666667,CC(C)CCCC(C)CCCC(C)CCC(=O)O
CCCc1ccc(C)c(OC)c1,0.48484848484848486,COc1ccc(CCN)cc1OC
CC=CCCC,0.6428571428571429,CC=CCCC=CC
CCC(C)C1=CCC(C)CC1,0.3333333333333333,CC(C)C1=CC2=C(CC[C@@H]2C)[C@@H](C)CC1
CC1C=CC=CC1C=O,0.24242424242424243,C[C@@H](C=O)[C@H]1CC[C@H](C)[C@H]1C=O
CCCC(CCC)c1ccccc1,0.7083333333333334,CCCCCC(CCCCC)c1ccccc1
c1ccc(Cc2ccncc2)cc1,0.6666666666666666,c1ccc(Cc2ccccc2)cc1
C=CC1CC(C)CCC1C,0.35714285714285715,CC1CCC2C(C1)C2(C)C
CC(C)C(=O)CO,1.0,CC(C)C(=O)CO
CC(=CCCC(C)Cc1ccccc1)CCCC(C)C,0.5476190476190477,C/C(=C/CCC(C)CCO)CC/C=C(\C)CC/C=C(\C)CCCC(C)C
CCCCCCOCCCCCC(C)O,0.7391304347826086,CCCCCCC(C)O
OC1=CC=CCC1O,0.25,*C1C=CC=CC1
CCOC(=O)C1=C(O)C=CCC1,0.42857142857142855,CCOC(=O)c1ccccc1C(=O)OCC
CCCCC1CCOS1,0.40625,CCCCC1CCCO1
CC1=CCC2C(C1)OC(C)C2C,0.34285714285714286,CC1=CC[C@@H]2[C@H](C1)C2(C)C
CC1=C(O)C(C)CC(C)(C)C1,0.325,CC1=C2CC(C)(C)C[C@@H]2[C@H](C)CC[C@H]1CO
CC1=CC(O)C(C(O)CCS)CC1,0.525,C/C1=C\[C@H](O)[C@@H](C(C)C)CC/C(C)=C/CC1
CC1=C(C(=O)OC2CCCCC2)C=COC1,0.4,O=C(O)c1ccccc1C(=O)OC1CCCCC1
CSC(O)CC(C)O,0.42105263157894735,C[C@@H](O)CN
CCCC(CCC)C(C)C,0.5,CCCC(C)CCC
CC1=S(CCO)C=CO1,0.23333333333333334,OCc1ccc(CO)o1
CCCC(O)C(C)Cc1ccccc1,0.4827586206896552,CC(C)Cc1ccccc1
CCCCCCCCCCCC(=O)CC(C)C,0.6521739130434783,CCCCCCCCCCCCCCCC(=O)CCCCCCCCCCCCCCC
CC1CC(C(C)C)CC(C)S1,0.391304347826087,CC1CCC(C(C)C)CC1
CC1C=CC=CC1,0.45454545454545453,*C1C=CC=CC1
CCC(C)c1ccc(C)c(C)c1C,0.45454545454545453,Cc1ccc(C)c(C)c1C
CCSCCC(C)C,0.4444444444444444,CCSCC[C@H](N)C(=O)O
CCCC(=O)OC1(C)CC(C)CO1,0.3333333333333333,*OC(=O)CCC
CSCCC1CCC(C)O1,0.2903225806451613,CSCCS(=O)(=O)[O-]
CC(C)CCCC(C)CCC(C)CO,0.8947368421052632,CC(C)CCC[C@H](C)CO
C=C1CCC2CCC(C)CC2C1,0.3125,C=C1CCC(C(C)C)CC1
CCC(O)C1OC(C)C(O)C1O,0.41935483870967744,OC[C@@H](O)[C@H]1O[C@@H](O)[C@H](O)[C@@H]1O
CC(C)C1CC(=O)CO1,0.4375,CC1CCC(C(C)C)OC(=O)C1
CCNCC(C)(C)C,0.4666666666666667,CCNCC
CC(C)CC(O)CCc1ccccc1,0.45454545454545453,CCC(N)CCc1ccccc1
CCCCCCCCC(O)C=O,1.0,CCCCCCCCCCCCCCC(O)C=O
COC(C)C1CCCC=C1CC(C)O,0.27586206896551724,CC(C)[C@@](O)(C(=O)OCC1=CCN2CCC[C@@H]12)[C@H](C)O
CCCC1C=CC=C1,0.30434782608695654,CCC[C@@H]1O[C@@H]1C
CC(C)CC1CCCC(C)C1,0.39285714285714285,CC(C)[C@@H]1CC[C@H](C)CCC[C@H](C)CC1
C=CCOC(O)C(C)C,0.34615384615384615,C=CCC(C)C(C)C
CCC(C)C(O)Cc1ccccc1,0.5185185185185185,CC(C)Cc1ccccc1
CC=C(C)C(O)CC,0.4090909090909091,CCC(O)C(=O)O
c1ccc(CCCC2CCCC2)cc1,0.4482758620689655,CCCCc1ccccc1
CC1CCC2(C1)C(C)CCCC2(C)C,0.4411764705882353,CC1(C)C2CCCC(C)(C)[C@]23CC[C@H]1C3
CCCCOCCC(O)C1=CCC=C1,0.3611111111111111,CCCCOCCO
CC(=O)C(C)C(C)O,0.5625,CC(=O)[C@@H](C)O
O=C(CCC1=CC=CCC1)OCCCc1ccccc1,0.4666666666666667,CC(=O)OCCCc1ccccc1
CCCCCC1CCCC(C)N1,0.4666666666666667,CCCCCCCC[C@H]1CCC[C@@H]1CCCCCCC
CCC(CC)CCC1CC=C(C)C1(C)O,0.3902439024390244,CC1=CCC(CC=O)C1(C)C
COC1CC=CCC1,0.2631578947368421,C1=CCC1
CCCCCCCCCC(O)CC(CCCCCOCO)C(C)C,0.46153846153846156,CCCCCCCCCCCCCCCCOC[C@@H](O)CO
CCC1C=CC(O)=CC1,0.275,O=C([O-])C(=O)CC1=CCC(O)C=C1
CC(C)CC(C)(C)O,0.6111111111111112,C[C@H](O)CC(C)(C)O
CC(CN(C)O)c1ccccc1,0.5769230769230769,CCC(C)c1ccccc1
CC(C)OC(=O)CC1CCCCC1,0.4827586206896552,O=C(O)CC1CCCCC1
CC1=NC(CC(C)C)CCC1O,0.2765957446808511,CC(C)C[C@@H]1NC(=O)[C@@H]2CC[C@@H](O)N2C1=O
C=CC(C)(C)CC(C)=O,0.4782608695652174,CC(=O)CC(C)(C)O
CCCC(C)C(C)C,0.6428571428571429,CC(C)C(C)CCC(C)C(C)C
CCC(=O)CC(C)C,0.5294117647058824,CCC(=O)CC
CC(C)CCCC(C)CCNC(O)CC(C)C,0.5,CC(C)CCCC(C)CCCC(C)CCCC(C)C
CC1CCC(C(C)c2ccccc2)O1,0.47058823529411764,CC(c1ccccc1)C1OCCO1
CCCC1CC=CO1,0.2857142857142857,CCC[C@@H]1O[C@@H]1C
CC(C)CCC1=CONC=C1,0.2894736842105263,Cc1cc(C)c(CCC(C)C)c(C)c1C
CCCCCCCC(C)CC(C)C,0.782608695652174,CCCCCC(C)CCCC(C)CC(C)CC(C)C
CCC=C(C)C(C)CCC,0.4230769230769231,CCCC(C)C(=O)O
CCCCC(C)CCC,0.7777777777777778,CCCCCCCC(C)CCC
CCCCC1CCC(CC)C1,0.36363636363636365,CCCCC1COC(=O)C1
CCCC(CCC)CNC,0.35,CCCC(C)CCC
OCC1=CCC=N1,0.25925925925925924,OCc1ncccn1
CC(=O)C1C(C)OC(C)C1C,0.2962962962962963,C[C@@H]1O[C@@H]1P(=O)(O)O
CCCCCCCCCC(C)OCC,0.5217391304347826,CCCCCCCCCCCC(C)C
CCCCCCOCCC(C)CC(C)C,0.5172413793103449,CCCCC(C)CC(C)CC(C)C
CCC(=O)CC1(C)CCCCC1(C)C,0.36,CCC(=O)CC
CCCN1C=CC(OC)=CO1,0.23076923076923078,COCCN1C(=O)C=CC1=O
CCCC(=O)CC(C)CCC,0.5,CCCC(=O)CCC
CCC1=CC(C)C(C)O1,0.30303030303030304,C[C@@H]1O[C@H]1C1=C[C@H](O)[C@@H](C)OC1=O
C=Cc1ccc(C)cc1,0.5238095238095238,Cc1ccc(C=O)cc1
OCN1C=CC2=C(C1)OCC2,0.21875,O=C1CCO1
CNC1C=CC=CC1C,0.25,C1=CC2C=CC=CC2C=C1
CCCCCCC1CCC(C)N1,0.43333333333333335,CCCCCCCC[C@H]1CCC[C@@H]1CCCCCCC
C=CCCCCCC(=O)CCC,0.5714285714285714,C=CCCCCCCCC(=O)O
C=CCCC(=O)C(C)=O,0.5652173913043478,C=CCCC(=O)[O-]
CC(C)CCCCC1C=CC=CC1,0.35714285714285715,CC(C)CCCCCCC(C)C
CCCC(C)CCC1=CC=CCC1,0.3793103448275862,CCCC(C)CCC
C=C(C)C1CCC(C)CC1C,0.41379310344827586,C=C(C)[C@@H]1CC[C@H](C)[C@H](O)C1
CCC(C)(C)C,0.5,*C(C)(C)CC
COc1cc(C(C)O)ccc1O,1.0,COc1cc(C(C)O)ccc1O
CCCCCN(CC)OC,0.43478260869565216,CCCCCCCCCCCCN(CCCCCCCCCCCC)CCCCCCCCCCCC
CC1CC(S)CO1,0.5294117647058824,C[C@H]1CO1
CC1CCCC(C)(C)C1CC=O,0.3684210526315789,CC1CC[C@H]2C(C)CCCC(C)(C)[C@H]2C1
COC1C=CC(C=O)C(O)C1,0.2631578947368421,CO[C@@H]1O[C@H](C)[C@@H](O)C[C@@H]1O
CCCCCC(=O)CCCC,0.8823529411764706,CCCCCCCCCCCCCCCC(=O)CCCCCCCCCCCCCCC
CC1=CC(N)C(C(C)S)S1,0.20588235294117646,CC(O)c1ccc(O)cc1
COC(C)C1CCCC1,0.47619047619047616,CC(O)C1CCCC1
CCCCCCCc1ccccc1,0.8095238095238095,CCCCc1ccccc1
COC(C)CCCc1ccccc1,0.4827586206896552,CCCCc1ccccc1
CCCCCC1CCC(=O)C1,0.4444444444444444,CCCCCCCCC1CCC(=O)O1
C=C(CCCCCCCOCCCCCC)OC,0.5172413793103449,CCCCCCCCCCCCOCCO
CC1=CC(C=O)CC=C1,0.2972972972972973,CC1=C[C@H](O)[C@@](O)(C(=O)O)C=C1
CCC(=O)C(O)O,0.5789473684210527,CCC(=O)C(O)CC
CCCC(C)CCCC(C)C,1.0,CCCC(C)CCCC(C)CCCC(C)CCCC(C)C
CCc1cc(C)cnc1C,0.34375,Cc1cnc2ccccc2c1
CCCC(C)(C)c1ccccc1,0.4827586206896552,CC(C)(C[Sn](CC(C)(C)c1ccccc1)(CC(C)(C)c1ccccc1)O[Sn](CC(C)(C)c1ccccc1)(CC(C)(C)c1ccccc1)CC(C)(C)c1ccccc1)c1ccccc1
C=C(O)C(O)Cc1ccccc1,0.6153846153846154,O=C(O)[C@@H](O)Cc1ccccc1
CCCCCCC(C)CC(C)=O,0.7037037037037037,CCCCCCCCC(C)CC(=O)O
CCCCC1N=CC(C)CC1C,0.275,CCCCC1COC(=O)C1
CCOC(=O)OCSc1ccccc1,0.47058823529411764,CCOC(=O)c1ccccc1
CCCCSCC=C=O,0.3448275862068966,CCCCSP(=O)(SCCCC)SCCCC
CCC(=O)C(C)CC1C(C)=CCOC1(C)C,0.3170731707317073,CCCC(C)C(=O)CC
CCCOC(=O)CCCc1ccccc1,0.7647058823529411,CCCCC(=O)OCCc1ccccc1
COCCCCc1ccco1,0.6333333333333333,CCCCCc1ccco1
CCC(C)C1N=CCO1,0.4,CCC(C)C1OCCO1
CCCCC(=O)CCC(C)CC,0.5,CCCCCCCCCCCCCCCC(=O)CCCCCCCCCCCCCCC
CC(S)CC(=O)CCc1ccccc1,0.5454545454545454,O=C(CCO)CCc1ccccc1
CCC=CCCCC(O)C(CC)CC,0.4444444444444444,CC/C=C\CCCC
CCCCC(O)O,0.6470588235294118,CCCCC(O)CCCC
C=C(CC(C)S)CC(C)(C)C1CCC(C)CC1,0.2777777777777778,CC1CCC(C(C)C)CC1
CCC1=CC=CCC1,0.2727272727272727,C1=CCCC=C1
CCCC(CC)CCCC(C)C,0.5652173913043478,CCCC(C)CCCC(C)CCCC(C)CCCC(C)C
CC12C=CC(CC1)C(C)(N)C2,0.2727272727272727,CC12CCC(C1)C(C)(C)C2
CC(=O)CCCC(C)S,0.48,CC(=O)CCC(C)O
CC(=O)OCC=C(C)OCCC(C)C,0.6428571428571429,CC(=O)OCCC(C)C
c1ccc(CCCCc2ccccc2)cc1,0.7368421052631579,NCCCCc1ccccc1
Cc1ccc2c(c1)C(C)OC2C,0.375,Cc1cccc(C)c1
CCC1=COC(C)C=C1,0.3333333333333333,CC1C=CC(=O)O1
CCC1C=CC=N1,0.21739130434782608,*C1C=CC=C1
CC(C)CCC(CCC(C)C)CC(C)C,0.3888888888888889,CC(C)CCCCCCC(C)C
CC=CC1=CC(OC)C(CCC)C=C1,0.23809523809523808,CC=Cc1ccc(OC)cc1
CSC1=CCC(C)C=N1,0.21875,CSc1ncncn1
CC(C)CC(C)C1C=CC=CC1C,0.25925925925925924,CC(C)CC(C)C(C)C
CC(C)=CC1=CC(C)CCO1,0.3333333333333333,CC1C=C(O)CC1
O=c1cccco1,1.0,O=c1cccco1
C=C(C)C1=CCC(C)C=C1,0.36363636363636365,CC(C)=C1C=CC(C)CC1
CON(O)CCc1ccccc1,0.45454545454545453,COC(=O)CCc1ccccc1
CCCCc1ccc(C)cc1,0.6086956521739131,CCCCc1ccccc1
CC1CC=CC1,0.35714285714285715,CC1CCC(C)CC1
CC1C=CC(CO)=CN1,0.23529411764705882,CC(C)c1ccc(CO)cc1
CCC(C=O)CO,0.5,CCCCC(C=O)CC
CCC(=O)C1CCCC=C1CC,0.4523809523809524,CCCCC(=O)C1CCCC=C1C(=O)O
CC=CC(=O)CCCC(C)CCCC(C)C,0.53125,CC(C)CCCC(C)CCCC(C)CCC(=O)O
CCCC(S)Cc1ccccc1,0.48148148148148145,CC(C)Cc1ccccc1
C=CC(C)CCCC(C)CC,0.5357142857142857,C=CCCCCCCCCCCCCCCC(C)CC
CSc1ccccc1S,0.391304347826087,CSc1ccccc1
CC(C)=CCC1C=CC=C1C,0.41935483870967744,CC1=CC=C[C@H](O)[C@@H]1O
CC(=O)OC(C)CCCO,0.6923076923076923,CC(=O)OC(C)CCCC(C)C
CCCC(C)CCC(C)C,0.7333333333333333,CCCC(C)CCC
CCOCCCCCCC=CC(C)C,0.42424242424242425,CCCCCC/C=C/C(C)O
C=CCCC(O)CCCC,0.6363636363636364,CCCCC(O)CCCC
CC(C)CCCCCCCCCCCO,1.0,CC(C)CCCCCO
CCC(C)CCC1CCCCC1C(C)(C)C,0.3333333333333333,CC[C@@H](C)CC[C@H]1[C@@H](C)CC[C@H]2C(C)(C)CCC[C@]12C
CC(C)CCC1CCCC1C,0.3235294117647059,CC(C)CCCC(C)C1CCC(C)CC1
C=CC1=CCCC1C,0.3191489361702128,C=CC1=CC[C@@H]2[C@H](CC[C@@H]3C(C)(C)C[C@H](O)C[C@@]23C)[C@@H]1C
CC1C=CCC1O,0.28,C1=CC2C=CC2C1
C=CCC1CCC(CC=C)C(CC)C1,0.3076923076923077,C=CCC
CCC1C=C(C=O)C=CC1,0.2692307692307692,CCCCCCCCCCCCCCC[C@H](O)C[C@@H](O)C[C@@H](O)C[C@@H](O)C[C@@H](O)C[C@H]1CC=CC(=O)O1
CC(=O)c1cccc(C)c1,0.68,Cc1cccc(C(=O)O)c1
CCCCCC(=O)CCC(C)C,0.6521739130434783,CCCCCCCCCCCCCCCC(=O)CCCCCCCCCCCCCCC
CC(C)C(=O)CCCS,0.4782608695652174,O=C(O)CCCS
CCCC1=CC2NCOC2C=C1,0.20512820512820512,CCCc1ccccc1
CC(C)CCC1(O)C(C)CC(O)CC1(C)S,0.3076923076923077,CC1CC(O)CC(C)(C)C1
O=C(CC1=COCC=C1)C1CCC=CC1O,0.27450980392156865,O=C([O-])C(=O)CC1=CCC(O)C=C1
C=C(C)CC(=O)C=CCCC,0.5185185185185185,CCCC=CC(=O)O
CC(O)C1C=CCC1,0.34615384615384615,CC(O)C1CCCC1
CCCC(C)C(C)(C)C(O)CCC,0.43478260869565216,CCCC(C)O
CC(=O)C1C=CCCC1C(C)C,0.2894736842105263,CC(C)CC1C=CCCC1
C=CC(C)(CC)Cc1ccccc1,0.4666666666666667,CC(C)(N)Cc1ccccc1
CSc1ccc(C(O)O)cc1,0.5217391304347826,CSc1ccc(O)cc1
C=C(CCC)C(C)O,0.42857142857142855,C=C(C)CCC
CCCC(C)OC=O,0.391304347826087,CCCC(C)CC
CCCCC1CC(=O)C2CCCSC12,0.3333333333333333,CCCCCCCC[C@H]1CCC[C@@H]1CCCCCCC
CCC(C)C1=CC=CCC1NCCCc1ccccc1,0.3409090909090909,CCCCc1ccccc1
CCCCC1CC1C=O,0.37142857142857144,CCCCCC[C@H]1C[C@H]1CCCCCCCCCC(=O)O
CCC(C)(C)CC(C)=O,0.5238095238095238,CC(=O)CC(C)(C)O
CCCCCC(=N)C(C)O,0.5,CCCCC[C@H](C)O
C=CC(C)=CCCCCC,0.48,C=CCCCCCCCCCCCCCCC
CCC(O)CCCCCCCCC(=O)OC,0.6774193548387096,CCC(C)CCCCCCCCCCC(=O)OC
C=CCC1C=CC(OC)C=C1,0.2571428571428571,C=CCc1ccc(OC)cc1
CCCC(C)CCCC(C)(C)O,0.5517241379310345,CC(CC=O)CCCC(C)(C)O
C=CC(C)(CCCC(C)S)CC(C)OOC,0.30952380952380953,C=CC(C)CCCC(C)(C)O
CC(C)(C)CCCC(N)CC=O,0.45454545454545453,CC(CC=O)CCCC(C)(C)O
CC(=O)CCCC(C)OCC=C(C)C,0.40625,CC(=O)CCC=C(C)C
CNC1=CCCCC1C(=O)CC(C)C,0.375,CCCCC(=O)C1CCCC=C1C(=O)O
CC1CC(C)C(NC(C)O)C1,0.2647058823529412,CC(C)[C@@H]1CC[C@@H](C)C[C@@H]1O
CCC1=CC=C(C(CC)CC)CC1,0.3125,CC1=CC=C(C(C)C)CC1
CCCCCOCCCCCCC(O)CCC,0.75,CCCCCCC(O)CCC
COC1CCCCC1O,0.47368421052631576,O[C@@H]1CCCC[C@H]1O
CC(C)=CCCC(C)CCCC(C)CCCC(C)CCCCC(C)CCCC(C)CCCC(C)CCCC(C)C,0.6071428571428571,CC(C)=CCC[C@H](C)CCO
CC1CCC(C(C)O)C2(C1)OC(C)C(C)O2,0.2972972972972973,CC(C)[C@@H]1CC[C@@H](C)C[C@@H]1O
CCCCCCCC(=O)CCCC,0.9411764705882353,CCCCCCCCCCCCCCCC(=O)CCCCCCCCCCCCCCC
CC=CCCC(C)C,0.5294117647058824,CC=CCCC=CC
CC(C)C1=CC=CCC1,0.4444444444444444,CC1=CC=C(C(C)C)CC1
CC1=CN=CC1,0.3888888888888889,CC1=CC1
C=C(CCC)C(C)C(C)CC(C)=O,0.4074074074074074,CCCC(C)=O
CCOC,1.0,CCOC
CC(C)C(S)C(C)C,0.5,CC(C)S
CCCCCCCCCCCCC,1.0,CCCCCCCCCCCCCCCCC
CC(O)OC(C)C1CCC(C)C1(C)C,0.30952380952380953,CC(C)[C@@H]1CC[C@@H](C)[C@@]23CC[C@](C)(O)[C@@H]2[C@@H]13
CCC(O)OC1CCCCCCC1,0.3333333333333333,CCOC(=O)C1CCCCC1
CCCCCC(C)OCOC,0.42424242424242425,CCCCCCCCC(C)OC(=O)CC
CCCCCCCCC1COC(C)C1,0.43243243243243246,CCCCCCCCCCCCN1CC(C)OCC1C
CCOSC,0.42857142857142855,CCOCC
COC(C)C,1.0,COC(C)C
CC1=CCC(C(C)C)C(O)=C1,0.4594594594594595,CC1=CC[C@@H]2C(=C1)[C@@H](C(C)C)CC[C@H]2C
CCCSCCCCCCOC(C)O,0.35294117647058826,CCCCCOC(C)OCC
CCC1C=C(OC)C(CC)CC1,0.23529411764705882,CCCN[C@@H]1CCc2c(OC)cccc2[C@@H]1C
C=C(C)C(C)CCCC(C)O,0.4583333333333333,CCCCC(C)O
CCCCOCCCNC,0.6,CCCCNC
CC(C)CCCC(C)CCCC(C)CCCC(C)CCCC(C)O,0.7222222222222222,CC(C)CCCC(C)CCCC(C)CCCC(C)C
C=C(C=Cc1ccccc1)CC,0.5,CC(=O)/C=C/c1ccccc1
CCCCCCCC=CNC,0.6190476190476191,CCCCCCCC/C=C\CCCCCCCC
COC1CCCCC1C(=O)CC(C)C,0.3235294117647059,CC(C)CC(=O)OO
O=C1CCC(S)C1O,0.37037037037037035,O=C1CCCCC1O
CC(=O)C1CCCCN1,0.64,O=C(O)C1CCCCN1
CC(=O)c1ccc(C)nc1C,0.41935483870967744,CC(=O)c1ccc(O)cc1C
CC(S)OCCC(O)O,0.3333333333333333,CC(O)CCC(C)O
CCSc1cc(C2CCC(C)C2)ccc1O,0.27906976744186046,Oc1ccc(Cl)cc1Sc1cc(Cl)ccc1O
CCC(C)C1CCCC1,0.6363636363636364,CCCC(C)C1CCCC1
OC1CCC=C1S,0.25806451612903225,OC1CCc2ccccc21
C=CCC(CCCCC)CC(C)C,0.5161290322580645,C=CCCC(C)CCCCC
C=CC1CC(C)CC(C)C1C,0.36363636363636365,C=C[C@H]1C[C@@H](C)C[C@@H](C)[C@@H]1c1c(O)ccn(O)c1=O
CCCC(C)CCC=C(C)C,0.68,CC(C)=CCC[C@H](C)CCO
CC(=O)CCCCc1ccccc1,0.7037037037037037,O=C(O)CCCCc1ccccc1
CCC(C)(CCCC(C)C)OC(C)O,0.5357142857142857,CCC(C)(O)CCCC(C)C
CCCCCCCCC(=O)CC(C)C,0.6521739130434783,CCCCCCCCCCCCCCCC(=O)CCCCCCCCCCCCCCC
CC1C=CC(CO)S1,0.25,CC(C)=C1C=CC(C)CC1
CC1=CCC(OC(C)C)C=C1,0.5161290322580645,CC1=CC[C@H](C(C)C)C=C1
C=C(C)C=C(C)C,0.4666666666666667,C=CC(=C)C
CC1C=CSC1OC1NC1(C)C,0.1951219512195122,CC1NC(C(=O)O)C(C)(C)S1
CC(=O)CCC1CCC(C(C)S)CC1,0.35294117647058826,O=C(O)CCC1CCCC1
CCCCC1OCCS1,0.4666666666666667,CCCCC1CCCO1
CC1C(O)C(O)CC1C(O)CN,0.3181818181818182,NC[C@@H](O)[C@H]1O[C@@](O)(C(=O)O)C[C@@H](O)[C@H]1O
CSC1(C)CCCCCCCCCNC1,0.3333333333333333,C1CCNCC1
CCC1CCCC=C1C,0.30952380952380953,CCCCC(=O)C1CCCC=C1C(=O)O
CCC1=C(C(C)=O)C=CCC1,0.3225806451612903,O=C1C=CCC1
CCCCCCCOCC=O,0.5384615384615384,CCCCCCCCOC=O
OCC1=CC=CC1,0.3333333333333333,C1=CCC2=CC=CC2=C1
C=Cc1cccc(CC)c1,0.5,CCc1cccc(C)c1
C=C1C(C)CC23CC1C(C)(C)C2CCC3C,0.7142857142857143,C=C1C(O)C[C@@]23C[C@@H]1C(C)(C)[C@@H]2CC[C@H]3C
CCCCCCCC(=O)CCCc1ccccc1,0.6060606060606061,CCCCC(=O)Cc1ccccc1
NC1=C(C(=O)CCc2ccccc2)C=CCC1,0.47368421052631576,O=C(CCc1ccccc1)c1ccccc1
CC(O)C1C=CS2=CC=CC=C2N1,0.19047619047619047,CC1=CC=C[C@H](O)[C@@H]1O
CCC1C=CC(CC)C=C1,0.26666666666666666,CC/C=C\CC
CCC1(C)CCC(C)C1,0.40540540540540543,CC[C@]1(C)CC[C@H]2[C@@H](CC[C@H]3C(C)(C)CCC[C@]23C)C1
C=CCC1=CC=C(O)CC1,0.375,C=CCc1ccccc1O
C=C(Cc1ccccc1)c1ccccc1C,0.4666666666666667,Cc1ccccc1C(=O)O
CC=Cc1ccc(NC(C)CC(C)C)c(CC)c1,0.3404255319148936,CC=Cc1ccc(O)c(OC(C)C)c1
CCCCCCCOCCCCS,0.6842105263157895,CCCCCCCCS
CC(CCCCO)c1ccccc1,0.5,CCC(C)c1ccccc1
COC1CCCCC1OC,0.35294117647058826,CC1CCCC1
CC(O)CCC1CCCCC1,0.4090909090909091,CC(O)CCC(C)O
CCC(C)C(O)OCc1ccccc1,0.4594594594594595,C[C@H](O)[C@@H](C)C(=O)OCc1ccccc1
CCCCCC(C)OC(O)CC(C)C,0.46875,CCCCCC(C)CCCC(C)CC(C)CC(C)C
CCCCC(C)CCC(C)C,0.8,CCCCCCC(C)CCC(C)C
COC(=O)CCCCNCO,0.625,COC(=O)CCCCCCCCC(=O)OC
CCC1CCCC1,0.4090909090909091,CCCC1CCCCC1CC
C=C(CC)CCCC(C)C=O,0.5,CCCCCCCCCCCCCC(C)C=O
CCOCCC(C)O,0.47619047619047616,CCCC(C)O
CCC1CC(C)=CC(C)S1,0.2571428571428571,CC1=CCC(=C(C)C)CC1
CC(C)(C)c1ccccc1,0.5789473684210527,CC(C)(O)c1ccccc1
CCCC1CCC(CO)C=C1OC,0.2558139534883721,CCCC1CCOC(C)S1
CC(=O)C1=CC(C)CC=N1,0.2777777777777778,CC(=O)c1cnccn1
CCOC(O)C1=CCCC=C1CO,0.2631578947368421,CCOC(C)C(=O)C(O)O
COC1C=C(C(C)=O)C=CC1OO,0.35714285714285715,C=C(O[C@@H]1C=C(C(=O)O)C=C[C@H]1O)C(=O)O
CCC(C)C1=CC(C)=C(C)CC1,0.3235294117647059,CCC(C)c1ccccc1O
CC(C)CNN,0.4444444444444444,CC(C)CNO
CCOC(=O)C1C=CC(O)C(C)=C1,0.358974358974359,CCOC(=O)C1CCC(=O)CC1
C=C(C)C1CCC(C)(O)C(C)C1,0.6666666666666666,C=C(C)C1CCC(C)(O)C(O)C1
CC(C)C1CCCC(O)C1,0.4074074074074074,CC(C)[C@@H]1CC[C@H](C)CCC[C@H](C)CC1
CCC1CC=C(O)CC1,0.36666666666666664,CC1C=C(O)CC1
CCC=C(C)C(C)OCCCCCC,0.42424242424242425,CCCCCOC(C)OCC
CC1C=C2C(C)CC(C)C2CO1,0.25925925925925924,C[C@H]1CO1
C=CCCOCCSCCCC,0.42857142857142855,C=CCCCC
CCCCC1CCCC1,0.4444444444444444,CCCCC1CCCO1
CCC(C)CCS,0.5555555555555556,CCCC(C)CC
CSN1C=NC=CO1,0.15625,CSc1ncncn1
CC(C)CC1=NC2C=CC=CC2C=C1,0.25,CC(C)Cc1ccccc1
CC(=O)C1C=C2CCCCC2O1,0.3235294117647059,CC(=O)C1CCCCC1
CC(=O)CC(C)C(C)NCO,0.35714285714285715,CC(=O)CC(O)C(C)=O
CCCCCCCC(CC)CC,0.5909090909090909,CCCCCCC(CO)CCCC
OC(O)C1CCCCC1,0.5263157894736842,CC(O)C1CCCC1
CC1CCC(C(C)(C)N)C(C)C1,0.43333333333333335,C[C@@H]1CC[C@@H](C(C)(C)O)[C@H](O)C1
CC(C)C(O)CC(C)(C)Cc1ccccc1,0.45161290322580644,CC(C)(N)Cc1ccccc1
CCCCCC(C)(C)CC(C)C,0.5652173913043478,CCCCCC(C)(C)CC
C=CCCC(=O)CCO,0.5217391304347826,C=CCCC(=O)O
CC1CCC(C(C)CO)CC1,0.5357142857142857,CC(C)CCCC(C)C1CCC(C)CC1
C=CCCC(=O)CCC1C=CNC=C1,0.36363636363636365,C=CCCC(=O)O
CCC1CSC(CC)S1,0.22857142857142856,CCCC1CCOC(C)S1
CC1CCC(C(C)(C)OC=O)OC1,0.2619047619047619,CC1CCC(C(C)C)OC(=O)C1
CCC(C)c1ccccc1,1.0,CCC(C)c1ccccc1
CCC(C)C1CC(C)C(CC)O1,0.34375,CCC(C)C1OCCO1
CC(C)SC(C)C(C)O,0.4,C[C@H](O)[C@H](C)O
COC1=CCNCC1,0.36363636363636365,COc1cc2c(cc1OC)CNCC2
c1ccc(Cc2ccccn2)cc1,0.5384615384615384,ClCc1ccccn1
CCS1(C)CC(=O)C(C)=C(C)C1C,0.25,CC/C=C\CC1=C(C)[C@@H](O)CC1=O
C=C(C=CC)C1C(C)CCCC1(C)C,0.34146341463414637,CC1CC[C@H]2C(C)CCCC(C)(C)[C@H]2C1
CCCC(O)C(C)C(C)C,0.5,CCCC(C)O
CC(O)COC(=O)c1ccccc1O,0.6060606060606061,CC(C)COC(=O)c1ccccc1C(=O)OCC(C)C
CCCCCC(C)CCCC(O)CCC1CCC(C)(C)C1,0.40540540540540543,CCCCCC(O)CCCCC
CC(C)CCCC(C)CC1CCCO1,0.42857142857142855,CCCCC1CCCO1
CCC(Cc1ccccc1)OC,0.48148148148148145,CC(C)Cc1ccccc1
CCCC(C)C(C)CC,0.55,CCCC(C)C(C)CCCC(C)C
CCCCCCCCC(CC(C)C)C(=O)OC,0.46153846153846156,CCCCCCCCCCCC(=O)OCCCCCC(C)C
CCC1C(OC)=CCC=C1OC,0.27586206896551724,CCC1CC(=O)N1
C=C1C(C)COC1C,0.35,C[C@H]1CO1
CCCC1CCC(C)C1(C)C,0.3,CCCC1CCCCC1CC
CC1CC(C)(C)OC(c2ccccc2)S1,0.34146341463414637,CC1NCCOC1c1ccccc1
CC=CC(O)OC1CCCCC1,0.3,CC(O)C1CCCC1
CC,1.0,CC
CC1CCCC(C(C)(C)O)C1O,0.41935483870967744,C[C@@H]1CC[C@@H](C(C)(C)O)[C@H](O)C1
CC(CO)CCc1ccccc1,0.5,OCCc1ccccc1
COC1C=NCCC1,0.2692307692307692,C1=NCCC1
C=CC(C)(CCC)CCCC(C)C,0.45161290322580644,CCC(C)(O)CCCC(C)C
CCCC(=O)CCCCC(C)CCC,0.6551724137931034,CCCC(C)CCCCCCCCCCC(=O)O
COC(C)C(C)C,0.46153846153846156,COC(C)C
COCCCCC(=O)CC(C)C,0.4166666666666667,COCCCCC(=O)c1ccccc1
CCC(C)(C)C1CCC(C)CC1,0.42105263157894735,CC1CCC(C)CC1
OCC1C=CCC=C1,0.38095238095238093,*C1C=CCC=C1
C=C1C(C)CC(C)C1OC,0.23076923076923078,CO[C@H]1C[C@@H](O)[C@H](C)[C@@H](CO)O1
CCCC(=Cc1ccccc1)CO,0.4473684210526316,CCCCCC/C(C=O)=C\c1ccccc1
COC(C)CCC(=O)CC(C)C,0.4444444444444444,COC(C)CCO
CCCC(O)CC(C)=O,0.6521739130434783,CCCC(O)CC(=O)O
CCCC(C)CC(CC)c1ccccc1,0.5454545454545454,CCCCCCCC(CC)c1ccccc1
CC(N)CC(C)O,0.47058823529411764,C[C@@H](O)CN
CCC=CCCCC(C)CCCC=CCC,0.5454545454545454,CC/C=C\CCCC
CCCCCC(CCC=O)Cc1ccccc1,0.4473684210526316,CCCCCC(O)CCC=O
C=CCCCC(O)CCC,0.5833333333333334,CCCCC(O)CCC
CCOC(C)C(C)NC,0.34782608695652173,CCC(C)NC
CCC1COC(C)C1,0.47368421052631576,C[C@H]1CO1
CCC(C)C(C)C(C)=O,0.4583333333333333,CC[C@H](C)[C@@H](O)C(=O)O
CC(=O)OO,1.0,CC(=O)OO
CC1=CC(C)CS1,0.2857142857142857,CC1C=C(O)CC1
CC(C)OSC(C)C,0.3125,COC(C)C
C=CCC1=CC(OC)C(C)C(OC)=C1,0.32653061224489793,C=CCc1ccc(OS(=O)(=O)[O-])c(OC)c1
CCC1CCCCC1C(C)=O,0.42857142857142855,CCCC1CCCCC1CC
C=C(CC)CSCCCC,0.48,C=C(CC)CCCC
CC1CCSCC1,0.5,CC1CCC(C)CC1
CCCCCCCC=CC(C)OC,0.5862068965517241,CCCCCC/C=C/C(C)O
C=CCCC=CCC,0.5238095238095238,CC/C=C\CC/C=C/CO
CCCCc1ccc(CC)cc1,0.6363636363636364,CCCCc1ccccc1
CCC(CC1CCOO1)c1ccccc1,0.3902439024390244,CCCCCCCC(CC)c1ccccc1
CSCC(=O)C1OC1C1C=CCCC1,0.29310344827586204,C[C@H]1CCC/C=C/[C@@H]2C[C@H](O)C[C@H]2[C@H](O)/C=C/C(=O)O1
CC1CCCC2(C=CCCC2)C1,0.3333333333333333,CC1CCCC(C)CCC(C)(C)CCC1
CCc1ccc(C)cc1C,0.625,Cc1ccc(CO)c(C)c1
CCCC(CCC)CCCCC(C)C,0.6,CCCCCCCCCCCC(C)C
CCCCC(CC)CC,0.6842105263157895,CCCCC(CC)CO
CCC1C=CC=CC1C,0.25,C1=CC2C=CC=CC2C=C1
CCC1CC(C(C)O)=CC=C1O,0.30952380952380953,CC[C@@H]1Cc2cc(O)ccc2C2=C1c1ccc(O)cc1C[C@H]2CC
COC1=CC2C=CC=CC2=CC1,0.21951219512195122,CC1=CC[C@H](C(C)C)C=C1
COC(C)C1CCCCC1C,0.2916666666666667,CC1CCCC1
CCCCCC(CCCOC)CCCSC,0.35294117647058826,CCCCCCC(CO)CCCC
c1ccc2c(c1)CCC2,1.0,c1ccc2c(c1)CCC2
CCCC(C)OO,0.45,CCCC(C)O
COC(=O)OS,0.6,COC(=O)OC
C=CCCC(=O)CCCC(C)(C)CC,0.375,C=CCCC(=O)O
CCC1CC(C(C)C)CCC1C,0.5172413793103449,CC(C)[C@@H]1CC[C@H](C)[C@@H]2CC[C@H](C)[C@@H]2C1
CCC1CC(C)C(O)C1C,0.35714285714285715,CC[C@H]1OC(=O)[C@H](C)[C@@H](O)[C@H](C)[C@@H](O)[C@@H](C)C[C@@H](C)C(=O)[C@H](C)[C@@H](O)[C@H]1C
CCCCCCCCCC(O)OCCCC,0.52,CCCCCCCCC(O)CCCCCCC
OCCCCCOCCCS,0.46153846153846156,CCCCCCCCCCCCOCCO
CC(C)=S,1.0,CC(C)=S
CC(C)C1CCCC(C(C)C)C1O,0.46153846153846156,CC(C)[C@@H]1CC[C@@H](C)C[C@@H]1O
CCCN1C=CCC(OC)C1C,0.225,O=C1C[C@H]2CC=CN12
CC1=CC2CCCOC2C=C1,0.2727272727272727,OC1CCCO1
CC(CO)CC1C=CCC=C1,0.3333333333333333,CCC(C)CO
CC1CCC(C(C)COC(C)C)CN1,0.28205128205128205,CC(C)CCCC(C)C1CCC(C)CC1
C1=CC2OCOC2C=C1,0.29411764705882354,C1=CC2C=CC=CC2C=C1
C=CCOC1C=CC(C)C=C1C,0.22916666666666666,C=CCO/C=C/c1ccc(OC)c(OC)c1
C=C(CCC)CC(C)SCC,0.3333333333333333,C=C(C)CCC
CCCSCCCCCCC(C)O,0.6,CCCCCCC(C)O
CC12CCN(CC1OCCO)C2(C)C,0.24390243902439024,OCCON1CCOCC1
CC1=CCCC2(CCCCC2)C1,0.3448275862068966,CC1=CCCC1(C)C
OC1CCC(CS)CC1,0.3684210526315789,OC1CCCC1
CCC(C)C(C)C(C)O,0.6470588235294118,CCC(C)C(C)O
CC1=C(C)OSC=C1,0.20833333333333334,Cc1ccc(C)o1
CCCCOC(C)C(C)CC,0.5,CCCCOC(C)OCC
C=CCOC(C)CCCCC,0.4838709677419355,C=CCCC(C)CCCCC
CCCCCC1CCCO1,0.875,CCCCC1CCCO1
CCCCCC(CCC(C)C)OCC(C)C,0.5,CCCCCCCCCCCC(C)C
CC(C)OC(C)C=Cc1ccccc1,0.44,C(=Cc1ccccc1)c1ccccc1
CCCCNCCCC(C)O,0.6363636363636364,CCCCC(C)O
C=CCCCCCCOCC(=O)CCC=C(C)CCC=C(C)C,0.45,CC(=O)CCC=C(C)CC/C=C(\C)CC/C=C(\C)CCC=C(C)C
CC(C)Cc1cccc2c1OCC=C2,0.40540540540540543,C1=Cc2ccccc2OC1
CC=C(C)C(C)C,0.35714285714285715,CC=C(C)C
CC(C)CC1CCC(S)CC1,0.3125,CC(C)CC1C=CCCC1
C=C(C)CCCC(C)CCOCC,0.4666666666666667,C=C(C)CCC[C@H](C)CCOC(=O)Cc1ccccc1
CCC1CCC(C)C(C)C1,0.3076923076923077,CC1CCC(CO)CC1
CC(CO)Cc1ccccc1,0.5833333333333334,CC(C)Cc1ccccc1
CC1=NC(CC(C)C)=CC1C,0.28125,CC(C)Cc1ccccc1
CCCC1=CCCC1,0.2857142857142857,CCCc1ccccc1
CCCCSCCC,0.4117647058823529,CCCSSCCC
CC(O)CCC(=O)S,0.5909090909090909,CC(=O)CCC(C)O
CC1C=CC2=C1SCC2,0.29411764705882354,CC(C)=C1C=CC(C)CC1
CCNC(O)CC(C)CC,0.43478260869565216,CCC(C)CC(C)C
CCC(=O)COC(C)C,0.5652173913043478,CC(=O)COC(C)C
O=CCCCO,0.625,O=CCCO
COC1=C(S)CCC=C1,0.32142857142857145,O=C1C=CCC1
CC1C=CC(C=O)C=C1,0.25,CC1C(C=O)=CNC=C1C=O
O=CC1=CC2C=CC=CC2=C1,0.2619047619047619,C1=CC2=Cc3ccccc3OC2C=C1
CCC(C)C=CC1CCC(CC)NC1,0.2571428571428571,CCC(C)C=O
CCCCC(C)C1C(C)=CCCC1(C)C,0.34782608695652173,CC1=CC2C(CC1)C(C)=CCCC2(C)C
CCCCCCC(CC)C(=O)CO,0.4838709677419355,CCCCCCC([NH3+])C(=O)O
C1CCCCCC2CCCC2CCCC1,0.9,C1CCC2CCCC2C1
CCCCCCCCCCCCCCCCCC(O)OC,0.5652173913043478,CCCCCCCCC(O)CCCCCCC
CCCCC(CN)c1ccccc1,0.6896551724137931,CCCCCCC(CCCC)c1ccccc1
CCC(O)CC(C)OC,0.45,CCC(O)CC
CC=CC=CCCC(C)O,0.4827586206896552,C[C@@H](O)CC/C=C/C(=O)O
C=CCCOCC=C,0.3684210526315789,C=CCCCCC=C
CC(C)CC(=O)C(C)C,0.5263157894736842,CC(C)CC(=O)O
C=C(CC)CCCCCCC,0.7894736842105263,C=C(CC)CCCC
CC1CCC(C(C)(C)O)C(C)C1,0.6538461538461539,C[C@@H]1CC[C@@H](C(C)(C)O)[C@H](O)C1
Cc1ccsc1CCS,0.27586206896551724,Cc1cccs1
OCC(O)SO,0.375,OC[C@@H](O)[C@@H](O)CO
CCc1ccc(CCC(O)C(C)C)cc1,0.42857142857142855,CCc1ccc(O)cc1
C=CCCCCCC(S)CCC,0.6206896551724138,C=CCCCCCC(C)CCC
CCCCCc1ccc(CCC)cc1SC,0.41025641025641024,CCCCCc1ccc(C)cc1O
C=C(C)C(CC(C)=O)CC(C)O,0.5,C=C(C)C(CCC(C)O)CC(=O)O
Oc1ccc2c(c1)CCC2,1.0,Oc1ccc2c(c1)CCC2
C=C(CCC=O)CCCC(C)CC,0.42857142857142855,C=CCCCCCCCCCCCCCCC(C)CC
COCCCCOC,0.6363636363636364,COCCOC
CC=CCC=CC,0.5384615384615384,CC=CCCC=CC
CCC(S)CCCC(C)CCCC(C)C,0.6521739130434783,CCC(C)CCCC(C)CCCC(C)C
CCC(=O)C(C)CC(C)O,0.5416666666666666,CCCC(C)C(=O)CC
CCSCCCCOOC(=O)CC,0.38235294117647056,CCCCCOC(=O)CC
CC1CC(C)C2(C)CC(C(C)C)CCC2C1,0.6176470588235294,CC(C)[C@@H]1CC[C@H]2CCC[C@H](C)[C@@]2(C)C1
CC(=O)C1C=CCC1,0.3333333333333333,O=C(O)CCCCCCCCCCCCC1C=CCC1
CC1=CCC(C)=C1,0.5,CC1=CC1
OCOCCCc1ccccc1,0.53125,CC(=O)OCCCc1ccccc1
Cc1ccc(C)c(C)c1C,1.0,Cc1ccc(C)c(C)c1C
CCCOC(CC)C(=O)OCCc1ccccc1,0.5945945945945946,CC(C)C(=O)OCCc1ccccc1
COCCCC(CO)COC,0.39285714285714285,CCCCC(CC)CO
C=CC(=C)CCCC(C)C=O,0.5625,C=CC(=C)CCCC(C)CCCC(C)CCCC(C)C
CC1CCC(CC=S)C1(C)C,0.2972972972972973,CC1CC[C@@H]2[C@H](C)CC[C@@H]3[C@@H](C3(C)C)C12O
C1CC1,1.0,C1CCCCC1
CC1=CC(C=CC=O)C=C1,0.2564102564102564,CC1=C[C@H](O)[C@@](O)(C(=O)O)C=C1
CCC1C=CC=C1C,0.4074074074074074,CC1=CC=C[C@H](O)[C@@H]1O
C=CC(C)(C)C(N)CC(C)C,0.3333333333333333,C=CCC(C)CC(C)CC(C)C
CCCC1=CCC(CC)C=C1,0.325,O=C([O-])C(=O)CC1=CCC(O)C=C1
CC1C=CCC(C)C1=O,0.3392857142857143,CC1=C[C@@H]2/C=C/C[C@H](C)C(=O)[C@@H](C)/C=C/C(=O)[C@]23C(=O)N[C@@H](Cc2ccccc2)[C@@H]3[C@@H]1C
CCCC1CCC2CCCCC2C1,0.3793103448275862,CCCC1CCCCC1CC
COc1ccc(C)nc1C,0.4,Cc1ccc2ccc3ccc(C)nc3c2n1
CCCC(O)C1=CC=C(CC)CC1,0.3023255813953488,CCC[C@H](O)c1ccc(=O)[nH]c1C
CCCC(CCC)OCC,0.391304347826087,CCOC(CCN)OCC
C1=COCCC1,0.6470588235294118,C1=COCC1
CCc1ccccc1C(C)S,0.4444444444444444,CCc1ccccc1C
CCCC1SC=C(C)C=C1C,0.21875,CCC[C@@H]1O[C@@H]1C
C=C(O)CCCCCCCCCCOCCCCCC,0.5555555555555556,CCCCCCCCCCCCOCCO
CC=CC1=CC=CCC1,0.25,C1=CCCC=C1
CCCC(C)OCCC(C)C,0.4,CCCC(=O)OCCC(C)C
C=C1CC(N)C2CC1C2(C)C,0.3939393939393939,C=C1CC[C@H]2C[C@@H]1C2(C)C
CCOC(=O)C1(c2ccncc2)CC1CS,0.39285714285714285,CCOC(=O)C1(c2ccccc2)CCC=CC1N(C)C
CCC1C=CCC(C)C1,0.2571428571428571,CC(C)CC1C=CCCC1
CCCc1ccccc1C,0.6363636363636364,CCc1ccccc1C
COC1=CCC(C(C)O)C=C1,0.4,CC1=CC[C@H](C(C)C)C=C1
CC(C)C(O)OC(C)(C)CCC1=CCCC=C1,0.27906976744186046,O=C(O)C1=CCCC=C1
C=CCC1CC(C(=C)C)CCC1C,0.5151515151515151,C=C(C)[C@@H]1CC[C@H](C)[C@H](O)C1
CCC1=CC=C(C)ON1,0.25806451612903225,CCc1ccc(C)o1
CCC(C)C(O)C(S)C(C)CO,0.4583333333333333,CC(S)C(C)CO
CCCC(=O)CCCCCCCCC(O)CCC,0.6896551724137931,CCCC(O)CCCCCCCC(=O)O
CCC1CC(C)CCC1C(C)C,0.5172413793103449,CC(C)[C@@H]1CC[C@@H](C)C[C@@H]1O
CCCC(=O)CCCCCCC(C)C,0.5925925925925926,CC(C)CCCCCCCCCCC(=O)O
C=C(CCC)OCCCCCCCC,0.5714285714285714,CCCCCCOC(=O)CCC
OCC1C=CCO1,0.41935483870967744,O=C1CO[C@H](CO)C=C1O
COC(=O)C1C(C)CCCC1(C)C,0.3939393939393939,COC(=O)C1CCCCC1
CCCCCCCC(C)CCCCSCC,0.6,CCCCCCCC(C)CCC
CN(C)C1(C)CC(C)(CCC2C=CC=C2)C(O)O1,0.2222222222222222,C[C@@H]1C[C@@H](O)[C@@H](O)/C=C/[C@@H]2O[C@@H]2C(=O)O1
COC1CC(C=O)C=CC1C,0.25,COc1cc([C@H]2[C@@H]3CCCC[C@@H]3C=C[C@@H]2C)oc(=O)c1C=O
CC1CCCC(c2cccnc2)C1,0.4634146341463415,CN1CCC[C@H]1c1cccnc1
C=C(C(C)C)C(C)C,0.3333333333333333,CC(C)C(=O)O
CC(C)CCC(C)C1C=CC=C1,0.30434782608695654,CC(C)CCCCCCC(C)C
CCC1=CCCC=C1,0.3448275862068966,O=C(O)C1=CCCC=C1
CCCCCC=C(C)C,0.5,CCCCCCCCCC=C(O)C(=O)O
C=CC(C)(C)CCCC(C)CCCCCC(=C)C,0.38461538461538464,C=CC(=C)CCCC(C)CCCC(C)CCCC(C)C
CCCC(C)CCCC(O)CCC,0.6363636363636364,CCCCC(O)CCC
CC(C)CC1(C)CCCCS1,0.25806451612903225,CC1(C(=O)O)CCCC1
C1CNCOC1,0.6470588235294118,C1COCN1
CC1CC2CCC(C)(C)CC2CC1C,0.3333333333333333,CC1CCCC(C)CCC(C)(C)CCC1
CC(C)C(O)Cc1ccccc1,0.5833333333333334,CC(C)Cc1ccccc1
CCCC(C)OCCC(C)CCCC(C)C,0.6153846153846154,CCCC(C)CCCC(C)CCCC(C)CCCC(C)C
C=C(OC)C(=O)C(C)CC,0.5,CC[C@H](C)C(=O)C(=O)O
CC1(C)C2CCC3(C2)C1CCCC3(C)C,1.0,CC1(C)C2CCCC(C)(C)[C@]23CC[C@H]1C3
CCCC1C=C(CC)N=C1NC,0.21428571428571427,CNc1ncnc2[nH]cnc12
CCC(C)(O)CC(C)C,0.5416666666666666,CCC(C)(O)CCCC(C)C
CCC=CCCNCCO,0.5652173913043478,CC/C=C\CCO
CCC=CCCCCCCCCCC,1.0,CC/C=C/CCCCCCCC
CCCC(=O)C(CC)C(C)O,0.56,CCC(C(=O)O)C(C)O
C=C(O)C1=CCCC=C1O,0.3,O=C(O)C1=CCCC=C1
CCCC(C)CCOC(C)=O,0.7777777777777778,CCCCC(C)CCOC(C)=O
CC1=CC(C)C(C)C=C1,0.3,CC1=CC[C@H](C(C)C)C=C1
C=CC(C)(CCCC(C)C)CC(=O)Cc1ccccc1,0.4,CCCCC(=O)Cc1ccccc1
CCCCCCOC(C)CCC,0.5185185185185185,CCCCCOC(C)OCC
OC1=CC2C=CCSC2CC1,0.36363636363636365,CC1C=C(O)CC1
CC(C)C1CCCC(c2ccccc2)C1,0.4482758620689655,c1ccc(C2CC(c3ccccc3)CC(c3ccccc3)C2)cc1
CCCc1ccccc1CO,0.6666666666666666,CCCc1ccccc1O
CCC1OC(C)C(O)C1O,0.4782608695652174,C[C@H]1O[C@H](O)[C@H](O)[C@@H]1O
CC(C)C1CCSS1,0.2692307692307692,CC1CCC(C(C)C)CC1
CC(C)CCC(CCC(C)C)C(C)C,0.47619047619047616,CCC(CCCC(C)C)C(C)C
CCC1CC2CCC1(C)C2(C)C,0.5172413793103449,CC1(C)[C@@H]2CC[C@@]1(C)[C@@H](O)C2
CCOC(C)CC(C)C,0.4166666666666667,CCOC(C)C(C)=O
C1=CN=CCC1,0.5,C1=CN=CC1
C=C(C)C(C)C(C)(C)c1ccccc1,0.42857142857142855,CC(C)(O)c1ccccc1
CCCC(CC)CCCSC,0.39285714285714285,CCCCC(CC)CO
CC(C)C1C=CC=C2C=CCCC21,0.2682926829268293,C=C1C=CC(C(C)C)CC1
CCCC(C=S)c1ccccc1,0.4375,CCCCCC(CCCCC)c1ccccc1
CCCCCC(C)(C)C,0.5789473684210527,CCCCCC(C)(C)CC
CC(O)CC(C)CCOC(C)C,0.34782608695652173,CC(O)CCC(C)O
C=CCCCCCCCCCCC,1.0,C=CCCCCCCCCCCCCCCC
CCOCC(C=O)Cc1ccccn1,0.37209302325581395,CCCCCCc1ccccn1
C=CC(C)(C=O)CCC(C)C,0.35714285714285715,CC(C)CCC=O
CC1CCC2C(CC(=O)C2C)C1,0.35294117647058826,CC(C)[C@@H]1CC[C@@H](C)CC1=O
CC1=CCCO1,1.0,CC1=CCCO1
C=CC(S)CCCC(C)(O)O,0.45161290322580644,C=CC(C)CCCC(C)(C)O
C=CC(C)C(S)CC,0.35,C=CC(C)C
CCC1(C)OCC(O)O1,0.3225806451612903,C[C@@]1(O)OC[C@H](O)C1(O)O
CCCOC(C)OCCS,0.46153846153846156,CCCCOC(C)OCC
CC(C)C1CCCC1,0.5555555555555556,CC1CCC(C(C)C)CC1
CC1CC(c2ccccc2)CCN1,0.48148148148148145,c1ccc(C2CC(c3ccccc3)CC(c3ccccc3)C2)cc1
CCCC(=S)CCC,0.4117647058823529,CCCC(=O)CCC
CC(C)=CCCC1=CSCC(C=O)C1,0.37254901960784315,C=C(CCC=C(C)C)C1CCC=C(CCC=C(C)C)C1
CCCC(=O)C=Cc1cccnc1,0.55,O=C(/C=C/c1cccnc1)c1ccncc1
CCCCC(CCC)OCO,0.4230769230769231,CCCCC(O)CCC
C=C(O)CCC(=O)C(CC(O)CCC(N)C(C)=O)C(C)C,0.32558139534883723,NC[C@H](O)CC[C@H](N)C(=O)O
CCC1CCC(C)=CC1C,0.37142857142857144,C=C(C)[C@H]1CCC(C)=C[C@@H]1O
CCC1CCCC(C)S1,0.29411764705882354,CCCC1CCOC(C)S1
OCCC1CCCCO1,0.56,OCC1CCCO1
CCOC(O)C1=CCC=C1,0.2857142857142857,CCOC(C)C(=O)C(O)O
CC1=CCC(CO)=C1,0.3181818181818182,CC1=CC1
CC1CCC(=O)CC1C,0.5,CC1CCC(=O)CC1
CCCCCC(CCCCC)CC(C)C,0.5714285714285714,CCCCCCCCCCCC(C)C
C=C(CCCC)CCCCCCC,0.65,C=C(CC)CCCC
CCCCCC(CCC)CCC,0.5454545454545454,CCCCCCC(CO)CCCC
CC=CC(O)C1CCC(C)(C)CC1C,0.2702702702702703,CC1CCCC(C)CCC(C)(C)CCC1
CCCCNC(C)CCCC(C)C,0.48,CCCCCCCCCCCC(C)C
CCCCCCc1ccccc1,0.8095238095238095,CCCCc1ccccc1
CC1CCC2CCC(=O)CC2C1,0.4444444444444444,CC1CCC(=O)CC1
CC1CCCC(C)C1C,0.375,CC1CCCC1
C=CCC(C)CCc1ccccc1,0.4411764705882353,CCC(N)CCc1ccccc1
CCCC(C)CC1=C(C)CCN1,0.35714285714285715,CCCC(C)CCC
CC(Cc1ccccc1)C(N)=O,0.6206896551724138,NC(=O)[C@@H](N)Cc1ccccc1
CCC(CCCCO)Cc1ccccc1,0.4117647058823529,N[C@H](CO)Cc1ccccc1
CC1CCC=C(C(C)(C)C)C1,0.2926829268292683,C/C1=C\CC[C@H](C)/C=C/[C@H](C(C)(C)O)CC1
CC1=CCC(NS)C=C1,0.45161290322580644,CC1=CC[C@H](C(C)C)C=C1
COC1CCC(C=O)=CC1O,0.36585365853658536,C=C(C)C1CC=C(C=O)CC1
CC1CCC2C(=CC(C)N2C)C1,0.3142857142857143,CC(C)[C@@H]1CC[C@@H](C)CC1=O
Cc1ccc(O)c(C(C)C)c1,0.68,Cc1ccc(C(C)C)c(O)c1
CCCCCC(C)C1CC=CC=C1N,0.3170731707317073,CCCCCC(CCCCC)c1ccccc1
CCC1(C)C(C)C(C)CC(C)C1C,0.2857142857142857,CC1CCC2C(C1)C2(C)C
C=C1CCCC(C)(C)C1C=CC(C)C,0.5945945945945946,C=C1CCCC(C)(C)C1/C=C/C(C)=O
CCCC(=O)CC(CC(N)=O)C(N)=O,0.4642857142857143,CCCC(CCC)C(N)=O
CCCOC(C)(CS)CCC,0.4074074074074074,CCCC(C)(CC)OC
CCCCC1=C(C)CCC=C1,0.3125,CCCCc1ccccc1
C=C1CCC(C)CC1,0.5,C=C1CCC(C(C)C)CC1
C=C1CCC2CCOCC2O1,0.22807017543859648,c1ccc2c3c([nH]c2c1)[C@@H]1C[C@@H]2CCOC[C@H]2CN1CC3
CCCCCC(CC)Cc1ccccc1,0.5,CCCCCC(CCCCC)c1ccccc1
CC1C(=O)C(O)C(C)C1C,0.36363636363636365,O=C1[C@@H](O)[C@H](O)[C@@H](O)[C@H](O)[C@H]1O
CCCCCCCN,1.0,CCCCCCN
OC(CSCC1C=C2C=CC=CC2C1)CC1=CC2CCCCC2CC1,0.1875,C[C@H]1C=C2C=C[C@H](C)[C@H](CC[C@@H](O)C[C@@H](O)CC(=O)[O-])[C@H]2CC1
CC(=O)CCC(C)C1CCC(C)CC1,0.53125,CC(C)CCCC(C)C1CCC(C)CC1
C=C(C)OCCCCCCC,0.6,CCCCCCCCOC(C)=O
CC=CC(=O)C1C(C)OCCC1(C)C,0.3953488372093023,C/C=C/C(=O)C1C(C)=CCCC1(C)C
C=C(C)C(C)C(C)C,0.3684210526315789,CC(C)C(C)C(=O)O
C=C(C)C1C=CC(C(C)C)C=C1,0.28125,C=C(C)C1C=CC(C)CC1
CCCC(=O)CS,0.6470588235294118,CCCC(=O)CCC
CCC(C)Cc1ccccc1,0.6086956521739131,CC(C)Cc1ccccc1
CCC(C)CCC(C)O,0.625,CC(O)CCC(C)O
COCCSC,0.4666666666666667,COCCOC
CCCC(CCC)c1ccc(C)cc1,0.4583333333333333,Cc1ccc(C(C)C)cc1
CCC(=O)C1CCCC1,0.48148148148148145,CCOC(=O)C1CCCCC1
C=CCCC=C=O,0.3684210526315789,C=CCCCCC=C
CCC(O)C(C)(C(C)C)C(C)C,0.42105263157894735,CC[C@H](C)O
C=C(CC)CCC(C)CC,0.4583333333333333,CCC(C)CCO
CC(O)C1CCC(O)C(O)C1,0.4782608695652174,CC(O)C1CCCC1
CC(CO)CC1C=CC2OCOC2O1,0.25,CCC(C)CO
CCC(C)C(O)OC,0.5,CCC(C)C(C)O
CC1CCOC1,0.35294117647058826,CC1CCC(C)CC1
CC(C)CCCC(=O)C=Cc1ccccc1,0.4857142857142857,CC(=O)/C=C/c1ccccc1
CCCC(O)CCCCO,0.95,CCCC(O)CCCCCCO
C1=COCC(C2CC=CCC2)=C1,0.23529411764705882,C1=CCOC=C1
CCCCCOCCCCCC(OCC)OCC,0.4827586206896552,CCCCCCCCCCCCOCCO
C=C(C)C(C)CC(C)=O,0.4166666666666667,CC(=O)CC(O)C(C)=O
CCCOCSCCC,0.3333333333333333,CCCSSCCC
CCC1=C(OC)C=CC(C(C)O)C1,0.2926829268292683,CC1=CC[C@H](C(C)C)C=C1
CC(C)CC1C=CC=C1,0.3448275862068966,CC(C)CC1C=CCCC1
CCCCCCCC=CC(C)=O,0.9545454545454546,CCCCC/C=C/C(C)=O
C=CC(C)CCCC,0.5384615384615384,C=CC(C)CCCC(C)(C)O
CCC(=O)CCCOc1ccccc1,0.4838709677419355,OCCOc1ccccc1
C=CCCCCCCOC,0.5263157894736842,C=CCCCCC=C
O=C(CC1CCCCC1)c1ccccc1O,0.42424242424242425,O=C(O)c1ccccc1O
CC1(C)CCC2CC1C2(C)C,0.3793103448275862,CC1(C)C2CC3OC3(C)C1C2
C=C(C)CC(=O)OOC(C)C,0.3333333333333333,CC(=O)COC(C)C
CC(C)CC(=O)c1ccccc1,0.5769230769230769,CCC(=O)c1ccccc1
CC(CC=O)C1C=CC(C(C)(C)C)=CC1,0.3673469387755102,CC(C)=CCC[C@H](C)[C@@H]1C=CC(C)=CC1
CCCOCC(C)OC1CCCCC1,0.3142857142857143,CCCC(C)C1CCCC1
CC1C=CSC1C,0.2,C[C@@H]1C=CN[C@H]1C(=O)O
CCOCC(C)CC,0.47058823529411764,CCC(C)CC
CC1(C)CCCC2CCC(C=O)CC21,0.39473684210526316,CC1(C)CCC[C@]2(C)[C@H]3CCCC[C@@H]3CC[C@@H]12
CCCC(C)CC(=O)CC,0.5,C=C(C)CC(C)CCC
CCC=CC(O)O,0.4444444444444444,C=CC(O)C/C=C\C(O)/C=C\CC
CCCCC(CCC)CCC,0.5238095238095238,CCCCC(CC)CO
CCC(C)COC(C)C(C)O,0.42857142857142855,CCC(C)COC(C)=O
COC1C=CC(CS)C=C1,0.19047619047619047,CCS
CCCC(C)OC,0.55,COC(C)CCO
CCC1=CCC(OC)=C(C)C1,0.25925925925925924,CC1=CC1
C=C(C)C1CC2CCC1C2,0.3333333333333333,C=C(C)[C@@H]1CC[C@@H](C)[C@@H]2CCC(C)=C[C@@H]21
O=C(O)C1CCCS1,0.4642857142857143,O=C(O)C1CNCCS1
CCC(C)C(O)CC(C)S,0.45454545454545453,CCC(C)C(C)O
C=CC(C)(C)CCC=C(C)C,0.6538461538461539,C=CC(C)(O)CCC=C(C)C
c1ccc(CCCC2CCCCC2)cc1,0.43333333333333335,CCCCc1ccccc1
CC=CCCC(O)CCCCCCC,0.64,CCCCCCCCC(O)CCCCCCC
C=C(C=CC)C(N)C(C)C(C)C,0.32142857142857145,CC(C)[C@H](N)C(=O)O
CCCC1=CC(CC)C(CC)C1,0.28125,CCC1CC(=O)N1
CCCCCCC(C)CCC=C(C)C,0.5862068965517241,CC(C)=CCC[C@H](C)CCO
CCCC(CC(C)C)CC(O)C1C=C(C)C(C)CC1,0.275,CCCC(C)CC(C)C
CCCCC(=O)CCCOCC,0.52,CCCCCCCCCCCCCCCC(=O)CCCCCCCCCCCCCCC
CCC=CC(O)CCC,0.5,CCCCCC(O)/C=C/CO
CCOC1C=CCCC1CC,0.2647058823529412,CCCC1CCCCC1CC
CC1=C(C)C(C)C(C)(C)C1,0.32142857142857145,C=C1[C@@H](C)[C@]2(C)C(C)=C(C)[C@@](C)([C@H]2C)[C@H]1C
C=CC(C)CCC,0.46153846153846156,C=CC(C)CCCC(C)(C)O
CC=CCCCSC,0.4782608695652174,C/C=C\CCCCC
C=CCCC(O)CCC,0.6,CCCC(O)CCC
CCC1=C(C)CCC1,0.25,CC1=C(C=O)C(C)(C)CCC1
Cc1cccc(C(C)O)n1,0.5217391304347826,Cc1cccc(C)n1
CCCC(=O)C(CC)C(C)C,0.41379310344827586,CCCC(=O)OC(C)CC
CCC1=C(C)COC=C1,0.30303030303030304,C1=Cc2ccccc2CO1
C=C(O)CC(C)CCCC(C)C,0.5925925925925926,CC(C)CCCC(C)CCCC(C)CCCC(C)CC(=O)O
C=C(C)C1CC(C(C)C)C=CO1,0.2972972972972973,C=C(C)C1C=CC(C)CC1
CCCCCC(C)CCC,0.9411764705882353,CCCCCCCC(C)CCC
CC(C)=CCCC(C)CC(C)(C)C,0.5925925925925926,CC(C)=CCCC(C)CO
CCCCCCCC(C)CC,0.7,CCCC(C)CCCCC(C)CC
C=CCCC(C)CCc1ccccc1,0.4411764705882353,C=CCCC(C)CCCCC
COC1C=CC(C)=N1,0.2413793103448276,COc1ncncn1
CCC(C)C1=CCCS1,0.3225806451612903,CCC(C)c1ccccc1
COCC=O,0.375,CCC=O
CC1(C)CCOCC1,0.35714285714285715,C1COCCO1
CCCCCC(=O)CCCC(C)O,0.625,CCCCCCCCCCCCCCCC(=O)CCCCCCCCCCCCCCC
C=C(CC)C1OC1(C)CCC1C(C)=CCCC1(C)C,0.3269230769230769,C/C=C/C(=O)C1C(C)=CCCC1(C)C
CCCCCCCCCCCOCC(C)=O,0.5555555555555556,CCCCCCCCOC(C)=O
CC(C)CC(O)CCC(C)N,0.4074074074074074,CC(N)CCC(N)C(=O)O
CC(C)CCCC1CCCCC1,0.391304347826087,CC(C)CCCCCCC(C)C
CC=CC1C=CC(CC(C)NCC)=C(OC)C1,0.3584905660377358,CCNC(C)Cc1ccc2c(c1)OCO2
CC(O)CC(C)(C)C,0.6111111111111112,C[C@H](O)CC(C)(C)O
CCOCCC1=CCCC1,0.3333333333333333,CCOCCOCCOCCOCCOCCOCC
CCCCC(CCCC)COCC,0.5,CCCCC(CC)COCCCN
CCC1C=CC=CC1,0.4,*C1C=CC=CC1
c1ccc(CCC2CCCC2)cc1,0.4782608695652174,c1ccc(CCc2ccccc2)cc1
C=C(CCC)CCC(C)c1ccccc1,0.4838709677419355,CCC(C)c1ccccc1
CCCOCCCCC(C)C,0.5217391304347826,CCCCCCCCCCCC(C)C
C=C1CC(C)(CC)CO1,0.27586206896551724,C=C[C@]1(C)CO1
C=CC(=C)CC,0.45,C=CC(=O)CC
CCCC(=O)CC(O)OCC,0.4583333333333333,CCCC(=O)CCC
C=CCC=CCCC(O)CC,0.5757575757575758,CCC(O)CC/C=C\C/C=C\C/C=C\C/C=C\C/C=C\CCC(=O)O
CC(=O)CC1CCC2C(C)(C)C3CC12CCC3C,0.5641025641025641,C[C@@H]1CC[C@@]23C[C@@H]1C(C)(C)[C@@H]2CC[C@H]3C
CCC1CCCS1,0.2857142857142857,CCCC1CCCCC1CC
CCCCCC1CCCOC1O,0.5333333333333333,CCCCCCCC[C@H]1CCC[C@@H]1CCCCCCC
C=CC=C(C)CCC=C(C)CC,0.7037037037037037,C=C/C=C(\C)CC/C=C(\C)CCC=C(C)C
CCc1ccc2ccccc2c1,0.6,OCc1ccc2ccccc2c1
CCCC(O)CCC(C)C,0.7058823529411765,CCCC(O)CCC
C=C(OCCC(C)C)C(C)C,0.56,CC(C)CCOC(=O)C(C)C
CCCCCC(C)CO,0.625,CCCCCCC[C@H](C)CCC[C@H](C)CCC[C@H](C)CCC[C@H](C)CCC[C@H](C)CCCO
CC(C)CCCN,0.7333333333333333,CC(C)CCN
C=CC(C)CCCCC,0.56,C=CC(O)CCCCC
CCCCCC(C)Cc1ccccc1,0.5161290322580645,CCCCCC(CCCCC)c1ccccc1
CCCC(C)CC(CC)CCCO,0.48148148148148145,CCCC(C)CC(C)CC
CC=CCC,0.5833333333333334,CC/C=C\CC
CC(C)CC1CC(CC(C)C)NC(CC(C)C)C1,0.3,CC(C)C[C@@H]1NC(=O)[C@H](CC(C)C)NC1=O
CC1CC(CS)C(=O)C1O,0.27586206896551724,O=C1[C@@H](O)[C@H](O)[C@@H](O)[C@H](O)[C@H]1O
CCCOCCCCCCCCCCCCCCCC(C)=O,0.68,CCCOCCC(C)=O
C=CCOC(O)CC,0.34615384615384615,C=CCC(CC)CC
CCC1=CC=CC1,0.3333333333333333,C1=CCC2=CC=CC2=C1
C=C(CC)C(O)c1ccccc1,0.5,CCOC(=O)C(O)c1ccccc1
CC(C)CCCC1CCC(C)(CO)CC1,0.3548387096774194,CC(C)CCCO
Cc1cccc(CCC(C)C)c1,0.5357142857142857,CCc1cccc(C)c1
CCC(C)CC(=O)OC,0.5416666666666666,CCC(C)CC(=O)O
CCCCC1=CC=CC1,0.3448275862068966,CCCCc1ccccc1
C=C1CCCC(C)(C)C1C(=O)CC,0.4634146341463415,C=C1CCCC(C)(C)C1/C=C/C(C)=O
CC(O)OCCCc1ccccc1,0.5294117647058824,CC(=O)OCCCc1ccccc1
C=CCCCOCCCCCCCCCC,0.6521739130434783,C=CCCCCCCCCCCCCCCC
CCC(CC)C(C)C,0.5263157894736842,CCC(CCCC(C)C)C(C)C
CCC(C)C1=C(C)OCCC1,0.30303030303030304,CC1=C(SSC2=C(C)OCC2)CCO1
CCC(C)CC1CCCC1,0.5666666666666667,CCC(C)CC1CCCN(CC)C1
CCCC(C)N,0.6470588235294118,CCCCC(C)N
CCc1cccc(C)c1,1.0,CCc1cccc(C)c1
C=CCC1=CC(OC)C(OC)=CC1,0.325,C=CCc1ccc(OC)cc1
CC1CCCC(C)(C)C1C=O,0.4,CC1CC[C@H]2C(C)CCCC(C)(C)[C@H]2C1
CCOC(C)CC1(C)CCC(C)C1,0.2631578947368421,CC1CCCC(C)CCC(C)(C)CCC1
CC(C)=CCCc1ccco1,0.5483870967741935,CCCCc1ccco1
CC(Cc1ccccc1)OCc1ccccc1,0.56,CC(C)Cc1ccccc1
CCC1CCc2ccccc21,0.5,OC1CCc2ccccc21
CSCOSC,0.3125,CCSC
CCCCCCCCCCC1CCC(C)O1,0.4666666666666667,CCCCCCCCCCCCCCCC1OC(C)C(C)O1
CCC(C)C(C)S,0.5,CCC(C)C(C)C
CCC(O)C(C)S,0.47058823529411764,CC[C@H](C)O
CC1=CC(C)C(C=CC(C)O)C(C)C1,0.2653061224489796,CC1=CC(=O)CC(C)(C)C1(O)/C=C/C(C)O
CCCCCCCCC(C)C,1.0,CCCCCCCCCCCC(C)C
CCCOC1C=CCC1,0.28125,C1=CC2OC2CC1
CC=CC(C)OC(C)(C)Cc1ccccc1,0.42857142857142855,CC(C)([NH3+])Cc1ccccc1.[Cl-]
CC(=O)CCC1CCC(C)CC1C,0.3333333333333333,CC(=O)CCC(C)=O
CC(C)OCCC(C)c1ccccc1,0.5,CCC(C)c1ccccc1
CCCCCCCOC(O)CCc1ccccc1,0.47058823529411764,CCCCc1ccccc1
CCc1ccc(CO)cc1OC,0.6551724137931034,COc1ccc(CO)cc1OC
CC1C=CCC(C)C1,0.32142857142857145,C[C@@H]1C=C[C@@H]2[C@H](C1)C2(C)C
C=CCCCCCCCC(=O)CCC,0.5714285714285714,C=CCCCCCCCC(=O)O
CSC=CC(C)C,0.3684210526315789,CC(C)/C=C/O
C1CSCCSC1,0.7,C1CCSC1
C=CCCNCCSCC=C,0.32,C=CCSSCC=C
CCCCC(O)C1=CC=CC1,0.39285714285714285,CCCCC(O)CCCC
CC(=O)CCC(=O)C(C)CCOO,0.4,CC(=O)CCC(C)O
CCC(C)C,1.0,CCC(C)C
CCC(C)CC(C)C(C)O,0.5789473684210527,CCC(C)C(C)O
CCC(C)C1CCC(C)C(C)=N1,0.29411764705882354,CCC(C)C1OCCO1
CC=CCCCC,0.8235294117647058,C/C=C\CCCCC
CCC(C)CCC(C)C1=CCC=CC1C,0.29411764705882354,CCCC(C)CC
C=CCC(C)c1ccccc1,0.5714285714285714,C=CCC(O)c1ccccc1
C=C(CCCCCC)OCC=O,0.42424242424242425,CCCCCCCC(=O)OCC
CC(C)CCCC(C)CC1CC(C)CC(C)(C)C1,0.375,CC(C)CCCC(C)CCCC(C)CCCC(C)C
C=C(CC)CCCC(C)C,0.5652173913043478,C=C(CC)CCCC
CCCC(C)C(=O)CC,1.0,CCCC(C)C(=O)CC
CC(O)S,0.5555555555555556,CC(C)O
CCC(C)CCCC(C)OCC=C(C)C,0.40625,CCC(C)CCCC(C)CCCC(C)C
CCC(C)(C=O)SC1C=CC=C1,0.25925925925925924,CC(C)(C)C=O
C=CCCCC1CCCC(=O)C1,0.4594594594594595,O=C(O)C[C@H]1CCCC(=O)C1
COC1C=C(C(C)C)C=CC1C,0.2647058823529412,CC1C=CC(=O)O1
CCCCC(O)CCCc1ccccc1,0.6296296296296297,CCCCc1ccccc1
CCCCC1CCC(C)O1,0.4666666666666667,CCCCC1CCCO1
COC(C)C1CCCC=C1NCC1CCC(C)CC1C,0.2222222222222222,CC(C)[C@@H]1CC[C@H](C)[C@@H]2CC[C@H](C)C[C@H]21
CNC(C)CC(C)O,0.45,CCC(C)NC
CC1C=CC2=CC=CCC21,0.2647058823529412,C1=CCC2=CC=CC2=C1
CC(C)C1CCC(C)(C)CC1C,0.3684210526315789,CC(C)[C@@H]1CC[C@@]2(C)[C@H](O)CC[C@](C)(O)[C@@H]2[C@H]1O
C=C(CC)CCCCC,0.8333333333333334,C=C(CC)CCCC
CC1CCC(CCCCCO)OC1,0.3793103448275862,C(CCC1CO1)CC1CO1
CCCCC(CCC)C(C)C,0.4583333333333333,CCC(CCCC(C)C)C(C)C
CC(OCC=Cc1ccccc1)c1cccnc1,0.4,CC(=O)OCC=Cc1ccccc1
CCCC(O)C(CC)CCC,0.47619047619047616,CCCC(O)CC
CC(C)=CCCC(C)C(C)C,0.6086956521739131,CC(C)=CCCC(C)O
CCCOC(O)CC,0.35,CC[C@H](C)O
C=CC1=NC=CNC1,0.21875,O=C1CNC=N1
CC1Cc2ccccc2CC1C,0.5238095238095238,OC1Cc2ccccc2CC1O
CCC=CCCCC(=O)C1C=CC=CC1C,0.47368421052631576,CC/C=C\C/C=C\C/C=C\C/C=C\C/C=C\CCCC(=O)O
C=C(CCCCCCCC)OC,0.5384615384615384,CCCCCCCCC(=O)OC
C=C(COOC(C)=N)c1ccccc1,0.38235294117647056,CC(=N)Oc1ccccc1
CC(C)C(O)OCCCc1ccccc1,0.5,CC(=O)OCCCc1ccccc1
C=C(CCOCCCC)OCCC(C)C,0.4864864864864865,CCCCCC(=O)OCCC(C)C
C=C1C(O)C(C)CCC1C(C)C,0.4444444444444444,C=C1C=C2[C@@H](CC1)[C@H](C)CC[C@@H]2C(C)C
CCCCCCCCCC(C)CCC,1.0,CCCCCCCC(C)CCC
C=CC(C)=N,0.5,C=CC(=C)C
CCCCCCCCCOC(C)C,0.5833333333333334,CCCCCOC(C)OCC
C=C(CCC)CCSC,0.4,CSCCC(=O)O
CCC(=O)C(C)CC,0.6190476190476191,CCCC(C)C(=O)CC
CCCC1CCC(O)O1,0.42424242424242425,O=P(O)(O)OC[C@@H]1CC[C@H](O)O1
CCCC(CCC)C1=CCC=CN1,0.25,CCCC(C)CC(C)C
COC(O)CCC(C)C,0.38095238095238093,CC(C)CCO
CCCC=CC(CC)CO,0.44,CCC/C=C/CO
C=C(O)CC(C)CCC,0.6521739130434783,C=C(C)CC(C)CCC
CC(=O)C1CCCC1,0.9375,CC(=O)C1CCCCC1
CC(C)CCCCCS,0.6875,CC(C)CCCCCCC(C)C
CSC=CCC1NCC(=O)C1C,0.2222222222222222,CSCC[C@@H]1NC(=O)NC1=O
CCC(=O)CCSOC(=O)OC,0.39285714285714285,CCCC(=O)CC
C=C(C)C(C)C,0.45454545454545453,C=C(C)C
CCCCC(S)CC,0.5909090909090909,CCCCC(S)CCCO
CC(C)CCC(CO)CC(C)O,0.42857142857142855,CC(O)CO
CCOCCCCC(C)CC,0.52,CCCC(C)CCCCC(C)CC
CCOC(O)CC(C)CCCC(C)C,0.5172413793103449,CCC(C)CC(C)CCCC(C)C
C=C(C)C=CC1C(C)CCOC1(C)C,0.2571428571428571,C=C[C@]1(C)CO1
SC(Cc1ccccc1)OCCc1ccccc1,0.42424242424242425,O=COCCc1ccccc1
NCCCCCCC=CCO,0.5833333333333334,CCCCCC/C=C/CO
CCSC(O)C(C)OCO,0.2903225806451613,CC(O)COC(C)CO
CCCN(C)CCC(C)O,0.5,CCCC(C)O
CCCSCC(C)C,0.3684210526315789,CCCSSCCC
C=CC(C)(CCC=C(C)C)CC(=O)c1ccccc1,0.4222222222222222,C=C[C@@](C)(CCC=C(C)C)OC(C)=O
C=C(C)C(=O)CCC(C)C,0.5416666666666666,CC(C)CCC(=O)[O-]
CC1CCC2C=CC=CC12,0.2631578947368421,CC1=CCC(C(C)C)=C[C@H]2[C@@H](C)CC[C@@H]12
CCCC(CCC)CCC,0.5,CCCC(C)CCC
C=C(OCC)C(C)CCC(C)CCC,0.44,CCCC(C)CCC
CCCC(=O)C(C)C1C=CC=CC1,0.3142857142857143,*C1C=CC=CC1
CC1=C(O)CC(C(C)C)=CC1,0.4482758620689655,CC1=CCC(C(C)C)=CC1
CCCCC(C)C(C)CC,0.5,CCCC(C)C(C)CCCC(C)C
C=C(O)CCC,0.5294117647058824,C=C(C)CCC
C=CC1=CC(CC)C=C1,0.28,C=CCC
CNC1CC=CS1,0.2222222222222222,CNC1CCCCC1
C=C(CCC)CCC1=CC=S(C)OC1,0.24324324324324326,C=C(C)CCC
CC(C)C(O)COCc1ccccc1,0.5185185185185185,c1ccc(COCc2ccccc2)cc1
CCC1C=C(CO)CC1,0.3888888888888889,C=C(C)C1CC=C(CO)CC1
CCC1C=NC(C)=C(C)O1,0.2777777777777778,CCC1OC(C)=C(O)C1=O
CCCCOCC(CC)CC(C)=O,0.4722222222222222,CCCCC(CC)COCCCN
CC1CCC2(CC1)C(C)CCC2C(C)(C)C,0.32432432432432434,C[C@@H]1CC[C@@]23C[C@@H]1C(C)(C)[C@@H]2CC[C@H]3C
CCCCC(O)C(C)CC(C)(C)CC,0.4411764705882353,CCCC[C@H](C)[C@@H](O)CC(=O)O
NCC1C=CC(C=O)C1,0.24,NCC=O
CCCCCCCCCC(=O)CCC,0.8888888888888888,CCCCCCCCCCCCCCCC(=O)CCCCCCCCCCCCCCC
CCC(C)C1CCC(C)(C)C1,0.3548387096774194,CC(C)C1CCC(C)(O)CC1
CC(C)C1(C)CCC23CC1C(C)(C)C2CCC3C,0.6,C[C@@H]1CC[C@H]2C(C)(C)[C@H]3C[C@@]12CC[C@@]3(C)O
CCCCCC=CCCC(CCC)CCC,0.5909090909090909,CCCCCCCC/C=C\CCCCCCCC
CCCOC(C)CCC1CC=CCC1,0.24390243902439024,CCCC(C)C1CCCC1
CC1=CC=CC1CS,0.39285714285714285,CC1=CC=C[C@H](O)[C@@H]1O
CCC(=O)CCc1ccco1,0.53125,CCCCc1ccco1
CCC(CCC1C(C)CCCC1(C)C)CC(C)=O,0.40384615384615385,CC[C@@H](C)CC[C@H]1[C@@H](C)CC[C@H]2C(C)(C)CCC[C@]12C
CCCCCCC1CC(CS)CO1,0.375,CCCCCCCCC1CCC(=O)O1
C=C(CCC)CCCO,0.4782608695652174,C=C(CC)CCCC
CCC(=O)CCCCCOOC,0.5555555555555556,CCCCCCCC(=O)CC
CCCCCOC(C)C(C)CC,0.5185185185185185,CCCCCOC(C)OCC
CC(C)COC(C)Oc1ccccc1,0.4,CC(C)COC(=O)c1ccccc1
CCCOCC,0.6428571428571429,CCOCCOCCOCCOCCOCCOCC
CCC1=COC(C)O1,0.2564102564102564,C[C@H]1CC[C@@H]2C(CO)=CO[C@@H](O)[C@@H]21
CC1CC(C)OC(C)C1,0.375,C[C@H]1CO1
CCCCC(CC)CCC(O)C(CC)CCCC,0.5,CCCCC(CC)CO
CSCC1OCC(C)CC1C,0.3235294117647059,CSC[C@H]1O[C@H](O)[C@H](O)[C@@H]1O
CC1CC(C)C(C)C1,0.38461538461538464,CC1CCC(C)CC1
CCC1(C)C2(C)CCCC1(C)CC2,0.28,CC1(C)CCCC(C)(C)N1[O]
CCCCC(C)CCO,0.6363636363636364,CC(C)CCCC(C)CCCC(C)CCO
CCCCCC(C)CCCC(S)CCC,0.625,CCCCCCCC(C)CCC
COC1=CC(C=O)=CCC1CC(=O)C(C)C,0.2564102564102564,CC(C)C(=O)CO
CCCOCCC(=O)CO,0.64,CCCOCC(=O)CO
COCCC(O)C(C)O,0.4230769230769231,C[C@@H](O)[C@@H](O)CCC=O
COC(O)C1=C(C)CCOC1,0.28125,O=C1CCOC1
CCCC=CCCC(C)C,0.5416666666666666,CCC/C=C/CC(C)CCC
CCCCCCCC1SC1CC,0.4,CCCCCCCCCCCCCCCCC
CC1=CCCC1,0.41935483870967744,C=C1C=CC(C)(C)CCCC(C)=CCC1
COC(C)C1=C(C=CC2CCC(CCC=C(C)C)CC2)CCC=C1,0.3225806451612903,CC(C)=CCC[C@@H](C)[C@@H]1CCC(C)=C[C@H]1O
C1=CCC(CC2=CCCCC2)C=C1,0.2857142857142857,*C1C=CC=CC1
CCC(C)CCC(C)OCCC(C)C,0.48148148148148145,CCC(C)CCC(C)CCCCC(C)C
CCCCSCC(C)OC,0.3103448275862069,COC(C)CCO
CCCCOC(C)CCC(C)CC,0.4482758620689655,CCCCOC(C)OCC
CC1CCC=CC1C=O,0.2972972972972973,C[C@H]1CCC[C@@]2(C)CCC=CC12
CC(C)CC1CCC(S)CO1,0.2702702702702703,CC(C)CC1C=CCCC1
CCc1ccc(C=CC(C)C)cc1,0.4444444444444444,CCc1ccc(CO)cc1
C=CCC1C=C(O)C(OC)CC1,0.27906976744186046,C=CCc1cc(OC)c(O)c(OC)c1
CC(C)CCC(=O)CCC(C)O,0.5652173913043478,CC(=O)CCC(C)O
C=C(O)C1C=C(O)C(S)=CC1,0.24390243902439024,C=C(C)[C@H]1CC=C(C)C(=O)C1
CC(CO)CCC1C(C)CCCC1(C)C,0.4888888888888889,CC[C@@H](C)CC[C@H]1[C@@H](C)CC[C@H]2C(C)(C)CCC[C@]12C
CCCCCC1CCC(=O)C1C,0.5263157894736842,CCCCC[C@@H]1C(=O)CC[C@H]1CC(=O)O
CCOC1CC=CC=C1CC,0.3333333333333333,CCC1=CC=C[C@H](O)[C@@H]1O
CCCC=C1CC2C(CC1C)C2(C)C,0.3055555555555556,CC1CCC2C(C1)C2(C)C
CCCC(=O)C(=O)OCC,0.5652173913043478,CCCC(=O)OCC
Cc1ccc(C(C)C)nc1,0.4,Cc1ccc(C(C)C)cc1
CC(C)CC(O)O,0.45,CC(C)C[C@H](O)C(=O)O
C=C1C=C(C)C(=C)C(C)(C)C1,0.3103448275862069,CC1=CCCC1(C)C
CCC(C)(OO)C(C)C,0.4090909090909091,CCC(C)(C)C(C)C
CCCCOC(C)CCCOC,0.4482758620689655,CCCCOC(C)OCC
CCCCOC(C)CCc1ccccc1,0.5161290322580645,CCCCc1ccccc1
CCCc1cc(C=O)ccc1O,0.5333333333333333,O=Cc1ccc(O)c(O)c1
CCCOCOCCCCCCC(C)C,0.52,CCCCCCCCCCCC(C)C
CCC(=O)C(C)CCC1C=CC=C1,0.5172413793103449,CCCC(C)C(=O)CC
CCC1CCC(C)CC1(C)C,0.3181818181818182,CC1CCC(C)CC1
CC(C)CCCc1ccccc1,0.56,CCCCc1ccccc1
CCCC(C)C(C)NC(C)COC,0.36666666666666664,CCCC(C)C(C)CCCC(C)C
C=C(CCCCC)OC(C)C,0.5714285714285714,CCCCCC(=S)OC(C)C
C=CCCC(=C)C(C)C,0.4,C=CCCC(=O)O
CCCCCCCOC(=O)OC(C)C,0.5517241379310345,CCCCCCCCOC(C)=O
CC(=O)OC1=CC2CC1C1CCCC21,0.2857142857142857,CC(=O)Oc1ccc(C=O)cc1
O=C1CCCCCO1,1.0,O=C1CCCCCO1
CC(=O)C(S)CC(=O)O,0.6190476190476191,O=C(O)CC(S)C(=O)O
CC1=CC(O)CC1,0.4827586206896552,C=C(C)[C@H]1CCC(C)=C[C@@H]1O
CC1CCCC2(C)CCC(C(C)(C)O)CC12,0.5263157894736842,CC(C)[C@@H]1CC[C@@]2(C)CCC[C@@H](C)[C@@H]2C1
CCOC(=O)C1=CC=C(C)CC1C,0.39473684210526316,CCOC(=O)C1=C(C)NC(C)=C(C(=O)OCC)C1C
CC(CO)C(C)CS,0.5263157894736842,CC(S)C(C)CO
OCCc1ncco1,0.3333333333333333,Cc1ncsc1CCO
CC(O)CC(C)(C)Cc1ccccc1,0.4666666666666667,CC(C)(N)Cc1ccccc1
CCCCC(CC=N)SC,0.32142857142857145,CCCCC(O)CCCC
CC1CCC(C)N1,0.3888888888888889,C[C@@H]1CCCN1
CCC1CCOC1C,0.34375,CCCC1CCOC(C)S1
C=CCCC(C)C(C)CC,0.4642857142857143,C=CCCCCCCCCCCCCCCC(C)CC
CC1CC(=O)C(O)C1C,0.4230769230769231,O=C1C[C@@H](O)[C@H](O)[C@@H](O)[C@@H]1O
CCCC(C)SCC(=O)C(C)CCC,0.5555555555555556,CCCC(C)C(=O)CC
CC1=C(N)C(N)C(O)C(C(O)CC2CCCCC2C)=C1S,0.19402985074626866,CN1[C@@H](CC(=O)c2ccccc2)CCC[C@H]1C[C@H](O)c1ccccc1
CCC(C)(CCc1ccccc1)CC(C)C,0.48484848484848486,CC(C)(O)CCc1ccccc1
CC(C)CCCC1C=CCC=C1,0.36,CC(C)CCCCCCC(C)C
CC(C)CCC(C(C)C)C(C)CC(C)C,0.5,CC(C)CC(C)C(C)C
CC(=O)C1=CC(C)=CC1,0.30434782608695654,CC1=CC1
C=CC(C)C1CCC(C)CC1,0.5217391304347826,CC1CCC(C(C)C)CC1
C=C(C)C(C)CC,0.42857142857142855,CC[C@@H](C)C(=O)O
CCC1CC(C)CC(C)C1,0.30434782608695654,CC1CC(=O)CC(C)C1
CCC(C)C(S)CCCC(C)C,0.48,CCC(C)CCCC(C)CCCC(C)C
Cc1cc2c(cc1C(C)C)C(C)(C)CC(C)C2(C)C,0.3090909090909091,Cc1cc2c(cc1C(=O)CCC(=O)O)[C@@H](C(C)C)CC2(C)C
C=C(C=CO)NCCc1ccccc1,0.5,CC(=O)NCCc1ccccc1
C=CCC(CC)CCC,0.7,C=CCC(CC)CC
CC(C)=CCCC(C)CCCC(=O)c1ccccc1,0.4909090909090909,CC(C)=CCC/C(C)=C/CC/C(C)=C/CC/C(C)=C/CC/C(C)=C/CC/C(C)=C/CC/C(C)=C/CCC(C)CCC/C(C)=C/CC1=C(C)C(=O)c2ccccc2C1=O
CCCCC(CC)C1CCCO1,0.4411764705882353,CCCCC1CCCO1
COCCCCC(C)=O,0.5217391304347826,CCCCCC(C)=O
CCCC(C)CCc1ccccc1,0.56,CCCc1ccccc1
C=CCCC(C)C(C)C,0.5238095238095238,C=CCC(C)C(C)C
CCC1CCC(C)N1O,0.26666666666666666,CC1C=C(O)CC1
CCNCCCCCC(O)CC(C)C,0.42857142857142855,CCNCCCNCCCCNCCCNCC
C=CC(=O)CCO,0.55,O=CC(=O)CCO
CC(N)CCC1C=CC(C)CC1,0.40625,CC(C)[C@H]1C=C[C@H](C)CC1
CCCCCC1C(C)CCC1CC(=O)OC,0.40540540540540543,CCCCCC(=O)OC
CC(O)CC1CCCCCCOCCCC1,0.36,C1CCOCC1
OCOC1CCCCS1,0.23333333333333334,CC(O)C1CCCC1
CCCOCCCCCC(C)CC,0.5384615384615384,CCCC(C)CCCCC(C)CC
CC(CC1CCCCC1)CN1C=CCC=C1,0.32558139534883723,CCC(C)CC1CCCN(CC)C1
CCSCCCCCCO,0.47619047619047616,CCCCCCCCCCCCCCCCO
CC1CCC(C(C)O)C1,0.4782608695652174,CC1CCC(C(C)C)CC1
CC(C)CC(O)CCO,0.5555555555555556,OCCC(O)CCO
CC(O)OC1CCCC1C,0.32142857142857145,CC(O)C1CCCC1
CCC1CC(C)CC=C1C(C)C,0.2564102564102564,CC1=CC[C@@H](C(C)C)CC1=O
CC(C)CC(O)c1ccccc1,0.5416666666666666,C[C@H](O)c1ccccc1
C=CC1CCC(OCC)C(OC)C1,0.25,CCO[C@@H]1O[C@H](C(=O)O)[C@@H](O)[C@H](O)[C@H]1O
CCC1CCC(C)C1,0.43478260869565216,CC1CCC(CO)CC1
CC1CCC2CCC(S)CC2C1,0.3333333333333333,CC1CCC(C)CC1
CC1=CC2COCC2C=C1,0.29411764705882354,CC1=CC[C@H](C(C)C)C=C1
CCC1C=CC(C)CC1,0.4074074074074074,CC(C)[C@H]1C=C[C@H](C)CC1
CCCCCCCCCC(C)C(CCC)CCC,0.5652173913043478,CCCCCCCC(C)CCC
CC1CCCC(C)C1,0.5714285714285714,CC1CCCC1
CCCC(O)CCOC,0.631578947368421,CCCC(O)CCC
CC=C(C)C(=O)OCCCc1ccccc1,0.6764705882352942,CC(=O)OCCCc1ccccc1
C=CC(C)CCCC(C)CCCC(C)C,0.6190476190476191,CC(C)CCCC(C)CCCC(C)CCCC(C)C
C=C(CCCCCCCCC)CC(C)=O,0.6,CCCCCCCCCC(C)=O
CC(CO)CCCC(C)CCC=O,0.5384615384615384,CC(C)CCC[C@H](C)CO
C=C1C(C)=CCCC1C(C)C,0.34146341463414637,C=C1/C=C/[C@H](C(C)C)CC/C(C)=C/CC1
CCSC1=C(C)CCC(OC)C1,0.2619047619047619,CCOC(=O)C1CCC(=O)CC1
CCC(=O)C1C=CC=C1,0.3333333333333333,CCC(C)=O
CCc1ccccc1OC,0.5714285714285714,COc1ccccc1OC
CCCCCCCCOC(=O)CCc1ccccc1,0.7222222222222222,CCCCC(=O)OCCc1ccccc1
CC1CCSC(C2C=CCCC2)O1,0.32075471698113206,C[C@H]1CCC/C=C/[C@@H]2C[C@H](O)C[C@H]2[C@H](O)/C=C/C(=O)O1
CC1(C)C2CCC(C2)C1(C)C,0.4166666666666667,CC1(C)[C@@H]2CC[C@@]1(C)[C@@H](O)C2
C=C1CC(CC)C(C)C1O,0.2903225806451613,C=C1CC1C(C)=O
CSOC(C)C(C)CCO,0.375,CC(C)CCO
C=CCC1=CC(CC)C(CC(=O)CC(C)C)C=C1,0.2857142857142857,C=C1/C=C/[C@@H](C(C)CC(=O)CC(C)C)CC/C(C)=C/CC1
CC(C)COC=Cc1ccccc1,0.4230769230769231,C(=Cc1ccccc1)c1ccccc1
CC(C)C=CC(C)C,0.5384615384615384,CC(C)/C=C/O
CC(=O)CC1CC2CCC1(C)OC2(C)C,0.5277777777777778,CC1(C)O[C@]2(C)CC[C@H]1C[C@@H]2O
CCOCCC(=O)OC,0.5,CCCCCC(=O)OC
C=CC=CC=C,0.5,C=CC=C
CCCC(C=O)CC(C)CC,0.52,CCCC(C)CC(C)CC
CCCC(CCC)SC,0.3888888888888889,CCCC(C)CCC
CCc1ccc2c(c1)OCC2,0.45161290322580644,c1ccc2c(c1)CCO2
O=CC1=CCC2OCCC2=C1,0.2727272727272727,C=C(C)C1CC=C(C=O)CC1
CC1OCC2CC1C2(C)C,0.42857142857142855,CC1CCC2CC1C2(C)C
CCCC(O)CC(CC)CCC(C)C,0.48,CCCC(O)CC
CCC(C)C(O)CCC(C)C,0.47619047619047616,CCC(C)C(C)O
CC(=O)Cc1ccc(CCC(C)O)cc1,0.5172413793103449,CC(=O)Cc1ccccc1
CC(C)CC1CCCCC1C,0.34375,CC(C)CC1C=CCCC1
C=CC(C)(C)OCC=C(C)C,0.41935483870967744,C=CC(C)(O)CCC=C(C)C
CC1CCC(C)(C(C)C)CC1,0.4230769230769231,CC1CCCC(C)CCC(C)(C)CCC1
CCCCCCC(O)OO,0.5652173913043478,CCCCCCCCC(O)CCCCCCC
C=C=CCC=C,0.2857142857142857,C=CCC#N
CCC1C=CC=C1,0.3125,C1=CC2C=CC=CC2C=C1
CC(=CCCC=O)CCCC(C)C,0.5555555555555556,C/C(=C/CCC(C)CCO)CC/C=C(\C)CC/C=C(\C)CCCC(C)C
CCC(S)C(O)OCCc1ccccc1,0.4358974358974359,CC(C)C(=O)OCCc1ccccc1
CC1OCCC(C)(C)C1C=O,0.29411764705882354,CC(C)=C[C@@H]1[C@@H](C=O)C1(C)C
CC1CC(C)(C)CC(=O)C1O,0.42424242424242425,O=C1C[C@](O)(CO)[C@@H](O)[C@H](O)[C@H]1O
CCCCCCCC(=O)C(C)C,0.68,CCCCCCCCCCCCCCCC(=O)[C@H](C)N
CCOC(N)C(C)C,0.375,CCOC(CCN)OCC
CC(C)C1CCC(OO)CC1,0.4782608695652174,CC1CCC(C(C)C)CC1
CC1=CC=CC(O)C1C,0.625,CC1=CC=C[C@H](O)[C@@H]1O
NCCC1C=CC(O)=CO1,0.2631578947368421,O=C(O)CC1C=CC(=O)O1
CC(C)OC(C)S,0.38461538461538464,CC(C)S
CCCC(C)C(C)SC,0.4166666666666667,CCCC(C)C(C)CCCC(C)C
CCCCCCCCC(C)CC,0.7,CCCC(C)CCCCC(C)CC
CCCCC1=CC=CCC1,0.3125,CCCCc1ccccc1
CCCCSC1=CCC=C1C,0.28125,CCCCSP(=O)(SCCCC)SCCCC
CCCCOCCC(=O)CCC,0.5454545454545454,CCCC(=O)CCC
CCC(C)C(S)CC,0.47058823529411764,CCC(C)C(C)C
C=CC(C)(C)CCCC(C)C,0.4642857142857143,CCC(C)(O)CCCC(C)C
OCCCCCCCO,1.0,OCCCCCCCCO
CCCC1=C(C(=O)CC)C=CCC1,0.2972972972972973,CCC(=O)c1ccccc1
C=CCCCCCCCC(C)O,0.9523809523809523,C=CCCCCC(C)O
C=C(OC(CC)CCCCC)C(C)=CC,0.3611111111111111,C=CC(O)CCCCC
O=CC1C=CCC1,0.3333333333333333,C1=CC2OC2CC1
CC(O)CC(O)OC1CC(C)CCC1C(C)C,0.4444444444444444,CC(C)[C@@H]1CC[C@@H](C)C[C@@H]1O
CCOCCCCCC(O)C(C)CC,0.4,CCOCCCO
CC1CC(C)NC(C)C1,0.3125,CC1CCC(C)CC1
CCC(C)C1CCCCCCCCCCO1,0.4482758620689655,CCC(C)C1OCCO1
COCO,1.0,COCO
C=C(CC)CCCCCCCCC,0.7894736842105263,C=C(CC)CCCC
CCC(C)CCCCCCCCCCCCCO,1.0,CC[C@H](C)CCCCCO
CCCCC(CC)CCCO,0.6818181818181818,CCCCC(CC)CO
Cc1ccn(C(C)C)c1,0.3076923076923077,Cc1ccc(C(C)C)cc1
C=CCCC(C)C(CC)CC,0.4482758620689655,C=CCCCCCCCCCCCCCCC(C)CC
C=CCCCNC,0.5,C=CCCCCC=C
CC(C)CCCC(CCCC(C)C)CC(C)C,0.5263157894736842,CC(C)CCCC(C)CCCC(C)CCCC(C)C
C=C(CC)C(C)CCCCCC,0.5357142857142857,CCCCCCCCCCCCCCC(C)C(=O)O
CCCC(C)CCC(C)CC,0.8666666666666667,CCCC(C)CC
CCCCCCCCC(=O)CCC,0.8888888888888888,CCCCCCCCCCCCCCCC(=O)CCCCCCCCCCCCCCC
COC(O)C=C(C)C,0.3333333333333333,COC(C=C(C)CCC=C(C)C)OC
CCC(C)CC1C=CC2C3C=C(CC3)C12,0.2708333333333333,CCC(C)CC1CCCN(CC)C1
CCCCCCCCC(CC(C)=O)C(C)CCC,0.4722222222222222,CCCCCC[C@H](C)[C@@H](O)CC(=O)O
CCCCCCCCCCCCCCCC(C)O,1.0,CCCCCCC(C)O
CCC(CC)CCCCCCSC,0.45161290322580644,CSCCCCCC(N)C(=O)O
C=Cc1cccnc1,0.6,O=Cc1cccnc1
c1ccc2c(c1)CCCC2,1.0,c1ccc2c(c1)CCCC2
CCCCCCCCCC(O)CC,1.0,CCCCCCC(O)CC
CCC1=C(C)C(OC)CC(C(C)C)=C1,0.2727272727272727,CC(C)C1=CC2=C(CC[C@@H]2C)[C@@H](C)CC1
CCCC1=COCO1,0.2857142857142857,CCCCOCCOCCOCc1cc2c(cc1CCC)OCO2
CCC1C=CC(C)=CC1CC,0.2727272727272727,CC1=CC[C@H](C(C)C)C=C1
CCC(O)SCC1C(C)CCCC1(C)C,0.36,CC[C@@H](C)CC[C@H]1[C@@H](C)CC[C@H]2C(C)(C)CCC[C@]12C
CCCCCCCCC(C)C1C=CC=CC1,0.375,CCCCCCCCCCCC(C)C
CCCC(C)OCC(C)C,0.38095238095238093,CCCC(C)CCC
CC(C)CCCC(C)CCCC(C)C,1.0,CC(C)CCCC(C)CCCC(C)CCCC(C)C
OC1CCCCCCCCC1,1.0,OC1CCCCC1
CCCC=C(C)CCCC(C)C,0.5882352941176471,C/C(=C/CCC(C)CCO)CC/C=C(\C)CC/C=C(\C)CCCC(C)C
CCC1=CC(OS)C(CC)CC1,0.24324324324324326,CCCC1CCCCC1CC
CC(C)C1CC(c2ccccc2)CCO1,0.41935483870967744,c1ccc(C2CC(c3ccccc3)CC(c3ccccc3)C2)cc1
CCOC1C=CCC=C1CC,0.2631578947368421,CCC1=CC=C[C@H](O)[C@@H]1O
CCCC(CCC)SS,0.3684210526315789,CCCC(C)CCC
CCC(C)(O)CCCC(C)C(C)O,0.6538461538461539,CCC(C)(O)CCCC(C)C
CCCC=CCC(C)O,0.56,CCC/C=C/CC(C)CCC
CC1C=C(O)C(C(C)C)=CC1,0.3333333333333333,CC(C)c1cccc(C(C)C)c1O
CC(=O)NCC(C)C,0.47619047619047616,CCNC(C)=O
C=CCCc1ccc(C)cc1,0.4230769230769231,Cc1ccc(CO)cc1
CCC(=O)C(C)(C)C,0.47619047619047616,CSCC(=O)C(C)(C)C
C=C(CCC)CNc1ccccc1O,0.38636363636363635,CCOP(=O)(OCC)C(Nc1ccccc1O)P(=O)(OCC)OCC
CCCC1CC=C(C)N1,0.3333333333333333,CCC[C@H]1CCCCN1
CCCCCCCC(C)C(C)O,0.6363636363636364,CCCCCCC(C)O
CCC(CC)OC,0.34782608695652173,*OC[C@H](CO)OC
CCCCCC1CCC(C)C1,0.41379310344827586,CCCCCCCC[C@H]1CCC[C@@H]1CCCCCCC
CC1CCC(C(C)C)CC(C)C1,0.6190476190476191,CC1CCC(C(C)C)CC1
COC1C=CC=CC1,0.4,*C1C=CC=CC1
C=C(C)CCCC,0.6470588235294118,C=C(C)CCC
CC(O)OC1CCC(C(C)(C)C)CC1,0.3870967741935484,CC(C)(C)[C@H]1CC[C@H](C(=O)O)CC1
CC1OC(C)C(O)C1=O,0.4074074074074074,C[C@H]1OC(=O)[C@H](O)[C@@H](O)[C@@H]1O
COC1C=CC(OC)C(C(C)(C)C)C1,0.22857142857142856,COC1CC(C)(C)N([O])C(C)(C)C1
CCCC1CCOC(C)C1,0.42424242424242425,CCCC1CCOC(C)S1
CCCCCC(O)OCOC,0.46153846153846156,CCCCCC(O)CCCCC
C=C(CCC=CC1C=CC=CC1)C(C)CC,0.25,CCC(C)C1OC(=O)/C=C/C=C/C=C/C=C/C=C/CC(O)CC(O)CC(O)CC(O)CC(O)CC(O)CC(O)CC(O)/C=C/C1C
CCOCC(C)OC(C)C,0.3684210526315789,CCOCC
CCCCCCCCCCCCCCS,1.0,CCCCCCCCS
CC(=O)C1(CC(C)C)CCCCC1,0.35294117647058826,CCC(C(=O)O)C1(O)CCCCC1
C=CC(C)SCCC(C)CCCC(C)C,0.5,CC(C)CCCC(C)CCCC(C)CCCC(C)C
CCCCCCCCCSC(C)CC(C)C,0.4230769230769231,CCCCCCCCCCCC(C)C
CCCC1C=CSO1,0.2857142857142857,CCC[C@@H]1O[C@@H]1C
CC(C)CCCCC(O)O,0.625,CC(C)CCCCCCC(C)C
C=CCCC(C)C,0.6190476190476191,C=CCCCCCCCCCCCCCCCC(C)C
CCCCCC(C)C,0.9333333333333333,CCCCCCCCCCCC(C)C
CCCCCCCCCCCOC(C)O,0.5384615384615384,CCCCCOC(C)OCC
C=CCCOSCOSCC=C,0.3076923076923077,C=CCSSCC=C
CC1=CCC(C(C)C)CC1,1.0,CC1=CCC(C(C)C)CC1
O=C(CCc1ccccc1)OCO,0.6333333333333333,COC(=O)CCc1ccccc1
CC(C)(C)C1CCC(O)OC1,0.36666666666666664,CC(C)(C)[C@H]1CC[C@H](C(=O)O)CC1
CCCC(C)CCCC(C)CCCC(C)C,1.0,CCCC(C)CCCC(C)CCCC(C)CCCC(C)C
CCC(O)C1C=CC=C1,0.3333333333333333,CC[C@H](C)O
CCCCCCCCCOC(O)CC(C)C,0.4666666666666667,CCCCCOC(C)OCC
CC=CCCC(O)CC(C)C,0.391304347826087,CC=CCCC=CC
CC(C)CC1CCCN1,0.5,C1CCC(C(CC2CCCCN2)C2CCCCC2)CC1
CC(C)C1CC=C2OCCCC2C1,0.3684210526315789,CC1=CCC(C(C)C)CC1
CCCC=CCCCCCC,0.875,CCCCCCCC/C=C\CCCCCCCC
CC1C=CC(C(C)O)=CC1,0.3235294117647059,CC(C)=C1C=CC(C)CC1
CC1CCC(O)C1C,0.37037037037037035,C=C(C)[C@@H]1CC[C@H](C)[C@H](O)C1
CC(C)CCN(C)O,0.4,CC(C)CCO
CCC(C)C1NC(C)C(C)O1,0.3225806451612903,CCC(C)C1OCCO1
CC(=O)C1CCC=C1C,0.39285714285714285,C=C1CC1C(C)=O
COC(C)OC(C)=O,0.4583333333333333,CC(=O)OC(C)C=O
Cc1cc(C(C)(C)C)c(C)c(S(C)(C)C)c1,0.48148148148148145,Cc1cc(C(C)(C)C)c(O)c(C(C)(C)C)c1
CCC=C1C2CCC(C2)C1(C)C,0.4838709677419355,C=C1[C@H]2CC[C@H](C2)C1(C)C
CC(C)(C)OCc1ccccc1,0.5217391304347826,c1ccc(COCc2ccccc2)cc1
CCC1CCCC(OC)C1,0.25,CCCC1CCCCC1CC
CC(C)C1C=CC=CC1,0.4642857142857143,CC1=CC[C@H](C(C)C)C=C1
CC1CCCCCCCCCC=CCCCO1,0.391304347826087,C1=C/CCCCCC/1
CCC(CC)CCC(C)C,0.4666666666666667,CCC(C)C
CCCCOC=CCC=CCCCCCCCC(=O)O,0.7142857142857143,CCCCC/C=C\C/C=C\CCCCCCCC(=O)O
C=C(C)CCC(C)CCC(C)C,0.41935483870967744,CC(C)CCC(C)CCCCCCCCC(=O)O
CC=CCCC(C)CC,0.45454545454545453,CCCC(C)CC
CCCCCOCC(S)CCC1=COC=CC1,0.32653061224489793,CCCCCCCCCCCCCCCCOC[C@@H]([NH3+])CO
CCC1C=C(C)CC1C,0.2682926829268293,C=C(C)[C@@H]1CC[C@@H](C)[C@@H]2CCC(C)=C[C@@H]21
CCOC1C=C(OC)C(OC)=CC1,0.25,CCOC1CCC(=O)O1
CCCOO,0.5555555555555556,CCCCCCCCOO
CCC1N=C(C)C(C)O1,0.2413793103448276,CCC[C@@H]1O[C@@H]1C
CCCC(C=O)c1ccccc1,0.4827586206896552,CC(C=O)c1ccccc1
CCCCC1C=CNC=C1,0.2857142857142857,CCCCCC
CC1=CC(C)CC(C)=C1,0.27586206896551724,CC1C=C(O)CC1
CCCCCC(CCC)OCC,0.42857142857142855,CCCCCOC(C)OCC
CC(O)C(=O)CCC1=CCC=CC1,0.45,N[C@@H](CC1=CCC=CC1)C(=O)O
COC(C)C(C)CCCCCCCO,0.52,CC(C)CCCCCO
CCCCC1C=CC(C)C=C1,0.30303030303030304,CCCCCCCCCCCCN1CC(C)OC(C)C1
C=C(CC)CC1CCCC1,0.4074074074074074,O=C(O)CC1CCCCC1
CCCCCCSCC=O,0.48,CCCCCCCCCCCCCCCCCC=O
CSCCC(C)C,0.4,CSCC[C@H](N)C(=O)O
CC(C)OC1C=CC2CCCCC2C1,0.3235294117647059,C1=CC2CCCC2C1
C=C(C)O,0.625,C=C(C)C
C=CCCCCOCC=C,0.5263157894736842,C=CCCCCC=C
CCCCC1C=CC=C1,0.3333333333333333,CCCCCC
C=CC1CCN(C)CC1,0.2777777777777778,CN1CCC(OC(c2ccccc2)c2ccccc2)CC1
CC1=CC(O)C2CC1C2(C)S,0.3111111111111111,CC(C)=CCC[C@@]1(C)[C@H]2CC=C(C)[C@@H]1C2
CC=C(C)C(O)CNCC=CCC,0.34375,CC/C=C/CC(C)=O
CCCCCC1CCC(C)O1,0.43333333333333335,CCCCCCCCCCCCCCCC1OC(C)C(C)O1
CCCC=CC(C)CCC,0.52,CCC/C=C/CC(C)CCC
CC(C)C(S)CCCC1CCCCC1,0.3333333333333333,O=C(O)CCCCCCCCCC1CCCC1
CC1(S)C2CCC(CO)C1C2,0.3333333333333333,CC1CCC2CC1C2(C)C
CCCC(OCC)C(C)CC,0.39285714285714285,CCCCOC(C)OCC
CC(C)=CCCC(C)CC(C)C,0.6666666666666666,CC(C)=CCCC(C)CO
CC(C)CCCC(CC(C)C)OCC(C)C,0.4,CC(C)CCCC(C)CCCC(C)CCCC(C)C
CC1C=CC=C(O)C1,0.35714285714285715,CC1C=C(O)CC1
CCCCC(=O)CCCCCC1CCCCC1,0.59375,O=C(O)CCCCCCCCCC1CCCC1
CCCC1C=CC(O)CC1,0.46875,O=C([O-])C(=O)CC1C=CC(O)CC1
CC(C)CCCCCCC(C)C,1.0,CC(C)CCCCCCC(C)C
CC(C)=CC(=O)CC(C)C,0.5,CC(C)=CC(=O)C[C@H](C)c1ccc(C)cc1
CCC(C)(C)Cc1ccccc1,0.56,CC(C)(N)Cc1ccccc1
C=CCCC(C)CC,0.6666666666666666,C=CCCCCCCCCCCCCCCC(C)CC
CCC(O)CC(C)C,0.5625,CCC(O)CC
CC(N)C(C)c1ccccc1,0.6190476190476191,CC(N)c1ccccc1
CCC1=C(OC(O)C(C)C)C=CC(CC)C1,0.2222222222222222,CC(C)Oc1ccccc1O
C=C(C)C1(O)CCC(C)CC1,0.3793103448275862,C=C(C)C1CCC(C)(O)CC1
CCCCCCOC(C)CC,0.5384615384615384,CCCCCOC(C)OCC
CCC(C)CCCC(C)=CCO,0.7,C/C(=C\CO)CCC[C@H](C)CCC[C@H](C)CCCC(C)C
COC1C=CC(C)O1,0.34375,C[C@H]1C=C[C@H]([C@H](N)C(=O)O)O1
CC(CC(C)C(C)C)c1ccccc1,0.5833333333333334,CCC(C)c1ccccc1
CC(C)c1ccccc1,1.0,CC(C)c1ccccc1
CC(C)CC(O)C1=CCCC=C1N,0.2647058823529412,CC(C)C[C@H](O)C(=O)O
CCC(O)C1=NC=CC1,0.2692307692307692,CC[C@H](C)O
CC1CCCC(c2ccccc2)C1,0.5,c1ccc(C2CC(c3ccccc3)CC(c3ccccc3)C2)cc1
CCC1C=CC(C2CCC(C)O2)=CC1,0.23809523809523808,C[C@H]1C=CC2=CCC[C@H](O)[C@@H]2[C@H]1CC[C@@H]1C[C@@H](O)CC(=O)O1
CC(C)C1C=CCC1,0.48,CC(C)[C@H]1C=C[C@H](C)CC1
C=C1CC(C)C2CC13C(=CCC3C)C2(C)C,0.275,CC1=CC[C@@H]2[C@H](C1)C2(C)C
CCCCCOC,0.5,CCCCCC
CC(C)CC(C)(C)C1CCCC1,0.391304347826087,CC(C)CC(C)(C)C
CCC(C)C1=CC(C)CO1,0.30303030303030304,CCC(C)c1ccccc1
CCC(C)CC(C)C(C)C,0.7368421052631579,CCC(C)CCC(C)CC(C)C(C)C
CCCCCCC(C)CCC,1.0,CCCCCCCC(C)CCC
Cc1ccc(C=O)cc1C,0.5833333333333334,C=Cc1ccc(C)c(C)c1
CC1CCCC1C,0.42857142857142855,CC1CCCC1
CC(C)CCC1CCCC1,0.37037037037037035,O=C(O)CCC1CCCC1
CCC(C=O)=CC1C=CCC=C1,0.40625,CCCC=C(C=O)CC
OC1C=Cc2ccccc2O1,0.5483870967741935,C1=CC(c2ccccc2)Oc2ccccc21
OC1C=CC2=CCC=CC2C1,0.2619047619047619,O=C([O-])C(=O)CC1=CCC(O)C=C1
CCC(C)C(C)C1=CC=CCC1,0.27586206896551724,CCC(C)C(C)C
CNC1CCCC1C,0.34782608695652173,CNC1CCCCC1
CC(C)CCC1C(C)CCCC1(C)C,0.46511627906976744,CC[C@@H](C)CC[C@H]1[C@@H](C)CC[C@H]2C(C)(C)CCC[C@]12C
CCCC(=O)C1N(C)CCCC1(C)C,0.34210526315789475,CN1CCC[C@H]1C(=O)O
CC1CC(C)C(O)C1,0.48,C=C(C)[C@@H]1CC[C@H](C)[C@H](O)C1
CC(C)=CCCC(C)CCOCO,0.6206896551724138,CC(C)=CCC[C@H](C)CCO
CCSC=CCCS(=O)OO,0.24390243902439024,CC/C=C\CCOC(=O)OC
CC(=O)C1CCCCC1,1.0,CC(=O)C1CCCCC1
CC1=CC(C)CC(CCC(C)C)C1,0.2647058823529412,CC1=C[C@@H]2/C=C(\C)C[C@H](CO)C[C@H](O)/C=C/C(=O)[C@]23C(=O)N[C@@H](CC(C)C)[C@@H]3[C@@H]1C
COC1=CC(C)C=C1,0.25,COc1cc(OC)cc(OC)c1
O=C1C=CC=CC1,0.37037037037037035,C1=CCc2ccccc2C=C1
CC(=O)C1C=C(C)OC1C,0.3333333333333333,CC(=O)C1C(=O)C=C(C)OC1=O
CCC1=CCC(C)O1,0.26666666666666666,CC1CCC(=O)O1
CCCCCCOC(C)O,0.5384615384615384,CCCCCOC(C)OCC
CCCC1C=CC(OC)C=C1,0.25,CCC[C@@H]1O[C@@H]1C
CC1=CCC(c2ccccc2)C=C1,0.42424242424242425,CC1=CC[C@H](C(C)C)C=C1
CCCC(=O)CC1=CSCO1,0.36666666666666664,CCCC(=O)CCC
CC(O)CCCC(=O)CCCC1=CCC=C1,0.39473684210526316,C[C@@H](O)CCCC(=O)O
CC1=CCC(C)C(C(C)O)C1,0.40540540540540543,CC1=CC[C@H]2C(C)=CC[C@@H](C(C)C)[C@@H]2C1
CC1CCOO1,0.3333333333333333,C[C@H]1CO1
CCCCCC1CC(C)C(C)C1,0.4074074074074074,CCCCCCCC[C@H]1CCC[C@@H]1CCCCCCC
CCCCC(CNCC)CC(C)C,0.43333333333333335,CCCCC(C)CC(C)CC(C)C
CC=CC(C)CCC1=CCCN1,0.21739130434782608,COC(=O)C1=CCCNC1
O=C(O)CCCCO,1.0,O=C(O)CCCCO
CCCCC(=O)OCCCC1C=CC=CC1,0.47368421052631576,CCCCCC(=O)OCCCC
CCC(C)CC(C)CC,0.7142857142857143,CCC(C)CC(C)C
CC(O)C(=O)c1cccnc1,0.5862068965517241,CC(O)C(=O)c1ccccc1
C=CC(CCCCC)CC(O)C(C)O,0.5161290322580645,C=CC(O)CCCCC
CC(CC=O)CC1=CC=CC1C,0.3225806451612903,CC(C)CC=O
CCOCC(C)C,0.4666666666666667,CCOCC
CCCCCCCCCCC(C(C)O)C(O)OCC,0.5555555555555556,CCCCCCC(C)O
CCCCCCNC(=O)CCCC,0.7037037037037037,CCCCCCCCCCCCCCCC(=O)NCCO
CCCC(=O)CCCC(C)C,0.5925925925925926,CC(C)CCCC(=O)CC(=O)O
COC1C=CC=C(C)C1,0.28125,CC1=CC=C[C@H](O)[C@@H]1O
CCCCCCC1C(C)CCC1C(=O)CS,0.43478260869565216,CCCCCC(=O)CC[C@@H]1[C@@H](CCCCCCC(=O)O)[C@@H](O)C[C@H]1O
CCCCCCCC(C)CCc1ccccc1,0.5517241379310345,CCCCc1ccccc1
C1=CC2(CC1)CC1CC2C2=CSCC21,0.18181818181818182,C=C(C)[C@@H]1CC[C@@]2(C1)C(C)=CCC[C@H]2C
CCCCCC(C)CCCC(C)C,0.9473684210526315,CCCCCCCCCCCC(C)CCCC(C)C
CC(C)C,1.0,CC(C)C
C=C(C)C(C)C(C)C(C)C(C)(C)C,0.2857142857142857,C=C(C)C(C)/C=C/C
CCC1C=C(C)CC1,0.40625,C=C(C)[C@H]1CCC(C)=C[C@@H]1O
CC(C)OC(C)c1ccccc1,0.5,CC(C)c1ccccc1
CC(C)(O)CC=O,0.5217391304347826,CC(O)(CC=O)CC(=O)O
CCCC(O)CCc1ccccc1,0.5384615384615384,CCCc1ccccc1
CC(C)=CCOC(C)C,0.4074074074074074,CC(C)=CCOP(=O)(O)O
CCCCCCNCC1CCCC(=O)O1,0.6578947368421053,CCCCCCCCCCCCCCCC1CCCC(=O)O1
CC(C)CC(=O)C(O)C(C)O,0.45454545454545453,CC(C)CC(=O)O
CC1CC=C(O)C(OCO)C1,0.25,C=C(C)[C@H]1CC=C(C)C(OO)C1
COC(=O)C1CC=CCC1C,0.39285714285714285,COC(=O)C1CC1
CCCC(CS)CC=O,0.36,CC(C)CC=O
C=C(O)C(C)CCC,0.5454545454545454,CCCC(C)C(=O)O
COCSC,0.42857142857142855,CCOC
CCCCC1CC(C)CCO1,0.5666666666666667,CCCCC1CCCO1
CCCC(C)OCc1ccccc1,0.42857142857142855,c1ccc(COCc2ccccc2)cc1
CC(=O)CCCC1CCC(C)C1(C)C,0.375,CCCCCC(C)=O
CC(=O)CCCC(C)COCC(C)C,0.3870967741935484,CC(=O)OCC(C)C
COCCCC1C=CC(CC(C)C)C=C1,0.32,COCCOC
CCC1=CC(CC)NC1C,0.2571428571428571,CCC1=CC=C[C@H](O)[C@@H]1O
CCC1C=CC(CC2C=C2)C=C1,0.2222222222222222,CC/C=C\CC
CC(O)C=CC(C)O,0.5,C[C@@H](O)C=O
CS(C)(N)O,0.45454545454545453,CS(=O)(=O)O
CCCC(C)CC(=O)OCC,0.6428571428571429,CCC[C@H](O)CC(=O)OCC
CCCCC(C)CC(C)CCCC,0.7894736842105263,CCCCC(C)CC(C)CC(C)C
CC=CC(C)S,0.36363636363636365,C=C(C)C(C)/C=C/C
CCCCCCCCCCC(=O)CC,1.0,CCCCCCCC(=O)CC
CCC1C=CC=C(C=O)C1,0.2647058823529412,CCC1CC(=O)N1
CC(C)C1=CCC(CO)C=C1,0.3111111111111111,CC(C)=CCC[C@H](C)[C@@H]1C=CC(C)=CC1
C=CC1=CCC(C(=C)C)CC1,0.71875,C=C(C)C1CC=C(C=O)CC1
C=CCCC1CCC(C)(C)C23CC4C=C2C13C4(C)C,0.22448979591836735,C=CCCCC1CC1=C
CCCCC(C)CCCC(C)N,0.7894736842105263,CCCCC(C)N
CC(C)C(C)CC(C)C(C)O,0.5,CC(C)CC(C)C(C)C
CCC1CCC(O)O1,0.45161290322580644,O=P(O)(O)OC[C@@H]1CC[C@H](O)O1
CCC(O)Oc1ccc(C)cc1,0.375,Cc1ccc(OS(=O)(=O)O)cc1
C=C(OCC(C)C)C(C)CCC,0.41935483870967744,CCCC(=O)OCC(C)C
C=C(C1=CCC=C1)C(C)C,0.28125,C1=CC2=CCC=CC2=C1
C=CCCC(=O)CCC,0.6,CCCC(=O)CCC
CCCCCC1=CCCC1,0.3333333333333333,CCCCCCCCC1=C(CCCCCCC(=O)O)C1
CC=CC1=CC(O)C(OCC)CC1,0.29545454545454547,C=C(C)[C@H]1CCC(C)=C[C@@H]1O
CC(C)C1CCCCC1(C)C,0.3448275862068966,CC(C)C1CCC(C)(O)CC1
O=C(CCC1C=CC=CC1)C1=C(S)CCC=C1,0.2558139534883721,*C1C=CC=CC1
CC1=CC=CC1CCCC=O,0.3225806451612903,CCCCC=O
COC1=CC2C=CCCC2=N1,0.22857142857142856,O=C1C=CCC1
CCC1=NCCCC1,0.3793103448275862,CC(=O)C1=NCCCC1
CC1CCCC(C)(C)C1CCC(O)O,0.4222222222222222,CC[C@@H](C)CC[C@H]1[C@@H](C)CC[C@H]2C(C)(C)CCC[C@]12C
CC(C)C(C)c1ccccc1,0.5789473684210527,CC(C)c1ccccc1
CCC(C)OC(C)(C)C1CCC(C)CC1,0.32432432432432434,CC(C)CCCC(C)C1CCC(C)CC1
CCC(=O)CCc1ccccc1,0.6428571428571429,O=C(CCO)CCc1ccccc1
CCC1=CC=C(CCC(C)O)CC1CC,0.2857142857142857,CCCC(C)O
CC12C=CC3(CCC1)C1(C)CC1CCC23C,0.3157894736842105,CC1(C)[C@@H]2CC[C@@]1(C)[C@](C)(O)C2
CCC(O)SC,0.4117647058823529,CC[C@H](C)O
C=C1CC(C)C(CCNCCC)O1,0.25,CCC[C@@H]1O[C@@H]1C
C=C(CCC1C=CC(CC)C(OC)C1)OCCc1ccc(CC)c(OC)n1,0.20833333333333334,COc1c(C)ccc(CCCCC(=O)O)c1OC
CC1CC(C)(C)CC(C)C1C,0.375,CC1CC(O)CC(C)(C)C1
CCC1=CC=C(C)CC1,0.4074074074074074,CC1=CC=C(C(C)C)CC1
CCCCCCCC(=O)c1ccccc1,1.0,CCCCCCCCC(=O)c1ccccc1
CCOC(C)Cc1ccccc1,0.56,CC(C)Cc1ccccc1
CC=CC1C=CC(OCc2ccccc2)=C(NC)C1,0.2978723404255319,Oc1ccc(OCc2ccccc2)cc1
C1=Cc2ccccc2CC1,1.0,C1=Cc2ccccc2CC1
CCC(CC)C(=O)CCOC,0.4074074074074074,CCC(CO)C(=O)O
CCCOOOC,0.35,*OCCC
CC(=O)C1=CC(C)CC1,0.48148148148148145,CC1C=C(O)CC1
CCCC1=CCCO1,0.4230769230769231,CC1=CCCO1
CC(C1C=CCC=C1)N(C)C,0.32,*C1C=CCC=C1
CCC=CCCCCCCO,1.0,CC/C=C\CCCCCO
CCC1C=C=C(C)O1,0.2571428571428571,CCC1OC(C)=C(O)C1=O
CCCC(=O)CCC(C)CC(O)CCC,0.46153846153846156,CCCC(=O)CCC
C=C(CCC)OCCCC,0.5384615384615384,CCCCOC(=O)CCC
OCC1=CCC=C1,0.32142857142857145,C1=CC2=CCC=CC2=C1
SCCC1=CCCC=N1,0.1724137931034483,C1=NCCC1
OC1CCC(CCS)C1,0.27586206896551724,CN1[C@@H]2CC[C@H]1C[C@H](O)C2
Cc1ccoc1C,0.5,Cc1occc1SSc1ccoc1C
CCCCCCC(O)O,0.6842105263157895,CCCCCCCCC(O)CCCCCCC
CC=CCC(=O)OCCOC,0.4482758620689655,*C(=O)OCCOC
CC(O)C1CCC=N1,0.36666666666666664,O=C(O)[C@@H]1CCC=N1
CCCC(C)CC(C)O,0.6,CCCC(C)CC(C)C
CC=CCCCCCCC(C)CCC(C)C,0.5357142857142857,CCCCCCC(C)CCC(C)C
CC(=O)C1C(C)=CC(C(C)(C)O)=CC1C,0.2571428571428571,CC(=O)C(C)(O)C(=O)O
CCC1CC(C)C(O)C1O,0.3333333333333333,CC[C@H]1OC(=O)[C@H](C)[C@@H](O)[C@H](C)[C@@H](O)[C@@H](C)C[C@@H](C)C(=O)[C@H](C)[C@@H](O)[C@H]1C
CC(C)CCC(O)CC(C)C,0.4,CC(C)CCO
CCC1CCCC(CC)C1OC,0.4230769230769231,CCCC1CCCCC1CC
C=C1CC2CNC1C2(C)C,0.3235294117647059,C=C1CC[C@H]2C[C@@H]1C2(C)C
CCCCC(CCC)CC(=O)OCC,0.5806451612903226,CCC[C@H](O)CC(=O)OCC
CCCOC(C)C,0.375,CCCCOC(C)OCC
O=CCCCSC1CCCCS1,0.3,O=CCCCC=O
CCCCC(=O)C(C)(C)O,0.4782608695652174,CCCCC(N)=O
COC(=O)CC(C)OC,0.48148148148148145,COC(=O)C[C@@H](N)C(=O)O
CCCCCCOCC,0.5909090909090909,CCCCCCCCCCCCOCCO
CC1=NC(C)SC(C)C1,0.26666666666666666,CC1SCCC1=O
CCCC(CC(C)=O)CC(C)CC,0.4642857142857143,CCCC(C)CC(C)CC
CC1=CCC(C)(C)CCCC(C)CCC1,0.46875,CC1CCCC(C)CCC(C)(C)CCC1
CC1CCC(C)C1,0.6363636363636364,CC1CCC(C)CC1
CCCCCCCCSCC,0.5,CCCCCCCCCCCCCCCCC
CC(=O)C1CC(C)OC1C,0.3142857142857143,CC(=O)O[C@@H]1[C@H](O)[C@@H](O)[C@H](C)O[C@H]1O
CC(C)C(C)CO,0.5294117647058824,CC(S)C(C)CO
CCC(CC)CN(C)C,0.4666666666666667,CCC(CC)CC
CC=CC=CC(C)OCCCCCC,0.42424242424242425,CCCCCOC(C)OCC
CCCCCC1CCC(C(C)C)CC1,0.4074074074074074,CC1CCC(C(C)C)CC1
CCOC(CCC(C)C)C(C)C,0.35714285714285715,CCCCOC(C)OCC
C=CCC(C)C(C)O,0.6,C=CCC(C)C(C)C
CC(C)C(C)Cc1ccccc1,0.6363636363636364,CC(C)Cc1ccccc1
CCCCOCCCCC(C)C,0.5909090909090909,CCCCCCCCCCCC(C)C
C=C(OCC(C)C)C(C)C,0.4583333333333333,CC(=O)OCC(C)C
CNCC(C)C(C)CC(C)=O,0.3793103448275862,CNC[C@H](N)C(=O)O
CCCC=CC(=O)CCCC,0.6071428571428571,CCCCCC(=O)/C=C/CO
CC1(S)C=CC2(CCCCC2)OC1,0.25806451612903225,C=C[C@]1(C)CO1
CCCCC=CCC(C)OCC,0.4444444444444444,CC/C=C\CCCC
CCNCCC(C)CCCC(C)C,0.5909090909090909,CC(C)CCCC(C)CCCC(C)CCCC(C)C
C=C(C)CCCC(C)O,0.52,C[C@@H](O)CCCC(=O)O
CC(=O)OCO,0.5555555555555556,CCOC(C)=O
C=C(C=C1CCOC1)CC,0.28125,O=C1CCOC1
CC1OCCC1CCO,0.3142857142857143,CCCC1CCOC(C)S1
CCCC(=O)CCC1CCCCC1,0.5357142857142857,O=C(O)CCC1CCCC1
CCC(C)C=C(C)C,0.43478260869565216,CCC(C)C=NO
C=C(O)CCCCCCCCCCCCCC,0.5454545454545454,CCCCCCCCCCCCCCCC(=O)O
CCC1C(=O)C(C)CC1C,0.38095238095238093,CC[C@H]1OC(=O)[C@H](C)[C@@H](O)[C@H](C)[C@@H](O)[C@@H](C)C[C@@H](C)C(=O)[C@H](C)[C@@H](O)[C@H]1C
COCCCCCCCCC(C)C,0.6111111111111112,CC(C)CCCCCCC(C)C
Cc1ccc(C)c(C)c1,1.0,Cc1ccc(C)c(C)c1
C=C(C=CCCC)CC,0.5384615384615384,C=C(/C=C\CC(C)C)CC
CC(C)c1ccccc1C(C)C,0.631578947368421,CC(C)c1ccccc1O
CC(C)CCCC(C)CCCC(C)O,0.7222222222222222,CC(C)CCCC(C)CCCC(C)CCCC(C)C
CC(C)=CCCC(C)CC1CCCC1,0.5161290322580645,CC(C)=CCCC(C)CO
CCCC(C)C1CC=C(C)CC1,0.6129032258064516,CC1=CCC(C(C)C)CC1
CCOC(C)C(C)(C)CC,0.47619047619047616,CCC(C)(C)C(C)C
CC1=CC=CC2CC(C)C(C)C12,0.3333333333333333,CC1=CC=C[C@H](O)[C@@H]1O
C=C(CCC)C1C(C)CCCC1(C)C,0.34146341463414637,CC1CC[C@H]2C(C)CCCC(C)(C)[C@H]2C1
CC1=CC(CC(C)CC(C)C)C(C)=C1,0.3,CCC(C)CC(C)C
C=C(CCC)CC(O)C(C)OCO,0.2903225806451613,C=C(C)CCC
CCCCCCCCCC(=O)COCC,0.625,CCCCCCCCCCCCCCCC(=O)CCCCCCCCCCCCCCC
CCC1=C(O)NC=C(CSC)C1,0.24324324324324326,O=C1CC(O)=CN1
CCCOC(=O)COC(C)CC,0.5,CCCOC(=O)CC
OC1=CC(C(O)S)=CC1,0.20588235294117646,O=C1C=C(O)CC(O)C1
CC1C=CC(OCCO)=CC1,0.3055555555555556,OCCOc1ccccc1
CCC1CCCC1CC,0.631578947368421,CCCC1CCCCC1CC
CC1CCC2=C(N1)C(C)OC2C,0.23529411764705882,CC1CCC(=O)O1
C=C(CC)CC(C)(C)C,0.391304347826087,C=C(CC)CCCC
C=CC(C)=CC,0.4666666666666667,C=CC(=C)C
CNCC1CCCC=C1O,0.2826086956521739,CCCCC(=O)C1CCCC=C1C(=O)O
CC(C)=CCCC(C)CCCC(CCCC(C)CCCC(C)C)Cc1ccccc1,0.4146341463414634,CC(C)=CCC[C@H](C)CCO
CSCCCC1=CC=C(C)C1,0.3225806451612903,CSCCCCCCCCN
C=CC1=CC(CC)C(O)C(OC)=C1,0.2711864406779661,COC1=CC(=O)[C@]2(C/C=C(\C)CC/C=C(\C)CCC=C(C)C)O[C@@H]2[C@@H]1O
CC1CCC2CC1CC2(C)C,0.42857142857142855,CC1CCC2CC1C2(C)C
O=CCCCCCCCO,0.5555555555555556,O=CCCO
CC1CCCCCCCCCCOCCCC1,0.6470588235294118,CC1CCCCC1
CCc1ccc(NC)cc1O,0.42857142857142855,CNc1ccc(O)cc1
CCCCCCCC(O)CCC(C)=O,0.7142857142857143,CCCCCCCCC(O)CCC(=O)O
CC(C)C1CCC(C)C23CCC(O)(S)C2C13,0.6857142857142857,CC(C)[C@@H]1CC[C@@H](C)[C@@]23CC[C@](C)(O)[C@@H]2[C@@H]13
C=CCC(C)C(O)O,0.6,C=CCC(C)C(C)C
CCCC(CCO)CC(C)C,0.4583333333333333,CCCC(C)CC(C)C
CC(C)CCCC(C)CC(C)C,0.7058823529411765,CC(C)CCCC(C)CCCC(C)CCCC(C)C
C1=CC(CCCC2=CCCCC2)=COC1,0.2558139534883721,O=[N+]([O-])C1=CCCCC1
CCC(C)CC(C)C,1.0,CCC(C)CC(C)C
C=C(CC=CCC)OCCCCCC,0.45714285714285713,C=CC(=O)OCCCCCCCCCCCC
CC1CCC2CCCNC12,0.4583333333333333,C[C@@H]1CCCN1
CCC(CC(S)CCCC(C)C)OC,0.40625,CCC(C)CC(C)CCCC(C)C
C=CC(C)CCC1OC1(C)C,0.3611111111111111,C/C(=C\CC/C=C(\C)CC/C=C(\C)CC[C@@H]1OC1(C)C)CC/C=C(\C)CC[C@@H]1OC1(C)C
CCC1=CC2CCCC2C=C1,0.2727272727272727,C1=CC2CCCC2C1
OCCCCO,1.0,OCCCCO
CCC(O)C(C)O,0.5333333333333333,CC[C@H](C)O
CCCCC(C)CC(C)=O,0.6071428571428571,CCCCC(C)CCCCCC(C)CCCCCCCCCC(C)CC(=O)O
CCCC(O)C(C)(O)c1ccccc1,0.4482758620689655,CC(C)(O)c1ccccc1
CC1SCCC(C)(C)S1,0.26666666666666666,CC1CCCC(C)CCC(C)(C)CCC1
CC1CCC2C(C)CCC2C1,0.4827586206896552,CC(C)[C@@H]1CC[C@H](C)[C@@H]2CC[C@H](C)C[C@H]21
CCC(C)C(=O)CCCC(C)CCC=C(C)C,0.5,CC(C)=CCC[C@H](C)CCO
CC1CC=CC2=C1C(C)C(=O)O2,0.3333333333333333,O=C1OC(=O)C2CC=CCC12
CC(C)(N)C1CCC(CC(O)CS)CC1,0.28125,OC[C@@H](O)CS
CC(CCS)OCc1ccccc1,0.41379310344827586,c1ccc(COCc2ccccc2)cc1
CC1=CCC(C(C)C)C(C)C1,0.59375,CC1=CC[C@H]2C(C)=CC[C@@H](C(C)C)[C@@H]2C1
CC1=C(C(=O)CCC=O)CC=CC1,0.375,CC(=O)CCC=O
CCCC(OSC)C1C=CC2CCOC2=C1,0.23214285714285715,CCCC(=O)N[C@@H]1CCOC1=O
CCCCCC(O)C(C)CCCC,0.5862068965517241,CCCCCC[C@H](C)[C@@H](O)CC(=O)O
CCCC(C)SC,0.4444444444444444,CCCC(C)CCC
C=C1CCC(C)C1,0.4,C=C1CCC(C(C)C)CC1
CCC(C)OCCS(C)(C)C,0.3125,CC(N)COCCOC(C)COCC(C)N
C=C(CCC)CCCCCCCC,0.5454545454545454,C=C(CC)CCCC
CCC1CCCCC1,0.391304347826087,O=C(O)CC1CCCCC1
C=CC1(C)CCC(C(C)C=O)C1,0.47368421052631576,C=C[C@]1(C)CC[C@@H]([C@@H](C)C=O)O1
CCCC(CC=O)OC,0.375,CO[C@@H](CC=O)[C@@H](O)[C@@H](C)O
CC(C)C1=CC(C)C(C)C1,0.35135135135135137,CC1=CCC(C(C)C)=C[C@H]2[C@@H](C)CC[C@@H]12
C=C1CC(C(C)C)CCC1C,0.45161290322580644,C=C(C)[C@@H]1CC[C@@H](C)C(=C)C1
CCC=CCCCCCCCO,1.0,CC/C=C\CCCCCO
CC1SC2(CC1N)C(C)CCCC2(C)C,0.3076923076923077,C[C@H]1CCC[C@@]2(C)CCCC[C@]12O
CC1C=CCCC1O,0.32142857142857145,C1=CC2OC2CC1
CCC1CCCOC1(CC)CC,0.2857142857142857,CCCCC1CCCO1
CC(C)C(=O)C1CCCC1,0.4782608695652174,CC(=O)C1CCCCC1
CCCC(=O)CC(C)O,0.55,CCCC(=O)CCC
Sc1ccoc1,0.42857142857142855,*c1ccoc1
C=CC(C)C,1.0,C=CC(C)C
CC(=O)CCC1=CCC=C1,0.41025641025641024,CC(=O)CCC1=C(C)C=CCC1(C)C
COC(C)C1CCC(C)CC1,0.5714285714285714,CC1CCC(C(C)C)CC1
CCCC(=O)CCC(O)C(C)CCC,0.5,CCCC(=O)CCC
CCCC1C=CC(C)CC1,0.3793103448275862,CC(C)[C@H]1C=C[C@H](C)CC1
CCC(C)CC1C=CC=C1,0.4,CCC(C)CC
CCCCCCCCC(C)O,1.0,CCCCCCC(C)O
CC1CCC2=CCCCC21,0.3829787234042553,CC[C@]1(O)CC[C@H]2[C@@H]3CCC4=CCCC[C@@H]4[C@H]3CC[C@@]21C
CCCCCCC(=O)NOCCC,0.5517241379310345,CCCCCCCCCC(=O)NO
CCC(=O)CC(O)C=C(C)C,0.4666666666666667,C=CC(=C)C[C@@H](O)C=C(C)C
OC1CCCC1C1CCCC1,0.5238095238095238,C1CC[C@H]2[C@H](C1)CC[C@@H]1[C@@H]2CC[C@@H]2CCC[C@H]21
CCCCCC(C)CC,0.7368421052631579,CCCC(C)CCCCC(C)CC
CCOC1C=CC(C=O)=CO1,0.2682926829268293,CCOC1CCC(=O)O1
C=C(C)CC1CCCCC1,0.48,O=C(O)CC1CCCCC1
CC=CCCCCCCCCC,1.0,CC=CCCCCCCCCCCCCCCC
C=C(CCC)CCC1=CC=CC1,0.2903225806451613,C=C(C)CCC
CCCCCC(C)CC(C)C,0.8181818181818182,CCCCCC(C)CCCC(C)CC(C)CC(C)C
C=C1C(C(C)C)CCC2(C)NC12,0.3333333333333333,C=C1[C@@H]2CC[C@H]3[C@@H]2[C@@H](C(C)C)CC[C@@]13C
CCCCCCCCC(=O)C(O)CC(=C(C)C)C(C)CC,0.4594594594594595,CCCCCCCCCCCCCCCC(=O)[C@H](C)N
CCCC(S)CCC1CCCO1,0.5625,CCCCC1CCCO1
CCCCOCCC,0.631578947368421,CCCCOCCO
CCOC1CCC=CC1C,0.2727272727272727,C1=CC2OC2CC1
C=CC(C)(O)CC(C)=CCC,0.45454545454545453,C=CC(C)(O)CC/C=C(\C)CO
CC1CCCC(C)(Sc2ccccc2)C1O,0.32558139534883723,C[C@H]1CCC[C@@]2(C)CCC=CC12
CC1=CC(S)SC1,0.2727272727272727,CC1=CC1
CCC(C)C(C)CC(C)C,0.5294117647058824,CC(C)CC(C)C(C)C
CC(=O)CC1CCNC1,0.3611111111111111,COC(=O)C1CNCCC1O
CCCC(C)c1ccccc1,0.6521739130434783,CCC(C)c1ccccc1
CC(C)CC(=O)CCC=O,0.48,CC(=O)CCC=O
CC(C)CCCC(C)CO,1.0,CC(C)CCC[C@H](C)CO
CCC(C)c1c(C)cc(O)c(C)c1C,0.4482758620689655,Cc1cc(O)c(C)c(C)c1O
C=CCC1=CCCC(SC)=C1O,0.30952380952380953,C=CCc1cc(OC)c(O)c(OC)c1
COC1=NC=CCC1,0.2413793103448276,O=C1C=CCC1
CCCCCCCCCOO,1.0,CCCCCCCCOO
CCSCC(=O)C(C)CC(C)(C)CC,0.2972972972972973,CCSC[C@H](N)C(=O)O
CC(C)CC1CC(C)C(C)O1,0.2903225806451613,C[C@H]1O[C@H](O)[C@@H](O)C[C@@H]1O
CCCCC(CCC(C)C)OCC(C)C,0.4074074074074074,CCCCCCCCCCCC(C)C
CCCC(CC(=O)CC)OC(C)O,0.375,CCCC(C)C(=O)CC
C=CC1CC(C)OC1C,0.26666666666666666,C[C@H]1O[C@H](O)[C@@H](O)C[C@@H]1O
CCCC(C)C(S)CC,0.42857142857142855,CCCC(C)CC
CC1CCC2C(C1)C(C(C)C)CCC2(C)C,0.4857142857142857,CC(C)[C@@H]1CC[C@H](C)[C@@H]2CC[C@H](C)C[C@H]21
CC(O)C1CCCS1,0.4,CC(O)C1CCCC1
COCCCCCCCC(C)O,0.5416666666666666,CCCCCCC(C)O
CCCCCCCCOC(C)CC(C)C,0.5,CCCCCOC(C)OCC
CC1CC=C(C(C)O)C(C)C1,0.2564102564102564,CC(C)C1=CC=C(C(=O)O)[C@@H](O)[C@H]1O
CC1CC(C)C(O)C1C,0.3076923076923077,CC1CC(O)CC(C)(C)C1
CCCC1CC(C)C(N)C1,0.2857142857142857,CCC[C@@H]1O[C@@H]1C
COC(C)C1CC=CC=C1C,0.25,CC1=CC=C[C@H](O)[C@@H]1O
CCCCCCCCCCCCSC(C)C(C)C,0.4230769230769231,CCCCCCCC(C)CCC
Oc1ccccc1C(O)CCCCc1ccccc1,0.42857142857142855,O=C(O)CCCCc1ccccc1
CC1(C)C2=CC1CCC21CC1,0.2894736842105263,CC1(C)C2=CC=CC(C)(C)C23C=CC1C3
COC1=CCC(C)C=C1C,0.2619047619047619,CC1=CCC(C(C)C)=C[C@H]2[C@@H](C)CC[C@@H]12
C1=NC=C(CCCc2ccccc2)C1,0.40625,CCCCc1ccccc1
CC1CC2CCC1C2(C)C,0.6521739130434783,CC1CCC2CC1C2(C)C
CCCOc1ccccc1,0.6363636363636364,CCOc1ccccc1
CC(=O)CCCC1(C)CCC(C(C)C)C1,0.3783783783783784,CC(C)C1CCC(C)(O)CC1
C=CCC=C=O,0.2727272727272727,C=CCC#N
CCC(CO)CCC1CCC(C)C1(C)C,0.37142857142857144,CCCCC(CC)CO
CCCCCCC1CCC(O)C1,0.43333333333333335,CCCCCCCC[C@H]1CCC[C@@H]1CCCCCCC
CCCCCOCC(C)C,0.5357142857142857,CCCCCCCCCCCCCCCCOC[C@@H](O)CO
CC1C2CCC3C2C(C)(C)CCCC13C,0.4473684210526316,C=C1CCC2C3C1C2(C)CCCC3(C)C
CCC1CCCCC1CN,0.6363636363636364,CCCC1CCCCC1CC
CCCCCCCC(O)c1ccccc1,0.6785714285714286,CCCCCCC(CCCCC)c1ccccc1
CCCC1CCCC(C)S1,0.4838709677419355,CCCC1CCOC(C)S1
CC(C)CCOC(CCC(C)O)C(C)C,0.43478260869565216,CC(O)CCC(C)O
CCOC1CCCC=C1CC,0.2826086956521739,CCCCC(=O)C1CCCC=C1C(=O)O
CSC1=S(C(C)C)C=CCC1,0.21212121212121213,O=C1C=CCC1
CC1CCCCCCCCCCCCCC=CO1,0.34782608695652173,C1=C/CCCCCC/1
C=CCCC1CC2CC1C1CCCC21,0.3125,C1CC[C@H]2[C@H](C1)CC[C@@H]1[C@@H]2CC[C@@H]2CCC[C@H]21
CC(O)CC1C2(C)C=C(CC2)C1(C)C,0.2549019607843137,CC1=CCC(C2=CCC(C(C)O)CC2)C1(C)C
C=C(CC)C(C)=CCC,0.4,C=C(C)CC
CC1=CCCC(C)CCCC(C)CCC1C(C)C,0.4375,CC(C)[C@@H]1CC[C@H](C)CCC[C@H](C)CC1
CC(C)CCCC1C=CC=C1,0.4090909090909091,CC(C)CCCCCCC(C)C
CCCC1CC=C(C)C1(C)C,0.5625,CC1=CCC(CC=O)C1(C)C
CC(C)CCCC(C)O,0.5789473684210527,CCCCC(C)O
CCCOCC(C)=O,0.6086956521739131,CCCOCCC(C)=O
CC12CCCC(C)(CC1)C2=CO,0.25925925925925924,CC1(C)CCCC(C)(C)N1[O]
OCCCc1ccoc1,0.5,CC(C)=CCCc1ccoc1
CCCCC(C)C(C)(C)CC(O)CC(C)C,0.41379310344827586,CCCCC(O)CCCC
C1CN1,1.0,C1CN1
CCC(C)CCC(C)C,0.6842105263157895,CCC(C)CCC(C)CCCCC(C)C
CCC=CCC(C)CC,0.5909090909090909,CCC(C)C/C=C/C(C)C
C=C(O)CCCC(C)C,0.4827586206896552,C=CC(=C)CCCC(C)CCCC(C)CCCC(C)C
CCC1=C(CO)C=CCC1,0.3,O=C1C=CCC1
CCC(C)CC(C)c1ccccc1,0.6666666666666666,CCC(C)c1ccccc1
C=CCc1ccc2c(c1)CCC2,0.45714285714285713,C=CCc1ccc2c(c1)OCO2
CNSCC1CC=CO1,0.18181818181818182,CNC1CCCCC1
CCC(C)C1C=CCC1,0.36363636363636365,CC(C)CC1C=CCCC1
CCCC(CC)COC(C)C,0.375,CCCC(C)CC
CC(C)OC(C)C(C)C,0.3333333333333333,COC(C)C
COC1=C(O)C=CC(C(O)C(C)O)C1,0.3,CC1=CC[C@H](C(C)C)C=C1
CCCC(=O)CCCCC1CCCCC1,0.5625,O=C(O)CCCCCCCCCC1CCCC1
CCCCC(C)CC,0.6842105263157895,CCCC(C)CCCCC(C)CC
CCCCCCCOC(O)CC,0.48,CCCCCCCCOO
CCCCCCC(=O)c1ccccc1N,0.7714285714285715,CCCCCCCC(=O)CC(=O)c1ccccc1N
C=C(C)C(CC)CCCC,0.44,CCCCC(O)CC
CC1=CC(C)C(C(C)(C)S)CC1,0.3333333333333333,CC1=CC[C@@H](C(C)(C)O)CC1
CCCC=CC1CCC(C)OO1,0.28125,CCC/C=C/CO
Cc1cccc(CO)c1,1.0,Cc1cccc(CO)c1
CCC(C)C1CCC(C)CC1,0.5555555555555556,CC(C)CCCC(C)C1CCC(C)CC1
Cc1ccc(C(C)O)nc1C,0.3103448275862069,C[C@H](O)c1ccccc1
CC1CSC(C(C)C)C1,0.3076923076923077,CC1CCC(C(C)C)CC1
CC(C)CC1=CCC=C1,0.3103448275862069,CC(C)Cc1ccccc1
OC(CCc1ccccc1)C1C=CC=C1,0.42857142857142855,N[C@@H](CCc1ccccc1)C(=O)O
CCC1(C)CCC(C)(S)C(C(C)C)C1,0.3181818181818182,CC[C@]1(C)CC[C@]2(C)[C@H](CC[C@@H]3[C@H]2CCCC3(C)C)C1
COC1C=C(C)CC=C1O,0.32,CC1=CC1
CC1CSC(C)C1,0.2777777777777778,CC1CCC(C)CC1
CCC1C=C(C)C=C1C,0.23333333333333334,CCc1ccc(C)o1
COC1C=C(CCC=O)CN=C1O,0.2619047619047619,O=CCCc1ccccc1
C=C1CCCC(C)O1,0.4074074074074074,CC1CCC(=O)O1
CCCCCCC(O)Cc1ccccc1,0.5357142857142857,CCCCCCCCC(O)CCCCCCC
CCCC(C)(C)C,0.5,CCCC(C)(C)CC
C=C1CCC(C(C)C)CC1,1.0,C=C1CCC(C(C)C)CC1
CC(O)C1C=CCCC1,0.45161290322580644,CC(C)CC1C=CCCC1
CCC1=CCC(C(C)C)CC1,0.5666666666666667,CC1=CCC(C(C)C)CC1
CC1CC2CC(C1C)C2(C)C,0.52,CC1CCC2CC1C2(C)C
OC=CCCCCOS,0.46153846153846156,CCCCCCCCCC=CO
O=CCC(O)CCc1ccccc1,0.5,O=CCCc1ccccc1
C=C(C)C1CC(C(C)C)CCC1(C)CC,0.3888888888888889,CC(C)C1CCC(C)(O)CC1
CC1CC(C)OC(C)O1,0.5,CC1OC(C)OC(C)O1
CCN1C=NCCC1OC,0.21052631578947367,COC1CC(C)(C)N([O])C(C)(C)C1
CC1C=CC=C(O)C1C,0.3103448275862069,CC1=CC=C[C@H](O)[C@@H]1O
CC1C=CC(C)C1,0.47619047619047616,C[C@@H]1C=C[C@@H]2[C@H](C1)C2(C)C
CCCCCCCCCC(C)CCCC,0.8333333333333334,CCCCCCCC(C)CCC
COC1CCC=CC1CCC(O)O,0.2619047619047619,CC(C)CC1C=CCCC1
C1COSOCO1,0.4375,C1COCO1
CNc1cccc(CO)c1,0.5357142857142857,Cc1cccc(CO)c1
O=C(CCCc1ccccc1)C1C=CCO1,0.4864864864864865,O=C(O)CCCc1ccccc1
CC(C)C1C=CC=C1O,0.3125,CCC1=CC=C[C@H](O)[C@@H]1O
CC(C)=CCCC(C)CC(C)CC(C)C,0.6153846153846154,CC(C)=CCCC(C)CO
C=C(C)N1C=COC=C1,0.2777777777777778,C1=CO1
CCCCCCC(O)CCC,1.0,CCCCCCC(O)CCC
CC(C)CCCCCc1ccccc1,0.5185185185185185,CCCCc1ccccc1
C=CC(S)CCCC,0.4444444444444444,C=CC(O)CCCCC
C=C(C)C1=CC(CC)NN=N1,0.23255813953488372,C=C(C)[C@H]1CCC(C)=C[C@@H]1O
CCC(CC)SC,0.3333333333333333,CCC(C)C
Cc1ccc(C)cc1,1.0,Cc1ccc(C)cc1
CC=CCCCCC(C)C(C)C,0.48,C/C=C\CCCCC
CCc1ccc(OC)c(C(C)(C)C)c1,0.5625,COc1ccc(O)cc1C(C)(C)C
O=C1C=CCC1,1.0,O=C1C=CCC1
CC1CCOS1,0.2631578947368421,CC1CCC(C)CC1
CCCCCOCCCC(=O)O,0.6521739130434783,CCCCCC(=O)O
CCC(C)(S)CCC=C(C)C,0.4666666666666667,C=CC(C)(O)CCC=C(C)C
CCCCCC1=CC=C(C)C1,0.3333333333333333,CCCCCCCCC1=C(CCCCCCC(=O)O)C1
CC(C)CCSC(O)C(C)C,0.34782608695652173,CC(C)CCO
Cc1occc1CC(C)C,0.3793103448275862,Cc1occc1SSc1ccoc1C
CC(O)OC1CC(C(C)C)CCC1C,0.46875,CC(C)[C@@H]1CC[C@H](C)[C@@H]2CC[C@H](C)[C@@H]2C1
CCCCCC(Cc1ccccc1)C(CS)OC,0.4,CCCCCC(CCCCC)c1ccccc1
CC1C=CC(CC(C)C)=C1,0.3,CC(C)Cc1ccccc1
CCCCCCC1=CCCC=C1,0.3611111111111111,CCCCCCCCc1ccco1
O=CCCC1=CCOC=C1,0.3333333333333333,O=CCCc1ccccc1
C=C(C)C1CCC(C)C(OC(=O)CC(C)C)C1,0.5526315789473685,C=C(C)[C@@H]1CCC(C)C(OO)C1
CCCCCCCCOCCCCOC(C)O,0.5555555555555556,CCCCCCCCCCCCOCCO
C=CCOC1=CCC(C)C=C1,0.2708333333333333,C=CCOC1=NS(=O)(=O)c2ccccc21
Cc1ccccc1CCC(C)O,0.5,Cc1ccccc1CO
CCCC(C)(C)CCC,0.7142857142857143,CCCC(C)(C)CC
CC(C)CC(C)OCCCO,0.41379310344827586,CC(COCCO)OCCO
COC(C)CC(C)C,0.42857142857142855,COC(C)CCO
CC1COC(O)C1,0.5,O[C@@H]1C[C@H](O)[C@H](O)CO1
CCCCCCC1=CC(C)CC=C1,0.3157894736842105,CCCCCCCCCCCCCCCc1cc(O)cc(O)c1
CC1CC(CC(O)C2CCCC2C)CC(C)(C)C1,0.358974358974359,CC1CC(O)CC(C)(C)C1
CCOC(=O)C1(CN)CC1(C)c1ccccc1,0.46808510638297873,CCOC(=O)C1(c2ccccc2)CCN(C)CC1
CCC(CC)CC(C)CCC=C(C)C,0.5714285714285714,CC(C)=CCCC(C)CO
Oc1ccccc1C(O)O,0.5909090909090909,CC(C)c1ccccc1O
CC1CCC(C(C)C)C(C=O)C1,0.5172413793103449,CC(C)[C@@H]1CC[C@@H](C)C[C@@H]1O
CCC=CCCCC(C)C(C)O,0.46153846153846156,CC/C=C\CCCC
CCCOc1ccc(C)cc1,0.4,Cc1ccc(C)cc1
CCNC(O)C1OC=CO1,0.25,CCNC(CC(N)=O)C(=O)O
CCCC(=S)CC,0.4117647058823529,CCC(C)=S
CCC(C)CC(C)CCCOC,0.5769230769230769,CCC(C)CC(C)CCCC(C)C
CC1CCC(S)C1,0.4375,CC1CCC(C)CC1
CCC1C=CC(OC)CC1,0.23684210526315788,O=C([O-])C(=O)CC1C=CC(O)CC1
CCC(OC)c1ccccc1,0.5,CCC(C)c1ccccc1
CC1CC=CO1,0.3157894736842105,C[C@H]1CO1
CC(C)CCC(C)C,0.5833333333333334,CC(C)CCCCCCC(C)C
CC(CCCCc1ccccn1)CCc1ccccc1,0.5263157894736842,CCCCCCc1ccccn1
CCC1CCC=C1C,0.28205128205128205,CC1=CC2C(CC1)C(C)=CCCC2(C)C
C=C(C)CCCC(C)CCCC(C)CC,0.5384615384615384,CCC(C)CCCC(C)CCCC(C)C
CCC(O)S,0.5,CC[C@H](C)O
CC(=O)CC(C)(O)O,0.6666666666666666,CC(=O)CC(C)(C)O
CCCCCCCCCCC(=O)C(C)C,0.68,CCCCCCCCCCCCCCCC(=O)[C@H](C)N
CC=CCCC(CCC)OOC,0.36666666666666664,C/C=C\CCCCC
C=CC1(C)CCC(C(C)(C)CCC=C(C)C)C1,0.4,C=CC(C)(O)CCC=C(C)C
CC1CC(C(C)O)CCS1,0.4074074074074074,CC(O)C1CCCC1
CC1C=CC2(C1)C(C)CCCC2(C)C,0.32432432432432434,C[C@H]1CCC[C@@]2(C)CCCC[C@]12O
CCCCCCCCCCC(O)CCCCCCCC,1.0,CCCCCCCCC(O)CCCCCCC
CCC=C(C)C,0.5,CC(C)=CCO
CC1CC(c2ccccc2)CO1,0.5,c1ccc(C2CC(c3ccccc3)CC(c3ccccc3)C2)cc1
CCC1CC(CC(C)C)CC1C,0.24324324324324326,CC(C)CCCC(C)C1CCC(C)CC1
COC1CCC(CS)CC1OC,0.22580645161290322,CC1CCC(CO)CC1
CCOCCCCCC1CCCC(O)C1,0.35294117647058826,CCOCCCO
COC(C)(C)C1CCC(C)CC1,0.4444444444444444,CC1CCC(C)CC1
CCC1=NC=COC1OCS,0.1951219512195122,C[Si](C)(C)OCc1ccccc1
CCCCCC(O)CC=O,0.6666666666666666,CCCCCC(O)CCC=O
CCOC(C)CCC(C)=O,0.5,CC(=O)CCC(C)O
CC(C)SCO,0.375,CC(C)CO
C=C1CCC(C(=O)O)C1,0.5769230769230769,O=C1CCC(C(=O)O)C1
CC(C)=CCCC(=O)CC(C)C,0.5517241379310345,CC(C)=CCCC(=O)CC(=O)O
C=CCCCCC,0.9375,C=CCCCCCCCCCCCCCCC
CSNc1ccccc1,0.47619047619047616,CNc1ccccc1
CC(O)CC(C)CC(C)(C)C,0.6111111111111112,CC(CC(C)(C)C)CC(C)(C)C
CCCCCCOCCCC,0.7,CCCCCCCCCCCCOCCO
CCCCCC(=O)C(C)C,0.64,CCCCCCCCCCCCCCCC(=O)[C@H](C)N
CC1CC(O)CC1=O,0.4482758620689655,C[C@@H]1C[C@@H](O)CC(C)(C)C1=O
CC1=CC(C)CCC1,0.4230769230769231,CC1C=C(O)CC1
CC1=C(OC(C)C)CC(CO)=CC1,0.2727272727272727,C=C(C)C1CC=C(CO)CC1
C=C=NC(C)C,0.5,CC(C)N=C=NC(C)C
CC1COC(C)(C)C1,0.3,C[C@H]1CO1
CCCC(OC)c1ccccc1,0.45161290322580644,CCCCCC(CCCCC)c1ccccc1
C=CCc1ccc(C)cc1,0.5833333333333334,C=CCc1ccc(O)cc1
CC1CCCC1CS,0.32142857142857145,CCCCCCCC[C@H]1CCC[C@@H]1CCCCCCC
CC(C)C(=O)OC1C(C)CCCC1C,0.37037037037037035,CC(C)C(=O)OC(=O)C(C)C
CCC1CCC(OC)C(OC)C1,0.23333333333333334,COC(=O)C1CC1
C=C(CN)CCCCCCCCC=S,0.30303030303030304,C=CCCCCCCCC(=O)O
CCc1ccccc1,1.0,CCc1ccccc1
CCC(C)c1ccccc1OC,0.5714285714285714,CCC(C)c1ccccc1O
CCCCCC(C(C)=O)C(S)CCC,0.4411764705882353,CCCCCCCCCCCCCCCC(O)C(CCCCCCCCCCCCCC)C(=O)O
CCCCCC(C=O)CC(C)C(C)C,0.5172413793103449,CCCCC(C=O)CC
CC(C)C(C)CCC1=CCCC1,0.34615384615384615,CC(C)C(C)CCC(C)C(C)C
OC1COC2=C(OOCC2)S1,0.21621621621621623,O=C1OC[C@H](O)[C@H]1O
CCCC=CCNC(=O)C(C)CC,0.48484848484848486,CCC(C)C(=O)NCC(=O)O
CCCCCCCC(O)Cc1ccccc1,0.5357142857142857,CCCCCCCCC(O)CCCCCCC
CCCCCC=C=N,0.45454545454545453,CCCCCCCC/C=C\CCCCCCCC
CCC=C(S)C(C)=O,0.3684210526315789,CC(=O)S
CCCCCCCCC(=O)CCCCC,1.0,CCCCCCCCCCCCCCCC(=O)CCCCCCCCCCCCCCC
C=CCCCC,1.0,C=CCCCC
COC(O)c1ccccn1,0.42424242424242425,*CC(*)c1ccccn1
CCCC(=O)C(C)CS,0.4074074074074074,CCCC(C)C(=O)CC
C=C(CCCCCCCCCCC)OCC(C)C,0.6129032258064516,CCCCCCCCCC(=O)OCC(C)C
CCCCCCCCC(CCC)CSC,0.48148148148148145,CCCCCCC(CO)CCCC
CCCCC(C)c1ccccc1C,0.4,CCCCCCC(CCCC)c1ccccc1
CCCC(O)C(CC)Cc1ccccc1,0.42105263157894735,CCOC(=O)C(O)Cc1ccccc1
C=C(CC)c1ccccc1,0.52,CCC(=O)c1ccccc1
C=C(C)CC(C)OC(C)C(C)C,0.3793103448275862,C=C(C)CC(C)CCC
C=CCSCSCCC,0.34782608695652173,C=CCSSCC=C
CCCC(C)C(C)C(C)S,0.4166666666666667,CCCC(C)C(C)CCCC(C)C
CCOC(=O)CO,0.631578947368421,CCOC(=O)CC
CCC1=CCC=C1C,0.2857142857142857,CC1=CC1
CC1CCCC(C)COC(C)(C)CCC1,0.5,CC1CCCC(C)CCC(C)(C)CCC1
CC1=CC(CC(C)(C)CS)=CCC1,0.3023255813953488,C/C1=C\CC/C(C)=C/C[C@H](C(C)(C)O)CC/C(C)=C/CC1
C=CCCC,0.625,C=CCCCC
CCCCC(O)CCC1CCCCC1,0.5384615384615384,CCCCC(O)CCCC
CC(C)C1=CC=C(O)CC1,0.56,CC1=CC=C(C(C)C)CC1
CCC1C=CC(COC(O)Cc2ccccc2)=CC1,0.34,CCOC(=O)C(O)Cc1ccccc1
C=C1CC2CCC1(C)C2(C)C,0.5925925925925926,CC1(C)[C@@H]2CC[C@@]1(C)C(=O)C2
CC1CC(=O)C(C)(C)C12CCCCCC2,0.3142857142857143,CC1(C)[C@@H]2CC[C@@]1(C)C(=O)C2
CC(=O)C1CCC(=O)C1,0.64,O=C1CCC(C(=O)O)C1
CC1=NC=COC1,0.25,C1=Cc2ccccc2CO1
CCOC(=O)C1=CC(OC)=C(O)CC1,0.38461538461538464,CCOC(=O)c1ccc(O)cc1
CCC1C=CC=C(NC)C1CC,0.2702702702702703,CCC1=CC=C[C@H](O)[C@@H]1O
CCCCCCCCCC(=O)CCC(C)C,0.6956521739130435,CCCCCCCCCCCCCCCC(=O)CCCCCCCCCCCCCCC
CC(C)=CCCC(C)CCCCO,0.7307692307692307,CC(C)=CCC[C@H](C)CCO
CCCCCCCCCCC(C)C,1.0,CCCCCCCCCCCC(C)C
CCCCCCC1CNC(CC)C1,0.36363636363636365,CCCCCCCC[C@H]1CCC[C@@H]1CCCCCCC
C=C1CCCC(C)(C)C1CSC(C)=O,0.46511627906976744,C=C1CCCC(C)(C)C1/C=C/C(C)=O
CCCC(C)CCCc1ccccc1,0.5925925925925926,CCCCc1ccccc1
CCCCCC(=O)C1C=CC=C1,0.4444444444444444,CCCCCC(=O)O
CC(O)CCCCCC(O)S,0.5909090909090909,CCCCCCC(C)O
CCC1=CC(C)C(C)=C1,0.25806451612903225,CCc1cnc(C)cn1
CCC1CCC(C(C)=O)CC1,0.5,CC(=O)C1CCCCC1
CCCCCC(O)CCOC,0.6818181818181818,CCCCCC(O)CCCCC
CCC(C=O)CCN,0.5833333333333334,CCCCC(C=O)CC
C=CCCC(C)CCCC(C)C=C,0.6071428571428571,C=CCCC(C)CCCCC
C=C(C)C(O)CCCCC,0.5384615384615384,CCCCCC(O)C(=O)O
CSC(O)CCC1CCCC=C1C(C)(C)C,0.23636363636363636,CCCCC(=O)C1CCCC=C1C(=O)O
C=CC(C)CC,0.47368421052631576,CCC(C)C=O
CC1=CCCN=C1C,0.2857142857142857,CC1=CC1
CCC(C)C1OCCC1C,0.4642857142857143,CCC(C)C1OCCO1
CC(C)C1C=CC(CC=N)=CC1,0.5151515151515151,CC1=CC[C@H](C(C)C)C=C1
CCCC1CCCC(C)O1,0.375,CCCCC1CCCO1
CC(CCO)CCO,0.6875,CCC(C)CCO
CCCC(C)COCCCCCCCCS,0.39285714285714285,CCCCCCCCS
CCCC(O)C=C(C)CCC=C(C)O,0.45714285714285713,CC(C)=CCC/C(C)=C/CC/C(C)=C/C[C@@H](O)/C=C(\C)CC/C=C(\C)CCC=C(C)C
CCCC(C)CC(C)C,1.0,CCCC(C)CC(C)C
CCCCCC=CCCCC=CC=O,0.9047619047619048,CCCCCC=CC=O
CC(C)C(C)C,1.0,CC(C)C(C)C
CCC(C)(C)OC,0.42857142857142855,CCCC(C)(CC)OC
C=C(NC)C(C)CS,0.3076923076923077,CNC(=O)CS
CC1CC1,0.875,CC1CCC(C)CC1
CCCCC(C)OC1=CC=CCC1,0.27906976744186046,CCCCCCC(CCCC)c1ccccc1
CCCCCCCC(=O)C(CC)CC,0.6071428571428571,CCCCCCCCCCCCCCCC(=O)[C@@H]([NH3+])CO
COC1=CC(C2CCC(C)C2)C=CC1O,0.2926829268292683,C[C@@H]1CC[C@@H](C(C)(C)O)[C@H](O)C1
CC(C)CC(=O)C1CC=CCC1N,0.3225806451612903,CC(C)CC(=O)O
CCCC(O)CC1C(C)CCC(C)C1C,0.4074074074074074,CCCC(O)CCC
CCCCC(C)C,0.75,CCCCCCCCCCCC(C)C
CC1CC(C)SC(C)O1,0.2857142857142857,C[C@H]1CO1
CCC1CCC2=NC=CNC21,0.23684210526315788,CCCC1CCCCC1CC
C=CC(C)(C)CCCC(C)CC,0.5,C=CCCCCCCCCCCCCCCC(C)CC
C=CCCC(C)c1ccccc1,0.5,CCC(C)c1ccccc1
CCCCCC(C)OCCc1ccccc1,0.5,CCCCc1ccccc1
CCCC(=O)CCC1(C)CCC(C)C1,0.4,CCCC(=O)CCC
CCCC(O)c1ccccc1C,0.4722222222222222,CCC[C@H](O)c1ccc(=O)[nH]c1C
CCCC(=O)CC(C)CC1C=CCC=C1,0.34375,CCCC(=O)CCC
CCC(C)OO,0.4117647058823529,CC[C@H](C)O
CCCC(C)CC(C)c1ccccc1,0.5555555555555556,CCC(C)c1ccccc1
CCCC(C)C(=N)O,0.5454545454545454,CCCC(C)C(=O)O
CC(C)CC(C)CC(C)C,0.6428571428571429,CCC(C)CC(C)C
Cc1ccc[nH]1,0.42857142857142855,*c1ccc[nH]1
CC(C)CCC1CCC(C)(C)C23CC4CC2C13C4(C)C,0.2727272727272727,CC(CO)C1CCC(C)(C)[C@@]23CC[C@@H](C2)C(C)(C)C13
CSCCC(C)O,0.5294117647058824,CC(O)CCC(C)O
CCCC(C)CCS,0.6875,CCCC(C)CCC
C=C(C)OC1CC(C)CC(C)(C)C1,0.45454545454545453,CC1CC(OC(=O)C(O)c2ccccc2)CC(C)(C)C1
COC1C=C(C)CC1C,0.2558139534883721,CC1=C[C@H]2[C@@H](CC1)[C@H](C)CC[C@H]2[C@@H](C)C=O
CC(=O)CCC1CCCC(C)C1(C)C,0.32558139534883723,CC(=O)CCC1=C(C)CCCC1(C)C
CC1CC(C)(C)C(O)C2(C)CC12,0.2972972972972973,C[C@@H]1CC[C@H](O)[C@@]2(C)CC[C@@H]3[C@H]([C@H]12)C3(C)C
CCC(S)CCC(O)C1=C(C)CC=CC1,0.35294117647058826,CCC(S)CCO
CCCCCCC(=O)Cc1ccccc1,0.8571428571428571,CCCCC(=O)Cc1ccccc1
CCC(C)OC,0.45,COC(C)CCO
C=CC(C)(C)C=CC1=C(C)CCCC1(C)C,0.5142857142857142,CC1=C(C=O)C(C)(C)CCC1
CC1=CC(=O)CC(C)(C)C12C=CC(C)C2,0.3695652173913043,CC(=O)/C=C/C1(O)C(C)=CC(=O)CC1(C)C
CC(C)(O)Oc1ccccc1,0.4583333333333333,CC(C)(O)c1ccccc1
CCC(C)C(=O)CC1CC2C=CC1(C)C2(C)C,0.31666666666666665,CC[C@H](C)C(=O)C[C@H]1C2=COC(C)=CC2=CC(=O)[C@]1(C)O
C=C(C)C1CCC2CC(=O)CN(C)C2(C)C1,0.37777777777777777,C=C(C)[C@@H]1CC[C@](C)(O)C(=O)C1
C=C(CCCCC)CCC(C)CCC,0.5185185185185185,CCCCCCCC(C)CCC
CC1=CC(C)C(C)=C1,0.23684210526315788,CC1=CC[C@@H]2C(=C1)C(C)(C)CCC[C@H]2C
CCCCCCCCCCC(=O)CCC,0.8888888888888888,CCCCCCCCCCCCCCCC(=O)CCCCCCCCCCCCCCC
COc1nc(C)ccc1C,0.41935483870967744,COc1nc(=O)[nH]cc1C
CC(O)CCN,0.6,CC(O)CCC(C)O
CC1(C)CCCC(C)(O)C1O,0.3888888888888889,CC1=C[C@H]2[C@@H](CC1)[C@](C)(O)CCCC2(C)C
CCC1CCC(C)CO1,0.3333333333333333,CC1CCC(C)CC1
CC=C(C=O)COC,0.391304347826087,COCC(=O)O
C=C(C)OCCC(=O)c1ccccc1,0.5277777777777778,COCCCCC(=O)c1ccccc1
CC(=O)C1CCC(C)CC1=O,0.6785714285714286,C=C(C)[C@H]1CC[C@@H](C)CC1=O
CCCCC(=O)CCC,0.75,CCCC(=O)CCC
CCCC(O)CCN,0.7058823529411765,CCCC(O)CCC
CC(=O)C1CC(C)C=C1C,0.3793103448275862,C=C1CC1C(C)=O
CC(C)C(C)C(C)O,0.5833333333333334,CC(C)C(C)O
COCCCCC1CCCC(C)O1,0.32142857142857145,COc1cc(O)cc2c1C(=O)OC(C[C@H]1CCC[C@H](C)O1)C2
OCC1C=CCCC1,0.5357142857142857,CC(C)CC1C=CCCC1
CC1CCC(O)C1,0.44,CC(C)[C@@H]1CC[C@@H](C)C[C@@H]1O
CC1CCC2(O1)C(C)C=CCC2(C)C,0.35714285714285715,CC1=CCCC(C)(C)C12CCC(C)O2
CCCC(=O)OC(C)(CCC)CCC,0.45161290322580644,CCCCCCCCCCCCCCCC(=O)OC(C)(C)C
CCN(C)c1ccc(C)cc1,0.42105263157894735,Cc1ccc(C)cc1
C=C(C)C1C2CC(C)(C(C(=O)OC)O2)C1C,0.30357142857142855,COC(=O)[C@@H]1O[C@@]1(C)CC/C=C(\C)CC[C@H]1OC1(C)C
CCC1CC=CC1,0.2608695652173913,C1=CC2C=CC2C1
CCCC(C)C(CC)Cc1ccccc1,0.4827586206896552,CC(C)Cc1ccccc1
C=CC(CC)CCCC,0.5833333333333334,CCCCC(C=O)CC
CC1CCCCCCCCCCCCCCC1,1.0,CC1CCCCC1
CC(=O)OC1=CCC(CCC(C)C)C=C1,0.3170731707317073,CC(=O)OCCC(C)C
CC1CCC(O)C1O,0.37037037037037035,C=C(C)[C@@H]1CC[C@H](C)[C@H](O)C1
C=CC(C)NCCC(C)CCCC(C)S,0.325,C=CC(=C)CCCC(C)CCCC(C)CCCC(C)C
CCC=CCC=CCCCCCCCCCCC(C)N,0.5555555555555556,CC/C=C\C/C=C\C/C=C\CCCCCC[C@@H](O)C(=O)O
C=CCC1=CC(C2CC(CCC)CC=C2O)C(C)CC1,0.2711864406779661,C=C1CCC(C(C)C)=C[C@@H]2[C@H](C)CC[C@@H]12
CCCC=C(C)CCC=C(C)C,0.7619047619047619,CC(C)=CCC/C(C)=C/CC/C(C)=C/CC/C=C(\C)CC/C=C(\C)CCC=C(C)C
C=C(CC)CCCC(C)(C)CC,0.52,C=C(CC)CCCC
CC1COC(c2ccc3c(c2)NCC3)O1,0.35,c1ccc2c(c1)CCN2
C=C(CC)CCCC,1.0,C=C(CC)CCCC
C=CC1=CC=CCC1,0.2727272727272727,C1=CCCC=C1
CCc1ccoc1CC,0.37037037037037035,CCc1ccco1
C=C1CC(C)CO1,0.2857142857142857,C[C@H]1CO1
CCC1=NC(CC)C=C1,0.22857142857142856,CCC1=CC=C[C@H](O)[C@@H]1O
CCCCCCCCCCCCCC1CCCC(C)O1,0.5,CCCCCCCC[C@H]1CCC[C@@H]1CCCCCCC
CC(C)=CCCCO,0.6666666666666666,CC(C)=CCCO
C=C(CCCCCCCC)OCCO,0.6,CCCCCCCCCCCCCCCCCC(=O)OCCO
CC(C)CC=CCCC1C=CC=CC1,0.28205128205128205,CCC/C=C/CC(C)CCC
CCC(OC(C)O)C1=CCC(OC(C)=O)CC1,0.3125,CC(=O)O[C@H]1C[C@H]2CC[C@@H](C1)N2C
CCC(=O)C1=C(CCCCc2ccccc2)CCC=C1,0.40476190476190477,O=C(O)CCCCc1ccccc1
C=CC=CCCCCCCC,0.6190476190476191,CCCCCCCC/C=C\CCCCCCCC
CCOc1ccccc1CC,0.5555555555555556,CCOc1ccccc1O
COC1COC=CC1CO,0.3548387096774194,CC1C=COC1
CCNC(=O)CCc1ccccc1C,0.4838709677419355,CCc1ccccc1C
CCC(=O)c1ccccc1NCCCCCCCCO,0.375,CCCCCCCC(=O)Nc1ccccc1C(=O)O
C=C(CCOC)c1cnccc1N,0.4473684210526316,Nc1ccncc1C(=O)O
Cc1cccn1CCc1ccoc1O,0.2826086956521739,CCCn1cccc1C(=O)CO
OC1CCCCO1,0.8235294117647058,OC1CCCO1
CCCC1CCCC(C)(CC(C)C)C1,0.2708333333333333,CC[C@]1(C)CC[C@]2(C)[C@H](CC[C@@H]3[C@H]2CCCC3(C)C)C1
CC1C=CC(C(C)C)CS1,0.42857142857142855,CC(C)[C@H]1C=C[C@H](C)CC1
C=C(C)CCC(C)CCC,0.625,C=C(C)CC(C)CCC
COC(O)C(C)(O)O,0.3448275862068966,CO[C@H]([C@@H](O)[C@@H](O)C=O)C(C)(C)O
C=CC1CCCC(CCCC(C)C)C1,0.3611111111111111,C=CCCCCCCCCCCCCCCCC(C)C
CC(C)CCCC(C)OCOC=O,0.4827586206896552,CC(C)CCOC=O
CCCCCC1C=CC=C1,0.3888888888888889,CCCCCC
CCC=C(C)C(C)CCCCC,0.4666666666666667,CCCCCCCCCCCCCCC(C)C(=O)O
CCCCCC(O)CCCCC,1.0,CCCCCC(O)CCCCC
C=CCCC1C=CCC1,0.425,O=C(O)CCCCC=CCCCCCCC1C=CCC1
CCCC(O)C(=O)OCC,0.6538461538461539,CCOC(=O)CCC(O)C(=O)OCC
CCCCC(CC)C(O)CCC,0.5,CCCCC(O)CC
C=CCCOCC(C)C,0.39285714285714285,C=CCCCCCCCCCCCCCCCC(C)C
CC1CCC(c2ccccc2)S1,0.4230769230769231,c1ccc([C@H]2CC[C@H]2c2ccccc2)cc1
CCSC1=CCC=C1C,0.2608695652173913,CC1=CC1
C=CC1C=C(CC)C(O)=C(OC)C1,0.29545454545454547,C=CCc1cc(OC)c(O)c(OC)c1
CC(C)(C)C,1.0,CC(C)(C)C
C=CCOCOOOCCCC,0.358974358974359,C=CCOC(=O)C(=O)OCCCCCCCCCCCCCCCCCC
CCCC1=CC(OC)C(OC)C(CC)C1,0.23684210526315788,CCC1CC(=O)N1
C=CC(CCCC)Cc1ccccc1,0.4375,CCCCc1ccccc1
C=C(CCCCC)CC(C)C,0.48,C=C(CC)CCCC
C1CCC2OCCCC2C1,0.391304347826087,OC1CCCO1
CC1C=CC(c2ccccc2)CC1,0.4074074074074074,c1ccc([C@H]2CC[C@H]2c2ccccc2)cc1
CCc1ccc(C2CCc3ccc(O)cc3C2)cc1O,0.42105263157894735,CCC[NH+](C/C=C/I)C1CCc2ccc(O)cc2C1
CC(C)=CC1CCCC(C)C1,0.4375,CC(C)=CC1CC(C)CCO1
CCOC1=CC=C(C)CC1,0.36666666666666664,CC1=CC=C(C(C)C)CC1
CCCCCC(O)OCC,0.5217391304347826,CCCCCC(O)CCCCC
CCCc1ccc(CC)cc1,0.6,CCCc1ccccc1
COC1CC(C)=CC1C,0.2571428571428571,C[C@H]1C=CN2C(=O)C[C@@H]12
CC1=C(C)C(O)C(C)C=C1,0.3,CC1=CC=C[C@H](O)[C@@H]1O
CCC1=CC=C(O)CC1,0.2857142857142857,CCc1ccc(O)cc1
CCC(O)CCCCCOC,0.6,CCCCCCC(O)CC
CC1=COC(C(C)C)CC1,0.40625,CC1=CCC(C(C)C)CC1
CC(C)C1=CCCC(CCO)=C1,0.3269230769230769,CC(C)C1=CC[C@H]2C(=C1)CC[C@H]1[C@](C)(CO)CCC[C@]21C
COc1ccc(C(=O)CCO)cc1,0.5517241379310345,COc1ccc(C(=O)O)cc1
CCCC1CCCC=C1CC,0.3181818181818182,CCCCC(=O)C1CCCC=C1C(=O)O
CC(C)C1CC2C(C)CC1CC2CO,0.3076923076923077,CC(C)[C@@H]1CC[C@H](C)[C@@H]2CC[C@H](C)C[C@H]21
CC1=C(O)C(O)CC1C,0.275,CC1=C2C(O)C[C@H](C)[C@]23CC[C@@H](C3)C1(C)C
CC1=CC(C)=C(N)C(C)C1,0.25806451612903225,CC1CC(=O)OC1=O
CC(C)C1=CC(O)C(C)CC1,0.4444444444444444,CC1=C2C=C(C(C)C)CCC(C)C2CC1
CCCCCSCCCCCC=O,0.7272727272727273,CCCCCCCCCCCCCCCCCC=O
CCCC1CCOC1,0.3333333333333333,CNC(=N[N+](=O)[O-])NCC1CCOC1
C=CC=CCNCCCCCC,0.5,CCCCCCCCCCCNCCCCCCCCCCC
CC1CCCC2=C1C=CCC2,0.3157894736842105,Cc1cccc2c1CCCC2C
CC1CCOC(C)C1C,0.3,C[C@H]1CO1
CCCC(C)CCCC(C)(C)C,0.55,CCCC(C)CCC
Cc1cccc(CC(C)C)c1,0.5769230769230769,CCc1cccc(C)c1
CCC(CC)CC(C)CCCC(C)C,0.6956521739130435,CCC(C)CC(C)CCCC(C)C
C=C(C=CC)OCCC=CCC,0.5,CC/C=C\CCOC(C)=O
C=Cc1cc(CC)c(C)c(OC)c1,0.43243243243243246,C=Cc1ccc(O)c(OC)c1
CC1CCCC(C)(C)CC1=O,0.4642857142857143,CC1CCCCC1=O
C=CCCOC(C)CCCC(C)C,0.5172413793103449,C=CCCCCCCCCCCCCCCCC(C)C
CC(C)=CCCC(=O)C(C)C,0.5833333333333334,CC(=O)CCC=C(C)C
CCCCCCCC1CCCC1O,0.72,CCCCCCCC[C@H]1CCC[C@@H]1CCCCCCC
CCCC(C)CC(C)C1CCCCC1,0.68,CCCC(C)C1CCCC1
CCC(C)CCCC(C)C,0.9411764705882353,CCC(C)CCCC(C)CCCC(C)C
CC(O)CCCOc1ccccc1,0.5172413793103449,OCCOc1ccccc1
CCC(C)CCC=C(C)C,0.6666666666666666,CC(C)=CCCC(C)CO
CC1CCNC1,0.35294117647058826,CC1CCC(C)CC1
CC1CCCC1CCCCCCS,0.4827586206896552,CCCCCCCC[C@H]1CCC[C@@H]1CCCCCCC
CC(C)C1C=CC(CO)CC1,0.5,CC(C)[C@H]1C=C[C@H](C)CC1
COS1=CCC(C)C=C1,0.22580645161290322,CC1C=COC1
CC1CCC=C2C=CC=CC21,0.2558139534883721,C/C1=C/CC[C@H](C)C2=C(C1)CC(C)(C)C2
CC(O)CC(C)C(O)O,0.4117647058823529,CC(O)CO
C=C(C)C(=O)CCCCC,0.5652173913043478,CCCCCC(C)=O
CC1CCC=C1O,0.3333333333333333,CC1C=C(O)CC1
C=COCC(=O)c1ccccc1,0.6206896551724138,COCC(=O)c1ccccc1
Cc1ccccc1C(=O)CCCCCCCCCO,0.46875,Cc1ccccc1C(=O)O
CC(C)C1CC=C2C=CCCC2C1,0.3783783783783784,CC1=CCC(C(C)C)CC1
CC(N)OC1(C)OCCC(C)(C)C12COC(C)C2,0.21739130434782608,CC(C)C1CCC2(CC1)CO2
CC(O)CCC(OC(C)C)c1ccccc1,0.4482758620689655,C[C@H](O)c1ccccc1
C=C(CC(C)C)OCCC=CCC,0.6363636363636364,CC/C=C\CCOC(=O)CC(C)C
CCCCCCC1CCSC1,0.43333333333333335,CCCCCCCC[C@H]1CCC[C@@H]1CCCCCCC
CCCCNC(O)CCCC,0.5,CCCCC(O)CCCC
C1CCOC1,1.0,C1CCOC1
CCCC1=CC(C)C(C)=C1,0.26666666666666666,CCCc1ccccc1
CCC(C)C1CCCCC1(CC)CC(C)O,0.28205128205128205,CCCC(C)C1CCCC1
C=C1CCCC(CCCC)O1,0.5714285714285714,CCCCCC1CCCC(=O)O1
CC(=O)C1=CC=CC1,0.3125,CC(=O)C1=CCCCN1
CC1C(C)(C)C2CCC3C=CC=CC3C2C1(C)C,0.30952380952380953,C[C@@H]1CC[C@H]2[C@@H]1[C@H]1[C@@H](CC[C@]2(C)O)C1(C)C
CC1CC=CCCCCCCCCC(C)C1,0.4166666666666667,CC1CCCCC1
CC1CCC2(C1)C(C)CCCC2(C)O,0.4117647058823529,C[C@H]1CCC[C@@]2(C)CCCC[C@]12O
C=C(CC)C(CC)CC,0.3888888888888889,C=C(C)CC
CC(O)CC(C)CCc1ccccc1,0.45454545454545453,CCC(N)CCc1ccccc1
OC1C=CCCCC1,0.3684210526315789,C1=CCCCC1
CCCCCCC(C)CCCC(C)C,1.0,CCCCCCCCCCCC(C)CCCC(C)C
CCCc1cc(CC)c(C)c(CC)c1,0.46153846153846156,CCCc1cc(O)cc(O)c1
CC1CCCC(C)CCC(C(C)C)CC1,1.0,CC(C)[C@@H]1CC[C@H](C)CCC[C@H](C)CC1
O=C(OCC1C=CC=CC1)C1=C(O)CC=CC1,0.275,*C1C=CC=CC1
CCC1C=CCOC1O,0.24242424242424243,C[C@H]1O[C@H](O)[C@@H](O)C[C@@H]1O
C=CC(O)CS,0.4,C=CC(O)CCCCC
CC1CC=C(C(C)(C)C)CC1,0.32142857142857145,CC1CCC(=O)CC1
CC1=CC(C(C)O)CC(C)O1,0.3170731707317073,C[C@H](O)[C@H]1C=C([C@@H]2O[C@H]2C)C(=O)O1
CC(O)C1C(C)OC(C)C1O,0.4,C[C@H]1O[C@H](O)[C@H](O)[C@@H]1O
CCCC(C)CC(C)Cc1ccccc1,0.5,CC(C)Cc1ccccc1
CCC(CC)CC(C)OCCC(C)C,0.34375,CCC(=O)OCCC(C)C
CCOCC1=CC(C)CC1,0.3870967741935484,CC1C=C(O)CC1
CCC(C)=CCCC(C)(O)CC,0.42424242424242425,C=CC(C)(O)CC/C=C(\C)CO
C=CCCCCCC(C)CCC,1.0,C=CCCCCCC(C)CCC
CC1=CCC2(C)CC1C2(C)C,0.5454545454545454,CC1=CC[C@]2(C)C[C@H]1[C@]1(C)CCC[C@]21C
OC1=CCCCC1O,0.32142857142857145,O=C1CCCCC1O
CCCCCCCCC1CCC(=S)O1,0.6363636363636364,CCCCCCCCC1CCC(=O)O1
C=C(C)CCc1ccccc1,0.5384615384615384,O=C(O)CCc1ccccc1
C=C(CC)OCCCCCCC(C)C,0.5,CCCCCCCCCCCC(=O)OCCCCCC(C)C
CCCCC(C)CCCC(C)C,0.8,CCCCCCCCCCCC(C)CCCC(C)C
CCc1cc(C)cc(OC)c1O,0.4722222222222222,CCCc1cc(Cc2cc(CCC)cc(OC)c2O)c(O)c(OC)c1
CCC(C)N1CCCC1,0.34782608695652173,CCN1CCCCC1
C=CC(C)(CCCC(C)C)CC(C)CCC,0.4375,CCCC(C)CCCC(C)CCCC(C)CCCC(C)C
CC1=CC(C)=C(C(C)C)C1,0.3333333333333333,CC1=CC2=C(C(C)C)CC[C@@H](C)[C@@H]2CC1
CCC1CC(CCC(C)CCSC2CCC(NC)C(OC)C2)=CC=C1OC,0.19444444444444445,CCC1C(=O)N2CC(SCCN)CC12
CCCNC(=O)C(C)CC,0.5925925925925926,CCC(C)C(=O)NCC(=O)O
CCCC1(C(C)(C)C)C=CC(C)C1,0.23076923076923078,CC1C=CC2(C(C)C)CC12
C=CSCC(O)C1=C(N)CCC=C1,0.25,C=CCC(O)c1ccccc1
CCC(C)CC(CC)CSC,0.45454545454545453,CCC(C)CC(C)C
CC(C)CC1CCCC1,0.39285714285714285,CC(C)CC1C=CCCC1
C1=CC2CCCCC2CC1,0.5416666666666666,C1=CC2CCCC2C1
CCCCOCCC(C)CCC,0.5238095238095238,CCCC(C)CCC
CCCCCC1=C(C)CCC1C,0.3,CCCCCCCCC1CCC(=O)O1
CC(C)C1CCCNN1,0.3076923076923077,C[C@@H]1CCCN1
CCC(CCC(C)C)CCC(C)C,0.4666666666666667,CCC(C)C
CC(C)C(O)CCC1C(C)CCCC1(C)C,0.425531914893617,CC[C@@H](C)CC[C@H]1[C@@H](C)CC[C@H]2C(C)(C)CCC[C@]12C
C=C1CCCC(CCCCCCCCC)O1,0.6571428571428571,CCCCCCCCCCCCCCCC1CCCC(=O)O1
CCCC(C)C(C)O,0.5555555555555556,CCCC(C)O
CC1CCC(S)CC1,0.6153846153846154,CC1CCC(C)CC1
Cc1cc2c(o1)=CCCC=2,0.28125,Cc1cc(O)cc(=O)o1
CCCCCCCC(=O)CCC(C)C,0.6956521739130435,CCCCCCCCCCCCCCCC(=O)CCCCCCCCCCCCCCC
CCc1cccc(OC)c1O,0.64,COc1cccc(OC)c1O
C=C(C)CC(C)CCC,1.0,C=C(C)CC(C)CCC
CC(=O)C1=CCCO1,0.4230769230769231,CC1=CCCO1
CCCCCC1C=C(C)SC1,0.3235294117647059,CCCCCCCC[C@H]1CCC[C@@H]1CCCCCCC
CC(O)CCO,1.0,C[C@H](O)CCO
C=C(C)C(O)CCC,0.4782608695652174,CCCC(O)C(=O)O
CC(C)CCCCCCCC(C)C,1.0,CC(C)CCCCCCC(C)C
CCOCCCCC(C)OCC,0.4074074074074074,CCOCCCO
CCCC1C=C(CC)C(C)C(CC)=C1,0.2857142857142857,CCC[C@@H]1O[C@@H]1C
CCOCOC(C)C(C)C,0.3684210526315789,CCOCC
CC1=CC(C(C)C)=CC1C,0.28205128205128205,CC1=CCC(C(C)C)=C[C@H]2[C@@H](C)CC[C@@H]12
CCCC1(C(C)(C)C)CCC(C)C1,0.29411764705882354,CC1CCCC(C)CCC(C)(C)CCC1
COC=CCC1C=CCC1C,0.21621621621621623,C1=CC2CCCC2C1
CC(C)C1CC2CC(C=O)C1CC2C,0.34210526315789475,CC(C)[C@@H]1CC[C@H](C)[C@@H]2CC[C@H](C)C[C@H]21
COC(O)C(C)C,0.4,COC(C)C
C=C(CC)C(S)CC,0.35,C=C(C)CC
C=C(CCCC)OCc1ccco1,0.5,CCCCc1ccco1
CC(C)C(C)SC(C)C(C)C,0.36363636363636365,CC(C)C(C)C
CC(C)=CCCC(=O)C=C(C)C,0.6086956521739131,CC(=O)CCC=C(C)C
CC1CCC(O)C(O)C1S,0.3225806451612903,C=C(C)[C@@H]1CC[C@H](C)[C@H](O)C1
CC=CC1CC=C(NCC)C(OC)C1,0.2222222222222222,CCNc1nc(NCC)nc(OC)n1
CCCCCCCSCCCC,0.5333333333333333,CCCCCCCCCCCCCCCCC
CC(C)(C)C1=CCC(C=O)CC1,0.425,CC1=CCC(C2=CCC(C=O)CC2)C1(C)C
C=C(COCCC)C(C)=O,0.5,CCCOCC(=O)CO
CCC=CCC(CCC)CCC,0.4444444444444444,CC/C=C\CC
C=C(CC)C1=CCC=C1,0.2727272727272727,C1=CC2=CCC=CC2=C1
C=C(O)CCCCCC,0.5454545454545454,CCCCCCCCCCCCCCCC(=O)O
CC(=O)CC(CC(C)C)CC(C)O,0.41935483870967744,CC(C)C[C@H](CN)CC(=O)O
CC12C=CC(C1)C(C)(C)C2O,0.30303030303030304,CC1(C)[C@@H]2CC[C@@](C)(C2)[C@@H]1O
CCC1CCCO1,0.6,CCCCC1CCCO1
CCC=CCCCCCCC(C)=O,0.7037037037037037,CC/C=C\CCCCCCCCCC(=O)O
OCCCCCC1C=CC=CN1,0.32,OCCCCCCCCO
CC(=O)C1=CC2C(C=C1C)C(C)(C)C(C)CC2(C)C,0.3076923076923077,C[C@@H]1CC[C@H]2C(C(=O)O)=C[C@@H]3[C@@H](O)C(C)(C)C[C@@]132
CCCC(C)C(C)(C)O,0.42857142857142855,CCCC(C)O
C=C(CCC)C(C)C(C)C,0.4090909090909091,C=C(C)CCC
C=C(CCCC)C1C(C)CCCC1(C)C,0.32558139534883723,CC1CC[C@H]2C(C)CCCC(C)(C)[C@H]2C1
CCC(C)(C)COC,0.4,CCCC(C)(C)CC
CCCCCC(O)CCC(O)S,0.7142857142857143,CCCCCC(O)CCCCC
CCC(=O)CCCC(C)C,0.6153846153846154,CC(C)CCCC(=O)CC(=O)O
CCC(=O)C=C(C)C,0.47619047619047616,C=CC(=O)CC
CCCCCC(O)OCC(C)O,0.5833333333333334,CCCCC[C@H](C)O
CCCCCCCCCC,1.0,CCCCCCCCCCCCCCCCC
CCSC1CC=CNC1C(C)S,0.1951219512195122,CCCC(C)C1CCCC1
CC(O)CC1(C)CCCC1C,0.38235294117647056,C[C@H]1CCC[C@@]2(C)CCCC[C@]12O
C=C(C)CC1(CC)CCCCC1,0.34375,O=C(O)CC1(CO)CCCCC1
Cc1cocn1,0.2916666666666667,Cc1ccoc1
CC=C(C)C(C)CCC1=CC=CCC1,0.26,CC(C)=CCC[C@@H](C)C1=CC=C(C)CC1
CC1COCC(O)C1,0.37037037037037035,CC1CC(O)CC(C)(C)C1
CCC(CC)C(O)OCCC(C)CCCC(C)C,0.5,CCC(C)CCCC(C)CCCC(C)C
CC(=O)OC1=C(C)CC(C)C1,0.3125,*c1c(*)c(*)c(OC(C)=O)c(*)c1*
COC1=CC(C)=COC1C,0.2391304347826087,COc1cc(OC)c([C@H]2c3c(c(OC)cc(OC)c3OC)C=C(C)[C@@H]2C)cc1OC
C=CCC1=CC=C(OC)CC1,0.37142857142857144,C=CCc1ccc(OC)cc1
CCCCC(CC(C)C)OCCC,0.4482758620689655,CCCCC(C)CC(C)CC(C)C
CC=CC(O)CC,0.3684210526315789,CC[C@H](C)O
CC1CC(C)C(C)S1,0.23333333333333334,C=C(C)[C@@H]1CC[C@H](C)[C@H](O)C1
CCCCNCC,0.6470588235294118,CCNCCCNCCCCNCCCNCC
CCCCC1CCCC(C)O1,0.5333333333333333,CCCCC1CCCO1
CC1COC(C)C1O,0.3684210526315789,C[C@H]1CO1
CCCc1ccccc1NCC,0.5,CCCc1ccccc1O
CC(C)CCCC(O)C(C)C,0.5,CC(C)CCCC(C)CCCC(C)CCCC(C)C
C=COCCc1ccccc1,0.6296296296296297,O=COCCc1ccccc1
CC1CCCC(C)O1,0.4166666666666667,CC1CN(C2CCCCCCCCCCC2)CC(C)O1
C=C1CC(C)CCC1C(C)C,0.5714285714285714,CC(C)[C@@H]1CC[C@@H](C)CC1=O
C=CCCCCCCC,1.0,C=CCCCCCCCCCCCCCCC
CCc1ccccc1C(=O)CCC(C)C,0.4166666666666667,NCCC(=O)c1ccccc1N
CC1=CC(N)CC(C)(c2ccccc2)C1,0.35294117647058826,CC1=C(C)C1(C)c1ccccc1
CCCC(CC)CCOC(C)O,0.38461538461538464,CCCC(C)O
C=CC(C)CCCC(C)O,0.5555555555555556,C=CC(C)CCCC(C)(C)O
CC(C)CCCC(=O)C(C)C,0.5185185185185185,CC(C)CCCC(=O)CC(=O)O
COC1C=CC(C(C)C)C=C1,0.2608695652173913,CC(C)[C@H]1O[C@@H]1C(C)C
O=CCCCC=CCCCO,0.5652173913043478,CCC=CCCCC=O
C=Cc1ccc(C)cc1C,0.4782608695652174,Cc1ccc(C)c(C)c1
C1=COCC1,1.0,C1=COCC1
CCCC(=O)C(CC)CCC,0.5,CCCC(CCC)C(=O)O
CNCCC(C)Cc1ccccc1,0.5333333333333333,CN[C@@H](C)Cc1ccccc1
CCCCCCCCCN1C=CCC=C1C(=O)NC,0.30952380952380953,CCCCCC(=O)NC
C=C=CCCCCC,0.4782608695652174,C=CCCCCCCCCCCCCCCC
CCC(C)COCCCCC(C)C,0.5185185185185185,CCC(C)CCCCC(C)CCCC(C)CCCC(C)C
CC(C)C1CC2CC(CN)C1CC2C,0.3076923076923077,CC(C)[C@@H]1CC[C@H](C)[C@@H]2CC[C@H](C)C[C@H]21
CCCCCCC(C)OCC,0.5217391304347826,CCCCCCCCCCCC(C)C
CC(C)CCC=COC(C)C,0.4,CC(C)CCC=O
CCCCCCSCOCC(=O)CCCCCC,0.5,CCCCCCCCCCCCCCCC(=O)CCCCCCCCCCCCCCC
CCCC(=O)C(C)C(C)C,0.42857142857142855,CCCC(=O)CCC
CC(O)C=O,1.0,C[C@@H](O)C=O
C=CCOC(O)C(C)CC,0.38461538461538464,CCC(C)C(C)O
CC(=O)OC(C)CS,0.5384615384615384,CC(=O)OC(C)C[N+](C)(C)C
CCC(C)C(C)OCCCCOC,0.3548387096774194,CCCCCOC(C)OCC
CC1CC(C)CC(C)C1,0.45454545454545453,CC1CCC(C)CC1
CCC1C=CCOC1C(C)=O,0.23809523809523808,C=C(C)C(=O)OCC1CO1
C=C(C=C(C)C)CCC=C(C)C,0.6666666666666666,C=CC(=C)CCC=C(C)C
CC(S)CC(C)OCCCc1ccccc1,0.4358974358974359,CC(=O)OCCCc1ccccc1
CC1C=CC(O)C1,0.38461538461538464,C[C@@H]1C=C[C@@H]2[C@H](C1)C2(C)C
CC1C=CC(C(C)C)C1,0.6086956521739131,CC(C)[C@H]1C=C[C@H](C)CC1
Cc1ccc(CC(C)C)c(C)c1,0.5555555555555556,Cc1ccc(CO)c(C)c1
C=CCOSC,0.34782608695652173,C=CCSSC
CCCCC(O)C1=CC=C(O)CC1,0.36666666666666664,CCCCC(O)CCCC
CCOC1CCCC1,0.35714285714285715,CCOC(=O)C1CCCCC1
CC(C)C(C)CC1C(C)CCCC1(C)C,0.3695652173913043,CC[C@@H](C)CC[C@H]1[C@@H](C)CC[C@H]2C(C)(C)CCC[C@]12C
CC(C)CCCCCC(C)C,1.0,CC(C)CCCCCCC(C)C
Cc1cc(O)c(C=O)cn1,0.4444444444444444,Cc1ncc(C=O)c(CO)c1O
C=C(C)OC(C)CCCCC,0.5483870967741935,CCCCCCCCC(C)OC(=O)CC
CCC(C)(C)CCC1SC(C)CCC1C(C)C,0.2857142857142857,CCCC(C)(C)CC
CCCC(C)c1ccc(OC)cc1,0.5172413793103449,COc1ccc(C(C)O)cc1
CC(C)C1=CC(O)CC=C1,0.2647058823529412,O=C(O)C1=C[C@@H](O)[C@H](O)C=C1
Cc1cccc2c1CCC=C2,0.4666666666666667,C1=Cc2ccccc2CC1
C=CCCC(S)CC,0.4583333333333333,CCC(S)CCO
CCCc1ccccc1C(C)OCC,0.42424242424242425,CCCc1ccccc1O
CCC=CCC,1.0,CC/C=C\CC
CC(O)C1CCCC1,1.0,CC(O)C1CCCC1
CCCCCC(C)CCC=Cc1ccccc1,0.4722222222222222,C=CCCC(C)CCCCC
C=C(C)CCCc1ccccc1,0.5925925925925926,O=C(O)CCCc1ccccc1
CC=CC=CCCC(O)C(C)C,0.4074074074074074,C/C=C/C=C/CO
CCC(C)CC(C)SCCC(C)C,0.4642857142857143,CCC(C)CC(C)CCCC(C)C
C=C(CC)C1C=CC=CC1,0.3333333333333333,*C1C=CC=CC1
CCCCOCCCCCCCCC(C)O,0.6666666666666666,CCCCCCC(C)O
CCC(C)C1=C(OC)C=CCC1,0.2777777777777778,CCC(C)c1ccccc1
CC(=O)CC(C)(C)Cc1ccccc1,0.53125,C[C@](N)(Cc1ccccc1)C(=O)O
CC1=CCCC(CCS)C1,0.3111111111111111,CC1=CCC(C2=CCCC(CO)C2)C1(C)C
CC(C)C1CCC(CS)CC1,0.4782608695652174,CC1CCC(C(C)C)CC1
CCOC(O)CC(C)C,0.4074074074074074,CCOC(C)C(=O)C(O)O
CC(C)CCCOOCCC(C)C,0.47368421052631576,CC(C)CCCCCCC(C)C
C=C(O)CCCCCCCCCCCC,0.5454545454545454,CCCCCCCCCCCCCCCC(=O)O
CCc1cc(CO)cc(CC)c1O,0.4642857142857143,COc1cc(CO)cc(OC)c1O
CC1CCC(C(C)C)C(CCC(S)CO)C1,0.43243243243243246,CC(C)[C@@H]1CC[C@@H](C)C[C@@H]1O
C=CCCCOO,0.5,C=CCCCOC(C)=O
CC=C(C)C(O)CCC=C(C)C,0.56,CC(C)=CCCC(C)O
CCCCCC(C)SCC,0.4782608695652174,CCCCCCCCCCCC(C)C
C=C(OCCC)C(C)(C)C,0.4,CCCOC(C)=O
OCCC(O)C1C=CC(O)C(O)C1,0.28888888888888886,C[C@@H]1C[C@@H](O)[C@@H](O)/C=C/[C@@H]2O[C@@H]2C(=O)O1
CCC1(O)CCC(C)(CO)CC1,0.24444444444444444,CC[C@@]1(O)CCC2C3CCC4CCCCC4(C)C3CCC21C
C=CCCOCO,0.375,C=CCCCCCCCCCO
CCC1=CC=C(OC)CC1,0.24242424242424243,COc1ccc(CN)cc1
CC1CCC(C(C)S)C(CC(=O)CCC(C)C(C)C)C1,0.32558139534883723,CC(C)[C@@H]1CC[C@@H](C)C[C@@H]1O
C=COC(C)CC,0.3684210526315789,CCC(C)CC
C=C(CCCC(C)C)CC1C=C(C)OCC1C(C)C,0.2982456140350877,CC(C)CCCCC(=O)[C@@H]1C(=O)OC[C@H]1CO
CC1=CCCCC1Cc1ccccc1,0.3333333333333333,CC(C(=O)O)c1ccc(CC2CCCC2=O)cc1
C=C(OCCC(C)CC)C(O)CC,0.3793103448275862,CCC(C)CCO
CC1CCC2C1C1C(=CCC2(C)O)C1(C)C,0.4489795918367347,CC(C)[C@H]1CC[C@]2(C)C[C@@H]3[C@H](C)CC[C@H]3[C@@](C)(O)C/C=C/12
CCCC(C)C(C)C1CCCOC1,0.42424242424242425,CCCC(C)C1CCCC1
CCC(O)c1ccc(C)o1,0.43478260869565216,Cc1ccc(C)o1
C=C(C)OC,0.47058823529411764,C=C(C)C(=O)OC
CCC(C)C1CCCCC1,0.6086956521739131,CCCC(C)C1CCCC1
CCCC(C)C(C)C(C)N,0.4166666666666667,CCCC(C)C(C)CCCC(C)C
OOC1=CCCC(O)C1,0.28125,O=C1CCCC(O)C1
CCC(O)C1C(C)CCCC1(C)C,0.358974358974359,CC1CC[C@H]2C(C)CCCC(C)(C)[C@H]2C1
CNC(O)COC,0.3333333333333333,COC[C@@H](O)[C@@H](O)[C@H](O)[C@@H](O)C=O
C=C(CCC=C(C)C)C1CCC(C=O)CC1,0.4883720930232558,C=C(CCC=C(C)C)C1CC=C(C)CC1
CCCC(C)CCC,1.0,CCCC(C)CCC
CCCCC1C=CC(C(C)(C)C)CC1,0.2972972972972973,CCCCC1CCCO1
CC(O)C(O)Cc1ccccc1,0.5833333333333334,CC(C)Cc1ccccc1
CCCNC(C)C(C)CC,0.38095238095238093,CCC(C)C(C)C
CCC(C)ONC(C)=O,0.4,CCCC(=O)OC(C)CC
CC(C)CC(C)C,0.5384615384615384,CC(C)CC(C)C(C)C
C=C(C)CC(=O)CCCCC,0.6666666666666666,CCCCCCCCCCCCCCCC(=O)CC(=O)CCCCCCCCCCCCC
C=C(CCCC(C)C)C1CCC(C=O)OS1,0.3191489361702128,C=CC(=C)CCCC(C)CCCC(C)CCCC(C)C
C=C1C2=CC3CC1CC(C2CC(C)C)C3C,0.2127659574468085,CC(C)CC1C=CCCC1
CC1CCCN1,1.0,C[C@@H]1CCCN1
CCCCCCOC(C)C(C)(C)C,0.5,CCCCCOC(C)OCC
CC1=C(C(C)C)CC(C)C1,0.30952380952380953,CC1=C2C[C@@]3(C)CCC(C(C)C)=C3CC[C@H](C)[C@@H]2CC1
C=C(C)C(=O)OCCC,0.7619047619047619,C=C(C)C(=O)OCCOC(=O)C(=C)C
CCCc1cccc(C(C)C)c1,0.48148148148148145,CCCc1ccccc1
CC=CC(C)C1C(C)CCCC1(C)C,0.35,CC1CC[C@H]2C(C)CCCC(C)(C)[C@H]2C1
CC1=C(C)CC2(CCCOC2)C(C)C1,0.20833333333333334,CC1=C[C@]2(C)CCC[C@@]23[C@H](C)CC[C@@]13C
CCCC(O)C=CCCCOCC,0.45,CCCCCCCC[C@H](O)/C=C/CCCCCCC(=O)O
CCC=CCCOC(=O)CCC1C=CC=CC1,0.4444444444444444,CC/C=C\CCOC(=O)CC(C)C
CCC1CCC(O)C(CC)C1,0.32,[1*][C@H]1C(O)C[C@@H](O)[C@@H]1[2*]
CCCCCCC(C)C(C)CN,0.5384615384615384,CCCCCCCCCCCCCCC[C@@H](O)CN
C=CCCCCCCCC,1.0,C=CCCCCCCCCCCCCCCC
C=CCC1(O)C(C)(C)CC=CCC1(C)C,0.2894736842105263,C=CCC1(C(=O)OCC)CC1
CCCCCCCCC(C)CCC,1.0,CCCCCCCC(C)CCC
CCCCCCCCC(C)C(C)=O,0.68,CCCCCCCCCCCCCCC(C)C(=O)O
C=CC(C)CCCC(C)(C)CC(=C)C,0.5806451612903226,C=CC(C)CCCC(C)(C)O
CC(C)CCCCCCCCC(C)O,0.6875,CC(C)CCCCCCC(C)C
CCCCCC(C)CCCCC,0.8235294117647058,CCCCCCCC(C)CCC
CCC(C)(C)CC,0.5833333333333334,CCC(C)(C)N
CC(S)C(=O)CCC1C=CC=CC1,0.3055555555555556,*C1C=CC=CC1
COC1CCCCC1CC1=CC1,0.2571428571428571,CCCC1CCCCC1CC
CCC(CC)CC(C)C,0.5294117647058824,CCC(C)CC(C)C
CCOC(C)C1(c2ccccc2)CC1(C)CC,0.3111111111111111,CCC1(c2ccccc2)C(=O)NCNC1=O
C=C1OC(CC)C(C)C1O,0.3333333333333333,CC[C@H]1OC(=O)[C@H](C)[C@@H](O)[C@H](C)[C@@H](O)[C@@H](C)C[C@@H](C)C(=O)[C@H](C)[C@@H](O)[C@H]1C
Cc1cocc1C,0.375,*c1cocc1*
CCOC(O)C(C)C(C)CC,0.43478260869565216,CCC(C)C(C)O
CC1=CC=CN2C=CC=CC12,0.38461538461538464,C1=CC2C=CC=CN2C=C1
CCCCCC1C=CC(CC)=CC1,0.3055555555555556,CCCCCCCC[C@H]1CCC[C@@H]1CCCCCCC
CC1CC(C)C2(CC(C)(C)CC(C)(O)C2)C1(C)C,0.2702702702702703,C[C@H]1CCC[C@@]2(C)CCCC[C@]12O
CCCCCC(=O)C(C)CCC,0.6,CCCC(C)C(=O)CC
CC1CNC(C)N1,0.3181818181818182,C[C@@H]1CCCN1
CCOC(C)C1(c2ccccc2)CC1CC,0.32653061224489793,CCOC(=O)C1(c2ccccc2)CCN(C)CC1
C=CCCCCc1ccccn1,0.5757575757575758,CCCCCCc1ccccn1
CCC1C=CCCC1C,0.3055555555555556,C[C@H]1CCC[C@@]2(C)CCC=CC12
CCCC1CC(C(C)C)C=CC1C,0.36363636363636365,CC(C)[C@H]1C=C[C@H](C)CC1
CCCOCCCCCC=CC(C)=O,0.6333333333333333,CCCCC/C=C/C(C)=O
CCCC(C)CC(O)CCC,0.5789473684210527,CCCC(O)CCC
CCSC(C)(C)CO,0.3684210526315789,CC(C)(O)CO
CCCOC(C)CCC(C)O,0.4782608695652174,CCCC(C)O
CCCCCNC(=O)CCC,0.64,CCCC(=O)NCCO
C=C(O)CC,0.5384615384615384,C=C(C)CC
COC1C=CC(CO)CC1,0.2631578947368421,O=C([O-])C(=O)CC1C=CC(O)CC1
CC1=CC=CC(CO)C1,0.3125,CC1=CC=C[C@H](O)[C@@H]1O
CC(C)CCC(C)CCCC(C)S,0.6,CC(C)CCCC(C)CCCC(C)CCCC(C)C
CC(C)CCCC(O)C1OC=COC1O,0.3235294117647059,CC(C)CCC[C@H](C)CO
CC1CCC(C)(c2ccccc2)C1,0.3548387096774194,CC1=C(C)C1(C)c1ccccc1
CCC1CC(C)CO1,0.3333333333333333,C[C@H]1CO1
CCCC(C)(CCC)c1ccccc1,0.44,CC(C)(O)c1ccccc1
CC1=CCC(C)C=C1C(C)(C)C,0.2702702702702703,CC1=CC[C@@H](C(C)(C)O)CC1
C1CSSCSN1,0.38095238095238093,C1CNSC1
CC1=C(C)C2=CC=CCC2O1,0.2222222222222222,C1=CCC2=CC=CC2=C1
CCC(CO)c1ccccc1,0.5333333333333333,CCCCCCCC(CC)c1ccccc1
C=C(CCCCC)C(C)CCC,0.4444444444444444,CCCCCC(O)CCC
CCCC1=NCC=C1,0.27586206896551724,CCCc1ccccc1
CC1=CC(=O)CC(C)=C1,0.35714285714285715,CC1=CC(=O)CC(C)(C)C1
CCCCC1C=CCC1,0.5151515151515151,O=C(O)CCCCCCCCCCCCC1C=CCC1
CC1=CC2CCCC2=CO1,0.25,Cc1cccc2c1CCCC2C
C=C(C)CCCC(C)(S)CC,0.38461538461538464,C=C(C)CCC
CC(C)CC=C(CS)C1C=CCC=C1,0.23809523809523808,CC(C)CC1C=CCCC1
CC1CCC(C(C)(C)C)CC2C(C)CCC12,0.4482758620689655,CC(C)[C@@H]1CC[C@H](C)[C@@H]2CC[C@H](C)[C@@H]2C1
OC1C=CC2CCOC2=C1,0.25,O=C1OCCCCC1O
CCCC1C=CC(NC(C)=O)=C(OC)C1,0.3111111111111111,COc1ccc(NC(C)=O)cc1
CCC(C)CC(C)(C)C,0.7333333333333333,CC(CC(C)(C)C)CC(C)(C)C
CCCC(C)N(C)CCC,0.38095238095238093,CCCC(C)CCC
CC(C)C1CCC(C)C(O)C1=O,0.4838709677419355,CC(C)[C@@H]1CC[C@@H](C)CC1=O
CCCC=CC(C)O,0.6666666666666666,CCCCCC/C=C/C(C)O
CCCOCCCCO,0.6086956521739131,CCCCCCCCCCCCOCCO
CCCCCC,1.0,CCCCCC
CC1C=CC(CO)C(C)C1,0.3225806451612903,C[C@@H]1C=C[C@@H]2[C@H](C1)C2(C)C
CCCC(C)CCCC(C)CCCC(C)CCCC(C)C,1.0,CCCC(C)CCCC(C)CCCC(C)CCCC(C)C
CCCCCOCC,0.55,CCOCCCO
CC1CCC(C(C)(C)CC(=O)C(C)C)CN1,0.2777777777777778,CC(C)C(=O)CO
CCCCC(C)CC(C)CCC,0.8421052631578947,CCCCCC(C)CC(C)CCC
Cc1ccccc1C(C)C,0.5217391304347826,CC(C)c1ccccc1O
C=CCCOSSCCC,0.36,CCCSSCCC
CC(C)=CCCC1CCCC(CO)C1,0.36666666666666664,CC(C)=CCCO
CCCC(CCCC(C)=O)CC(C)C,0.4482758620689655,CCCCCC(C)=O
CC1C=COC1,1.0,CC1C=COC1
CC(C)CCC(C)O,0.7692307692307693,CC(O)CCC(C)O
CC1CCCC1,1.0,CC1CCCC1
C=C(O)C(C)O,0.4666666666666667,C[C@@H](O)C(=O)O
COCCCC(C)C,0.5,CC(C)CCCCCCC(C)C
C=C(C=CC(=O)CCC)CCC,0.45161290322580644,CCCC(=O)C=CC=C(O)C(=O)O
COCCCC=CO,0.48,CCCCCCCCCC=CO
CSCCC1=NCC=C1,0.2413793103448276,*CCSC
CCC(CO)CO,0.5789473684210527,CCCCC(CC)CO
C=C(OSC)C(C)OC(O)CC,0.2857142857142857,CC[C@H](C)O
CC1CCC(C(C)(C)OC(C)C)C(=O)C1,0.45714285714285713,CC(C)[C@@H]1CC[C@@H](C)CC1=O
C=CCC(C)(O)C1C2=CCC(C2)C1(C)C,0.29310344827586204,C=C[C@]1(C)CC[C@@H]2C(=CC[C@H]3C(C)(C)[C@@H](O)CC[C@]23C)C1
CC(C)=CCCC(C)CC1CC=C(C)O1,0.4375,CC(C)=CCC[C@H](C)[C@@H]1C=CC(C)=CC1
CCOC(C)C=O,0.42857142857142855,CCC(C)C=O
CC(C)CC1CCC(C)O1,0.29411764705882354,CC(C)CC1C=CCCC1
CC=C1CC2CC(CC(C)C)C1C2,0.2702702702702703,CC(C)C[C@@H]1NC(=O)[C@H](CC(C)C)NC1=O
C=C(CCC)CCOC,0.391304347826087,C=C(C)CCC
CC(O)CC1=CC(C)CCC1C(C)C,0.3157894736842105,CC(C)[C@@H]1CC[C@@H](C)CC1=O
CCC1=C(C=O)CCC1,0.2571428571428571,CC1=C(C=O)C(C)(C)CCC1
CC(C)C(C)CS,0.4666666666666667,CC(C)C(C)CCC(C)C(C)C
CCCCCCCC(C)CCC,1.0,CCCCCCCC(C)CCC
CCCCC(CC)CC(C)=O,0.5666666666666667,CCCCC(CC)COC(C)=O
CCCC1CCCN1,0.8636363636363636,CCC[C@H]1CCCCN1
CC(C)C(O)C(=O)O,1.0,CC(C)C(O)C(=O)O
COC(C)CC(C)CCC=C(C)C,0.5517241379310345,CC(C)=CCCC(C)CO
C=C(OCC)C(C)C,0.5,CCOC(=O)C(C)C
CCCCCCCC(O)O,0.6842105263157895,CCCCCCCCC(O)CCCCCCC
CC(O)C(C)c1ccccc1,0.6190476190476191,C[C@H](O)c1ccccc1
COCCCCCCCC(O)S,0.3235294117647059,CC(C)CCCCCCOS(=O)(=O)O
C=C(C)C1C=C(C(C)C)N=CC1,0.30434782608695654,C=C[C@@]1(C)CCC(C(C)C)=C[C@@H]1C(=C)C
CC(C)CCCC(C)CSCC(O)C(C)C,0.46153846153846156,CC(C)CCCC(C)CCCC(C)CCCC(C)C
CC1CC=CCC1OCC1C=CC=C1,0.24242424242424243,*C1C=CC=CC1
CCCCCCC1CCCO1,0.84,CCCCC1CCCO1
CCC(C)C(=O)OC(C)CCC(O)C(C)CC,0.4375,CCOC(=O)C(C)CC
C=C1COCCC1C,0.34375,C=C(C)[C@@H]1CC[C@@H](C)C(=C)C1
CCCC=CCCCCCO,0.8181818181818182,CCC/C=C\C=C\CCCCCCCCCO
C=CCCOCCCCCC(=C)O,0.40625,C=CCCCCCCCC(=O)O
CCC1=C(S)CCCC1,0.23809523809523808,C1CCC(=C2CCCC2)C1
CCCC(CC(C)O)CC(C)CC,0.52,CCCC(C)CC(C)CC
CCC=CCCCC(=O)CC(C)=O,0.5862068965517241,CC/C=C\CCCC(=O)O
CCC(OC)C(C)C,0.3684210526315789,CCC(C)C(C)C
CCc1cccc(OC)c1,0.5625,CCc1cccc(OS(=O)(=O)O)c1
CCCCCOCCC,0.6190476190476191,CCCCCCCCCCCCOCCO
C=C(C)CCC,1.0,C=C(C)CCC
CCCCCCC(=O)CCC,0.8888888888888888,CCCCCCCCCCCCCCCC(=O)CCCCCCCCCCCCCCC
CNC1=CC=C(CO)CC1,0.28205128205128205,C=C(C)C1CC=C(CO)CC1
CCCC1CCC(O)CC1,0.3333333333333333,OC1CCCC1
CCCCCCCCCC(C)CCCC1C=CN=C1C,0.42857142857142855,CCCCCCCC(C)CCC
CC1C=CC2(O1)C(C)CCC(C)C2C,0.275,CC1CC[C@@H]2[C@H](C)CC[C@@H]3[C@@H](C3(C)C)C12O
CCCCCOC(C)O,0.56,CCCCCOC(C)OCC
CCCCCCc1ccc(C=CC(CC)CC)cc1,0.4857142857142857,CCCCCCCCc1ccc(O)cc1
C=C(C)CCC(O)CCCCC,0.6521739130434783,CCCCCC(O)CCCCC
CCOC(C)C,0.42857142857142855,CCOC(C)C(C)=O
CSC1C=CCC=C1C(C)C,0.2702702702702703,CC1=CC[C@H](C(C)C)C=C1
CCCC(=O)C(C)CC,0.5,CC[C@@H](C)C(=O)O
CCCCCC=CCCC(O)OCC,0.48148148148148145,CCCCCCCC/C=C\CCCCCCCC
CCCCC1C=C(C)C=CC1,0.28205128205128205,CCCCC1COC(=O)C1
CCCOCCCCC(O)CCO,0.6071428571428571,CCCCCCCCCCCCCCCCCC(O)CCO
CCOCC1CCC=CC1O,0.2647058823529412,CCOCCCO
CCCC(C)CC(C)CC,1.0,CCCC(C)CC(C)CC
CCC(CC)CC,1.0,CCC(CC)CC
CC=CC=CCCCCCCC,0.6818181818181818,CC=CCCCCCCCCCCCCCCC
OC(CS)SS,0.4117647058823529,O[C@H](CS)[C@@H](O)CS
CCCC(CC)OCC,0.36363636363636365,CCCC(C)CC
CC(C)CC(C)C(=O)O,0.5909090909090909,CC(C[C@H](N)C(=O)O)C(=O)O
CC(=O)C1C=CC=C(C)C1,0.3333333333333333,NC1C=CC=C(C(=O)O)C1
CCC(O)CCCC(C)CC(C)S,0.48148148148148145,CCCCC(O)CC
CCCC(CNC)CC(C)CCCC(C)C,0.5172413793103449,CCCC(C)CCCC(C)CCCC(C)CCCC(C)C
CCCCCC=CCC=S,0.6818181818181818,CCCC/C=C\C/C=C\C/C=C\C/C=C\CCCCC
CSC1CC=C(C)O1,0.27586206896551724,CC1=CCCO1
CC(C)C(C)(C)CCC1CCC(C)C1(C)C,0.28125,CCC(C)(C)C(C)C
COCCCCOC(C)CCc1ccccn1,0.4473684210526316,NCCc1ccccn1
CCONCCCCCCCCO,0.4166666666666667,CCCCCCCCCCCCCCCCO
CCCCCCCCCC(C)OCCC,0.5,CCCCCCCCCCCC(C)C
COCCC(C)O,0.5294117647058824,CC(O)CCC(C)O
C=C1CCCCC1C(C)(C)C,0.325,C=C1CCC[C@]2(C)CC[C@@H](C(C)(C)O)C[C@@H]12
C=C(OC(C)CCC)C(C)C,0.39285714285714285,C=C(C)CC(C)CCC
CCOC(OCC)C1C=CCC1,0.3055555555555556,CC(C)CC1C=CCCC1
CCC=CCC=COCCCC,0.42857142857142855,CCCCOC=O
CCCCC(=O)CCc1ccccc1,0.7,CCCCC(=O)Cc1ccccc1
CC(C)(CC=O)c1ccccc1,0.45161290322580644,CC(C)(C[Sn](CC(C)(C)c1ccccc1)(CC(C)(C)c1ccccc1)O[Sn](CC(C)(C)c1ccccc1)(CC(C)(C)c1ccccc1)CC(C)(C)c1ccccc1)c1ccccc1
CCCC(=O)C(C)CCC,0.6818181818181818,CCCC(C)C(=O)CC
CC=CC1C=CC(CC)C=C1,0.21739130434782608,CC/C=C\CC
CCCCCC1=C(C(C)CC)CCCC1,0.34210526315789475,CCCCCCCCC1=C(CCCCCCC(=O)O)C1
CCCC(C)C(C)C(S)C(=O)OCC,0.45454545454545453,CCOC(=O)CC(S)C(=O)OCC
CC1CC(C)SC(C)C1,0.3125,CC1CCC(C)CC1
CC1C=C2OC=CC=C2O1,0.24242424242424243,CC1C=CC(=O)O1
CC(O)C=CC1C=CC=C1,0.2916666666666667,C[C@@H](O)C=O
CC1CCCC1=O,0.8421052631578947,CC1CCCCC1=O
CCC1C=C(C=O)CC1,0.3684210526315789,C=C(C)C1CC=C(C=O)CC1
CCC(O)C1(c2ccccc2)CC1C,0.325,CCOC(=O)C(O)c1ccccc1
CC(O)CC(C)C(C)O,0.5,CCC(C)C(C)O
CCC(C)(C)CCC=C(C)C,0.5,C=CC(C)(O)CCC=C(C)C
CCCC(C)CCSCO,0.5238095238095238,CCCC(C)CCC
C=CC(C)CCCC(C)CCCC(C)C=O,0.6923076923076923,CC(C)CCCC(C)CCCC(C)CCCC(C)C=O
CCC(CC)CCC(C)CCO,0.6190476190476191,CCC(C)CCO
C=CCOC(C)CCCC,0.40625,C=CCCC(C)CCCCC
CCCNCCC,0.5,CCCCCCCCCCCNCCCCCCCCCCC
CCCCCCC(C=O)CCCC,0.6956521739130435,CCCCC(C=O)CC
CCCC1CC(C)CC(C)(C)C1,0.4482758620689655,CC1CC(O)CC(C)(C)C1
CCCCC1(CCCC)CCC(C)C1,0.2727272727272727,CCCCCCCC[C@H]1CCC[C@@H]1CCCCCCC
CC1CCCCC1C(C)(C)C,0.35,CC1CCCC1
CC1C=CC(C(C)C)CC1,1.0,CC(C)[C@H]1C=C[C@H](C)CC1
C=C1CC(C)C(=O)C(C)(C)C1,0.6296296296296297,C[C@@H]1CC(=O)CC(C)(C)C1=O
CCCC(C)CC(C)=O,0.5833333333333334,C=C(C)CC(C)CCC
CC1C=CC(=O)C1,0.36666666666666664,O=C1C=CC(C(=O)O)CC1
C=CC=C(C)C,0.43478260869565216,C=C/C=C(\C)CCC=C(C)C
CCC=CCCCC(O)CCC,0.56,CCCCC(O)CCC
C=C(O)C1C=CC(O)C(O)=C1,0.25,OC1C=C(Cl)C(O)C=C1Cl
C=C(C)C1=CC(=O)C(C)CC1,0.40540540540540543,C=C(C)[C@H]1CCC(C)=CC1=O
CCCOSC,0.3684210526315789,*OCCC
CCCC(C)CC(=O)OC,0.5,CCCCCCCCCCCCCC(O)CC(=O)OC
CCC(C)CCC1CC=C(C)C1(C)C,0.47368421052631576,CC1=CCC(CC=O)C1(C)C
CC1=CCC(C)C=C1,0.5185185185185185,CC1=CC[C@H](C(C)C)C=C1
C=C(CCOCCC)C(C)C,0.4642857142857143,CCCOCCC(C)=O
C=C(CC(C)C)OC,0.36,CC(C)CC(=O)OO
C=C(CC)OCCCC,0.52,CCCCOC(=O)CC
CCCC(CC)CCC(C)C,0.42857142857142855,CCCC(C)CC
CC(C)OC(C)O,0.38461538461538464,CC(C)O
CC(C)=CNCC(C)CCCCCC(C)CCCC(C)C,0.5,CC(C)CCCCC(C)CCCC(C)C
CCCCC1=COCC=C1,0.3055555555555556,CCCCc1ccco1
O=C(C=Cc1ccccc1)NC1CCCCC1,0.48717948717948717,O=C(O)CNC(=O)/C=C/c1ccccc1
CCC1C=CC(CC)N=C1,0.19444444444444445,CC(C)CC1C=CCCC1
C=Cc1occc1C,0.3448275862068966,C=Cc1ccc(C)c(C)c1
CCCCCCC(CC)CC,0.5909090909090909,CCCCCCC(CO)CCCC
CC1CCSC1,0.35294117647058826,CC1CCC(C)CC1
CCCCC(CC)C(C)CCC(C)CC,0.4583333333333333,CCCC(C)CC
CCCC(O)OC,0.47368421052631576,CCCC(O)CCC
C=C(C)CCOC(C)C1(C)CCC(C)CC1,0.3076923076923077,CC1CCCC(C)CCC(C)(C)CCC1
CC(C)(C)C1C=CC=CN1,0.22727272727272727,C1=CC2C=CC=CC2C=C1
CCCC(C)C(CC)CC,0.47368421052631576,CCCC(C)CC
CC1CCC2=C(CCC(O)C2)O1,0.375,CC1CCC(=O)O1
CCCC(C)C(Cc1ccccc1)C(C)=O,0.45,CCOC(=O)[C@@H](N)Cc1ccccc1
CC1=CC=COC1CC(C)C,0.2571428571428571,CC1=CC=C[C@H](O)[C@@H]1O
CCCCCC(=O)c1ccccc1,0.96,CCCCCCCCC(=O)c1ccccc1
CC(C)CCCC1CCC(C)C1(C)C,0.3611111111111111,CC(C)CCCC(C)C1CCC(C)CC1
CC1=C(O)C(=O)C(O)OC1,0.37142857142857144,CC1=C(O)C(=O)C(C(C)C)CC1
CC1=CC=CC1,0.4375,CC1=CC1
CCC(C)C1C=C(C)C(C)C1,0.391304347826087,CCC(C)C1C=C(C(O)CC(O)C(O)C(=O)O)C(C(C)CC)C1
Cc1ccc(C(C)C)c(CC(C)O)c1,0.5161290322580645,Cc1ccc(C(C)C)c(O)c1
C=C(CCCCCCC)OCC,0.5555555555555556,CCCCCCCC(=O)OCC
CCSCCCCO,0.47619047619047616,OCCCSCCO
CCCC1C=CC(C)C=C1,0.3333333333333333,CCC[C@@H]1O[C@@H]1C
C=C(COC(C)c1ccccc1)C(C)C,0.3870967741935484,C[C@H](O)c1ccccc1
CCCC(=O)CCCCc1ccccc1,0.6333333333333333,O=C(O)CCCCc1ccccc1
C=CCC1CCC(CC(=O)CC(C)C)C(CC)C1,0.2830188679245283,CC/C=C\C[C@H]1[C@@H](CC(=O)O)CC[C@@H]1O
C=CCCC1C(O)C(=O)CCC1(C)C,0.3137254901960784,C[C@]12CCC(=O)[C@@H](CCC(=O)O)[C@@H]1CCC2=O
CC1C=CC(CO)=CC1,0.34210526315789475,O=C([O-])C(=O)CC1=CCC(O)C=C1
CC(C)=CCCC(C)CCCC(C)C,0.6296296296296297,CC(C)=CCC[C@H](C)CCO
CC(C)CCOOCC(C)C,0.4,CC(C)CCON=O
CCC(S)CO,0.5789473684210527,CCC(S)CCO
CC1CC(c2ccccc2)CC(C)(C)C1,0.4642857142857143,c1ccc(C2CC(c3ccccc3)CC(c3ccccc3)C2)cc1
C=C(N)CCC,0.5,C=C(C)CCC
C=CC(C)(CCC=C(C)C)CC(C)OCC,0.4473684210526316,C=CC(C)(O)CCC=C(C)C
CC1(C)C2CCC1(C)C(CC(O)c1ccncc1)O2,0.25806451612903225,CN1[C@@H](CC(=O)c2ccccc2)CCC[C@H]1C[C@H](O)c1ccccc1
CC=CC(=O)CC(C)CC(C)C,0.4444444444444444,CC=CC(=O)CC
C=C1CCCCC1O,0.5,O=C1CCCCC1O
CCCCCCC(=O)C1C=CCCC1O,0.3953488372093023,O=C(O)CCCCCCCCCCCCC1C=CCC1
CCCc1cccc(C(C)N)c1,0.4482758620689655,CC(N)c1ccccc1
CC(C)CC(C)(C)CCc1ccccn1,0.4594594594594595,CNCCc1ccccn1
CC1=CC(C(C)C)OC1,0.30303030303030304,CC1=CCC(C(C)C)CC1
CC(C)C1CC23CC1(C)CC(C)C2CCC3C,0.36585365853658536,C[C@@H]1CC[C@@]23C[C@@H]1C(C)(C)[C@@H]2CC[C@H]3C
CCC1CCCC(CC)O1,0.37037037037037035,CCC1CCC(=O)O1
OC1=CCC2C=CCCC2C1,0.29411764705882354,C1=CC2CCCC2C1
CC(C)=CCCC(C)(C)C1=CC1,0.42857142857142855,CC(C)=CCC[C@](C)(O)[C@H]1CC=C(C)CC1
SC(c1ccccc1)C1C=CCC=C1,0.3333333333333333,c1ccc(C(c2ccccc2)c2ccccc2)cc1
CCC1=CCCC=C1C,0.2857142857142857,CC1=CC1
CC(Cc1ccccc1)OCCc1ccccn1,0.4722222222222222,NCCc1ccccn1
CC1OC(CCCCO)C(C)C1C,0.42424242424242425,O=C(O)CCCCCCCC1OC1CCCCCCCCO
C=C(OC)C1CC2(C(C)C)CCC1(C)CC2,0.3076923076923077,CC(C)C12CCC(C)(O)C1C2
CCCC1CCC(C)O1,0.4,CCC[C@@H]1O[C@@H]1C
c1ccc(COc2ccccc2)cc1,0.7391304347826086,Oc1ccc(OCc2ccccc2)cc1
CCCC(=O)c1ccccc1O,0.5357142857142857,CC(=O)c1ccccc1O
CC(=O)CSCC(C)CCCC(C)C,0.45454545454545453,CC(C)CCCC(C)CCCC(C)CCCC(C)CC(=O)O
CC(C=O)C1CC=CCC1,0.5,CC1=CCC(C(C)C=O)CC1
COCCCC1CCCC1C,0.3870967741935484,CCCCCCCC[C@H]1CCC[C@@H]1CCCCCCC
C=CCC1C=CC(CC2OC(CC)C(O)C(O)C2O)C=C1,0.2857142857142857,CCC1OC1C/C=C\C/C=C\C/C=C\C/C=C\C/C=C\CCC(=O)O
c1ccc(CCC2COCO2)cc1,0.39285714285714285,c1ccc(CCc2ccccc2)cc1
C=C(CCC)CC(C)OCO,0.3235294117647059,CCCC(=O)OC(C)CC
CCC(=O)CC1CC(C(C)C)CCC1C,0.4166666666666667,CC(C)[C@@H]1CC[C@H](C)[C@@H]2CC[C@H](C)[C@@H]2C1
CC(CC(C)c1ccccc1)OO,0.5,CCC(C)c1ccccc1
CCCC(=O)C1C=CC=CC1,0.3548387096774194,*C1C=CC=CC1
C=C(CCC)CCC1C=CC=C1,0.3333333333333333,C=C(C)CCC
C=C(C)C=CCC(O)CCC,0.44,CCCC(O)CCC
CCCC(O)OC1=C(C)OC(C)C1=O,0.40540540540540543,CC1=C(O)C(=O)C(C)O1
CC=CC=CCC,0.5263157894736842,C/C=C/C=C/CO
CCCCCCCCCCCC(=O)CC,1.0,CCCCCCCC(=O)CC
CCC1CCC(CC)C1,0.3181818181818182,CC1CCC(CO)CC1
CCC(S)C1CCCCC1(CC)CC(C)O,0.2647058823529412,CC[C@H](C)O
CC12CCC(C1)C(C)(C)C2OCO,0.5161290322580645,CC1(C)[C@@H]2CC[C@@](C)(C2)[C@@H]1O
CC1=CC2CC(C)C(C)C2CC1,0.4358974358974359,C=C(C)[C@@H]1CC[C@@H](C)[C@@H]2CCC(C)=C[C@@H]21
CC1CC(O)C(C(C)O)O1,0.41379310344827586,C[C@H](O)[C@@H]1OC(O)[C@H](O)[C@@H]1O
CCCCCC1CC(C)C(C)=C1C,0.34375,CCCCCCCC[C@H]1CCC[C@@H]1CCCCCCC
COCCCSC,0.48,CSCCCOC(C)=O
CCC=CCCCCC,0.9411764705882353,CC/C=C/CCCCCCCC
CC(CC=O)CCC1CC1(C)S,0.3783783783783784,CC(C)=CCC[C@@H](C)CC=O
COCC(C)=O,0.5555555555555556,COCC(=O)O
C=C1CCC(CC)C1C,0.30303030303030304,C=C1CC[C@H]2C[C@@H]1C2(C)C
CCC(C)CC1=CC=CCC1,0.3,CCC(C)CC(C)C
CCCC1CCC(C)C1,0.4,CC1CCC(CO)CC1
O=C1CCCCCCCCCCCC1,1.0,O=C1CCCCC1
CC1CC(C)(C)C(O)C1C,0.3225806451612903,C[C@@H]1C[C@@H](O)CC(C)(C)C1=O
CCCC(=O)C1=C(CC)C=CCC1,0.29411764705882354,O=C1C=CCC1
CCCCCC(C)CC(C)O,0.6521739130434783,CCCCCC(C)CC(C)CCC
CCCCCC(C)OCCNCCC,0.3793103448275862,CCCCCCCCCCCNCCCCCCCCCCC
C=C(C)COC(=C)CCC,0.5,C=C(C)CCC
CCCCCCCC(O)CCC,1.0,CCCCCCC(O)CCC
CSC1=CCCS1,0.2222222222222222,CSc1ccccc1
CC(CCCS)C(=O)CCC(O)O,0.3488372093023256,C[C@H](CCC[C@@](C)(O)CCC[C@@H](C)CO)CCC(=O)[C@H](C)CCO
CC1CCC2C(C1)CC(C)C2C,0.375,CC(C)[C@@H]1CC[C@H](C)[C@@H]2CC[C@H](C)C[C@H]21
CC1=CC(C)CC=C1O,0.3448275862068966,CC1C=C(O)CC1
CC(C)=CN(O)CCCC(C)CCCC(C)C,0.48148148148148145,CC(C)CCCC(C)CCCC(C)CCCC(C)C
CCCC(C)(S)CCC,0.7222222222222222,CCCC(C)(S)CCO
C=C(CCC)C(C)C(CC)C(C)C,0.34615384615384615,C=C(C)CCC
CC1(C)CCCC2CC(CO)CCC21,0.35,CC1CC[C@H]2C(C)CCCC(C)(C)[C@H]2C1
CCC1OCC(C)CC1(C)C,0.28,C[C@H]1CO1
C=CCC(C)CC(C)(C)C=O,0.4,C=CCC(C)CC(C)CC(C)C
C=CC(C)C(C)CC,0.42105263157894735,CCC(C)C(C)C
O=CC1CCCC1,0.9285714285714286,O=CC1CCCCC1
CCCC(O)CC(C)C1C=CCCC1,0.375,CC(C)CC1C=CCCC1
CCCCCCCC(C)OC,0.5454545454545454,CCCCCCCCCCCC(C)C
CC(C)CCC(=O)CC(C)C,0.5454545454545454,CC(C)CCC(=O)O
CCCC1CCSC(C)S1,0.46875,CCCC1CCOC(C)S1
CCC1=CC(C)C=C1,0.24242424242424243,CCC1=CC=C[C@H](O)[C@@H]1O
C=C(C)C=CCC,0.5238095238095238,CCC=CC(C)=O
CCC1CSOCC1(CC)CC,0.24324324324324326,CC[C@@H]1C[C@]1(N)C(=O)O
CCC1=C(C(C)(C)C)CC(CC)C=C1,0.2222222222222222,CCC1CC(=O)N1
CC(C)(O)O,0.7142857142857143,CC(C)(C)O
CC1=C(C)C(C)=C(C)CC1,0.26666666666666666,CC1=C(C)C(=O)C(C)=C(C)C1=O
CC1CCC2C(C)(C)C=CCC2(C)O1,0.5428571428571428,C[C@H]1CC[C@@H]2C(C)(C)CC=C[C@]2(C)O1
CCC=CCCCSC1CCC(O)C1,0.35294117647058826,CC/C=C\CCCC
CCCC(O)C(O)C(C)O,0.5,CCCC(C)O
CCCCC(=O)CCCC(C)CCC=C(C)C,0.5106382978723404,CCCCCCCCCCCCCCCC(=O)OCCC(C)CC/C=C(/C)CC/C=C(\C)CC/C=C(\C)CCC=C(C)C
C=C(NC)C(CC)CC,0.3076923076923077,CCC(CO)C(=O)O
CCC(C)(CCC1=CC=NCC1)CC(O)O,0.20454545454545456,CCCCCCCC(C)(CC)CC
CCCCCNCCCCC(O)C(C)C,0.52,CCCCCCCCCCCNCCCCCCCCCCC
CCCc1ccc(C)cc1,0.5714285714285714,CCCc1ccccc1
C=C(CCC)C(C)NCC,0.36,C=C(C)CCC
CCC(=O)CCCc1ccccc1,0.6428571428571429,O=C(O)CCCc1ccccc1
C=CC(CCC)OCC,0.3333333333333333,C=CC(O)CCCCC
C=CCCCOOC,0.4642857142857143,C=CCCCOC(C)=O
CC(C)CC1C=CC(C)C1,0.43333333333333335,CC(C)CC1C=CCCC1
CCCCCC(=O)CCO,0.75,CCCCCCCCCCCCCCCC(=O)CCCCCCCCCCCCCCC
CCC(C=O)OC,0.4090909090909091,CCC(C)C=O
CCCCCCC1=CCC(=O)C1,0.3783783783783784,CCCCCCCCC1=C(CCCCCCC(=O)O)C1
C=C(CC)C1=CCC(C)C(C)C1C,0.2619047619047619,C=C(C)[C@H]1CC=C(C)C(=O)C1
CC=CC(C)CCCCCC,0.5769230769230769,CCCCCCCCCCCCCC(C)C=O
CCCCCCCCNC,0.75,CCCCNC
CC1=NC(C)CC1C,0.2647058823529412,CC(=O)C1=C(O)CC(C)N=C1C
CCCCCCCCC(C)S,0.6,CCCCCCCCCCCC(C)C
CCCCOC(C)C(C)(C)C,0.5,CCCCOC(C)OCC
CCCCCCC1CCC(O)O1,0.4444444444444444,CCCCCCCCC1CCC(=O)O1
CCCC1C=C(OC)C(OCC)=CC1,0.23684210526315788,CCOc1ccccc1
CC(C)C12CCC(C)(CC1)C2,0.2962962962962963,CC(C)[C@]12CC[C@](C)(CC1)O2
CCCNCCC(=O)C(C)O,0.4074074074074074,CC(O)C(=O)CO
C1=CC2NCCC2=CC1,0.25,C1=C2CCN[C@H]2[C@@H]2c3ccccc3CO[C@@H]2C1
CC1CCC2OCCCC12,0.3333333333333333,OC1CCCO1
CC1=CSCC(C)=C1,0.2857142857142857,CC1=CC1
CC(C)C1CCCN1,0.45454545454545453,C[C@@H]1CCCN1
CC1C=CCC(C)O1,0.32,C1=CC2C=CC2C1
CC(C)C(C)(C)O,0.45454545454545453,CC(C)(C)O
CC1NOC(O)CS1,0.23076923076923078,O[C@@H]1CSSC[C@@H]1O
CC1=C(OC(C)O)CCC1,0.2608695652173913,Cc1ccc(OC[C@H](O)[C@H](C)NC(C)C)c2c1CCC2
CCCC(C)CC(C)C(C)OCC,0.5,CCCC(C)CC(C)C
CCC(=O)C1C=C(CC)C(O)C(OC)=C1,0.2619047619047619,CCC1=CC=C[C@H](O)[C@@H]1O
CC(C)CCCC(C)CCCC(=O)C(C)C(C)C,0.5666666666666667,CC(C)CCCC(C)CCCC(C)CCC(=O)O
CC(=O)CCC1C(C)CCC(C)C1(C)C,0.325,CC1CC[C@@H]2[C@H](C)CC[C@@H]3[C@@H](C3(C)C)C12O
CC(=O)OCc1ccc(C)cc1O,0.4594594594594595,CCCCCc1ccc(C)cc1O
CC(=O)CC(C)(C)C,0.6111111111111112,CC(=O)CC(C)(C)O
CC(C)CCC(=O)C(C)S,0.5217391304347826,CC(C)CCC(=O)O
CCCC(C)(O)CCO,0.5217391304347826,CCCC(C)(S)CCO
CC(O)CSC(CC(O)C(C)C)C(C)O,0.3333333333333333,CC(C)C(O)CO
O=C1CC=CC=N1,0.2962962962962963,O=C1CNC=N1
CCC1CC=C(C)CC1C,0.375,CC1=CC[C@@H]2[C@H](C1)C2(C)C
C=C1CCCCNCCCCCOO1,0.36,C1CCNCC1
CC1C=C(O)C(C)C1,0.38461538461538464,CC1C=C(O)CC1
CC(S)CCC1C(C)CCCC1(C)C,0.4444444444444444,CC[C@@H](C)CC[C@H]1[C@@H](C)CC[C@H]2C(C)(C)CCC[C@]12C
CC(CO)C(=O)O,1.0,CC(CO)C(=O)O
CCCCCSOC,0.4117647058823529,CCCCCC
CCCCC1CCCC(C)C1CC(C)C,0.45454545454545453,CCCCCCCC[C@H]1CCC[C@@H]1CCCCCCC
CCCC(CCC)C(C)c1ccccc1,0.48148148148148145,CCC(C)c1ccccc1
CCC(C)C(C)C,1.0,CCC(C)C(C)C
CCCCC(=O)Cc1ccc(C)cc1,0.7,CCCCC(=O)Cc1ccccc1
C=C(O)CCCCCCC(C)C,0.6,CC(C)CCCCCCCCCCC(=O)O
CCCCCCCCCCOCCC,0.6666666666666666,CCCCCCCCCCCCOCCO
CCCC(=O)C(C)C(O)CC(C)=O,0.4230769230769231,CCCC(C)=O
CCCC(C)CC(C)(C)C,0.6470588235294118,CC(CC(C)(C)C)CC(C)(C)C
CCOCCCc1ccccc1,0.5769230769230769,CCCCc1ccccc1
CNCCCC=O,0.52,CC(=O)NCCCC=O
CCCNCCO,0.6666666666666666,OCCNCCO
COCCSC1=COC(C)C=C1,0.2631578947368421,CC1C=CC(=O)O1
CC(C)C1C=CCC1C,0.3103448275862069,CC(C)[C@H]1C=C[C@H](C)CC1
C=C(CCC)CCC=CCCC,0.5,CCCC=CCCC(C)=O
CCC(C)=Cc1ccccc1,0.42857142857142855,O=C(O)C(O)=Cc1ccccc1
CCCCCC(CO)CO,0.8,CCCCCCC(CO)CCCC
CCC=CCCCCCCC,1.0,CC/C=C/CCCCCCCC
CCC(C)C(C)OCc1ccccc1,0.42857142857142855,c1ccc(COCc2ccccc2)cc1
CCCC1=COC(O)CC1,0.2727272727272727,C[C@H]1CC[C@@H]2C(CO)=CO[C@@H](O)[C@@H]21
CC(C)CN=C=O,0.45,CCN=C=O
CC(C)CCCC(=O)c1ccccc1N,0.6060606060606061,NCCC(=O)c1ccccc1N
CC(C)C1CCC(C)C(C)C1,0.625,CC(C)[C@@H]1CC[C@H](C)[C@@H]2CC[C@H](C)[C@@H]2C1
CCCC(=O)CCc1ccccc1,0.6785714285714286,O=C(CCO)CCc1ccccc1
CC(C)C1CN(C)CS1,0.21875,CC(C)N1CC1C=O
CCCCC,1.0,CCCCC
CCCC1CC=CC=C1CNC,0.2631578947368421,C1=CCC2=CC=CC2=C1
CCCCCCCC(O)CCc1ccccc1,0.5714285714285714,CCCCCCCCC(O)CCCCCCC
CC1=CCCC=C1C(C)O,0.2857142857142857,C[C@H](O)c1ccccc1
CN(C)C1CCC(C)(C)CC1,0.47619047619047616,CN(C)C1CCCCC1
CCCC1C(C)OC(C)C1C,0.4782608695652174,CCC[C@@H]1O[C@@H]1C
CCCC1C=CCO1,0.2857142857142857,CCC[C@@H]1O[C@@H]1C
CCCC1=CC=C(C(OCC)SCC)CC1CC,0.22641509433962265,CC[C@@H]1Cc2cc(O)ccc2C2=C1c1ccc(O)cc1C[C@H]2CC
CCC1C=CC(C=O)C1,0.2916666666666667,CCC=O
CCCC(S)C1CCCC1,0.56,CCCC(C)C1CCCC1
CCCc1cc(C)ccc1C,0.4583333333333333,Cc1ccc(C)c(C)c1
CCC1CCCC(C)C1,0.38095238095238093,CC1CCCC1
CCCC(C)c1ccc(O)c(O)c1,0.48484848484848486,C[C@H](N)[C@H](O)c1ccc(O)c(O)c1
CCC1=CC(C)C(C)S1,0.2222222222222222,CCc1ccc(OS(=O)(=O)[O-])cc1
CCCC(=O)CCCCC1=CCC=C1,0.4166666666666667,CCCC(=O)CCCCCO
C=C(C=CC)OC,0.3181818181818182,CC=CC(=O)O
CCC(S)C(=O)O,0.5263157894736842,CCC(C(=O)O)C(=O)O
CC(=O)C1=CC(C)OC1C,0.28205128205128205,CC(=O)C1=CN(c2ccccc2)C=C(C(C)=O)C1c1ccccc1
CCCC(=O)SCC,0.5384615384615384,CCCC(=O)SCC[N+](C)(C)C
CC1=CC2C(C=C1)COC2C,0.2631578947368421,CC1=CC[C@H](C(C)C)C=C1
CCCCCOC(=O)O,0.6521739130434783,CCCCCOC(C)=O
C=C(C)CCC1CC=CC1,0.36,C=C(C)CCO
CCC(C)C(C)OCc1ccco1,0.5,c1coc(COCc2ccco2)c1
C=C(C)C(C)(C)C,0.45454545454545453,C=C(C)C
C1CCSNSC1,0.4117647058823529,C1CNSC1
CC(C)C(=O)CCc1ccccc1,0.5925925925925926,O=C(O)CCc1ccccc1
CS(C)(O)O,0.5555555555555556,CS(=O)(=O)O
CCCCCC(C)C(C)=O,0.64,CCCCCCCCCCCCCCC(C)C(=O)O
C=CC1C=CC(C)C=C1,0.25,C=CCC
C=C(C=CCCC)NCCCCCO,0.47058823529411764,CCC/C=C\C=C\CCCCCCCCCO
CC1CCC(C(C)(C)C)CC1,0.5333333333333333,CC1CCC(C)CC1
CCC(C)CCC(=O)c1ccccc1,0.5625,CCCCC(=O)c1ccccc1
C=CCCCCC=CC,0.5882352941176471,C=CCCCCC=C
C1=CC(CCC2CCCC2)CC1,0.42857142857142855,O=C(O)CCCCCCCCCCCCC1C=CCC1
CC1=CC=C(C=CC=O)CC1,0.34375,CC1=CC=C(C(C)C)CC1
CC(C)C1=C2C=CC=CC2CCC1,0.3902439024390244,CC1=CC2=C(C(C)C)CC[C@@H](C)[C@@H]2CC1
CC=CC=CCCC(C)C(C)C,0.4090909090909091,CC(C)C(C)CCC(C)C(C)C
CCC(C)CC,1.0,CCC(C)CC
CSOCCc1ccoc1,0.4444444444444444,CC(C)=CCCc1ccoc1
C=C(CCS)C1CCCCC1,0.34615384615384615,O=C(O)C1CCCCC1
C=CC1CC(C)CC(C)C1,0.2916666666666667,CC1CC(=O)CC(C)C1
CCCC1=CC(NC)C(CCc2ccccc2)=CC1,0.40540540540540543,CCCc1ccccc1
CCCC(C)C,0.5714285714285714,CCCC(C)CCC
CCCC(C)CCCC(C)O,0.6363636363636364,CCCC(C)CCCC(C)CCCC(C)CCCC(C)C
C=C(CC=CCCCC)C1=CCCC1,0.35135135135135137,CCCC/C=C\C/C=C\C/C=C\C/C=C\CCCCC
OCCCCCCCCCS,0.6153846153846154,OCCCCCCCCO
CCCC(COC)C(C)Cc1ccc(C(C)C)cc1,0.3783783783783784,CC(C)c1ccc(CO)cc1
CCC(O)COC(C)C(C)CC,0.4166666666666667,CCC(C)C(C)O
CC1C=CC2=C(C1)OCC(=O)OC2,0.2702702702702703,CC1C=CC(=O)O1
CCOC(C)C(CC)CC,0.375,CCOC(CCN)OCC
CCCC(=O)CCCCCCCSO,0.5925925925925926,CCCC(=O)CCCCCO
C=CCC(O)CCCCC,0.6086956521739131,CCCCCC(O)CCCCC
C=C(C)CC(C)C(C)OCC,0.4642857142857143,C=C(C)CC(C)CCC
O=C(OCCCCCCCO)C1=CC=CC1,0.425,CCCCCCCOC(=O)c1ccccc1C(=O)OCCCCCCC
CCCCC(CC)OC,0.4166666666666667,CCCCC(O)CC
CCC(C)CC1=CCSC=C1,0.2857142857142857,CCC(C)CC
C=CCC1=CC(SC)C(OC(C)N)C=C1,0.23636363636363636,C=CCc1ccc(O)c(OC(C)C)c1
CCOC(C)C(C)OC(O)CC,0.36666666666666664,CCOC(C)C(=O)C(O)O
CCCC(=O)OCC1=CC=C(OC)CC1,0.3888888888888889,CCCC(=O)OCC
CCCCC(C)(CC)C(C)CCC,0.37037037037037035,CCCCC(C)[NH3+]
CCCC1COCCC1O,0.3548387096774194,CCCC1CCCCC1CC
CCCCC(=O)CCC1C=CCCC1,0.42857142857142855,O=C(O)CCCCCCCCCCCCC1C=CCC1
CCOc1ccccc1C,0.5769230769230769,CCOc1ccccc1O
CCCC(=O)CCCO,0.8095238095238095,CCCC(=O)CCCCCO
CC1=CCC=C1C(C)O,0.2857142857142857,C[C@H](O)c1ccccc1
CC1CC(=O)C(C)C1C,0.3333333333333333,CC1CC(=O)CC(C)C1
CCCCC(O)CCC(C)O,0.7368421052631579,CCCCC(O)CCCC
CCC(C)(CCC(C)C)C(C)O,0.4642857142857143,CCC(C)(O)CCCC(C)C
CCCc1cccc(CC)c1O,0.6923076923076923,CCCc1cccc(O)c1O
CCC(C)COC(C)C(C)CC,0.4,CCC(C)CC
C=CC1=C(CC)CCCC1,0.25,C=CCC
CCCC(C)C(O)O,0.5555555555555556,CCCC(C)O
CC1=CCC(CC(C)C)C=C1,0.5161290322580645,CC1=CC[C@H](C(C)C)C=C1
CCCCCCC(C)CC(C)CCC,1.0,CCCCCCC(C)CC(C)CCC
C=CCOC(O)CC(C)CC(C)(C)C,0.39285714285714285,CC(CC(C)(C)C)CC(C)(C)C
COC1=C(C)N=C(CC(C)C)CC1,0.225,CC(C)Cc1nccs1
CCCC1C=CC=CC1C(C)OC,0.22857142857142856,COC(C)C[197Hg]Cl
C=CCCC(=O)CC,0.5217391304347826,C=CCCC(=O)O
CC1SC(C)C(C)C1C,0.21739130434782608,CC1SCCC1=O
CC1C=CC(C)C2CC(C(C)(C)O)=CCC12,0.275,CC1=CC[C@@H](C(C)(C)O)CC1
CCC(C=O)c1ccccc1,0.5185185185185185,CC(C=O)c1ccccc1
CC(C)CCC1C=CC(C(C)C)CC1,0.4666666666666667,CC(C)[C@H]1C=C[C@H](C)CC1
CC(C)SC=C(C=O)C(C)C,0.2916666666666667,C[C@@H](O)C=O
CCCCCC=CC(O)O,0.68,CCCCCC/C=C/C(C)O
CCCC(O)CCCCCO,1.0,CCCC(O)CCCCCCO
COC1=CCC(O)C=C1,0.3783783783783784,O=C([O-])C(=O)CC1=CCC(O)C=C1
CCC(C)CCc1ccccc1,0.6071428571428571,CCC(N)CCc1ccccc1
CCCC(=O)C1C(C)CCCC1(C)C,0.34146341463414637,CC1CC[C@H]2C(C)CCCC(C)(C)[C@H]2C1
CC1=CC(C)C(S)C=C1O,0.25806451612903225,CC1=CC(=O)C(O)=CC1=O
CC(=O)C1=CCC(C)=C1,0.36666666666666664,CC1=CCC(=C(C)C)CC1
CCCc1ccc2c(c1)=CC(=O)CC=2C,0.2972972972972973,CCCc1ccccc1
CCC(C)CNC(C)c1ccccc1,0.4827586206896552,CCC(C)c1ccccc1
CCC=CCCCC(=O)CC,0.6538461538461539,CC/C=C\CCCC(=O)O
CNc1ccccc1O,0.5384615384615384,CC(=O)Nc1ccccc1O
CC(C)CC1=COC=CC1,0.3225806451612903,CC(C)Cc1ccccc1
CC1CC(C)C(C)C(C)(C)C1,0.37037037037037035,CC1CC(O)CC(C)(C)C1
C=CCCCCOCCC,0.5416666666666666,C=CCCCCCCCCCCCCCCC
CC1CC(C)N2CCCC2C1,0.5,CC1CCCC2CCCCN12
COC1CC(CC=O)=CC=C1O,0.3333333333333333,COc1cc(CC=O)ccc1O
CC1CCCC(C)(C)C1O,0.4375,CC1CC[C@H]2C(C)CCCC(C)(C)[C@H]2C1
CCSCSC,0.5,CCSCC
CCCCCCCCCCCC(C)C,1.0,CCCCCCCCCCCC(C)C
CCCCCCSCOCC(=O)OCC,0.5,CCCCCCCC(=O)OCC
C=CCc1cc(CC)c(C)c(OC)c1,0.5714285714285714,C=CCc1cc(OC)c(O)c(OC)c1
CCCC(C)CC(C)S,0.6,CCCC(C)CC(C)C
O=C(CO)CCCCC1CCCCC1,0.6206896551724138,O=C(O)CCCCCCCCCC1CCCC1
C=C(C)C(O)CC,0.42857142857142855,CCC(O)C(=O)O
CCCCC(C)C(C)C,0.5625,CC(C)C(C)CCC(C)C(C)C
CC1CCC2C(C)(C)CCCC2(C)C1,0.45454545454545453,C[C@H]1CC[C@H]2C(C)(C)CCC[C@]2(C)[C@H]1C
CCOC(C)c1ccccc1,0.5,CCC(C)c1ccccc1
C=C(CC)CCC(C)C,0.4782608695652174,C=C(CC)CCCC
CCC1=C(O)CCC(C=CC=O)=C1,0.3157894736842105,O=C/C=C/c1ccc(O)cc1
CC1=CCOC1S,0.3235294117647059,CC(C)=CC1CC(C)=CCO1
C=C(CC)C1CCCO1,0.36666666666666664,OCC1CCCO1
CCCOC(O)Cc1ccccc1,0.4722222222222222,CCOC(=O)C(O)Cc1ccccc1
CC(C)=CCCC(N)CCCC(C)CCO,0.6666666666666666,CC(C)=CCC[C@H](C)CCO
CCCCCCCCCCCCC1CCC(O)O1,0.4444444444444444,CCCCCCCCC1CCC(=O)O1
C=CC(C)(CCC=C(C)O)CC(O)SCCCCCC,0.3023255813953488,C=CCCCCCCCCCCCCCCC
CCCCCCCC(=O)CCCC(C)C,0.6956521739130435,CCCCCCCCCCCCCCCC(=O)CCCCCCCCCCCCCCC
CC(C)(S)C(O)OCc1ccccc1,0.42105263157894735,C[C@H](O)[C@@H](C)C(=O)OCc1ccccc1
CCC(C)C(C)OC,0.4444444444444444,CCC(C)C(C)C
CCCCNCCC(N)CC(C)C,0.39285714285714285,CCCCCCCCCCCNCCCCCCCCCCC
CCCC(C)CNC,0.5555555555555556,CCCC(C)CCC
CCC=CCCC,0.6470588235294118,CC/C=C\CCCC
CC1CCCCC1,1.0,CC1CCCCC1
CC(C)CCCC(=O)CCC(C)CCCC(C)O,0.5806451612903226,CC(C)CCCC(C)CCCC(C)CCC(=O)O
CCC(CCC(C)C)C(C)COC,0.3793103448275862,CCC(CCCC(C)C)C(C)C
CC(C)CCSC(C)C,0.3684210526315789,CC(C)CCCCCCC(C)C
CC(C)C(C)C(C)C,1.0,CC(C)C(C)C(C)C
C1=CCC2OCCC2=C1,0.21875,*C1C=CC=CC1
CC(C)OCCC(O)CCC1=CC=CC1,0.2631578947368421,CC(C)NCC(O)COc1ccc(COCCOC(C)C)cc1
C=CC=CC,1.0,C=C/C=C/C
CC(=O)OC1CC(C)OC1C,0.40425531914893614,CC(=O)O[C@@H]1C[C@@H](O)[C@@H](C)O[C@@H]1O[C@@H]1[C@H](O)[C@@H](O)O[C@H](CO)[C@H]1O
CC(C)OCc1ccco1,0.5925925925925926,c1coc(COCc2ccco2)c1
C=C1CCC(C)C1CC(C)CC,0.30952380952380953,CCC(C)CC1CCCN(CC)C1
CC(C)CC(CC(C)C)OC(C)C,0.35,CC(C)CC(C)C(C)C
CCC(C)C(C)C(C)C,0.7142857142857143,CCC(C)C(C)C
CCCC(C)C(C)CCCO,0.5909090909090909,CCCC(C)C(C)CCCC(C)C
CC(C)CC1CC(C)(C)CCO1,0.2647058823529412,CCC(C)C1OCCO1
CCCC(=O)C1CC1c1ccccc1,0.38235294117647056,N[C@@H]1C[C@H]1c1ccccc1
CC(C)COCC(C)O,0.5454545454545454,CC(O)COCC(COCC(C)O)(COCC(C)O)COCC(C)O
CC1CCCCS1,0.3684210526315789,CC1CCCC1
C=CC=CCCOCC,0.391304347826087,CCOCCOCCOCCOCCOCCOCC
Cc1cnc(C(C)O)nc1,0.3076923076923077,Cc1ncc([N+](=O)[O-])n1CC(C)O
CCCCC(CCC)OC,0.4166666666666667,CCCCC(O)CCC
O=C(CCC1CCCC1)Cc1ccccc1,0.5,O=C(O)CCC1CCCC1
C=CCOCCC,0.375,C=CCOC(=O)C(=O)OCCCCCCCCCCCCCCCCCC
CNC1C=CC(CCC(C)=O)CC1,0.3,CC(=O)CCC(C)=O
CCCCCCCCCCCCCCC(C)OC,0.5454545454545454,CCCCCCCCCCCC(C)C
CC1CCCC(C)(C)C1C=S,0.4117647058823529,CC1CC[C@H]2C(C)CCCC(C)(C)[C@H]2C1
CCCCCCCCC(O)CCCCCC,1.0,CCCCCCCCC(O)CCCCCCC
CC(O)CC1CC(C)CCC1C(C)C,0.5161290322580645,CC(C)[C@@H]1CC[C@@H](C)C[C@@H]1O
CCCCCC(O)CC(C)C(=O)OCCCC,0.5555555555555556,CCCCCCC(O)CCOC(C)=O
CCCC=CC(=O)COCC(C)C,0.45161290322580644,CCCC=CC(=O)O
CCCCCCCC(=O)C(CC)CO,0.6551724137931034,CCCCCCCCCCCCCCCC(=O)[C@@H]([NH3+])CO
CCCCCCCCCOCCO,1.0,CCCCCCCCCCCCOCCO
CC=CC(C)CCCCC,0.5384615384615384,CCCCCCCCCCCCCC(C)C=O
CCCCC(C)C1CCCC1,0.7391304347826086,CCCC(C)C1CCCC1
C=CCOSCCO,0.3181818181818182,C=CCO
C=CCCCCCC(C)O,0.9523809523809523,C=CCCCCC(C)O
CC(=O)COc1ccccc1,0.68,O=C(O)COc1ccccc1
CC(S)C(O)CCCCc1ccccc1,0.4375,CCCCc1ccccc1
CCCOCCC(C)=O,1.0,CCCOCCC(C)=O
CC(=O)C(=S)CC(C)C,0.45454545454545453,CC(C)CC(=O)O
CCCC1=CCC=CC1O,0.2702702702702703,CCC1=CC=C[C@H](O)[C@@H]1O
CCCC(C)SCCOC,0.34615384615384615,*C(C)CCC
O=CC=CC1=CCC=C1,0.3333333333333333,O=C/C=C/c1ccccc1
COC1C=CC(CC(C)C=O)CC1,0.29411764705882354,CCC(C)C=O
CCCOC(O)c1ccccc1,0.46153846153846156,OC(c1ccccc1)C(O)c1ccccc1
CC(C)C(C)C1CCCCN1,0.3684210526315789,O=C(O)C(c1ccccc1)C1CCCCN1
CCCOC(O)CCC(C)C,0.375,CCCC(=O)OCCC(C)C
CCOC(O)CCC1C=CCC1,0.38095238095238093,O=C(O)CCCCCCCCCCCCC1C=CCC1
CC1CCCC2C1C(C)(C)C(C)C2(C)C,0.3611111111111111,C[C@@H]1CC[C@H](O)[C@@]2(C)CC[C@@H]3[C@H]([C@H]12)C3(C)C
C=C(CC)C1C=CC=CC1CCC(C)CC1=CCC(CC)C=C1,0.23728813559322035,O=C([O-])C(=O)CC1=CCC(O)C=C1
CCC=C1CC(C)c2ccccc21,0.3125,[Li]C1c2ccccc2-c2ccccc21
COCCC(C)(C)CO,0.47368421052631576,CC(C)(CO)CO
CCCCCCCC(O)CCCC,1.0,CCCCCCCC(O)CCCC
CCC(C)C1CC(C)C(CC)C1,0.3225806451612903,CCC(C)C1OCCO1
CC1(C)CCCC2CCC(CN)CC21,0.39473684210526316,CC1(C)CCC[C@]2(C)[C@H]3CCCC[C@@H]3CC[C@@H]12
CC(C)C(=O)c1ccccc1,0.6956521739130435,CC(O)C(=O)c1ccccc1
CCC,1.0,CCC
CCCCCCC1CCCC1O,0.72,CCCCCCCC[C@H]1CCC[C@@H]1CCCCCCC
CCCC(=O)CCCCCCCC(C)CCC,0.6896551724137931,CCCC(C)CCCCCCCCCCC(=O)O
C=CCC(C)C(C)=O,0.4444444444444444,C=CCCCCC(C)=O
NCC(c1ccccc1)C1CCCCC1,0.40625,NCC(O)c1ccccc1
CCC(O)C1CCCCC1O,0.42857142857142855,O[C@@H]1CCCC[C@H]1O
CC1C=CC(CCO)=CC1,0.325,O=C([O-])C(=O)CC1=CCC(O)C=C1
CC=COC,0.3333333333333333,CC=CC
CCC(C)C1C=CC2CCCCC2=C1,0.28205128205128205,CCCC(C)C1CCCC1
CCCC(=O)CC1=C(C)CC=CC1CC,0.3235294117647059,CCCC(=O)CCC
C=C(C)C1=CCC(C)CC1=O,0.40540540540540543,C=C(C)[C@H]1CC=C(C)C(=O)C1
OCc1ccccc1O,1.0,OCc1ccccc1O
CCCC(C)Cc1ccccc1,0.56,CC(C)Cc1ccccc1
CCC(=O)C1=CCNO1,0.34285714285714286,CCC(=O)c1ccc(C)o1
CCCCCCCCCC(=O)CC(C)C,0.6521739130434783,CCCCCCCCCCCCCCCC(=O)CCCCCCCCCCCCCCC
CCCCCCC(=O)C1=CCCO1,0.4473684210526316,CCCCCCCCC(=O)c1ccccc1
CCCCC(=O)Cc1ccc(O)cc1,0.7,CCCCC(=O)Cc1ccccc1
CC1CC(C)C2(CC(C)(C)CC(C)(C)C2)C1(C)O,0.29411764705882354,C[C@H]1CCC[C@@]2(C)CCCC[C@]12O
CCC(C)(C)CCCC(C)C,0.625,CCC(C)(O)CCCC(C)C
CCCCCCOC(O)CCC(C)=O,0.5,CCCCCCCCCC(C)=O
CCC=CCCCC(=O)CC=CCC,0.6296296296296297,CC/C=C\CCCC(=O)O
CCC(O)CCN,0.5789473684210527,CCCC(O)CC
CC1CCC(C)C(C=O)C1,0.375,CC(C)[C@@H]1CC[C@H](C)[C@@H]2CC[C@H](C)C[C@H]21
CC1=CCCCC1OC(C)C,0.3055555555555556,CC1=CCC(C(C)C)CC1
CC(C)OC(C)(C=O)CCC1OC1(C)C,0.3023255813953488,C/C(=C\CC/C=C(\C)CC/C=C(\C)CC[C@@H]1OC1(C)C)CC/C=C(\C)CC[C@@H]1OC1(C)C
CCC1C=CC(C(C)C)=CC1,0.3142857142857143,CC1=CC[C@H](C(C)C)C=C1
OC1=C(C(O)CC2CCCCC2)CCC=C1,0.2608695652173913,c1cnc(CC2CCCCC2)cn1
CC(=O)CCc1cc(C)cc(C)c1C,0.3870967741935484,Cc1cc(C)c(C)c(O)c1
CCCC1=CC=CCC1,0.26666666666666666,CCCc1ccccc1
CC(=O)CC(C)CC(C)C,0.4230769230769231,*C(=O)C(N)CC(C)C
CCCCCCCCCCCCCCCCCCC,1.0,CCCCCCCCCCCCCCCCC
CC1(C)CCCC(O)C1C=O,0.375,CC(C)=C[C@@H]1[C@@H](C=O)C1(C)C
CCC(C)c1ccccc1C,0.6153846153846154,CCC(C)c1ccccc1O
CCC(=O)C(CO)CCOC,0.36666666666666664,CCC(CO)C(=O)O
CCCCCC=CCCC(O)O,0.5909090909090909,CCCCCCCC/C=C\CCCCCCCC
CCC(C)C(C)OC1C(C)CC=CC1(C)C,0.22857142857142856,CCC(C)C(C)C
CCC(C)(CCCC(C)C)CC(C)O,0.5172413793103449,CCC(C)(O)CCCC(C)C
CCCCCCCCCCCCCC(C)O,1.0,CCCCCCC(C)O
CCCCCCCCC(CC)CC,0.5909090909090909,CCCCCCC(CO)CCCC
CCCOC(C)CC1C=CC=CC1,0.2857142857142857,*C1C=CC=CC1
CC(C)C1CCC(C)(C)C(C(C)C)C1,0.4642857142857143,CC(C)C1CCC(C)(O)CC1
CCCCC(CC)CCC(O)c1ccccc1O,0.4722222222222222,CCC(C)c1ccccc1O
CCCOCC(O)C=O,0.43333333333333335,O=CC(O)COP(=O)(O)O
CC(O)C1=CCCCO1,0.3,CC1=CCCO1
CCCCCCC(C)(C)C,0.6,CCCCCCCC(C)(CC)CC
CCC1=C(C)CC(C)CO1,0.2631578947368421,CCCCC1COC(=O)C1
CC1=CC(CC(C)O)CC(C)(C)C1,0.2972972972972973,CC1=CC(=O)CC(C)(C)C1
C=C(C)C(C)S,0.4117647058823529,CC(S)C(=O)O
CCCC(=O)CC(C)C,0.5789473684210527,CCCC(=O)CCC
CCCCC1=CC(CC)C=C1,0.3125,CCCCc1ccccc1
C=C(CCC)CCCC(C)CCC,0.48148148148148145,CCCC(C)CCCC(C)CCCC(C)CCCC(C)C
C=C1CC(C)C(CCC(C)C)C(C)(N)C1,0.28846153846153844,CC[C@@H](C)CC[C@H]1[C@@H](C)CC[C@H]2C(C)(C)CCC[C@]12C
C=C(C)CC1CC2COC1(C)C2(C)C,0.27906976744186046,C=C(C)[C@H]1CC(=C)C2(C)OC2C1
CC1=C(C)COC1,0.2692307692307692,CC1=C(CO)C(=O)OC1
C=C(C=CC)OC(S)CC(C)C,0.2702702702702703,C=C(/C=C\CC(C)C)CC
CC(C)C1CC(C)C(C)O1,0.30434782608695654,CC(C)[C@H]1O[C@@H]1C(C)C
C=C(CC)C(C)CCC(C)C,0.35714285714285715,CC(C)CCCC(C)C(=O)O
CC(C)Cc1ccccc1,1.0,CC(C)Cc1ccccc1
CC1=NC2C=CCCC2O1,0.375,C1=CC2OC2CC1
C=C(CCCC)CCC1CCCCC1,0.4482758620689655,C=C(CC)CCCC
CC(C)CC(C)CCC1C=CC=C1,0.4230769230769231,CCCC(C)CC(C)C
CCCC=C(CO)c1ccccc1,0.3870967741935484,O=C(CO)c1ccccc1
CCCC(C)CC(O)c1ccccc1,0.45454545454545453,CNCC(O)c1ccccc1
CCCCCC(CCCC)Cc1ccccc1,0.53125,CCCCCCC(CCCC)c1ccccc1
CCCCCCCCC(CC(C)O)C(=O)CC,0.5172413793103449,CCCCCCC(C)O
C=C1CCC(CCCCC)=C1C,0.3611111111111111,CCCCCCCCC1=C(CCCCCCC(=O)O)C1
COC1C=CCCC1C,0.3055555555555556,C[C@H]1CCC[C@@]2(C)CCC=CC12
CC1=CNCC1,0.3157894736842105,CC1=CC1
CC1=CC(OOC2CC(C)CC2C)C(C)C1,0.25,C=C(C)[C@@H]1CC[C@@H](C)[C@@H]2CCC(C)=C[C@@H]21
CC1OC(=O)C(=O)C1C,0.45454545454545453,CCC(C)/C(O)=C1\C(=O)OC(C)C(C)C1=O
CCCCCCC(CC)C(=O)CC,0.5,CCCCCCCC(C(=O)O)C(=O)O
COC1C=CC(C)CC1C,0.3333333333333333,C[C@@H]1C=C[C@@H]2[C@H](C1)C2(C)C
COC(C)CSC,0.4090909090909091,COC(C)CCO
CC1=NC(C)C(C)C1,0.2647058823529412,CC(=O)C1=C(O)CC(C)N=C1C
CC(CC=O)C1=CC(C(C)C)CC=C1,0.29411764705882354,CC(C)CC=O
CSCC1=CC=CC1C,0.3333333333333333,CCC1=CC=C[C@H](O)[C@@H]1O
CCc1cc(C)c(C)o1,0.4230769230769231,CCc1ccc(C)o1
C=CCOC(C)C,0.34782608695652173,C=CCC(C)C(C)C
C=CC=CC=CC,0.7142857142857143,C=C/C=C/C
CC1=NC(C)N(C(C)C)CC1,0.2647058823529412,CC(C)N1CC1C=O
CC=CC1=CC(CC)C(SC)C(CC)C1,0.23076923076923078,CCC1CC(=O)N1
CCCCNC,1.0,CCCCNC
C=CCCCCC(=C)C,0.625,C=CCCCCC(C)=O
CCCCCC(=O)NCCCC,0.76,CCCCCC(=O)NCCO
CCNCC(C)CC,0.47058823529411764,CCC(C)CC
CCCCCCC=CO,1.0,CCCCCCCCCC=CO
CC(O)C1CCC2CCC=CC21,0.2894736842105263,CC(C)CC1C=CCCC1
CCCSC1=CC(C)C(C)C1,0.25,CCCSSCCC
CCCCCC(O)C(C)N,0.9523809523809523,CCCCCCCCCCCCCCC[C@@H](O)[C@H](C)N
C=CC1C=CC(C(C)C)=CC1,0.3055555555555556,CC1=CC[C@H](C(C)C)C=C1
CCCCCCCC(CO)OC,0.6206896551724138,CCCCCCCCCCCCCCCCOC[C@H](CO)OC
CC1CC(CO)C=CC1O,0.2857142857142857,C[C@@H]1C[C@@H](O)[C@@H](O)/C=C/[C@@H]2O[C@@H]2C(=O)O1
C=C(CC1C=CCC(C)=C1)CN1C=CCC=C1,0.22,C=C(C)[C@H]1CCC(C)=C[C@@H]1O
C=C(CCCC)C(S)CCC,0.4074074074074074,C=C(CC)CCCC
C=CC1=C(CO)OCCO1,0.24,C=CCO
CC1OC2C3=CC(=C2C1C)CN3C,0.21568627450980393,CN1CCOC(c2ccccc2)c2ccccc2C1
CCCC1=C(C)N=C(C)CO1,0.2127659574468085,CCCCOCCOCCOCc1cc2c(cc1CCC)OCO2
CCCSCCC(C)O,0.5238095238095238,CCCC(C)O
CCCCC1C=CCC1C,0.2857142857142857,CCCCC1CCCO1
CCCCCCCC(S)OC,0.4666666666666667,CCCCCCCCCCCCCCC(OC)C(=O)O
CCCCCC(O)CCCC,1.0,CCCCCC(O)CCCC
CC(C)C=CCC(C)C,0.5714285714285714,CCC(C)C/C=C/C(C)C
CCCCCC(=O)OC(CCCC)C(C)CCO,0.5428571428571428,CCCCCCCCCCCC(=O)OC(C)C
C=CC=CCCC,0.5238095238095238,CCC/C=C/C=O
CC(CCO)COc1ccccc1,0.5,OCCOc1ccccc1
C=CCCC(O)c1ccccc1O,0.4117647058823529,CCC(C)c1ccccc1O
CCCCCC(C)C(C)CCCC,0.5789473684210527,CCCCCCCCCCCC(C)C
CCCCCCCCC(CC)C(C)O,0.5833333333333334,CCCCCCC(C)O
CCC(C)C(C)c1ccccc1,0.5833333333333334,CCC(C)c1ccccc1
CNC1C=CCC=C1S,0.2413793103448276,*C1C=CCC=C1
CC(C)CC(C)C(C)C(C)C,0.7333333333333333,CC(C)CC(C)C(C)C
CCCC(C)OCC,0.42105263157894735,CCCC(C)CCC
CCCC(C)C(O)OCC,0.43478260869565216,CCCC(C)O
CCCCOC(C)C(C)C,0.5416666666666666,CCCCOC(C)OCC
CCOCC(=O)CC,0.6666666666666666,CCOCC(=O)CO
CCC(CC)CCc1ccccc1,0.6296296296296297,CCC(N)CCc1ccccc1
CCCCCCC(C)CC,0.7,CCCC(C)CCCCC(C)CC
Cc1cccc(C)c1,1.0,Cc1cccc(C)c1
CC(C)CCCC(C)CC(C)(C)C,0.6,CC(C)CCCC(C)CCCC(C)CCCC(C)C
CC1=CC(C)CC1,0.5217391304347826,CC1C=C(O)CC1
CC1=CCC(CCO)C=C1,0.42424242424242425,CC1=CC[C@H](C(C)C)C=C1
CCC1=CC=C(C(C)O)CO1,0.2571428571428571,CC1=CC=C(C(C)C)CC1
CCCCNN,0.5,CCCCNC
CC1CCC(CC=O)C1(C)C,0.4,CC1=CCC(CC=O)C1(C)C
CCOC1=CCCC=C1O,0.34375,CCOc1ccccc1O
CCC(CCO)COC,0.4,CCC(C)CCO
CC(C)CCOC(C)S,0.4,CC(C)CCON=O
CC(=O)CCC1C=CCC=C1,0.375,CC(=O)CCC(C)=O
CC1COC(O)O1,0.4444444444444444,C[C@H]1CO1
CC(C)CCC(O)c1ccccc1,0.52,C[C@H](O)c1ccccc1
Cc1ccccc1CC(C)C,0.5416666666666666,CCc1ccccc1C
CCC(CC)CCC1CCC(C)C1(C)C,0.2978723404255319,CCC(C)CCC1(C)C(C)CCC2C1CCCC2(C)C
CCC1OCCC(C)O1,0.3235294117647059,CCCC1CCOC(C)S1
CC(O)C(=O)c1ccccc1,1.0,CC(O)C(=O)c1ccccc1
CCC(C)CCC1CCC(C)C1(C)C,0.4318181818181818,CC[C@@H](C)CC[C@H]1[C@@H](C)CC[C@H]2C(C)(C)CCC[C@]12C
CC1C=C2COCC2=CC1,0.25,CC1C=C(O)CC1
CC(C)=CCNC(=O)C(C)C,0.4642857142857143,CC(C)C(=O)NCC(=O)O
CC(c1ccccc1)C(O)C1C=CC=CC1,0.38235294117647056,C[C@H](O)c1ccccc1
C=CC(=CCCC)CC,0.5833333333333334,CCCC=C(C=O)CC
C=C(OC)C(C)C,0.4,COC(=O)C(C)C
O=CCCCCc1ccccc1,0.7083333333333334,O=CCCc1ccccc1
CC(C)C1=CC=COC1C,0.2702702702702703,CC(C)C1=CC=C(C(=O)O)[C@@H](O)[C@H]1O
C=C(CCC(CCCCC)Cc1ccccc1)CC(C)C,0.38461538461538464,CC(C)Cc1ccccc1
CC=C(C)C(O)CCC,0.4583333333333333,CCCC(O)C(=O)O
CCC(O)CCc1ccccc1,0.5862068965517241,CCC(N)CCc1ccccc1
CCCCCNCCCC(O)CCC,0.6666666666666666,CCCCCC(O)CCC
CCCCCCCCCOC(C)c1ccncc1,0.4,CCCCCOC(C)OCC
CCCC(C)CC=C(CC)CC,0.4642857142857143,CCC/C=C/CC(C)CCC
CC1CCC2C(C3C(C)CCC13)C2(C)C,0.5625,C[C@@H]1CC[C@H]2[C@@H]1[C@H]1[C@@H](CC[C@]2(C)O)C1(C)C
CCOC(C)CCOC,0.35714285714285715,CCCCOC(C)OCC
CCC1CC(C)C(C)C1,0.25,CC1CCC(CO)CC1
CCC(CC)CCC(C)O,0.625,CC(O)CCC(C)O
CCCCCC(CC)CC=O,0.5161290322580645,CCCCC[C@@H](CC=O)C(C)=O
CC(C=O)CCC1C(C)CCCC1(C)N,0.37254901960784315,CC[C@@H](C)CC[C@H]1[C@@H](C)CC[C@H]2C(C)(C)CCC[C@]12C
C1=CCCN=C1,0.47368421052631576,C1=CCN=C1
CC=C(C)C(C)CC,0.4090909090909091,CC[C@@H](C)C(=O)O
CCCC1=COC=CC1,0.3,CCCc1ccccc1
CSC(C)C,0.3333333333333333,CSC
C=C(C)C1CCC(C)C(C)C1,0.68,C=C(C)[C@@H]1CC[C@H](C)[C@H](O)C1
C=C(C)C1CCCC1C,0.36666666666666664,C=C(C)[C@@H]1CC[C@H](C)[C@H](O)C1
CCc1cccc(SC)c1O,0.5714285714285714,CCc1cccc(O)c1O
CC(C)C(C)CCC1CCC(C)C1(C)C,0.3333333333333333,CC(C)C(C)CCC(C)C(C)C
C=C(CC(C)c1ccccc1)C(C)C,0.5862068965517241,CC(CC(=O)O)c1ccccc1
CC(=O)C1=CC=CCC1,0.3235294117647059,CC(=O)C1=CCCCN1
COC(C)C1CC1c1ccccc1,0.41935483870967744,N[C@@H]1C[C@H]1c1ccccc1
CC1=CC(Oc2ccccc2)CC=C1,0.3125,COc1ccccc1
CCCCC1C=CC(O)CC1,0.4411764705882353,O=C([O-])C(=O)CC1C=CC(O)CC1
CCCCCCCC(O)CCC(C)C,0.7619047619047619,CCCCCCCCC(O)CCCCCCC
CCCCCCCCCCS,1.0,CCCCCCCCS
CC(C)CCCCCO,1.0,CC(C)CCCCCO
CC(C)C1CCC(C)(O)CC1=O,0.45161290322580644,CC(C)C1CCC(C)(O)CC1
CC(O)C1CCCC1C,0.4166666666666667,CC(O)C1CCCC1
C=C(CCC)CCC(C)O,0.5,CCCC(C)O
CCCC(CC(C)C)OC(C)c1ccc(C)c(C)c1,0.3333333333333333,Cc1ccc(C(C)C)cc2c(C)ccc1-2
CC1=CC(C)C=C1,0.32142857142857145,CC1=CC[C@H](C(C)C)C=C1
CC1CCC(c2ccccc2)C1,0.5416666666666666,c1ccc(C2CC(c3ccccc3)CC(c3ccccc3)C2)cc1
