MW,LogP,HBA,HBD,TPSA,RotBonds,AromaticRings,HeavyAtoms,RingCount,Source
134.268,1.0645,1,2,27.64,4,0,8,0,fragrancedb
97.09299999999999,0.6616199999999999,2,0,36.2,0,1,7,1,fragrancedb
182.263,2.8301000000000016,2,0,29.6,8,0,13,1,fragrancedb
140.182,1.6598,2,0,29.6,5,0,10,1,fragrancedb
250.362,1.8718999999999995,2,1,42.91,8,1,18,1,fragrancedb
148.209,2.1562,2,0,25.78,3,1,11,1,fragrancedb
232.41099999999994,5.505400000000005,0,0,0.0,1,0,17,2,fragrancedb
147.199,-0.5553000000000001,4,1,60.160000000000004,4,0,9,0,fragrancedb
121.15899999999995,1.7100000000000002,1,0,9.23,3,1,9,1,fragrancedb
129.22899999999998,1.9623199999999998,2,0,0.0,0,1,7,1,fragrancedb
141.171,1.30632,3,0,30.21,1,1,9,1,fragrancedb
148.227,1.2579,3,1,26.3,5,0,9,0,fragrancedb
386.62000000000023,7.326100000000009,2,0,18.46,1,0,28,2,fragrancedb
168.236,2.4400000000000004,2,0,29.6,7,0,12,1,fragrancedb
144.17,0.7268999999999999,3,0,35.53,2,0,10,1,fragrancedb
114.124,0.9242,3,0,52.489999999999995,2,0,8,0,fragrancedb
326.52100000000013,5.103500000000005,3,1,46.53,13,0,23,1,fragrancedb
126.17899999999999,-0.8631999999999991,1,1,31.04,2,0,9,1,fragrancedb
195.28199999999995,2.2092,2,0,40.129999999999995,8,0,14,0,fragrancedb
113.09199999999998,0.3727199999999999,3,1,50.44,0,1,8,1,fragrancedb
154.20899999999997,2.0499,2,0,29.6,6,0,11,1,fragrancedb
141.146,0.93512,3,1,50.440000000000005,1,1,10,1,fragrancedb
163.156,0.7021999999999999,3,1,78.51,2,1,12,1,fragrancedb
175.11599999999999,-1.2044000000000004,6,4,111.13,2,1,12,1,fragrancedb
169.15599999999998,0.90084,4,0,56.51,1,1,12,1,fragrancedb
127.18799999999997,1.80224,2,0,13.14,0,1,8,1,fragrancedb
124.13899999999997,0.8844999999999994,2,2,40.46,1,1,9,1,fragrancedb
59.044000000000004,-1.2438,2,0,40.129999999999995,0,0,4,0,fragrancedb
44.053,0.2052,1,0,17.07,0,0,3,0,fragrancedb
59.068,-0.5084,1,1,43.09,0,0,4,0,fragrancedb
88.106,-0.043800000000000006,2,1,37.3,1,0,6,0,fragrancedb
58.08,0.5952999999999999,1,0,17.07,0,0,4,0,fragrancedb
106.12399999999997,1.4990999999999999,1,0,17.07,1,1,8,1,fragrancedb
78.11399999999999,1.6866,0,0,0.0,0,1,6,1,fragrancedb
121.11499999999997,0.05009999999999992,2,0,40.129999999999995,1,1,9,1,fragrancedb
108.13999999999997,1.1788999999999998,1,1,20.23,1,1,8,1,fragrancedb
72.107,0.9854,1,0,17.07,2,0,5,0,fragrancedb
90.12199999999999,-0.252,2,2,40.46,1,0,6,0,fragrancedb
74.12299999999999,0.7787999999999999,1,1,20.23,2,0,5,0,fragrancedb
45.017,-1.6339000000000001,2,0,40.129999999999995,0,0,3,0,fragrancedb
110.11199999999997,1.0977999999999994,2,2,40.46,0,1,8,1,fragrancedb
132.16199999999995,1.8987,1,0,17.07,2,1,10,1,fragrancedb
134.17799999999997,1.6921000000000002,1,1,20.23,2,1,10,1,fragrancedb
146.14499999999995,1.7929999999999997,2,0,30.21,0,2,11,2,fragrancedb
150.22099999999995,2.3023000000000002,1,1,20.23,2,1,11,1,fragrancedb
148.20499999999996,2.6225000000000014,1,0,17.07,2,1,11,1,fragrancedb
150.17699999999996,2.0438000000000005,2,1,29.46,2,1,11,1,fragrancedb
108.13999999999999,1.70062,1,1,20.23,0,1,8,1,fragrancedb
108.13999999999997,1.7006199999999996,1,1,20.23,0,1,8,1,fragrancedb
114.232,3.3668000000000022,0,0,0.0,5,0,8,0,fragrancedb
182.172,-3.585399999999998,6,6,121.38000000000001,5,0,12,0,fragrancedb
128.215,2.5458000000000007,1,0,17.07,6,0,9,0,fragrancedb
124.13899999999997,1.4008,2,1,29.46,1,1,9,1,fragrancedb
58.08,0.5952999999999999,1,0,17.07,1,0,4,0,fragrancedb
86.08999999999999,0.1644,2,0,34.14,1,0,6,0,fragrancedb
148.16099999999997,1.5381999999999998,2,0,26.3,0,1,11,2,fragrancedb
78.13600000000001,-0.005299999999999971,1,0,17.07,0,0,4,0,fragrancedb
46.069,-0.0014000000000000123,1,1,20.23,0,0,3,0,fragrancedb
30.026,-0.1849,1,0,17.07,0,0,2,0,fragrancedb
92.09399999999998,-1.6681000000000001,3,3,60.69,2,0,6,0,fragrancedb
68.079,0.40969999999999995,1,1,28.68,0,1,5,1,fragrancedb
117.15099999999997,2.1678999999999995,0,1,15.79,0,2,9,2,fragrancedb
48.11000000000001,0.546,1,1,0.0,0,0,2,0,fragrancedb
72.063,-0.2257,2,0,34.14,1,0,5,0,fragrancedb
32.042,-0.3915,1,1,20.23,0,0,2,0,fragrancedb
128.17399999999995,2.839800000000001,0,0,0.0,0,2,10,2,fragrancedb
130.23100000000002,2.3392000000000013,1,1,20.23,6,0,9,0,fragrancedb
240.43099999999993,5.666600000000005,1,0,17.07,14,0,17,0,fragrancedb
130.14299999999997,-0.06970000000000015,3,1,46.53,0,0,9,1,fragrancedb
150.13,-2.5823,5,4,90.15,1,0,10,1,fragrancedb
94.11299999999997,1.3921999999999997,1,1,20.23,0,1,7,1,fragrancedb
120.15099999999997,1.428,1,0,17.07,2,1,9,1,fragrancedb
76.095,-0.6405,2,2,40.46,1,0,5,0,fragrancedb
60.096,0.3887,1,1,20.23,1,0,4,0,fragrancedb
68.079,0.40969999999999995,1,1,28.68,0,1,5,1,fragrancedb
79.10199999999998,1.0816,1,0,12.89,0,1,6,1,fragrancedb
62.137,0.9792,1,0,0.0,0,0,3,0,fragrancedb
88.175,1.5133999999999999,1,0,0.0,0,0,5,1,fragrancedb
143.211,0.9863199999999999,3,1,33.120000000000005,2,1,9,1,fragrancedb
92.14099999999999,1.99502,0,0,0.0,0,1,7,1,fragrancedb
152.14899999999997,1.2133,3,1,46.53,2,1,11,1,fragrancedb
182.307,3.1178000000000017,1,1,20.23,0,0,13,2,fragrancedb
156.26899999999998,2.4395000000000007,1,1,20.23,1,0,11,1,fragrancedb
166.17599999999996,1.6033999999999997,3,1,46.53,2,1,12,1,fragrancedb
212.248,3.0436000000000014,2,0,26.3,3,2,16,2,fragrancedb
152.237,2.401700000000001,1,0,17.07,0,0,11,2,fragrancedb
242.44699999999992,5.460000000000006,1,1,20.23,14,0,17,0,fragrancedb
154.25300000000001,2.7441000000000013,1,0,9.23,0,0,11,3,fragrancedb
108.13999999999999,1.7006199999999996,1,1,20.23,0,1,8,1,fragrancedb
278.348,3.600400000000003,4,0,52.60000000000001,8,1,20,1,fragrancedb
182.222,2.917600000000001,1,0,17.07,2,2,14,2,fragrancedb
164.20399999999998,2.1293,2,1,29.46,3,1,12,1,fragrancedb
222.37199999999999,4.3979000000000035,1,1,20.23,7,0,16,0,fragrancedb
204.35699999999994,5.0354000000000045,0,0,0.0,1,0,15,1,fragrancedb
100.11699999999999,0.5545,2,0,34.14,4,0,7,0,fragrancedb
60.096000000000004,0.38710000000000006,1,1,20.23,0,0,4,0,fragrancedb
152.14899999999997,1.1787999999999998,3,1,46.53,1,1,11,1,fragrancedb
192.21399999999994,2.1524,3,0,27.69,3,1,14,2,fragrancedb
191.274,2.4770200000000004,1,0,20.310000000000002,3,1,14,1,fragrancedb
612.5810000000007,-1.342,15,9,245.28999999999996,10,2,43,4,fragrancedb
154.253,2.671400000000001,1,1,20.23,4,0,11,0,fragrancedb
147.004,2.9934000000000003,0,0,0.0,0,1,8,1,fragrancedb
285.3430000000001,2.997200000000001,3,0,38.77,3,1,21,3,fragrancedb
178.27499999999998,3.6390000000000033,1,1,20.23,2,1,13,1,fragrancedb
212.201,1.3702,5,3,86.99000000000001,3,1,15,1,fragrancedb
110.11199999999997,1.0977999999999994,2,2,40.46,0,1,8,1,fragrancedb
162.18799999999993,2.1437999999999997,2,0,18.46,2,1,12,2,fragrancedb
99.15799999999999,1.2752,2,0,12.36,2,0,6,0,fragrancedb
302.367,2.3849,6,0,78.9,11,0,21,0,fragrancedb
122.16699999999997,1.2213999999999998,1,1,20.23,2,1,9,1,fragrancedb
100.16099999999999,1.7656,1,0,17.07,4,0,7,0,fragrancedb
94.135,-0.33919999999999995,2,0,34.14,0,0,5,0,fragrancedb
73.095,-0.2956000000000001,1,0,20.310000000000002,1,0,5,0,fragrancedb
88.14999999999999,1.1689,1,1,20.23,3,0,6,0,fragrancedb
76.14500000000001,1.0181,2,0,0.0,0,0,3,0,fragrancedb
196.29,2.7643000000000013,2,0,26.3,1,0,14,2,fragrancedb
102.17699999999998,1.5574,1,1,20.23,2,0,7,0,fragrancedb
206.24099999999999,1.8637,3,0,38.83,3,1,15,2,fragrancedb
402.4840000000002,3.0984000000000016,8,0,105.20000000000002,15,0,28,0,fragrancedb
276.28499999999997,0.1870000000000001,7,1,99.13000000000002,8,0,19,0,fragrancedb
138.21,2.3218000000000005,1,0,17.07,0,0,10,1,fragrancedb
158.285,2.9737000000000022,1,1,20.23,5,0,11,0,fragrancedb
154.25300000000001,2.6698000000000013,1,1,20.23,4,0,11,0,fragrancedb
72.151,2.0524,0,0,0.0,1,0,5,0,fragrancedb
68.11900000000001,1.7485,0,0,0.0,1,0,5,0,fragrancedb
74.12299999999999,0.6347,1,1,20.23,1,0,5,0,fragrancedb
72.107,0.8412999999999999,1,0,17.07,1,0,5,0,fragrancedb
70.09100000000001,0.7614000000000001,1,0,17.07,1,0,5,0,fragrancedb
74.12299999999999,0.7771999999999999,1,1,20.23,1,0,5,0,fragrancedb
72.107,0.9854,1,0,17.07,1,0,5,0,fragrancedb
70.09100000000001,0.7614,1,0,17.07,1,0,5,0,fragrancedb
74.07900000000001,0.17930000000000001,2,0,26.3,0,0,5,0,fragrancedb
232.36699999999993,4.460400000000004,1,0,17.07,5,0,17,1,fragrancedb
136.238,2.9987000000000013,0,0,0.0,0,0,10,2,fragrancedb
136.238,2.9987000000000013,0,0,0.0,0,0,10,3,fragrancedb
100.11699999999999,0.7355,2,0,26.3,1,0,7,0,fragrancedb
112.12799999999999,1.1813,2,1,37.3,0,0,8,1,fragrancedb
294.307,3.6199400000000033,5,0,103.35,3,1,21,1,fragrancedb
131.17799999999997,2.4763200000000003,0,1,15.79,0,2,10,2,fragrancedb
268.269,3.1175200000000025,5,0,95.51,3,1,19,1,fragrancedb
222.23999999999995,2.04,4,0,52.60000000000001,4,1,16,1,fragrancedb
165.19199999999998,1.5149,3,1,38.33,2,1,12,1,fragrancedb
196.20199999999997,1.5248999999999997,4,0,44.760000000000005,4,1,14,1,fragrancedb
194.23,2.2050000000000005,3,1,46.53,3,1,14,1,fragrancedb
208.257,2.5951000000000017,3,1,46.53,4,1,15,1,fragrancedb
165.19199999999998,1.4455,3,1,52.32,2,1,12,1,fragrancedb
126.17999999999998,1.9507,2,0,17.07,1,1,8,1,fragrancedb
258.4049999999999,4.800600000000005,1,0,17.07,2,1,19,2,fragrancedb
136.19399999999996,2.5156000000000014,1,1,20.23,1,1,10,1,fragrancedb
204.35699999999997,4.869300000000004,0,0,0.0,0,0,15,2,fragrancedb
148.20499999999998,2.5060400000000005,1,0,17.07,1,1,11,1,fragrancedb
154.253,2.6477000000000013,1,0,17.07,1,0,11,1,fragrancedb
152.237,2.567800000000001,1,0,17.07,1,0,11,1,fragrancedb
152.23699999999997,2.711900000000001,1,0,17.07,0,0,11,1,fragrancedb
150.22099999999998,2.8240200000000013,1,1,20.23,1,1,11,1,fragrancedb
122.16699999999996,1.9545999999999997,1,1,20.23,1,1,9,1,fragrancedb
122.12299999999996,1.2046999999999997,2,1,37.3,1,1,9,1,fragrancedb
267.539,3.6610000000000023,2,0,26.3,2,1,15,1,fragrancedb
170.21099999999996,3.059200000000001,1,1,20.23,1,2,13,2,fragrancedb
154.16499999999996,1.4093999999999995,3,1,38.69,2,1,11,1,fragrancedb
138.16599999999997,1.7038,2,0,18.46,2,1,10,1,fragrancedb
153.13699999999997,1.6033999999999997,3,0,52.370000000000005,2,1,11,1,fragrancedb
160.172,2.1014199999999996,2,0,30.21,0,2,12,2,fragrancedb
158.2,2.8484000000000007,1,0,9.23,1,2,12,2,fragrancedb
170.21099999999998,3.0424000000000015,1,0,17.07,1,2,13,2,fragrancedb
178.23099999999997,2.4323000000000006,2,0,18.46,4,1,13,1,fragrancedb
178.23099999999997,2.736900000000001,2,0,18.46,3,1,13,1,fragrancedb
172.22699999999998,3.238500000000002,1,0,9.23,2,2,13,2,fragrancedb
206.24099999999996,2.349,3,0,35.53,4,1,15,1,fragrancedb
206.24099999999996,2.653600000000001,3,0,35.53,3,1,15,1,fragrancedb
138.16599999999997,1.7092199999999997,2,1,29.46,1,1,10,1,fragrancedb
134.17799999999997,1.9889999999999999,1,0,17.07,2,1,10,1,fragrancedb
136.19399999999996,2.1300000000000003,1,1,20.23,2,1,10,1,fragrancedb
134.17799999999997,2.2793,1,0,17.07,2,1,10,1,fragrancedb
136.14999999999998,1.4732,2,0,26.3,1,1,10,1,fragrancedb
137.138,0.8681999999999999,3,0,39.19,1,1,10,1,fragrancedb
150.177,1.8633,2,0,26.3,2,1,11,1,fragrancedb
192.21400000000003,1.8225,3,0,43.370000000000005,4,1,14,1,fragrancedb
194.23,2.3491000000000004,3,1,46.53,4,1,14,1,fragrancedb
192.258,2.8895000000000017,2,0,26.3,4,1,14,1,fragrancedb
226.275,3.086100000000002,2,0,26.3,4,2,17,2,fragrancedb
135.19099999999997,2.2963000000000005,2,0,12.89,0,2,9,2,fragrancedb
106.16799999999999,2.30344,0,0,0.0,0,1,8,1,fragrancedb
120.19499999999998,2.611860000000001,0,0,0.0,0,1,9,1,fragrancedb
122.16699999999997,2.0090399999999997,1,1,20.23,0,1,9,1,fragrancedb
122.16699999999997,2.00904,1,1,20.23,0,1,9,1,fragrancedb
134.22199999999998,2.920280000000001,0,0,0.0,0,1,10,1,fragrancedb
86.178,2.442500000000001,0,0,0.0,2,0,6,0,fragrancedb
86.13399999999999,1.2314,1,0,17.07,2,0,6,0,fragrancedb
86.134,1.3755,1,0,17.07,2,0,6,0,fragrancedb
84.162,2.1965000000000003,0,0,0.0,0,0,6,1,fragrancedb
86.09,0.3234,2,0,26.3,0,0,6,1,fragrancedb
196.28999999999996,2.7879000000000014,2,0,26.3,3,0,14,1,fragrancedb
194.27399999999997,2.850500000000001,2,0,26.3,2,0,14,1,fragrancedb
208.30099999999996,3.2406000000000024,2,0,26.3,3,0,15,1,fragrancedb
164.20399999999998,2.4339000000000013,2,1,29.46,2,1,12,1,fragrancedb
116.15999999999998,1.2055,2,0,26.3,2,0,8,0,fragrancedb
114.14399999999999,1.1256000000000002,2,0,26.3,2,0,8,0,fragrancedb
118.13199999999998,-0.06970000000000004,3,1,46.53,2,0,8,0,fragrancedb
144.21399999999997,1.8416000000000001,2,0,26.3,3,0,10,0,fragrancedb
144.21399999999997,1.9857,2,0,26.3,4,0,10,0,fragrancedb
100.16099999999999,1.6215,1,0,17.07,3,0,7,0,fragrancedb
102.133,0.1577,2,1,29.46,1,0,7,1,fragrancedb
98.10099999999998,0.7719,2,1,33.370000000000005,1,1,7,1,fragrancedb
96.08499999999998,1.0920999999999998,2,0,30.21,1,1,7,1,fragrancedb
114.169,1.7093999999999998,2,1,13.14,1,1,7,1,fragrancedb
112.15299999999998,1.5605999999999998,2,0,17.07,1,1,7,1,fragrancedb
150.22099999999998,2.6897000000000015,1,1,20.23,0,1,11,1,fragrancedb
120.19499999999995,2.8100000000000014,0,0,0.0,1,1,9,1,fragrancedb
118.17899999999996,2.7197000000000005,0,0,0.0,1,1,9,1,fragrancedb
122.16699999999996,1.7399,1,1,20.23,1,1,9,1,fragrancedb
120.15099999999995,1.8892,1,0,17.07,1,1,9,1,fragrancedb
152.23699999999997,2.2797,1,1,20.23,1,0,11,1,fragrancedb
150.22099999999998,2.4879000000000007,1,0,17.07,1,0,11,1,fragrancedb
152.149,1.1788,3,1,46.53,1,1,11,1,fragrancedb
136.23799999999997,3.1648000000000023,0,0,0.0,1,0,10,1,fragrancedb
136.238,3.308900000000002,0,0,0.0,1,0,10,1,fragrancedb
134.22199999999998,3.118420000000002,0,0,0.0,1,1,10,1,fragrancedb
136.19399999999996,2.5156000000000014,1,1,20.23,1,1,10,1,fragrancedb
137.138,1.90322,2,0,43.14,1,1,10,1,fragrancedb
150.17699999999996,1.8978,2,0,26.3,2,1,11,1,fragrancedb
106.16799999999996,2.2490000000000006,0,0,0.0,1,1,8,1,fragrancedb
104.15199999999997,2.3296,0,0,0.0,1,1,8,1,fragrancedb
103.12399999999998,1.5582799999999999,1,0,23.79,0,1,8,1,fragrancedb
107.15599999999998,1.7283,1,1,12.03,1,1,8,1,fragrancedb
108.13999999999997,1.6952,1,0,9.23,1,1,8,1,fragrancedb
107.15599999999998,1.644,1,0,12.89,1,1,8,1,fragrancedb
122.16699999999997,2.0036199999999997,1,0,9.23,1,1,9,1,fragrancedb
150.177,1.4021,2,0,26.3,2,1,11,1,fragrancedb
170.21099999999998,3.478900000000001,1,0,9.23,2,2,13,2,fragrancedb
204.313,3.642600000000003,1,1,20.23,6,1,15,1,fragrancedb
164.204,1.7922,2,0,26.3,3,1,12,1,fragrancedb
177.203,1.6041999999999998,2,1,46.17,3,1,13,1,fragrancedb
210.27599999999998,3.0409000000000015,1,0,17.07,4,2,16,2,fragrancedb
256.301,2.9811000000000014,3,0,35.53,5,2,19,2,fragrancedb
206.285,2.8184000000000013,2,0,26.3,5,1,15,1,fragrancedb
240.302,3.0150000000000015,2,0,26.3,5,2,18,2,fragrancedb
162.27599999999995,3.373800000000002,0,0,0.0,3,1,12,1,fragrancedb
172.26799999999997,2.765900000000001,2,0,26.3,6,0,12,0,fragrancedb
370.5740000000002,6.066000000000007,4,0,52.60000000000001,17,0,26,0,fragrancedb
164.204,1.7921999999999998,2,0,26.3,3,1,12,1,fragrancedb
162.188,1.8728,2,0,26.3,2,1,12,1,fragrancedb
178.231,2.3858000000000006,2,0,26.3,3,1,13,1,fragrancedb
176.215,2.2629,2,0,26.3,3,1,13,1,fragrancedb
178.231,2.5299000000000005,2,0,26.3,4,1,13,1,fragrancedb
192.258,2.775900000000001,2,0,26.3,4,1,14,1,fragrancedb
238.286,3.443200000000002,2,0,26.3,4,2,18,2,fragrancedb
164.204,1.7922,2,0,26.3,3,1,12,1,fragrancedb
192.258,2.4283,2,0,26.3,4,1,14,1,fragrancedb
192.258,2.572400000000001,2,0,26.3,5,1,14,1,fragrancedb
252.31300000000002,3.4857000000000022,2,0,26.3,5,2,19,2,fragrancedb
176.215,2.2629,2,0,26.3,3,1,13,1,fragrancedb
206.285,2.8184000000000013,2,0,26.3,5,1,15,1,fragrancedb
204.269,2.899000000000002,2,0,26.3,4,1,15,1,fragrancedb
121.13899999999997,1.2548999999999997,1,1,29.1,2,1,9,1,fragrancedb
134.17799999999997,1.8181,1,0,17.07,2,1,10,1,fragrancedb
180.203,1.7583,3,0,35.53,3,1,13,1,fragrancedb
150.22099999999995,2.6477000000000004,1,0,9.23,3,1,11,1,fragrancedb
148.20499999999996,2.728300000000001,1,0,9.23,2,1,11,1,fragrancedb
142.19799999999998,1.8822,2,0,26.3,3,0,10,1,fragrancedb
134.22199999999998,3.0292000000000012,0,0,0.0,3,1,10,1,fragrancedb
134.17799999999997,1.8181,1,0,17.07,3,1,10,1,fragrancedb
136.14999999999998,1.3596,2,0,26.3,3,1,10,1,fragrancedb
156.225,2.2723000000000004,2,0,26.3,4,0,11,1,fragrancedb
150.177,1.4021,2,0,26.3,4,1,11,1,fragrancedb
162.18799999999996,1.8728,2,0,26.3,4,1,12,1,fragrancedb
184.27899999999997,3.052500000000002,2,0,26.3,6,0,13,1,fragrancedb
130.231,2.1951000000000005,1,1,20.23,5,0,9,0,fragrancedb
120.15099999999998,1.80752,1,0,17.07,1,1,9,1,fragrancedb
122.16699999999999,2.0036199999999997,1,0,9.23,1,1,9,1,fragrancedb
134.22199999999998,2.811400000000001,0,0,0.0,2,1,10,1,fragrancedb
138.166,1.1874999999999998,2,1,29.46,2,1,10,1,fragrancedb
128.171,1.4921,2,0,26.3,2,0,9,1,fragrancedb
102.133,0.9595,2,0,26.3,2,0,7,0,fragrancedb
116.15999999999998,1.3479999999999999,2,0,26.3,2,0,8,0,fragrancedb
160.16899999999998,0.5027,4,0,52.60000000000001,4,0,11,0,fragrancedb
116.15999999999998,1.3496000000000001,2,0,26.3,3,0,8,0,fragrancedb
118.176,1.4054,2,0,18.46,4,0,8,0,fragrancedb
118.13199999999999,1.1794,3,0,35.53,2,0,8,0,fragrancedb
130.18699999999998,1.7397,2,0,26.3,4,0,9,0,fragrancedb
122.16699999999997,2.0090399999999997,1,1,20.23,0,1,9,1,fragrancedb
144.21399999999997,1.9857,2,0,26.3,4,0,10,0,fragrancedb
172.26799999999997,2.765900000000001,2,0,26.3,6,0,12,0,fragrancedb
184.27899999999997,2.9320000000000013,2,0,26.3,7,0,13,0,fragrancedb
182.263,2.852100000000001,2,0,26.3,6,0,13,0,fragrancedb
196.29,3.242200000000002,2,0,26.3,5,0,14,0,fragrancedb
210.31699999999995,3.6323000000000025,2,0,26.3,6,0,15,0,fragrancedb
158.285,2.831200000000002,1,1,20.23,6,0,11,0,fragrancedb
154.253,2.9579000000000013,1,0,17.07,5,0,11,0,fragrancedb
158.24099999999999,2.375800000000001,2,0,26.3,5,0,11,0,fragrancedb
224.34399999999994,4.022400000000004,2,0,26.3,7,0,16,0,fragrancedb
158.24099999999999,2.5199000000000007,2,0,26.3,6,0,11,0,fragrancedb
172.26799999999997,2.910000000000001,2,0,26.3,7,0,12,0,fragrancedb
228.37599999999995,4.470400000000004,2,0,26.3,11,0,16,0,fragrancedb
114.18799999999999,2.1557000000000004,1,0,17.07,4,0,8,0,fragrancedb
116.15999999999998,1.3496000000000001,2,0,26.3,3,0,8,0,fragrancedb
106.16799999999999,2.30344,0,0,0.0,0,1,8,1,fragrancedb
146.142,0.11259999999999981,4,0,52.60000000000001,3,0,10,0,fragrancedb
134.175,-0.4977999999999999,3,3,60.69,5,0,9,0,fragrancedb
130.18699999999998,1.7397,2,0,26.3,4,0,9,0,fragrancedb
144.214,2.1298000000000004,2,0,26.3,5,0,10,0,fragrancedb
60.05200000000001,-0.2108000000000001,2,0,26.3,1,0,4,0,fragrancedb
172.268,2.1527000000000003,2,1,37.3,6,0,12,0,fragrancedb
86.178,2.442500000000001,0,0,0.0,2,0,6,0,fragrancedb
86.13399999999999,1.3755,1,0,17.07,2,0,6,0,fragrancedb
100.16099999999999,1.6215,1,0,17.07,2,0,7,0,fragrancedb
102.17699999999998,1.4133,1,1,20.23,2,0,7,0,fragrancedb
102.133,0.9579,2,0,26.3,1,0,7,0,fragrancedb
100.11699999999999,1.0831,2,0,26.3,1,0,7,0,fragrancedb
100.11699999999999,0.7119,2,0,26.3,0,0,7,1,fragrancedb
106.16799999999998,2.30344,0,0,0.0,0,1,8,1,fragrancedb
130.18699999999998,1.5956000000000001,2,0,26.3,3,0,9,0,fragrancedb
120.19499999999998,2.611860000000001,0,0,0.0,0,1,9,1,fragrancedb
144.25799999999998,2.439500000000001,1,1,20.23,4,0,10,0,fragrancedb
142.242,2.6477000000000013,1,0,17.07,4,0,10,0,fragrancedb
98.18900000000001,2.5866000000000007,0,0,0.0,0,0,7,1,fragrancedb
100.161,1.3114,1,1,20.23,0,0,7,1,fragrancedb
98.145,1.5196,1,0,17.07,0,0,7,1,fragrancedb
93.129,1.39002,1,0,12.89,0,1,7,1,fragrancedb
94.11699999999999,0.7850199999999999,2,0,25.78,0,1,7,1,fragrancedb
158.24099999999999,2.375800000000001,2,0,26.3,5,0,11,0,fragrancedb
144.21399999999997,2.1298000000000004,2,0,26.3,5,0,10,0,fragrancedb
98.145,1.5415999999999999,1,0,17.07,3,0,7,0,fragrancedb
102.13299999999998,0.9595,2,0,26.3,2,0,7,0,fragrancedb
72.151,2.1965000000000003,0,0,0.0,2,0,5,0,fragrancedb
108.23100000000001,1.2361,2,2,0.0,2,0,5,0,fragrancedb
74.07900000000001,0.17930000000000001,2,0,26.3,2,0,5,0,fragrancedb
84.14299999999999,1.7480999999999998,1,0,0.0,0,1,5,1,fragrancedb
114.18799999999999,2.0116,1,0,17.07,3,0,8,0,fragrancedb
116.15999999999998,1.2055,2,0,26.3,2,0,8,0,fragrancedb
270.45699999999994,5.639100000000005,2,0,26.3,13,0,19,0,fragrancedb
200.32199999999997,3.6902000000000026,2,0,26.3,9,0,14,0,fragrancedb
258.3579999999999,3.2334000000000023,4,0,52.60000000000001,11,0,18,0,fragrancedb
186.295,3.3001000000000023,2,0,26.3,8,0,13,0,fragrancedb
114.18799999999999,2.1557000000000004,1,0,17.07,4,0,8,0,fragrancedb
116.15999999999998,1.2055,2,0,26.3,4,0,8,0,fragrancedb
86.178,2.5866000000000007,0,0,0.0,3,0,6,0,fragrancedb
86.13399999999999,1.3755,1,0,17.07,3,0,6,0,fragrancedb
90.122,-0.24880000000000002,2,2,40.46,3,0,6,0,fragrancedb
88.10599999999998,0.5694,2,0,26.3,3,0,6,0,fragrancedb
84.162,2.3406000000000002,0,0,0.0,0,0,6,1,fragrancedb
82.146,2.1166,0,0,0.0,0,0,6,1,fragrancedb
158.24099999999999,2.5199000000000007,2,0,26.3,6,0,11,0,fragrancedb
154.20899999999997,1.7431,2,0,26.3,3,0,11,0,fragrancedb
128.21499999999997,2.5458000000000007,1,0,17.07,5,0,9,0,fragrancedb
102.17699999999999,1.559,1,1,20.23,4,0,7,0,fragrancedb
98.145,1.111,1,1,20.23,2,0,7,0,fragrancedb
118.24499999999999,2.4965000000000015,1,1,0.0,4,0,7,0,fragrancedb
104.149,0.40530000000000005,2,1,29.46,4,0,7,0,fragrancedb
312.538,6.811000000000008,2,0,26.3,17,0,22,0,fragrancedb
112.216,3.142800000000002,0,0,0.0,5,0,8,0,fragrancedb
116.204,1.9491,1,1,20.23,5,0,8,0,fragrancedb
114.18799999999999,2.1557000000000004,1,0,17.07,5,0,8,0,fragrancedb
118.17599999999999,0.7953999999999999,2,1,29.46,5,0,8,0,fragrancedb
120.148,-0.3583,3,1,38.69,5,0,8,0,fragrancedb
170.25199999999998,2.686000000000001,2,0,26.3,6,0,12,0,fragrancedb
168.236,2.1332000000000004,2,0,26.3,4,0,12,0,fragrancedb
198.30599999999995,3.4662000000000024,2,0,26.3,9,0,14,0,fragrancedb
214.34899999999996,4.080300000000003,2,0,26.3,10,0,15,0,fragrancedb
128.259,3.7569000000000026,0,0,0.0,6,0,9,0,fragrancedb
134.175,0.031799999999999884,3,1,38.69,6,0,9,0,fragrancedb
158.24099999999999,2.5199000000000007,2,0,26.3,6,0,11,0,fragrancedb
170.296,3.7161000000000026,1,0,17.07,8,0,12,0,fragrancedb
172.268,2.910000000000002,2,0,26.3,7,0,12,0,fragrancedb
200.32199999999997,3.6902000000000026,2,0,26.3,9,0,14,0,fragrancedb
144.214,2.1298000000000004,2,0,26.3,7,0,10,0,fragrancedb
158.285,3.119400000000002,1,1,20.23,8,0,11,0,fragrancedb
156.269,3.3260000000000023,1,0,17.07,8,0,11,0,fragrancedb
158.241,2.5199000000000007,2,0,26.3,8,0,11,0,fragrancedb
270.45699999999994,5.640700000000005,2,0,26.3,14,0,19,0,fragrancedb
170.33999999999997,4.9272000000000045,0,0,0.0,9,0,12,0,fragrancedb
168.32399999999998,4.703200000000004,0,0,0.0,9,0,12,0,fragrancedb
172.31199999999998,3.5095000000000023,1,1,20.23,9,0,12,0,fragrancedb
170.296,3.7161000000000026,1,0,17.07,9,0,12,0,fragrancedb
168.28,3.4921000000000024,1,0,17.07,9,0,12,0,fragrancedb
186.33899999999997,3.8996000000000035,1,1,20.23,10,0,13,0,fragrancedb
184.32299999999998,4.106200000000003,1,0,17.07,10,0,13,0,fragrancedb
298.51099999999997,6.420900000000007,2,0,26.3,16,0,21,0,fragrancedb
294.4789999999999,5.972900000000005,2,0,26.3,14,0,21,0,fragrancedb
228.37599999999995,4.470400000000004,2,0,26.3,11,0,16,0,fragrancedb
200.36599999999996,4.289700000000004,1,1,20.23,11,0,14,0,fragrancedb
214.39299999999994,4.679800000000005,1,1,20.23,12,0,15,0,fragrancedb
270.50099999999986,6.240200000000008,1,1,20.23,16,0,19,0,fragrancedb
282.5559999999999,8.048000000000007,0,0,0.0,17,0,20,0,fragrancedb
86.134,0.9433,1,1,20.23,1,0,6,0,fragrancedb
196.29,3.2406000000000024,2,0,26.3,5,0,14,0,fragrancedb
262.393,4.2668000000000035,2,0,26.3,1,0,19,2,fragrancedb
214.22,2.611400000000001,3,1,46.53,2,2,16,2,fragrancedb
228.24699999999999,2.7492000000000014,3,1,46.53,3,2,17,2,fragrancedb
250.338,3.7654000000000036,3,1,46.53,7,1,18,1,fragrancedb
166.176,1.5688999999999997,3,1,46.53,2,1,12,1,fragrancedb
126.11099999999996,0.6538199999999998,3,1,50.44,0,1,9,1,fragrancedb
136.14999999999998,1.5948,2,1,37.3,1,1,10,1,fragrancedb
212.248,2.6029000000000004,2,1,37.3,3,2,16,2,fragrancedb
166.17599999999996,1.5163,3,0,35.53,3,1,12,1,fragrancedb
150.13299999999998,1.2278,3,0,35.53,1,1,11,2,fragrancedb
84.118,1.1295,1,0,17.07,0,0,6,1,fragrancedb
166.176,1.6034,3,1,46.53,3,1,12,1,fragrancedb
192.214,1.6895999999999998,3,0,38.83,3,1,14,2,fragrancedb
166.17599999999996,1.4818,3,0,35.53,2,1,12,1,fragrancedb
134.178,2.1976199999999997,1,0,17.07,1,1,10,1,fragrancedb
194.18599999999995,1.2597999999999998,4,0,52.60000000000001,2,1,14,1,fragrancedb
241.29,2.6683000000000003,3,1,52.32,4,2,18,2,fragrancedb
151.16499999999996,1.0554,3,1,52.32,1,1,11,1,fragrancedb
134.22199999999998,2.811400000000001,0,0,0.0,2,1,10,1,fragrancedb
178.231,2.6435000000000013,2,0,26.3,4,1,13,1,fragrancedb
88.14999999999999,1.0248,1,1,20.23,2,0,6,0,fragrancedb
146.18599999999998,0.7104999999999999,3,1,46.53,4,0,10,0,fragrancedb
154.25300000000001,2.5037000000000016,1,1,20.23,1,0,11,1,fragrancedb
260.28599999999994,1.2146,6,0,78.9,8,0,18,0,fragrancedb
150.177,1.7496999999999998,2,0,26.3,2,1,11,1,fragrancedb
206.285,2.8184000000000013,2,0,26.3,5,1,15,1,fragrancedb
117.15099999999998,1.75268,1,0,23.79,1,1,9,1,fragrancedb
148.20499999999998,2.4237,1,0,9.23,3,1,11,1,fragrancedb
100.11699999999999,0.7355,2,0,26.3,2,0,7,0,fragrancedb
198.30599999999998,3.3221000000000016,2,0,26.3,7,0,14,0,fragrancedb
212.33299999999994,3.712200000000003,2,0,26.3,7,0,15,0,fragrancedb
226.35999999999996,4.102300000000004,2,0,26.3,8,0,16,0,fragrancedb
156.26899999999998,2.751300000000001,1,1,20.23,5,0,11,0,fragrancedb
152.237,2.878000000000001,1,0,17.07,4,0,11,0,fragrancedb
128.17099999999996,1.5157,2,0,26.3,4,0,9,0,fragrancedb
88.106,0.5694,2,0,26.3,1,0,6,0,fragrancedb
98.145,1.5416,1,0,17.07,1,0,7,0,fragrancedb
218.337,2.572700000000001,3,1,38.69,8,0,15,0,fragrancedb
134.22199999999998,2.811400000000001,0,0,0.0,2,1,10,1,fragrancedb
130.14299999999997,0.5286000000000001,3,0,43.370000000000005,3,0,9,0,fragrancedb
170.25199999999998,2.686000000000001,2,0,26.3,7,0,12,0,fragrancedb
222.37199999999999,4.396300000000004,1,1,20.23,7,0,16,0,fragrancedb
100.205,2.976700000000002,0,0,0.0,4,0,7,0,fragrancedb
96.12899999999999,1.3176,1,0,17.07,2,0,7,0,fragrancedb
298.51099999999997,6.419300000000007,2,0,26.3,15,0,21,0,fragrancedb
144.214,2.1298000000000004,2,0,26.3,5,0,10,0,fragrancedb
144.258,2.7293000000000016,1,1,20.23,7,0,10,0,fragrancedb
186.295,3.3001000000000023,2,0,26.3,8,0,13,0,fragrancedb
124.13899999999997,1.4008,2,1,29.46,1,1,9,1,fragrancedb
138.16599999999997,1.7038,2,0,18.46,2,1,10,1,fragrancedb
198.30599999999995,3.3221000000000016,2,0,26.3,6,0,14,0,fragrancedb
138.16599999999997,1.7038,2,0,18.46,2,1,10,1,fragrancedb
354.5750000000001,6.338000000000007,3,1,46.53,18,0,25,0,fragrancedb
128.17399999999995,2.7914000000000003,0,0,0.0,0,0,10,2,fragrancedb
96.173,2.1965000000000003,0,0,0.0,0,0,7,2,fragrancedb
124.255,2.0296,3,0,0.0,0,0,5,1,fragrancedb
194.18599999999998,1.4783999999999997,4,0,44.760000000000005,2,1,14,2,fragrancedb
121.13899999999997,1.2842,2,0,29.96,1,1,9,1,fragrancedb
126.199,2.3218000000000005,1,0,17.07,3,0,9,0,fragrancedb
152.237,2.711900000000001,1,0,17.07,1,0,11,1,fragrancedb
104.149,1.0169000000000001,2,0,18.46,4,0,7,0,fragrancedb
154.253,2.7441000000000013,1,0,9.23,1,0,11,2,fragrancedb
138.21,2.3218000000000005,1,0,17.07,0,0,10,1,fragrancedb
204.35699999999994,4.7252000000000045,0,0,0.0,1,0,15,2,fragrancedb
204.35699999999997,4.7252000000000045,0,0,0.0,1,0,15,2,fragrancedb
202.34099999999998,4.6319200000000045,0,0,0.0,1,1,15,2,fragrancedb
198.30899999999997,4.580040000000003,0,0,0.0,1,2,15,2,fragrancedb
222.23999999999995,2.1609999999999996,4,0,36.92,4,1,16,2,fragrancedb
208.25699999999995,2.4409,3,0,27.69,5,1,15,1,fragrancedb
164.248,3.022100000000002,1,0,17.07,3,0,12,1,fragrancedb
134.22199999999998,2.920280000000001,0,0,0.0,0,1,10,1,fragrancedb
154.25300000000001,2.359600000000001,1,1,20.23,1,0,11,1,fragrancedb
148.20499999999998,2.6694000000000013,1,0,17.07,3,1,11,1,fragrancedb
84.11799999999998,1.1515,1,0,17.07,1,0,6,0,fragrancedb
96.085,1.0920999999999998,2,0,30.21,1,1,7,1,fragrancedb
150.22099999999998,2.8240200000000013,1,1,20.23,1,1,11,1,fragrancedb
107.11199999999997,0.8940999999999999,2,0,29.96,1,1,8,1,fragrancedb
204.35699999999997,5.201500000000005,0,0,0.0,7,0,15,0,fragrancedb
268.48499999999996,6.014500000000006,1,0,17.07,12,0,19,0,fragrancedb
282.51199999999994,6.836900000000007,1,0,17.07,16,0,20,0,fragrancedb
106.19,0.7318,2,1,20.23,3,0,6,0,fragrancedb
296.539,6.362500000000008,1,1,20.23,13,0,21,0,fragrancedb
98.14499999999998,1.5416,1,0,17.07,3,0,7,0,fragrancedb
204.35699999999997,4.7252000000000045,0,0,0.0,3,0,15,2,fragrancedb
168.23599999999996,2.4517000000000007,2,0,18.46,1,0,12,3,fragrancedb
154.253,2.0494,1,1,20.23,1,0,11,2,fragrancedb
82.146,2.1386000000000003,0,0,0.0,1,0,6,0,fragrancedb
152.237,1.9710999999999999,1,1,20.23,1,0,11,3,fragrancedb
204.35699999999997,4.747200000000005,0,0,0.0,3,0,15,1,fragrancedb
222.37199999999999,4.230200000000004,1,1,20.23,4,0,16,1,fragrancedb
120.19499999999996,2.611860000000001,0,0,0.0,0,1,9,1,fragrancedb
134.22199999999998,3.118420000000002,0,0,0.0,1,1,10,1,fragrancedb
122.211,2.752700000000001,0,0,0.0,0,0,9,2,fragrancedb
120.15099999999998,1.80752,1,0,17.07,1,1,9,1,fragrancedb
176.17099999999996,1.8015999999999996,3,0,39.44,1,2,13,2,fragrancedb
82.102,1.58802,1,0,13.14,0,1,6,1,fragrancedb
152.237,2.2813000000000003,1,1,20.23,2,0,11,1,fragrancedb
122.16699999999996,1.8330000000000002,1,0,9.23,2,1,9,1,fragrancedb
130.18699999999998,1.7397,2,0,26.3,4,0,9,0,fragrancedb
144.17,0.9187,3,0,43.370000000000005,4,0,10,0,fragrancedb
144.21399999999997,1.9857,2,0,26.3,4,0,10,0,fragrancedb
186.29499999999993,3.3001000000000023,2,0,26.3,8,0,13,0,fragrancedb
158.24099999999996,2.5199000000000007,2,0,26.3,6,0,11,0,fragrancedb
130.18699999999998,1.5956000000000001,2,0,26.3,3,0,9,0,fragrancedb
94.204,0.8459999999999999,2,2,0.0,1,0,4,0,fragrancedb
114.23199999999999,3.0786000000000016,0,0,0.0,1,0,8,0,fragrancedb
113.185,1.7599400000000003,2,0,12.89,0,1,7,1,fragrancedb
102.13299999999998,0.8154,2,0,26.3,3,0,7,0,fragrancedb
116.20399999999998,1.9475000000000002,1,1,20.23,4,0,8,0,fragrancedb
100.161,1.335,1,1,20.23,3,0,7,0,fragrancedb
92.14099999999998,2.0587,0,0,0.0,0,0,7,1,fragrancedb
226.44799999999992,6.487600000000007,0,0,0.0,13,0,16,0,fragrancedb
152.237,2.2576,1,0,17.07,1,0,11,2,fragrancedb
152.237,2.2576,1,0,17.07,0,0,11,3,fragrancedb
102.13299999999998,0.8154,2,0,26.3,1,0,7,0,fragrancedb
135.16599999999994,1.4714,2,1,43.09,1,1,10,1,fragrancedb
88.106,0.5694,2,0,26.3,1,0,6,0,fragrancedb
98.17000000000002,2.05652,1,0,0.0,0,1,6,1,fragrancedb
136.23800000000003,2.9987000000000013,0,0,0.0,0,0,10,2,fragrancedb
136.238,3.1648000000000023,0,0,0.0,1,0,10,1,fragrancedb
116.15999999999998,1.2055,2,0,26.3,2,0,8,0,fragrancedb
73.12,0.8304799999999999,2,0,23.79,0,0,4,0,fragrancedb
86.134,0.9449000000000001,1,1,20.23,1,0,6,0,fragrancedb
138.20999999999998,2.4879000000000007,1,0,17.07,5,0,10,0,fragrancedb
154.25300000000001,2.5037000000000016,1,1,20.23,1,0,11,1,fragrancedb
114.23199999999999,3.2227000000000023,0,0,0.0,3,0,8,0,fragrancedb
84.16199999999999,2.3626000000000005,0,0,0.0,0,0,6,0,fragrancedb
86.13399999999999,1.2314,1,0,17.07,1,0,6,0,fragrancedb
102.17699999999998,1.4133,1,1,20.23,2,0,7,0,fragrancedb
100.16099999999999,1.6215,1,0,17.07,2,0,7,0,fragrancedb
122.16699999999996,2.00904,1,1,20.23,0,1,9,1,fragrancedb
148.16099999999997,1.4583000000000002,2,0,34.14,2,1,11,1,fragrancedb
156.22799999999998,3.456640000000002,0,0,0.0,0,2,12,2,fragrancedb
112.172,1.7656,1,0,17.07,0,0,8,1,fragrancedb
88.14999999999999,1.1673,1,1,20.23,2,0,6,0,fragrancedb
136.238,3.453000000000002,0,0,0.0,0,0,10,1,fragrancedb
154.25300000000001,2.647800000000001,1,1,20.23,0,0,11,1,fragrancedb
154.253,2.5037000000000016,1,1,20.23,1,0,11,1,fragrancedb
102.17699999999999,1.4149,1,1,20.23,3,0,7,0,fragrancedb
100.16099999999999,1.7656,1,0,17.07,3,0,7,0,fragrancedb
116.204,1.9475000000000002,1,1,20.23,4,0,8,0,fragrancedb
158.24099999999999,2.2317,2,0,26.3,4,0,11,0,fragrancedb
130.231,2.3376000000000006,1,1,20.23,5,0,9,0,fragrancedb
200.32199999999995,3.6902000000000026,2,0,26.3,9,0,14,0,fragrancedb
114.23199999999999,3.2227000000000023,0,0,0.0,4,0,8,0,fragrancedb
116.20399999999998,1.9475000000000002,1,1,20.23,4,0,8,0,fragrancedb
112.172,1.7656,1,0,17.07,0,0,8,1,fragrancedb
130.231,2.3376000000000006,1,1,20.23,5,0,9,0,fragrancedb
130.18699999999998,1.7397,2,0,26.3,4,0,9,0,fragrancedb
86.13399999999999,1.2314,1,0,17.07,2,0,6,0,fragrancedb
98.101,0.8371,2,0,26.3,0,0,7,1,fragrancedb
112.172,1.7656,1,0,17.07,0,0,8,1,fragrancedb
136.14999999999998,1.5076999999999998,2,0,26.3,2,1,10,1,fragrancedb
100.20499999999998,2.832600000000001,0,0,0.0,3,0,7,0,fragrancedb
100.16099999999999,1.7656,1,0,17.07,3,0,7,0,fragrancedb
84.16199999999999,2.3626000000000005,0,0,0.0,3,0,6,0,fragrancedb
98.189,2.752700000000001,0,0,0.0,4,0,7,0,fragrancedb
115.201,1.8893,2,0,12.36,3,0,7,0,fragrancedb
102.13299999999998,0.9595,2,0,26.3,4,0,7,0,fragrancedb
198.34999999999997,4.496300000000004,1,0,17.07,10,0,14,0,fragrancedb
254.5019999999999,7.267800000000007,0,0,0.0,15,0,18,0,fragrancedb
88.14999999999999,1.0231999999999999,1,1,20.23,1,0,6,0,fragrancedb
100.11699999999999,0.5545,2,0,34.14,2,0,7,0,fragrancedb
131.17799999999997,2.1783,1,0,4.93,0,2,10,2,fragrancedb
126.11099999999998,1.0661999999999998,3,0,39.44,1,1,9,1,fragrancedb
120.19499999999996,2.5574200000000005,0,0,0.0,1,1,9,1,fragrancedb
140.13799999999998,1.4563,3,0,39.44,2,1,10,1,fragrancedb
86.134,0.9433,1,1,20.23,2,0,6,0,fragrancedb
196.202,1.5774999999999997,4,1,55.760000000000005,3,1,14,1,fragrancedb
116.11599999999999,0.13849999999999996,3,0,43.370000000000005,2,0,8,0,fragrancedb
136.19399999999996,1.9140000000000001,1,1,20.23,1,1,10,1,fragrancedb
154.25299999999996,2.3596000000000004,1,1,20.23,1,0,11,1,fragrancedb
110.112,1.40052,2,0,30.21,1,1,8,1,fragrancedb
120.19499999999996,2.5574200000000005,0,0,0.0,1,1,9,1,fragrancedb
120.15099999999997,1.80752,1,0,17.07,1,1,9,1,fragrancedb
142.19799999999998,1.8821999999999999,2,0,26.3,1,0,10,1,fragrancedb
120.19499999999996,2.5574200000000005,0,0,0.0,1,1,9,1,fragrancedb
140.13799999999998,1.3427,3,0,39.44,2,1,10,1,fragrancedb
122.12299999999996,1.4917,2,0,30.21,2,1,9,1,fragrancedb
98.14499999999998,1.5416,1,0,17.07,2,0,7,0,fragrancedb
102.17699999999999,1.5574,1,1,20.23,3,0,7,0,fragrancedb
102.13299999999998,0.9595,2,0,26.3,2,0,7,0,fragrancedb
100.11699999999999,0.7355,2,0,26.3,1,0,7,0,fragrancedb
114.18799999999999,2.0116,1,0,17.07,3,0,8,0,fragrancedb
114.14399999999998,1.1256000000000002,2,0,26.3,2,0,8,0,fragrancedb
172.17999999999995,0.6688,4,0,52.60000000000001,4,0,12,0,fragrancedb
156.26899999999998,3.3260000000000023,1,0,17.07,7,0,11,0,fragrancedb
116.15999999999998,1.3496000000000001,2,0,26.3,3,0,8,0,fragrancedb
130.18699999999998,1.5956000000000001,2,0,26.3,3,0,9,0,fragrancedb
128.21499999999997,2.401700000000001,1,0,17.07,4,0,9,0,fragrancedb
76.164,1.3693,1,0,0.0,1,0,4,0,fragrancedb
94.20400000000001,1.6274,2,0,0.0,1,0,4,0,fragrancedb
86.134,0.9433,1,1,20.23,2,0,6,0,fragrancedb
84.118,1.1515,1,0,17.07,1,0,6,0,fragrancedb
130.18699999999998,1.7381,2,0,26.3,3,0,9,0,fragrancedb
158.24099999999996,2.5199000000000007,2,0,26.3,6,0,11,0,fragrancedb
172.26799999999994,2.910000000000001,2,0,26.3,7,0,12,0,fragrancedb
102.17699999999999,1.4149,1,1,20.23,3,0,7,0,fragrancedb
102.17699999999998,1.5574,1,1,20.23,3,0,7,0,fragrancedb
214.34899999999996,4.080300000000003,2,0,26.3,10,0,15,0,fragrancedb
174.196,0.8927999999999998,4,0,52.60000000000001,5,0,12,0,fragrancedb
130.18699999999998,1.7397,2,0,26.3,4,0,9,0,fragrancedb
284.484,6.030800000000006,2,0,26.3,15,0,20,0,fragrancedb
144.258,2.727700000000002,1,1,20.23,6,0,10,0,fragrancedb
184.36699999999996,5.317300000000005,0,0,0.0,10,0,13,0,fragrancedb
198.39399999999995,5.707400000000006,0,0,0.0,11,0,14,0,fragrancedb
212.42099999999994,6.097500000000006,0,0,0.0,12,0,15,0,fragrancedb
284.4839999999999,6.030800000000006,2,0,26.3,15,0,20,0,fragrancedb
224.43199999999993,6.2636000000000065,0,0,0.0,13,0,16,0,fragrancedb
228.41999999999993,5.069900000000006,1,1,20.23,13,0,16,0,fragrancedb
240.4749999999999,6.877700000000007,0,0,0.0,14,0,17,0,fragrancedb
268.5289999999999,7.657900000000008,0,0,0.0,16,0,19,0,fragrancedb
296.58299999999997,8.438100000000006,0,0,0.0,18,0,21,0,fragrancedb
310.61,8.828200000000002,0,0,0.0,19,0,22,0,fragrancedb
352.69100000000014,9.998499999999995,0,0,0.0,22,0,25,0,fragrancedb
168.19199999999995,1.7123999999999995,3,0,27.69,3,1,12,1,fragrancedb
144.17,0.7284999999999999,3,0,35.53,2,0,10,1,fragrancedb
134.17799999999997,2.3382000000000005,1,0,9.23,2,1,10,1,fragrancedb
116.15999999999998,1.3479999999999999,2,0,26.3,2,0,8,0,fragrancedb
116.15999999999998,1.3496,2,0,26.3,5,0,8,0,fragrancedb
256.4299999999999,5.250600000000005,2,0,26.3,13,0,18,0,fragrancedb
324.63700000000006,9.218300000000001,0,0,0.0,20,0,23,0,fragrancedb
136.19399999999996,2.344700000000001,1,1,20.23,2,1,10,1,fragrancedb
130.18699999999995,1.5956000000000001,2,0,26.3,3,0,9,0,fragrancedb
136.19399999999996,2.344700000000001,1,1,20.23,2,1,10,1,fragrancedb
338.6640000000001,9.608399999999998,0,0,0.0,21,0,24,0,fragrancedb
172.26799999999997,2.6218000000000012,2,0,26.3,5,0,12,0,fragrancedb
136.23799999999997,3.4750000000000023,0,0,0.0,2,0,10,0,fragrancedb
212.33299999999994,3.8563000000000036,2,0,26.3,10,0,15,0,fragrancedb
156.269,3.3260000000000023,1,0,17.07,7,0,11,0,fragrancedb
99.158,1.45152,2,0,12.89,0,1,6,1,fragrancedb
114.14399999999999,1.1019999999999999,2,0,26.3,1,0,8,1,fragrancedb
142.198,1.8822,2,0,26.3,2,0,10,1,fragrancedb
170.25199999999998,2.6624000000000008,2,0,26.3,4,0,12,1,fragrancedb
170.25199999999998,2.6624000000000008,2,0,26.3,5,0,12,1,fragrancedb
198.30599999999995,3.4426000000000023,2,0,26.3,6,0,14,1,fragrancedb
84.16199999999999,2.3626000000000005,0,0,0.0,2,0,6,0,fragrancedb
86.134,0.9448999999999999,1,1,20.23,2,0,6,0,fragrancedb
98.145,1.5416,1,0,17.07,2,0,7,0,fragrancedb
84.118,1.1515,1,0,17.07,2,0,6,0,fragrancedb
138.20999999999998,2.4659000000000004,1,0,17.07,2,0,10,1,fragrancedb
84.118,1.1515,1,0,17.07,1,0,6,0,fragrancedb
86.13399999999999,0.9448999999999999,1,1,20.23,3,0,6,0,fragrancedb
142.242,2.935900000000001,1,0,17.07,6,0,10,0,fragrancedb
154.297,4.313100000000004,0,0,0.0,8,0,11,0,fragrancedb
154.253,2.3376000000000006,1,1,20.23,0,0,11,2,fragrancedb
174.287,4.280100000000004,0,0,0.0,5,1,13,1,fragrancedb
116.15999999999998,1.2055,2,0,26.3,2,0,8,0,fragrancedb
140.26999999999998,3.9230000000000036,0,0,0.0,7,0,10,0,fragrancedb
128.25899999999996,3.324600000000002,0,0,0.0,3,0,9,0,fragrancedb
128.259,3.468700000000003,0,0,0.0,4,0,9,0,fragrancedb
114.14399999999999,1.1256000000000002,2,0,26.3,1,0,8,0,fragrancedb
170.29599999999996,3.7161000000000026,1,0,17.07,8,0,12,0,fragrancedb
128.21499999999997,2.401700000000001,1,0,17.07,4,0,9,0,fragrancedb
156.26899999999998,3.3260000000000023,1,0,17.07,7,0,11,0,fragrancedb
100.16099999999999,1.335,1,1,20.23,3,0,7,0,fragrancedb
82.10199999999999,1.58802,1,0,13.14,0,1,6,1,fragrancedb
96.129,1.2956,1,0,17.07,0,0,7,1,fragrancedb
151.18999999999997,1.5895999999999997,2,1,32.86,0,2,10,2,fragrancedb
148.20499999999996,2.451600000000001,1,0,17.07,2,1,11,1,fragrancedb
164.204,2.2518000000000002,2,0,26.3,2,1,12,1,fragrancedb
109.12799999999997,1.2173,1,1,32.86,1,1,8,1,fragrancedb
164.24799999999996,3.1270200000000017,1,0,9.23,2,1,12,1,fragrancedb
228.37599999999992,4.470400000000004,2,0,26.3,11,0,16,0,fragrancedb
160.169,0.5026999999999999,4,0,52.60000000000001,4,0,11,0,fragrancedb
158.285,3.117800000000002,1,1,20.23,7,0,11,0,fragrancedb
156.313,4.537100000000004,0,0,0.0,8,0,11,0,fragrancedb
196.37799999999996,5.483400000000006,0,0,0.0,11,0,14,0,fragrancedb
82.14599999999999,1.9725,0,0,0.0,0,0,6,1,fragrancedb
98.145,1.3755,1,0,17.07,0,0,7,1,fragrancedb
121.13899999999997,1.2842,2,0,29.96,1,1,9,1,fragrancedb
121.13899999999997,1.2842,2,0,29.96,1,1,9,1,fragrancedb
136.194,1.7824,1,1,20.23,2,1,10,1,fragrancedb
136.198,1.71028,2,0,25.78,0,1,10,1,fragrancedb
180.20299999999995,1.9063999999999997,3,0,35.53,3,1,13,1,fragrancedb
220.35599999999994,3.9364000000000035,1,0,12.53,0,0,16,3,fragrancedb
128.171,1.5157,2,0,26.3,2,0,9,0,fragrancedb
110.11199999999997,1.4822,2,0,30.21,1,1,8,1,fragrancedb
110.156,1.6857,1,0,17.07,0,0,8,1,fragrancedb
124.139,1.79062,2,0,30.21,1,1,9,1,fragrancedb
152.237,2.401700000000001,1,0,17.07,0,0,11,2,fragrancedb
150.221,2.22242,1,1,20.23,1,1,11,1,fragrancedb
183.271,2.0430999999999995,2,0,40.129999999999995,9,0,13,0,fragrancedb
136.238,2.9987000000000013,0,0,0.0,0,0,10,3,fragrancedb
204.357,4.581100000000004,0,0,0.0,1,0,15,2,fragrancedb
204.35699999999997,4.869300000000004,0,0,0.0,0,0,15,2,fragrancedb
118.13199999999998,-0.06970000000000004,3,1,46.53,2,0,8,0,fragrancedb
140.182,1.6818,2,0,26.3,3,0,10,0,fragrancedb
184.32299999999998,4.106200000000004,1,0,17.07,9,0,13,0,fragrancedb
254.50199999999992,7.1237000000000075,0,0,0.0,14,0,18,0,fragrancedb
212.42099999999996,5.9534000000000065,0,0,0.0,11,0,15,0,fragrancedb
86.134,0.9433,1,1,20.23,1,0,6,0,fragrancedb
86.134,0.9448999999999999,1,1,20.23,2,0,6,0,fragrancedb
108.231,1.6699,2,0,0.0,2,0,5,0,fragrancedb
84.118,1.1515,1,0,17.07,2,0,6,0,fragrancedb
98.14499999999998,1.5415999999999999,1,0,17.07,3,0,7,0,fragrancedb
154.253,2.1935000000000002,1,1,20.23,0,0,11,2,fragrancedb
172.312,3.5079000000000025,1,1,20.23,8,0,12,0,fragrancedb
126.19899999999997,2.3218000000000005,1,0,17.07,4,0,9,0,fragrancedb
140.26999999999998,3.7569000000000026,0,0,0.0,3,0,10,1,fragrancedb
70.091,0.5728,1,0,9.23,0,0,5,1,fragrancedb
142.198,1.9058,2,0,26.3,4,0,10,0,fragrancedb
142.286,4.147000000000004,0,0,0.0,7,0,10,0,fragrancedb
214.34899999999996,4.080300000000003,2,0,26.3,10,0,15,0,fragrancedb
172.268,2.910000000000001,2,0,26.3,7,0,12,0,fragrancedb
200.32199999999997,3.6902000000000026,2,0,26.3,9,0,14,0,fragrancedb
176.215,1.9583,2,0,26.3,4,1,13,1,fragrancedb
188.226,2.4290000000000003,2,0,26.3,4,1,14,1,fragrancedb
146.189,2.2888,1,0,17.07,2,1,11,1,fragrancedb
178.23100000000002,2.1822999999999997,2,0,26.3,4,1,13,1,fragrancedb
214.34899999999996,3.936200000000003,2,0,26.3,9,0,15,0,fragrancedb
192.258,3.0336000000000016,2,0,26.3,5,1,14,1,fragrancedb
208.257,2.7392000000000016,3,1,46.53,5,1,15,1,fragrancedb
128.17099999999996,1.5157,2,0,26.3,4,0,9,0,fragrancedb
194.23,2.3491000000000013,3,1,46.53,4,1,14,1,fragrancedb
172.22399999999996,1.6989,3,0,43.370000000000005,6,0,12,0,fragrancedb
150.221,2.4879000000000007,1,0,17.07,2,0,11,1,fragrancedb
182.263,2.684400000000001,2,0,26.3,3,0,13,1,fragrancedb
122.25799999999998,2.4076000000000004,2,0,0.0,3,0,6,0,fragrancedb
186.29499999999996,3.1560000000000015,2,0,26.3,7,0,13,0,fragrancedb
149.237,2.814300000000001,1,0,12.89,4,1,11,1,fragrancedb
198.30599999999995,3.4426000000000023,2,0,26.3,7,0,14,1,fragrancedb
158.24099999999999,2.518300000000001,2,0,26.3,5,0,11,0,fragrancedb
138.282,1.9973,3,0,0.0,0,0,6,0,fragrancedb
164.20399999999998,2.2534,2,0,26.3,3,1,12,1,fragrancedb
224.34399999999994,3.878300000000003,2,0,26.3,6,0,16,0,fragrancedb
172.268,2.765900000000001,2,0,26.3,6,0,12,0,fragrancedb
152.23699999999997,2.878000000000001,1,0,17.07,6,0,11,0,fragrancedb
126.19899999999997,2.3218000000000005,1,0,17.07,5,0,9,0,fragrancedb
168.28,2.5836000000000006,1,1,20.23,0,0,12,2,fragrancedb
140.18199999999996,1.6818,2,0,26.3,3,0,10,0,fragrancedb
140.226,2.401700000000001,1,0,17.07,0,0,10,1,fragrancedb
130.18699999999998,1.5956000000000001,2,0,26.3,3,0,9,0,fragrancedb
136.19399999999996,2.3174600000000005,1,1,20.23,0,1,10,1,fragrancedb
182.35099999999997,5.0933000000000055,0,0,0.0,10,0,13,0,fragrancedb
154.25300000000001,2.5037000000000007,1,1,20.23,1,0,11,1,fragrancedb
170.25199999999998,2.684400000000001,2,0,26.3,6,0,12,0,fragrancedb
172.26799999999997,2.6218000000000012,2,0,26.3,5,0,12,0,fragrancedb
140.22599999999997,2.711900000000001,1,0,17.07,6,0,10,0,fragrancedb
112.17199999999997,1.9317,1,0,17.07,4,0,8,0,fragrancedb
142.19799999999998,1.9058,2,0,26.3,4,0,10,0,fragrancedb
98.14499999999998,1.5415999999999999,1,0,17.07,2,0,7,0,fragrancedb
180.20299999999997,1.5322999999999998,3,1,46.53,3,1,13,1,fragrancedb
148.20499999999998,2.2081999999999997,1,0,17.07,3,1,11,1,fragrancedb
172.26799999999997,2.910000000000001,2,0,26.3,7,0,12,0,fragrancedb
196.28999999999994,3.076100000000002,2,0,26.3,5,0,14,1,fragrancedb
96.129,1.2956,1,0,17.07,0,0,7,1,fragrancedb
226.40399999999994,5.276500000000005,1,0,17.07,13,0,16,0,fragrancedb
166.21999999999997,2.353300000000001,2,1,29.46,3,1,12,1,fragrancedb
142.19799999999998,1.7617,2,0,26.3,4,0,10,0,fragrancedb
136.238,2.9987000000000013,0,0,0.0,1,0,10,2,fragrancedb
124.14299999999999,0.7936199999999999,3,0,35.010000000000005,1,1,9,1,fragrancedb
254.4579999999999,6.056700000000006,1,0,17.07,14,0,18,0,fragrancedb
110.11599999999999,0.48519999999999985,3,0,35.010000000000005,1,1,8,1,fragrancedb
100.117,0.36429999999999996,2,0,26.3,0,0,7,1,fragrancedb
96.12899999999998,1.842,1,0,13.14,1,1,7,1,fragrancedb
104.17399999999999,0.9383999999999999,2,0,17.07,3,0,6,0,fragrancedb
156.22499999999997,2.1298000000000004,2,0,26.3,2,0,11,1,fragrancedb
150.221,2.7841000000000014,1,0,9.23,3,1,11,1,fragrancedb
156.225,2.2723000000000004,2,0,26.3,3,0,11,1,fragrancedb
136.238,3.4750000000000023,0,0,0.0,3,0,10,0,fragrancedb
136.23799999999997,2.9987000000000013,0,0,0.0,1,0,10,2,fragrancedb
256.3859999999999,3.850900000000003,3,0,35.53,0,0,18,1,fragrancedb
128.21499999999997,2.1136000000000004,1,1,20.23,5,0,9,0,fragrancedb
144.25799999999998,2.4411000000000005,1,1,20.23,3,0,10,0,fragrancedb
132.20599999999996,2.8920000000000012,0,0,0.0,2,1,10,1,fragrancedb
206.24099999999999,2.1334999999999997,3,0,43.370000000000005,4,1,15,1,fragrancedb
126.27100000000002,2.2756,3,0,0.0,2,0,5,0,fragrancedb
138.20999999999998,3.0123000000000015,1,0,13.14,4,1,10,1,fragrancedb
194.31799999999998,4.048300000000003,1,0,17.07,6,0,14,0,fragrancedb
114.14399999999998,0.9446,2,0,34.14,3,0,8,0,fragrancedb
204.35699999999997,4.270900000000004,0,0,0.0,1,0,15,4,fragrancedb
154.253,3.102000000000002,1,0,17.07,7,0,11,0,fragrancedb
238.37099999999995,4.268400000000004,2,0,26.3,7,0,17,0,fragrancedb
182.17499999999995,1.1874,4,1,55.760000000000005,2,1,13,1,fragrancedb
130.231,2.3376000000000006,1,1,20.23,5,0,9,0,fragrancedb
70.09100000000001,0.7614000000000001,1,0,17.07,1,0,5,0,fragrancedb
184.27899999999997,3.076100000000002,2,0,26.3,8,0,13,0,fragrancedb
110.15599999999998,1.7077,1,0,17.07,3,0,8,0,fragrancedb
128.171,1.4921,2,0,26.3,2,0,9,1,fragrancedb
146.189,2.2888,1,0,17.07,2,1,11,1,fragrancedb
128.215,1.9491,1,1,20.23,2,0,9,1,fragrancedb
124.18299999999996,2.622200000000001,1,0,13.14,3,1,9,1,fragrancedb
82.14599999999999,2.1386000000000003,0,0,0.0,1,0,6,0,fragrancedb
128.21499999999997,2.1136000000000004,1,1,20.23,3,0,9,0,fragrancedb
142.19799999999998,1.7397,2,0,26.3,1,0,10,1,fragrancedb
218.33999999999995,3.904200000000003,1,0,17.07,1,0,16,2,fragrancedb
134.17799999999997,2.0615,1,0,17.07,2,1,10,1,fragrancedb
100.16099999999999,1.3334,1,1,20.23,3,0,7,0,fragrancedb
182.30700000000002,3.8822000000000028,1,0,17.07,9,0,13,0,fragrancedb
154.27799999999996,3.480800000000002,1,0,0.0,4,1,10,1,fragrancedb
114.18799999999997,1.7235,1,1,20.23,4,0,8,0,fragrancedb
140.13799999999998,0.9077999999999999,3,1,50.44,1,1,10,1,fragrancedb
270.45699999999994,5.496600000000005,2,0,26.3,13,0,19,0,fragrancedb
190.24200000000002,2.8096000000000014,2,0,26.3,3,1,14,1,fragrancedb
142.242,2.6477000000000013,1,0,17.07,3,0,10,0,fragrancedb
186.29499999999996,3.3001000000000023,2,0,26.3,8,0,13,0,fragrancedb
134.20000000000002,0.8694,3,1,26.3,3,0,8,0,fragrancedb
164.204,1.9137999999999997,2,1,37.3,3,1,12,1,fragrancedb
120.24199999999999,1.8123999999999998,2,0,0.0,0,0,6,1,fragrancedb
88.106,0.2218,2,0,26.3,2,0,6,0,fragrancedb
108.14399999999999,1.09344,2,0,25.78,0,1,8,1,fragrancedb
154.253,2.6698000000000013,1,1,20.23,4,0,11,0,fragrancedb
170.25199999999998,1.881,2,1,29.46,2,0,12,1,fragrancedb
136.238,3.308900000000002,0,0,0.0,1,0,10,1,fragrancedb
88.14999999999999,1.1673,1,1,20.23,2,0,6,0,fragrancedb
128.21499999999997,2.401700000000001,1,0,17.07,4,0,9,0,fragrancedb
184.32299999999998,4.106200000000004,1,0,17.07,9,0,13,0,fragrancedb
222.28400000000002,3.129300000000002,3,1,46.53,6,1,16,1,fragrancedb
200.32199999999995,3.6902000000000026,2,0,26.3,9,0,14,0,fragrancedb
114.14399999999998,1.1256000000000002,2,0,26.3,1,0,8,0,fragrancedb
138.20999999999995,2.4879000000000007,1,0,17.07,5,0,10,0,fragrancedb
204.35699999999997,5.0354000000000045,0,0,0.0,0,0,15,1,fragrancedb
238.45899999999992,6.653700000000007,0,0,0.0,14,0,17,0,fragrancedb
98.145,1.5416,1,0,17.07,3,0,7,0,fragrancedb
206.28500000000003,3.423700000000002,2,0,26.3,6,1,15,1,fragrancedb
88.14999999999999,1.4313,1,0,9.23,2,0,6,0,fragrancedb
206.285,3.310100000000002,2,0,26.3,6,1,15,1,fragrancedb
256.4299999999999,5.250600000000005,2,0,26.3,13,0,18,0,fragrancedb
144.17699999999996,1.93822,2,0,25.78,0,2,11,2,fragrancedb
170.25199999999995,2.686000000000001,2,0,26.3,6,0,12,0,fragrancedb
184.27899999999997,3.076100000000001,2,0,26.3,7,0,13,0,fragrancedb
198.30599999999995,3.4662000000000024,2,0,26.3,8,0,14,0,fragrancedb
130.18699999999998,1.5956000000000001,2,0,26.3,3,0,9,0,fragrancedb
216.27699999999993,2.0615,4,0,52.6,7,0,15,0,fragrancedb
177.20299999999997,1.6116,3,1,52.32,3,1,13,1,fragrancedb
192.21400000000003,1.7946,3,0,35.53,5,1,14,1,fragrancedb
190.19499999999996,-0.1363999999999998,5,1,72.83000000000001,5,0,13,0,fragrancedb
193.24599999999998,2.2257000000000002,3,1,52.32,4,1,14,1,fragrancedb
152.23699999999997,2.567800000000001,1,0,17.07,1,0,11,1,fragrancedb
190.24200000000002,2.6514000000000006,2,0,26.3,3,1,14,1,fragrancedb
236.35499999999993,4.188500000000004,2,0,26.3,6,0,17,0,fragrancedb
154.25299999999996,2.3596000000000004,1,1,20.23,1,0,11,1,fragrancedb
192.30199999999996,3.5141000000000027,1,0,17.07,2,0,14,1,fragrancedb
150.17699999999996,1.8978,2,0,26.3,3,1,11,1,fragrancedb
186.295,3.1560000000000015,2,0,26.3,7,0,13,0,fragrancedb
198.34999999999997,4.496300000000004,1,0,17.07,11,0,14,0,fragrancedb
128.21499999999997,2.401700000000001,1,0,17.07,4,0,9,0,fragrancedb
210.40499999999994,5.873500000000006,0,0,0.0,12,0,15,0,fragrancedb
136.19799999999998,1.65584,2,0,25.78,1,1,10,1,fragrancedb
136.238,2.9987000000000013,0,0,0.0,0,0,10,2,fragrancedb
204.35699999999997,4.7252000000000045,0,0,0.0,0,0,15,2,fragrancedb
108.14399999999998,1.039,2,0,25.78,1,1,8,1,fragrancedb
136.19799999999998,1.65584,2,0,25.78,1,1,10,1,fragrancedb
170.25199999999998,1.881,2,1,29.46,1,0,12,1,fragrancedb
122.17099999999999,1.4018599999999999,2,0,25.78,0,1,9,1,fragrancedb
192.302,3.6582000000000026,1,0,17.07,2,0,14,1,fragrancedb
222.37199999999999,4.230200000000005,1,1,20.23,4,0,16,1,fragrancedb
180.24699999999999,2.4384000000000006,2,0,26.3,0,0,13,2,fragrancedb
136.19799999999998,1.65584,2,0,25.78,1,1,10,1,fragrancedb
112.216,2.8546000000000014,0,0,0.0,3,0,8,0,fragrancedb
154.253,2.7677000000000014,1,0,9.23,1,0,11,1,fragrancedb
198.30599999999998,3.0103000000000018,2,0,26.3,2,0,14,1,fragrancedb
198.30599999999995,3.4646000000000026,2,0,26.3,8,0,14,0,fragrancedb
124.18299999999999,2.0978000000000003,1,0,17.07,2,0,9,0,fragrancedb
184.279,3.076100000000001,2,0,26.3,6,0,13,0,fragrancedb
228.332,2.371200000000001,3,1,46.53,3,0,16,1,fragrancedb
174.19899999999996,2.6079000000000008,2,0,26.3,1,1,13,2,fragrancedb
136.238,2.9987000000000013,0,0,0.0,0,0,10,2,fragrancedb
128.21499999999997,2.401700000000001,1,0,17.07,4,0,9,0,fragrancedb
150.22099999999998,2.1776999999999997,1,0,17.07,0,0,11,3,fragrancedb
128.21499999999997,2.1152,1,1,20.23,5,0,9,0,fragrancedb
204.35699999999997,4.869300000000004,0,0,0.0,0,0,15,2,fragrancedb
266.5129999999999,7.4339000000000075,0,0,0.0,16,0,19,0,fragrancedb
156.269,2.7497000000000016,1,1,20.23,5,0,11,0,fragrancedb
240.43099999999993,5.666600000000006,1,0,17.07,13,0,17,0,fragrancedb
170.252,2.686000000000001,2,0,26.3,6,0,12,0,fragrancedb
154.20899999999997,1.5807,2,0,34.14,0,0,11,1,fragrancedb
196.28999999999996,3.0981000000000014,2,0,26.3,5,0,14,0,fragrancedb
196.28999999999996,2.9304000000000014,2,0,26.3,2,0,14,1,fragrancedb
154.253,2.6714000000000016,1,1,20.23,6,0,11,0,fragrancedb
170.25199999999995,2.5199000000000007,2,0,26.3,3,0,12,1,fragrancedb
108.18399999999998,2.6948000000000008,0,0,0.0,3,0,8,0,fragrancedb
122.12699999999998,0.6791999999999999,3,0,42.85,1,1,9,1,fragrancedb
192.258,2.572400000000001,2,0,26.3,5,1,14,1,fragrancedb
194.23,1.9223999999999997,3,1,46.53,4,1,14,1,fragrancedb
164.204,2.1398,2,0,26.3,3,1,12,1,fragrancedb
204.269,2.899000000000002,2,0,26.3,4,1,15,1,fragrancedb
264.32399999999996,3.956400000000003,2,0,26.3,5,2,20,2,fragrancedb
178.23100000000002,2.1822999999999997,2,0,26.3,4,1,13,1,fragrancedb
178.23100000000002,2.1822999999999997,2,0,26.3,4,1,13,1,fragrancedb
136.14999999999998,1.6118999999999999,2,0,26.3,1,1,10,1,fragrancedb
164.20399999999998,1.8267,2,0,26.3,3,1,12,1,fragrancedb
136.194,1.6115000000000002,1,1,20.23,3,1,10,1,fragrancedb
138.166,1.0576999999999996,2,1,29.46,3,1,10,1,fragrancedb
128.21499999999997,2.401700000000001,1,0,17.07,5,0,9,0,fragrancedb
122.16699999999996,1.9545999999999997,1,1,20.23,1,1,9,1,fragrancedb
136.14999999999998,1.5076999999999998,2,0,26.3,2,1,10,1,fragrancedb
100.16099999999999,1.6215,1,0,17.07,3,0,7,0,fragrancedb
114.18799999999999,2.1557000000000004,1,0,17.07,4,0,8,0,fragrancedb
174.19599999999997,0.8927999999999999,4,0,52.60000000000001,5,0,12,0,fragrancedb
186.295,3.3001000000000023,2,0,26.3,8,0,13,0,fragrancedb
108.14399999999999,1.0934399999999997,2,0,25.78,0,1,8,1,fragrancedb
136.238,3.4750000000000023,0,0,0.0,4,0,10,0,fragrancedb
59.068000000000005,-0.6378000000000001,1,1,29.1,1,0,4,0,fragrancedb
116.15999999999998,0.7363999999999999,2,1,37.3,2,0,8,0,fragrancedb
88.14999999999999,1.0248,1,1,20.23,2,0,6,0,fragrancedb
144.21399999999997,2.1298000000000004,2,0,26.3,5,0,10,0,fragrancedb
156.22499999999997,2.2959000000000005,2,0,26.3,6,0,11,0,fragrancedb
252.3979999999999,4.780600000000004,2,0,26.3,0,0,18,1,fragrancedb
116.15999999999998,1.3496000000000001,2,0,26.3,3,0,8,0,fragrancedb
88.106,0.03320000000000001,2,0,18.46,0,0,6,1,fragrancedb
130.18699999999998,1.5956000000000001,2,0,26.3,3,0,9,0,fragrancedb
256.4299999999999,5.250600000000005,2,0,26.3,13,0,18,0,fragrancedb
242.40299999999993,4.8605000000000045,2,0,26.3,12,0,17,0,fragrancedb
126.243,3.5329000000000024,0,0,0.0,6,0,9,0,fragrancedb
142.242,2.935900000000001,1,0,17.07,7,0,10,0,fragrancedb
212.37699999999995,4.8864000000000045,1,0,17.07,12,0,15,0,fragrancedb
189.099,-5.252599999999998,7,1,140.61999999999998,5,0,13,0,fragrancedb
258.361,4.534500000000004,2,0,26.3,6,1,19,1,fragrancedb
165.834,3.0682,0,0,0.0,0,0,6,0,fragrancedb
220.35599999999997,4.295620000000003,1,1,20.23,0,1,16,1,fragrancedb
194.23000000000002,2.0186,3,0,35.53,5,1,14,1,fragrancedb
192.30199999999996,3.6582000000000026,1,0,17.07,2,0,14,1,fragrancedb
134.182,1.5263,2,0,25.78,0,1,10,2,fragrancedb
136.154,0.9876199999999999,3,0,42.85,1,1,10,1,fragrancedb
166.224,1.6837,3,0,35.010000000000005,3,1,12,1,fragrancedb
138.21,2.0116,1,0,17.07,0,0,10,3,fragrancedb
164.20399999999998,2.09004,2,0,26.3,1,1,12,1,fragrancedb
204.26900000000003,3.1997000000000018,2,0,26.3,5,1,15,1,fragrancedb
182.351,5.0933000000000055,0,0,0.0,9,0,13,0,fragrancedb
150.177,1.78162,2,0,26.3,1,1,11,1,fragrancedb
138.17,1.0475999999999999,3,0,35.010000000000005,2,1,10,1,fragrancedb
152.19699999999997,1.6086,3,0,35.010000000000005,2,1,11,1,fragrancedb
122.16699999999999,2.0036199999999997,1,0,9.23,1,1,9,1,fragrancedb
196.378,5.483400000000006,0,0,0.0,10,0,14,0,fragrancedb
214.39299999999997,4.678200000000005,1,1,20.23,11,0,15,0,fragrancedb
166.21999999999997,2.3725000000000005,2,0,30.21,4,1,12,1,fragrancedb
140.226,2.2813000000000003,1,1,20.23,5,0,10,0,fragrancedb
154.297,4.313100000000004,0,0,0.0,7,0,11,0,fragrancedb
122.17099999999998,1.6,2,0,25.78,1,1,9,1,fragrancedb
136.23799999999997,3.4750000000000023,0,0,0.0,3,0,10,0,fragrancedb
124.18299999999998,2.0978000000000003,1,0,17.07,3,0,9,0,fragrancedb
228.37599999999995,4.470400000000004,2,0,26.3,11,0,16,0,fragrancedb
198.30599999999998,3.1544000000000016,2,0,26.3,1,0,14,1,fragrancedb
184.279,2.9320000000000013,2,0,26.3,6,0,13,0,fragrancedb
154.25299999999996,2.8138000000000014,1,0,17.07,4,0,11,0,fragrancedb
100.16099999999999,1.1673,1,1,20.23,1,0,7,1,fragrancedb
104.17399999999999,0.8936999999999999,2,1,17.07,1,0,6,0,fragrancedb
198.30599999999995,3.4662000000000024,2,0,26.3,9,0,14,0,fragrancedb
168.23599999999996,2.4384000000000006,2,0,26.3,4,0,12,1,fragrancedb
128.215,2.1136000000000004,1,1,20.23,5,0,9,0,fragrancedb
168.27999999999997,3.4921000000000024,1,0,17.07,6,0,12,0,fragrancedb
204.269,2.738500000000001,2,0,26.3,4,1,15,1,fragrancedb
212.42099999999996,5.809300000000006,0,0,0.0,10,0,15,0,fragrancedb
140.226,2.2813000000000003,1,1,20.23,5,0,10,0,fragrancedb
158.24099999999996,2.518300000000001,2,0,26.3,5,0,11,0,fragrancedb
160.263,2.958120000000002,3,0,13.14,2,1,9,1,fragrancedb
170.25199999999998,2.686000000000001,2,0,26.3,6,0,12,0,fragrancedb
238.37099999999992,3.7905000000000033,2,0,26.3,3,0,17,2,fragrancedb
180.20299999999997,1.8719,3,0,35.53,3,1,13,1,fragrancedb
258.361,4.536100000000004,2,0,26.3,6,1,19,1,fragrancedb
178.231,2.824000000000002,2,1,29.46,3,1,13,1,fragrancedb
128.17099999999996,1.3347,2,0,34.14,4,0,9,0,fragrancedb
226.35999999999996,3.9582000000000033,2,0,26.3,7,0,16,0,fragrancedb
192.258,2.4283,2,0,26.3,4,1,14,1,fragrancedb
226.27499999999998,2.972500000000001,2,0,26.3,4,2,17,2,fragrancedb
272.38800000000003,4.465000000000004,2,0,26.3,7,1,20,1,fragrancedb
208.257,2.2646000000000006,3,0,35.53,5,1,15,1,fragrancedb
178.231,2.2168,2,0,26.3,4,1,13,1,fragrancedb
270.36899999999997,3.377500000000002,4,0,52.6,0,0,19,1,fragrancedb
256.4299999999999,5.250600000000005,2,0,26.3,13,0,18,0,fragrancedb
140.22599999999997,2.567800000000001,1,0,17.07,4,0,10,0,fragrancedb
84.11800000000001,1.1515,1,0,17.07,1,0,6,0,fragrancedb
200.322,3.5461000000000027,2,0,26.3,8,0,14,0,fragrancedb
240.3869999999999,4.636500000000004,2,0,26.3,12,0,17,0,fragrancedb
200.32199999999997,3.6902000000000026,2,0,26.3,9,0,14,0,fragrancedb
184.323,3.962100000000003,1,0,17.07,9,0,13,0,fragrancedb
182.263,2.850500000000001,2,0,26.3,6,0,13,0,fragrancedb
150.22099999999998,2.4879000000000007,1,0,17.07,1,0,11,1,fragrancedb
282.339,3.876400000000003,3,0,35.53,5,2,21,2,fragrancedb
178.231,2.4994000000000005,2,0,26.3,3,1,13,1,fragrancedb
192.25800000000004,2.572400000000001,2,0,26.3,5,1,14,1,fragrancedb
166.176,1.3681999999999999,3,0,35.53,4,1,12,1,fragrancedb
264.409,4.490800000000004,2,0,26.3,2,0,19,2,fragrancedb
186.295,3.3001000000000023,2,0,26.3,8,0,13,0,fragrancedb
210.31699999999998,3.6307000000000027,2,0,26.3,6,0,15,0,fragrancedb
166.26399999999998,3.102000000000001,1,0,17.07,2,0,12,1,fragrancedb
222.37199999999996,3.7539000000000033,1,1,20.23,0,0,16,3,fragrancedb
152.237,1.9695000000000005,1,1,20.23,0,0,11,3,fragrancedb
150.22099999999998,2.1776999999999997,1,0,17.07,1,0,11,3,fragrancedb
142.19799999999998,1.7617,2,0,26.3,3,0,10,0,fragrancedb
158.24099999999996,2.5199000000000007,2,0,26.3,6,0,11,0,fragrancedb
166.17599999999996,1.4818,3,0,35.53,2,1,12,1,fragrancedb
166.17599999999996,1.6205,3,0,35.53,2,1,12,1,fragrancedb
154.165,1.7328,3,0,39.44,3,1,11,1,fragrancedb
168.19199999999998,2.1229,3,0,39.44,4,1,12,1,fragrancedb
130.18699999999998,1.7397,2,0,26.3,6,0,9,0,fragrancedb
158.19699999999997,1.1186,3,0,35.53,3,0,11,1,fragrancedb
130.18699999999995,1.7381,2,0,26.3,3,0,9,0,fragrancedb
214.34899999999993,4.080300000000004,2,0,26.3,10,0,15,0,fragrancedb
185.248,1.5571199999999998,4,0,39.19,3,1,12,1,fragrancedb
126.15499999999999,1.2917,2,0,26.3,2,0,9,0,fragrancedb
142.15399999999997,1.1538,3,1,46.53,1,0,10,1,fragrancedb
136.14999999999998,1.5131199999999998,2,1,37.3,1,1,10,1,fragrancedb
184.27899999999997,3.052500000000002,2,0,26.3,5,0,13,1,fragrancedb
262.43699999999995,5.774800000000006,1,0,17.07,9,0,19,0,fragrancedb
112.12799999999999,0.5545,2,0,34.14,0,0,8,1,fragrancedb
194.18599999999998,1.433,4,0,52.60000000000001,3,1,14,1,fragrancedb
142.242,2.935900000000001,1,0,17.07,6,0,10,0,fragrancedb
123.15499999999997,1.2277,2,0,22.0,1,1,9,1,fragrancedb
102.15799999999999,0.6923999999999999,2,0,17.07,0,0,6,1,fragrancedb
194.27399999999997,2.541900000000001,2,0,26.3,2,0,14,3,fragrancedb
152.237,2.687800000000001,1,0,9.23,1,0,11,1,fragrancedb
184.27899999999997,2.9320000000000013,2,0,26.3,5,0,13,0,fragrancedb
160.213,1.1006,3,1,46.53,5,0,11,0,fragrancedb
256.4299999999999,5.250600000000006,2,0,26.3,13,0,18,0,fragrancedb
226.40399999999994,5.276500000000005,1,0,17.07,12,0,16,0,fragrancedb
186.295,3.1560000000000015,2,0,26.3,7,0,13,0,fragrancedb
128.17099999999996,1.5157,2,0,26.3,3,0,9,0,fragrancedb
128.171,1.5157,2,0,26.3,3,0,9,0,fragrancedb
156.22499999999997,2.2959000000000005,2,0,26.3,5,0,11,0,fragrancedb
114.14399999999999,1.1256000000000002,2,0,26.3,3,0,8,0,fragrancedb
242.27399999999997,2.843300000000001,3,0,35.53,4,2,18,2,fragrancedb
152.14899999999997,1.6224,3,0,39.44,3,1,11,1,fragrancedb
126.19899999999998,2.3218000000000005,1,0,17.07,5,0,9,0,fragrancedb
100.161,1.335,1,1,20.23,3,0,7,0,fragrancedb
156.22499999999997,2.2723000000000004,2,0,26.3,2,0,11,1,fragrancedb
220.31199999999998,3.3526000000000025,2,0,26.3,7,1,16,1,fragrancedb
270.45699999999994,5.496600000000005,2,0,26.3,13,0,19,0,fragrancedb
156.22499999999997,2.1517999999999997,2,0,26.3,5,0,11,0,fragrancedb
140.18199999999996,1.6818,2,0,26.3,3,0,10,0,fragrancedb
198.30599999999998,3.4662000000000024,2,0,26.3,9,0,14,0,fragrancedb
240.38699999999994,4.492400000000004,2,0,26.3,9,0,17,0,fragrancedb
194.23,2.1483999999999996,3,0,35.53,4,1,14,1,fragrancedb
206.285,3.4810000000000025,2,0,26.3,5,1,15,1,fragrancedb
144.214,1.9857,2,0,26.3,4,0,10,0,fragrancedb
168.192,1.7753,3,0,39.44,4,1,12,1,fragrancedb
182.26299999999998,2.5233000000000008,2,0,26.3,5,0,13,0,fragrancedb
186.295,3.1560000000000015,2,0,26.3,7,0,13,0,fragrancedb
184.27899999999994,2.910000000000001,2,0,26.3,4,0,13,1,fragrancedb
178.275,2.780200000000001,1,1,20.23,4,1,13,1,fragrancedb
154.253,3.102000000000002,1,0,17.07,6,0,11,0,fragrancedb
164.24799999999996,2.3917000000000006,1,1,20.23,5,1,12,1,fragrancedb
138.166,2.09904,2,0,30.21,1,1,10,1,fragrancedb
148.227,1.3026,3,0,26.3,4,0,9,0,fragrancedb
170.25199999999998,2.686000000000001,2,0,26.3,6,0,12,0,fragrancedb
126.15499999999997,0.8005,2,0,34.14,0,0,9,1,fragrancedb
126.15499999999999,0.8005,2,0,34.14,0,0,9,1,fragrancedb
134.20000000000002,0.9124999999999999,3,0,26.3,3,0,8,0,fragrancedb
127.21199999999999,2.06836,2,0,12.89,0,1,8,1,fragrancedb
182.219,2.3689,3,0,39.44,4,1,13,1,fragrancedb
142.17899999999997,1.7828,3,0,30.21,1,1,9,1,fragrancedb
126.17999999999999,1.86902,2,0,17.07,1,1,8,1,fragrancedb
116.185,1.0809,2,0,17.07,0,0,7,1,fragrancedb
136.19799999999998,1.9084199999999998,2,0,25.78,1,1,10,1,fragrancedb
154.253,2.791800000000001,1,0,17.07,2,0,11,1,fragrancedb
194.27399999999997,2.852100000000001,2,0,26.3,3,0,14,1,fragrancedb
129.184,1.5417999999999998,3,0,22.12,2,1,8,1,fragrancedb
158.24099999999996,2.375800000000001,2,0,26.3,5,0,11,0,fragrancedb
134.17799999999997,2.11594,1,0,17.07,1,1,10,1,fragrancedb
150.26499999999996,3.8651000000000035,0,0,0.0,6,0,11,0,fragrancedb
170.25199999999998,2.686000000000001,2,0,26.3,6,0,12,0,fragrancedb
118.201,1.3269,2,0,17.07,3,0,7,0,fragrancedb
124.18299999999996,2.0978,1,0,17.07,4,0,9,0,fragrancedb
154.253,3.102000000000001,1,0,17.07,7,0,11,0,fragrancedb
198.30599999999995,3.4662000000000024,2,0,26.3,8,0,14,0,fragrancedb
142.242,2.5053000000000014,1,1,20.23,6,0,10,0,fragrancedb
150.18099999999998,1.2415999999999998,3,0,42.85,2,1,11,1,fragrancedb
118.201,1.3285,2,0,17.07,3,0,7,0,fragrancedb
152.30900000000003,2.831800000000001,3,0,0.0,4,0,7,0,fragrancedb
170.25199999999998,2.686000000000001,2,0,26.3,6,0,12,0,fragrancedb
194.31799999999996,3.690400000000003,1,0,9.23,0,0,14,2,fragrancedb
182.219,2.513000000000001,3,0,39.44,5,1,13,1,fragrancedb
190.24200000000002,2.6960000000000006,2,0,26.3,3,1,14,1,fragrancedb
186.32,2.7001000000000013,2,1,17.07,1,0,12,1,fragrancedb
196.246,3.016700000000002,3,0,39.44,6,1,14,1,fragrancedb
224.29999999999998,3.6833000000000027,3,0,39.44,8,1,16,1,fragrancedb
190.308,2.4713000000000003,3,0,26.3,6,0,12,0,fragrancedb
142.19799999999998,1.7617,2,0,26.3,4,0,10,0,fragrancedb
106.19,0.6855,2,2,20.23,1,0,6,0,fragrancedb
192.21399999999997,1.9368999999999996,3,0,35.53,3,1,14,2,fragrancedb
160.263,2.790800000000001,3,0,13.14,3,1,9,1,fragrancedb
218.33999999999997,4.380500000000004,1,0,17.07,8,0,16,0,fragrancedb
224.34399999999994,4.020800000000003,2,0,26.3,7,0,16,0,fragrancedb
192.30199999999996,3.5141000000000027,1,0,17.07,2,0,14,1,fragrancedb
210.31699999999995,3.4646000000000026,2,0,26.3,3,0,15,1,fragrancedb
242.274,2.791700000000002,3,1,46.53,4,2,18,2,fragrancedb
206.19399999999996,-1.1656,6,2,93.06000000000002,5,0,14,0,fragrancedb
164.20399999999995,2.3106999999999998,2,0,26.3,2,1,12,1,fragrancedb
154.165,0.8930999999999998,3,2,49.69,2,1,11,1,fragrancedb
154.253,2.1935000000000007,1,1,20.23,1,0,11,2,fragrancedb
188.22599999999997,2.998000000000001,2,0,26.3,2,1,14,2,fragrancedb
152.19299999999998,1.5008,2,0,34.14,0,0,11,1,fragrancedb
166.26399999999998,3.246100000000002,1,0,17.07,4,0,12,1,fragrancedb
132.206,3.0281200000000013,0,0,0.0,1,1,10,1,fragrancedb
224.29999999999995,2.501100000000001,3,0,43.370000000000005,5,0,16,1,fragrancedb
172.26799999999994,2.910000000000001,2,0,26.3,7,0,12,0,fragrancedb
172.26799999999997,2.6218000000000012,2,0,26.3,5,0,12,0,fragrancedb
168.28,3.4921000000000024,1,0,17.07,8,0,12,0,fragrancedb
120.15099999999997,2.0352,1,1,20.23,1,1,9,1,fragrancedb
152.19299999999996,1.9631999999999996,2,1,29.46,2,1,11,1,fragrancedb
102.13299999999998,0.3463,2,1,37.3,2,0,7,0,fragrancedb
114.14399999999999,0.9446,2,0,34.14,3,0,8,0,fragrancedb
178.23100000000002,2.1807,2,0,26.3,3,1,13,1,fragrancedb
132.159,0.3204000000000001,3,1,46.53,3,0,9,0,fragrancedb
220.31199999999998,3.2085000000000017,2,0,26.3,6,1,16,1,fragrancedb
222.23999999999995,2.1144999999999996,4,0,44.760000000000005,3,1,16,2,fragrancedb
170.25199999999998,2.6624000000000008,2,0,26.3,3,0,12,1,fragrancedb
186.29499999999996,3.3001000000000023,2,0,26.3,8,0,13,0,fragrancedb
218.29600000000002,3.289100000000002,2,0,26.3,5,1,16,1,fragrancedb
178.275,2.636100000000001,1,1,20.23,4,1,13,1,fragrancedb
141.23899999999998,2.3416000000000006,2,0,12.89,2,1,9,1,fragrancedb
126.15499999999997,1.5714000000000001,2,1,37.3,1,0,9,1,fragrancedb
190.28599999999994,3.4342000000000024,1,0,17.07,2,0,14,1,fragrancedb
128.12699999999995,0.7636999999999998,3,1,46.53,0,0,9,1,fragrancedb
156.22499999999997,2.1282000000000005,2,0,26.3,3,0,11,1,fragrancedb
224.3,3.7969000000000026,3,0,39.44,8,1,16,1,fragrancedb
144.21399999999997,1.9857,2,0,26.3,4,0,10,0,fragrancedb
154.253,2.1935000000000002,1,1,20.23,0,0,11,2,fragrancedb
192.21399999999994,1.7927999999999995,3,0,35.53,3,1,14,2,fragrancedb
148.271,1.9004999999999999,2,1,20.23,5,0,9,0,fragrancedb
176.16799999999998,-0.5265000000000002,5,1,72.83000000000001,4,0,12,0,fragrancedb
110.19999999999997,2.918800000000002,0,0,0.0,4,0,8,0,fragrancedb
166.17599999999996,0.8356999999999999,3,1,46.53,3,1,12,1,fragrancedb
136.23799999999997,3.308900000000002,0,0,0.0,1,0,10,1,fragrancedb
176.168,-0.5265000000000002,5,1,72.83,4,0,12,0,fragrancedb
96.085,0.6131,2,0,26.3,0,0,7,1,fragrancedb
168.19199999999998,1.7123999999999997,3,0,27.69,3,1,12,1,fragrancedb
144.21399999999997,2.1298000000000004,2,0,26.3,5,0,10,0,fragrancedb
196.37799999999996,5.461400000000006,0,0,0.0,0,0,14,1,fragrancedb
152.19299999999998,2.0122199999999997,2,0,18.46,2,1,11,1,fragrancedb
134.17799999999997,2.1207,1,1,20.23,2,1,10,1,fragrancedb
220.356,4.604500000000004,1,0,17.07,7,0,16,0,fragrancedb
121.13899999999998,1.0813,2,1,43.09,1,1,9,1,fragrancedb
150.221,3.1784000000000017,1,0,13.14,3,1,11,1,fragrancedb
152.23699999999997,2.733900000000001,1,0,17.07,3,0,11,0,fragrancedb
136.14999999999998,0.8615999999999999,2,1,37.3,2,1,10,1,fragrancedb
168.19199999999998,1.7124,3,0,27.69,3,1,12,1,fragrancedb
282.51199999999994,6.836900000000007,1,0,17.07,16,0,20,0,fragrancedb
133.19399999999996,2.0446999999999997,1,1,12.03,0,1,10,2,fragrancedb
86.134,0.9448999999999999,1,1,20.23,2,0,6,0,fragrancedb
312.53799999999995,6.811000000000008,2,0,26.3,17,0,22,0,fragrancedb
112.17200000000001,2.0907,1,0,9.23,1,0,8,1,fragrancedb
186.29499999999996,3.3001000000000023,2,0,26.3,8,0,13,0,fragrancedb
182.26299999999998,2.852100000000001,2,0,26.3,4,0,13,0,fragrancedb
112.172,1.9317,1,0,17.07,4,0,8,0,fragrancedb
90.14699999999999,0.8959,2,0,17.07,0,0,5,0,fragrancedb
182.219,2.6266000000000007,3,0,39.44,5,1,13,1,fragrancedb
118.13199999999998,-0.06970000000000004,3,1,46.53,1,0,8,0,fragrancedb
170.296,3.7161000000000026,1,0,17.07,8,0,12,0,fragrancedb
298.511,6.420900000000007,2,0,26.3,16,0,21,0,fragrancedb
101.174,1.4976,2,0,12.36,1,0,6,0,fragrancedb
204.26900000000003,3.1761000000000017,2,0,26.3,2,1,15,2,fragrancedb
168.28,3.3255000000000017,1,0,9.23,5,0,12,0,fragrancedb
238.37099999999998,4.410900000000004,2,0,26.3,7,0,17,0,fragrancedb
99.15799999999999,1.45152,2,0,12.89,0,1,6,1,fragrancedb
152.19299999999998,2.01222,2,0,18.46,2,1,11,1,fragrancedb
110.15599999999996,2.2321,1,0,13.14,2,1,8,1,fragrancedb
150.312,3.1846000000000023,2,0,0.0,3,0,8,0,fragrancedb
138.23499999999999,2.1589000000000005,1,1,0.0,2,1,9,1,fragrancedb
161.29500000000002,2.2324,3,0,12.36,5,0,9,0,fragrancedb
246.394,5.4001000000000055,1,0,17.07,10,1,18,1,fragrancedb
134.2,0.9125,3,0,26.3,3,0,8,0,fragrancedb
152.19299999999996,2.0122199999999992,2,0,18.46,2,1,11,1,fragrancedb
182.26299999999995,2.852100000000001,2,0,26.3,6,0,13,0,fragrancedb
196.202,1.5012400000000001,4,2,66.76,1,1,14,1,fragrancedb
128.171,1.5157,2,0,26.3,3,0,9,0,fragrancedb
92.163,0.34169999999999995,2,1,20.23,2,0,5,0,fragrancedb
208.25699999999995,2.7455000000000016,3,0,27.69,4,1,15,1,fragrancedb
136.238,2.6885000000000012,0,0,0.0,0,0,10,4,fragrancedb
136.238,2.9987000000000013,0,0,0.0,0,0,10,2,fragrancedb
390.3410000000002,-0.3673999999999995,11,0,140.73000000000002,6,0,27,1,fragrancedb
220.312,3.7002000000000024,2,0,26.3,7,1,16,1,fragrancedb
158.33800000000002,2.923800000000001,4,0,0.0,3,0,6,0,fragrancedb
158.24099999999999,2.518300000000001,2,0,26.3,5,0,11,0,fragrancedb
218.34000000000003,4.619900000000004,1,0,17.07,8,1,16,1,fragrancedb
232.36700000000002,5.010000000000005,1,0,17.07,9,1,17,1,fragrancedb
151.165,1.5057999999999998,2,0,43.14,3,1,11,1,fragrancedb
202.24999999999997,1.6729999999999998,4,0,52.6,7,0,14,0,fragrancedb
130.237,2.1778999999999997,2,1,0.0,1,1,7,1,fragrancedb
164.24799999999996,3.1270200000000017,1,0,9.23,2,1,12,1,fragrancedb
182.21899999999997,2.0208199999999996,3,0,27.69,3,1,13,1,fragrancedb
136.194,2.3120399999999997,1,0,9.23,1,1,10,1,fragrancedb
218.33999999999995,4.358500000000004,1,0,17.07,0,0,16,1,fragrancedb
196.28999999999994,3.242200000000002,2,0,26.3,7,0,14,0,fragrancedb
156.22499999999997,2.1517999999999997,2,0,26.3,4,0,11,0,fragrancedb
206.285,2.9625000000000012,2,0,26.3,6,1,15,1,fragrancedb
170.25199999999998,2.686000000000001,2,0,26.3,5,0,12,0,fragrancedb
156.22499999999997,2.2959000000000005,2,0,26.3,4,0,11,0,fragrancedb
234.339,4.090300000000004,2,0,26.3,8,1,17,1,fragrancedb
156.26899999999998,2.8954000000000018,1,1,20.23,7,0,11,0,fragrancedb
238.37099999999995,4.412500000000004,2,0,26.3,8,0,17,0,fragrancedb
170.25199999999998,2.541900000000001,2,0,26.3,4,0,12,0,fragrancedb
255.4499999999999,3.1788000000000016,3,0,9.72,9,0,18,1,fragrancedb
84.118,1.1515,1,0,17.07,2,0,6,0,fragrancedb
270.45699999999994,5.640700000000006,2,0,26.3,14,0,19,0,fragrancedb
360.36600000000016,2.5852000000000004,8,2,102.10000000000001,7,2,26,2,fragrancedb
120.173,0.5223999999999999,3,0,26.3,2,0,7,0,fragrancedb
152.23700000000002,2.4458,1,1,20.23,4,0,11,0,fragrancedb
168.28,3.1578000000000017,1,0,9.23,2,0,12,1,fragrancedb
186.295,3.2985000000000024,2,0,26.3,7,0,13,0,fragrancedb
214.349,4.078700000000003,2,0,26.3,9,0,15,0,fragrancedb
204.35699999999997,4.7252000000000045,0,0,0.0,3,0,15,3,fragrancedb
204.35699999999997,4.270900000000004,0,0,0.0,1,0,15,3,fragrancedb
272.43199999999996,4.764300000000004,1,0,17.07,0,0,20,4,fragrancedb
156.26899999999998,2.749700000000002,1,1,20.23,5,0,11,0,fragrancedb
158.285,2.9737000000000022,1,1,20.23,5,0,11,0,fragrancedb
154.253,2.3612000000000006,1,1,20.23,2,0,11,1,fragrancedb
127.21199999999999,2.0554,2,0,12.36,4,0,8,0,fragrancedb
122.17099999999998,1.4290999999999998,2,0,25.78,2,1,9,1,fragrancedb
128.17099999999996,1.5157,2,0,26.3,2,0,9,0,fragrancedb
152.149,1.1788,3,1,46.53,1,1,11,1,fragrancedb
230.39199999999994,3.6522000000000028,2,2,40.46,13,0,16,0,fragrancedb
132.228,1.6739,2,1,17.07,2,0,8,0,fragrancedb
158.24099999999999,2.5199000000000007,2,0,26.3,6,0,11,0,fragrancedb
128.21499999999997,2.1136000000000004,1,1,20.23,4,0,9,0,fragrancedb
210.31699999999995,3.1544000000000016,2,0,26.3,2,0,15,2,fragrancedb
204.35699999999994,4.747200000000005,0,0,0.0,3,0,15,1,fragrancedb
258.405,4.792620000000005,1,0,17.07,1,1,19,2,fragrancedb
152.237,2.567800000000001,1,0,17.07,2,0,11,1,fragrancedb
126.15499999999997,1.4273,2,1,37.3,0,0,9,1,fragrancedb
218.34,4.904900000000004,1,0,13.14,6,1,16,1,fragrancedb
180.20299999999997,1.4107,3,0,35.53,3,1,13,1,fragrancedb
238.37099999999995,4.268400000000004,2,0,26.3,7,0,17,0,fragrancedb
184.323,3.6756000000000033,1,1,20.23,9,0,13,0,fragrancedb
222.37199999999999,3.9200000000000026,1,1,20.23,1,0,16,2,fragrancedb
238.37099999999998,3.4414000000000025,2,1,29.46,1,0,17,2,fragrancedb
208.30099999999996,2.8694000000000015,2,0,29.6,2,0,15,2,fragrancedb
160.257,1.7001,2,2,40.46,7,0,11,0,fragrancedb
204.35699999999997,4.891300000000005,0,0,0.0,1,0,15,1,fragrancedb
150.22099999999998,2.1776999999999997,1,0,17.07,1,0,11,2,fragrancedb
204.3569999999999,4.270900000000004,0,0,0.0,0,0,15,3,fragrancedb
89.07,-1.8829000000000002,3,1,60.36,1,0,6,0,fragrancedb
281.4599999999999,4.773800000000004,2,0,40.129999999999995,15,0,20,0,fragrancedb
152.237,2.520100000000001,1,0,12.53,1,0,11,2,fragrancedb
152.237,2.2099,1,0,12.53,0,0,11,4,fragrancedb
192.258,2.775900000000001,2,0,26.3,4,1,14,1,fragrancedb
202.34099999999995,4.844920000000005,0,0,0.0,4,1,15,1,fragrancedb
212.289,2.4518000000000004,3,0,35.53,2,0,15,1,fragrancedb
156.26899999999998,2.8954000000000018,1,1,20.23,7,0,11,0,fragrancedb
138.21,2.1776999999999997,1,0,17.07,1,0,10,1,fragrancedb
192.21399999999997,1.8813999999999997,3,0,35.53,3,1,14,1,fragrancedb
128.21499999999997,2.401700000000001,1,0,17.07,4,0,9,0,fragrancedb
168.236,1.779,2,0,29.6,1,0,12,2,fragrancedb
129.179,0.7066999999999999,2,0,40.129999999999995,5,0,9,0,fragrancedb
140.298,2.3181000000000003,3,0,0.0,3,0,6,0,fragrancedb
138.20999999999998,2.1776999999999997,1,0,17.07,1,0,10,1,fragrancedb
212.42099999999996,5.665200000000006,0,0,0.0,9,0,15,0,fragrancedb
254.36999999999995,3.456000000000002,3,0,35.53,1,0,18,2,fragrancedb
154.253,2.5273000000000003,1,1,20.23,4,0,11,0,fragrancedb
228.41999999999993,4.925800000000005,1,1,20.23,12,0,16,0,fragrancedb
204.35699999999997,4.415000000000004,0,0,0.0,3,0,15,4,fragrancedb
204.35699999999997,4.891300000000005,0,0,0.0,2,0,15,1,fragrancedb
166.21999999999997,2.0483000000000002,2,0,26.3,0,0,12,2,fragrancedb
264.409,4.968700000000005,2,0,26.3,8,0,19,0,fragrancedb
192.21399999999997,2.1524,3,0,27.69,3,1,14,2,fragrancedb
168.28,2.8476000000000017,1,0,9.23,1,0,12,2,fragrancedb
188.22299999999998,1.0911,4,0,44.760000000000005,3,0,13,1,fragrancedb
116.15999999999998,0.7363999999999999,2,1,37.3,3,0,8,0,fragrancedb
204.357,4.5591000000000035,0,0,0.0,0,0,15,3,fragrancedb
214.34899999999993,4.078700000000003,2,0,26.3,9,0,15,0,fragrancedb
158.24099999999999,2.2317,2,0,26.3,4,0,11,0,fragrancedb
176.215,2.3059000000000003,2,0,26.3,3,1,13,1,fragrancedb
224.34399999999994,3.544500000000003,2,0,26.3,3,0,16,2,fragrancedb
116.204,1.8050000000000002,1,1,20.23,4,0,8,0,fragrancedb
135.166,1.6891,2,1,32.59,2,1,10,1,fragrancedb
204.35699999999997,4.5591000000000035,0,0,0.0,0,0,15,3,fragrancedb
158.285,3.117800000000002,1,1,20.23,7,0,11,0,fragrancedb
166.21999999999997,1.6991,2,0,29.6,1,0,12,2,fragrancedb
154.25300000000001,2.5257000000000005,1,1,20.23,3,0,11,0,fragrancedb
208.301,2.9320000000000013,2,0,26.3,3,0,15,3,fragrancedb
154.25300000000001,2.1935000000000002,1,1,20.23,0,0,11,2,fragrancedb
194.31799999999998,3.305900000000002,1,1,20.23,2,0,14,1,fragrancedb
204.357,4.581100000000004,0,0,0.0,1,0,15,2,fragrancedb
222.37199999999993,3.465700000000003,1,1,20.23,0,0,16,3,fragrancedb
136.23799999999997,3.4750000000000023,0,0,0.0,4,0,10,0,fragrancedb
108.18399999999997,2.6948000000000008,0,0,0.0,4,0,8,0,fragrancedb
170.252,1.8826,2,1,32.76,4,0,12,1,fragrancedb
152.237,1.9695,1,1,20.23,0,0,11,3,fragrancedb
226.31599999999995,2.725100000000001,3,0,43.370000000000005,6,0,16,1,fragrancedb
152.19299999999998,1.3663999999999998,2,1,29.46,3,1,11,1,fragrancedb
236.39899999999997,3.8558000000000034,1,1,20.23,1,0,17,3,fragrancedb
150.265,3.8651000000000035,0,0,0.0,4,0,11,0,fragrancedb
160.21299999999997,1.1006,3,1,46.53,5,0,11,0,fragrancedb
118.201,1.3269,2,0,17.07,2,0,7,0,fragrancedb
152.237,2.4458000000000006,1,1,20.23,4,0,11,0,fragrancedb
142.19799999999998,1.9058,2,0,26.3,3,0,10,0,fragrancedb
136.194,1.7412999999999998,1,1,20.23,2,1,10,1,fragrancedb
150.18099999999998,1.2960399999999999,3,0,42.85,1,1,11,1,fragrancedb
73.071,-0.8537000000000001,2,0,40.129999999999995,1,0,5,0,fragrancedb
87.09799999999998,-0.4636,2,0,40.129999999999995,2,0,6,0,fragrancedb
182.26299999999998,2.852100000000001,2,0,26.3,6,0,13,0,fragrancedb
186.25099999999998,1.7783000000000002,3,0,35.53,7,0,13,0,fragrancedb
116.16,0.5462,2,1,32.76,3,0,8,1,fragrancedb
182.307,2.9737000000000022,1,1,20.23,1,0,13,2,fragrancedb
246.39399999999995,4.3742000000000045,1,0,17.07,1,0,18,3,fragrancedb
204.35699999999997,4.7252000000000045,0,0,0.0,1,0,15,2,fragrancedb
196.28999999999996,2.7643000000000013,2,0,26.3,1,0,14,2,fragrancedb
87.05399999999999,-1.6747000000000003,3,0,57.2,1,0,6,0,fragrancedb
279.4439999999999,4.549800000000003,2,0,40.129999999999995,14,0,20,0,fragrancedb
128.17099999999996,1.5157,2,0,26.3,2,0,9,0,fragrancedb
152.237,2.878000000000001,1,0,17.07,4,0,11,0,fragrancedb
168.28,3.323900000000002,1,0,9.23,5,0,12,0,fragrancedb
156.206,2.2266200000000005,3,0,30.21,1,1,10,1,fragrancedb
156.22499999999997,2.1517999999999997,2,0,26.3,3,0,11,0,fragrancedb
238.37099999999992,3.934600000000003,2,0,26.3,4,0,17,2,fragrancedb
196.29,3.0745000000000013,2,0,26.3,2,0,14,1,fragrancedb
228.37599999999998,4.158100000000004,2,0,18.46,9,0,16,0,fragrancedb
238.37099999999992,4.410900000000004,2,0,26.3,8,0,17,0,fragrancedb
168.236,2.4384000000000006,2,0,26.3,4,0,12,1,fragrancedb
244.33099999999996,2.8417000000000012,4,0,52.6,9,0,17,0,fragrancedb
170.25199999999998,2.541900000000001,2,0,26.3,4,0,12,0,fragrancedb
254.41399999999993,4.882500000000005,2,0,26.3,10,0,18,0,fragrancedb
101.12499999999999,-0.07350000000000012,2,0,40.129999999999995,3,0,7,0,fragrancedb
238.37099999999998,3.4414000000000025,2,1,29.46,2,0,17,2,fragrancedb
258.361,4.058200000000003,2,0,26.3,2,1,19,3,fragrancedb
144.21399999999997,1.9857,2,0,26.3,4,0,10,0,fragrancedb
154.253,2.525700000000001,1,1,20.23,3,0,11,0,fragrancedb
112.17199999999998,1.5011,1,1,20.23,3,0,8,0,fragrancedb
143.206,1.0968,2,0,40.129999999999995,6,0,10,0,fragrancedb
144.12599999999998,-0.2639000000000001,4,2,66.76,0,0,10,1,fragrancedb
172.271,3.6895200000000026,0,0,0.0,0,1,13,2,fragrancedb
150.22099999999998,2.1776999999999997,1,0,17.07,0,0,11,3,fragrancedb
152.237,2.6862000000000013,1,0,12.53,4,0,11,1,fragrancedb
138.17,1.1837199999999999,3,0,35.010000000000005,2,1,10,1,fragrancedb
134.17799999999997,2.0615,1,0,17.07,2,1,10,1,fragrancedb
100.16099999999999,1.1908999999999998,1,1,20.23,3,0,7,0,fragrancedb
130.23100000000002,2.1951000000000005,1,1,20.23,5,0,9,0,fragrancedb
150.221,2.4879000000000007,1,0,17.07,0,0,11,1,fragrancedb
182.35099999999994,5.0933000000000055,0,0,0.0,9,0,13,0,fragrancedb
154.253,2.359600000000001,1,1,20.23,0,0,11,1,fragrancedb
192.21400000000003,1.7089,3,0,43.370000000000005,4,1,14,1,fragrancedb
130.231,2.1935000000000007,1,1,20.23,4,0,9,0,fragrancedb
114.18799999999999,1.7235,1,1,20.23,3,0,8,0,fragrancedb
296.539,6.364100000000008,1,1,20.23,13,0,21,0,fragrancedb
208.38899999999998,5.649500000000006,0,0,0.0,11,0,15,0,fragrancedb
264.40899999999993,4.6585000000000045,2,0,26.3,6,0,19,1,fragrancedb
186.392,3.0088000000000017,4,0,0.0,5,0,8,0,fragrancedb
116.07199999999999,-2.733599999999999,4,0,80.25999999999999,3,0,8,0,fragrancedb
132.07099999999997,-3.7628,5,1,100.49000000000001,3,0,9,0,fragrancedb
141.23899999999998,2.3223400000000005,2,0,12.89,1,1,9,1,fragrancedb
208.257,2.5951000000000017,3,1,46.53,4,1,15,1,fragrancedb
114.05599999999998,-2.9576000000000002,4,0,80.25999999999999,2,0,8,0,fragrancedb
152.237,2.2576,1,0,17.07,1,0,11,3,fragrancedb
87.09799999999998,-0.6077000000000001,2,0,40.129999999999995,1,0,6,0,fragrancedb
127.163,0.3166,2,0,40.129999999999995,1,0,9,1,fragrancedb
129.184,0.7207,3,0,29.43,1,0,8,1,fragrancedb
136.14999999999998,0.9189,2,1,37.3,2,1,10,1,fragrancedb
156.26899999999998,2.893800000000002,1,1,20.23,7,0,11,0,fragrancedb
184.27899999999997,3.076100000000001,2,0,26.3,6,0,13,0,fragrancedb
86.13399999999999,1.8582,1,1,20.23,2,0,6,0,fragrancedb
282.5119999999999,6.836900000000007,1,0,17.07,17,0,20,0,fragrancedb
134.222,3.229000000000002,0,0,0.0,1,0,10,1,fragrancedb
204.35699999999997,5.179500000000004,0,0,0.0,0,0,15,1,fragrancedb
156.22499999999997,2.0821,2,0,18.46,1,0,11,2,fragrancedb
140.22599999999997,2.711900000000001,1,0,17.07,6,0,10,0,fragrancedb
224.29999999999995,1.8401999999999998,3,1,49.83,2,0,16,2,fragrancedb
124.18299999999998,2.0978000000000003,1,0,17.07,3,0,9,0,fragrancedb
108.18399999999998,2.6948000000000008,0,0,0.0,3,0,8,0,fragrancedb
124.18299999999999,2.0978,1,0,17.07,4,0,9,0,fragrancedb
128.21499999999997,3.028500000000001,1,1,20.23,5,0,9,0,fragrancedb
101.14899999999999,1.2746,2,0,21.59,2,0,7,0,fragrancedb
194.274,3.1997000000000018,2,0,26.3,6,0,14,1,fragrancedb
144.12599999999998,-1.9533999999999987,4,0,80.25999999999999,5,0,10,0,fragrancedb
126.19899999999998,1.8896000000000002,1,1,20.23,4,0,9,0,fragrancedb
175.322,2.6225000000000005,3,0,12.36,6,0,10,0,fragrancedb
186.29499999999996,3.2985000000000024,2,0,26.3,7,0,13,0,fragrancedb
176.25900000000001,2.8443000000000014,1,0,17.07,4,1,13,1,fragrancedb
144.214,1.5166,2,1,37.3,5,0,10,0,fragrancedb
678.5930000000003,-0.82919999999999,19,0,238.08999999999997,13,0,47,2,fragrancedb
198.21799999999996,1.7209999999999996,4,0,36.92,4,1,14,1,fragrancedb
194.27399999999994,2.3658000000000006,2,1,29.46,7,1,14,1,fragrancedb
178.231,2.1822999999999997,2,0,26.3,4,1,13,1,fragrancedb
220.312,3.3526000000000025,2,0,26.3,7,1,16,1,fragrancedb
194.22999999999996,2.1379,3,1,38.69,4,1,14,1,fragrancedb
214.349,3.936200000000003,2,0,26.3,9,0,15,0,fragrancedb
172.26799999999997,2.910000000000001,2,0,26.3,7,0,12,0,fragrancedb
214.34899999999996,4.080300000000003,2,0,26.3,10,0,15,0,fragrancedb
228.37599999999995,4.470400000000004,2,0,26.3,11,0,16,0,fragrancedb
248.36599999999999,4.132800000000004,2,0,26.3,9,1,18,1,fragrancedb
240.38699999999992,4.614500000000005,2,0,26.3,0,0,17,1,fragrancedb
226.27499999999998,3.6046000000000022,2,0,26.3,3,2,17,2,fragrancedb
126.11099999999996,0.5844,3,1,50.44,2,1,9,1,fragrancedb
158.19699999999997,1.3088,3,0,43.370000000000005,5,0,11,0,fragrancedb
238.37099999999992,4.2668000000000035,2,0,26.3,7,0,17,0,fragrancedb
264.409,4.180600000000004,2,0,26.3,1,0,19,3,fragrancedb
168.19199999999998,1.7178199999999997,3,1,38.69,2,1,12,1,fragrancedb
170.25199999999992,2.6624000000000008,2,0,26.3,3,0,12,1,fragrancedb
128.21499999999997,2.5458000000000007,1,0,17.07,5,0,9,0,fragrancedb
220.268,1.9974,3,0,43.370000000000005,5,1,16,1,fragrancedb
216.236,2.679100000000001,3,0,39.44,4,2,16,2,fragrancedb
84.162,2.1965000000000003,0,0,0.0,1,0,6,1,fragrancedb
130.187,0.9823999999999999,2,1,37.3,3,0,9,0,fragrancedb
135.16599999999997,1.5408,2,1,29.1,2,1,10,1,fragrancedb
138.254,3.5549000000000026,0,0,0.0,4,0,10,0,fragrancedb
184.2789999999999,2.908400000000001,2,0,26.3,3,0,13,1,fragrancedb
222.37199999999999,3.9200000000000035,1,1,20.23,1,0,16,2,fragrancedb
204.35699999999994,4.7252000000000045,0,0,0.0,1,0,15,2,fragrancedb
204.35699999999994,4.415000000000004,0,0,0.0,0,0,15,3,fragrancedb
290.31499999999994,2.5722,5,2,68.15,8,2,21,2,fragrancedb
158.153,0.2550999999999999,4,0,52.60000000000001,2,0,11,1,fragrancedb
164.20399999999995,1.053,2,2,40.46,3,1,12,1,fragrancedb
204.35699999999994,4.270900000000004,0,0,0.0,1,0,15,3,fragrancedb
150.22099999999998,2.7128200000000007,1,0,13.14,0,1,11,2,fragrancedb
222.37199999999996,4.470600000000005,1,0,9.23,3,0,16,3,fragrancedb
132.15900000000002,0.322,3,1,46.53,4,0,9,0,fragrancedb
204.35699999999997,5.0354000000000045,0,0,0.0,4,0,15,1,fragrancedb
224.38799999999998,4.477800000000005,1,1,20.23,8,0,16,0,fragrancedb
180.29099999999997,3.227600000000003,1,1,20.23,7,0,13,0,fragrancedb
168.236,2.4620000000000006,2,0,26.3,6,0,12,0,fragrancedb
204.35699999999997,5.201500000000005,0,0,0.0,6,0,15,0,fragrancedb
150.22099999999998,2.1776999999999997,1,0,17.07,0,0,11,3,fragrancedb
272.476,6.617800000000006,0,0,0.0,1,0,20,1,fragrancedb
62.092,-1.7793999999999994,1,2,47.870000000000005,1,0,4,0,fragrancedb
122.19099999999999,0.47100000000000003,0,1,27.64,2,1,9,1,fragrancedb
196.28999999999996,2.9304000000000014,2,0,26.3,2,0,14,1,fragrancedb
255.4219999999999,4.217600000000003,2,0,40.129999999999995,14,0,18,0,fragrancedb
126.19899999999997,2.1776999999999997,1,0,17.07,3,0,9,0,fragrancedb
190.28599999999994,3.1875000000000018,1,0,17.07,4,1,14,1,fragrancedb
182.263,2.3742,2,0,26.3,2,0,13,2,fragrancedb
222.37199999999996,4.064100000000004,1,1,20.23,1,0,16,2,fragrancedb
154.25300000000001,2.671400000000001,1,1,20.23,5,0,11,0,fragrancedb
176.281,2.0381000000000005,3,1,26.3,5,0,11,0,fragrancedb
204.35699999999994,4.270900000000004,0,0,0.0,1,0,15,3,fragrancedb
204.35699999999997,4.581100000000004,0,0,0.0,1,0,15,2,fragrancedb
272.476,6.141500000000007,0,0,0.0,1,0,20,3,fragrancedb
204.35699999999997,4.7252000000000045,0,0,0.0,1,0,15,2,fragrancedb
194.31799999999996,3.8822000000000028,1,0,17.07,3,0,14,1,fragrancedb
156.225,2.2959000000000005,2,0,26.3,5,0,11,0,fragrancedb
142.19799999999998,1.9042000000000001,2,0,26.3,2,0,10,0,fragrancedb
178.279,2.6820400000000006,2,0,25.78,3,1,13,1,fragrancedb
222.37199999999999,3.7759000000000027,1,1,20.23,1,0,16,2,fragrancedb
144.25799999999998,2.9933000000000014,1,0,9.23,7,0,10,0,fragrancedb
134.2,0.8677999999999999,3,1,26.3,2,0,8,0,fragrancedb
204.35699999999994,4.891300000000005,0,0,0.0,4,0,15,1,fragrancedb
204.35699999999994,4.270900000000004,0,0,0.0,1,0,15,4,fragrancedb
158.24099999999999,2.2317,2,0,26.3,4,0,11,0,fragrancedb
120.217,1.1219,2,1,20.23,4,0,7,0,fragrancedb
146.18599999999998,0.7104999999999999,3,1,46.53,4,0,10,0,fragrancedb
222.37199999999999,3.7759000000000027,1,1,20.23,1,0,16,2,fragrancedb
130.18699999999998,1.5956000000000001,2,0,26.3,3,0,9,0,fragrancedb
130.18699999999998,1.5956000000000001,2,0,26.3,3,0,9,0,fragrancedb
144.214,1.9857,2,0,26.3,4,0,10,0,fragrancedb
138.20999999999998,2.4879000000000007,1,0,17.07,5,0,10,0,fragrancedb
194.318,3.4500000000000024,1,1,20.23,2,0,14,1,fragrancedb
204.35699999999997,3.9607000000000037,0,0,0.0,1,0,15,5,fragrancedb
166.224,1.9987,3,0,35.010000000000005,3,1,12,1,fragrancedb
127.16799999999998,1.3457,3,0,29.96,1,1,8,1,fragrancedb
206.285,2.8184000000000013,2,0,26.3,5,1,15,1,fragrancedb
154.23399999999998,2.56754,2,0,17.07,1,1,10,1,fragrancedb
125.17099999999999,0.8427,2,1,29.1,1,0,9,1,fragrancedb
238.45899999999992,6.653700000000007,0,0,0.0,13,0,17,0,fragrancedb
226.35999999999996,4.222800000000004,2,0,26.3,8,0,16,1,fragrancedb
125.171,1.2003000000000001,2,0,29.43,1,0,9,1,fragrancedb
172.26799999999997,2.6218000000000012,2,0,26.3,5,0,12,0,fragrancedb
204.35699999999997,4.869300000000004,0,0,0.0,1,0,15,2,fragrancedb
112.17199999999998,1.9317,1,0,17.07,4,0,8,0,fragrancedb
140.22599999999997,2.711900000000001,1,0,17.07,5,0,10,0,fragrancedb
120.217,1.0772,2,2,20.23,2,0,7,0,fragrancedb
208.301,2.4849000000000006,2,1,37.3,2,0,15,1,fragrancedb
204.35699999999997,4.7252000000000045,0,0,0.0,1,0,15,2,fragrancedb
155.22199999999998,1.9625400000000002,3,0,29.96,1,1,10,1,fragrancedb
146.18599999999998,0.5664,3,1,46.53,3,0,10,0,fragrancedb
222.37199999999999,3.6098000000000026,1,1,20.23,0,0,16,3,fragrancedb
204.35699999999997,4.415000000000004,0,0,0.0,0,0,15,3,fragrancedb
204.35699999999994,4.5591000000000035,0,0,0.0,0,0,15,3,fragrancedb
222.37199999999999,3.920000000000003,1,1,20.23,1,0,16,2,fragrancedb
222.37199999999996,3.9200000000000026,1,1,20.23,1,0,16,2,fragrancedb
172.26799999999997,2.908400000000001,2,0,26.3,6,0,12,0,fragrancedb
204.35699999999994,4.415000000000004,0,0,0.0,0,0,15,3,fragrancedb
222.37199999999999,3.920000000000003,1,1,20.23,1,0,16,2,fragrancedb
204.35699999999994,4.891300000000005,0,0,0.0,4,0,15,1,fragrancedb
128.17099999999996,1.5157,2,0,26.3,2,0,9,0,fragrancedb
154.25300000000001,2.051,1,1,20.23,1,0,11,3,fragrancedb
204.35699999999997,4.869300000000004,0,0,0.0,0,0,15,2,fragrancedb
134.244,1.4672999999999998,2,2,20.23,4,0,8,0,fragrancedb
98.145,1.3975,1,0,17.07,3,0,7,0,fragrancedb
190.24200000000002,2.8096000000000014,2,0,26.3,4,1,14,1,fragrancedb
204.357,4.581100000000004,0,0,0.0,1,0,15,2,fragrancedb
204.35699999999997,4.581100000000004,0,0,0.0,1,0,15,2,fragrancedb
102.13299999999998,0.3463,2,1,37.3,2,0,7,0,fragrancedb
136.238,3.4750000000000023,0,0,0.0,2,0,10,0,fragrancedb
120.24199999999999,2.531200000000001,2,0,0.0,2,0,6,0,fragrancedb
154.25300000000001,2.671400000000001,1,1,20.23,4,0,11,0,fragrancedb
184.36699999999996,5.173200000000005,0,0,0.0,9,0,13,0,fragrancedb
270.45699999999994,5.640700000000006,2,0,26.3,14,0,19,0,fragrancedb
102.13299999999998,0.34790000000000004,2,1,37.3,3,0,7,0,fragrancedb
144.21399999999997,1.9841,2,0,26.3,3,0,10,0,fragrancedb
220.35599999999997,3.3858000000000024,1,1,20.23,0,0,16,3,fragrancedb
204.35699999999994,4.7252000000000045,0,0,0.0,0,0,15,2,fragrancedb
222.37199999999996,4.0861000000000045,1,1,20.23,1,0,16,1,fragrancedb
222.37199999999999,3.609800000000003,1,1,20.23,0,0,16,3,fragrancedb
224.344,3.710600000000003,2,0,26.3,3,0,16,1,fragrancedb
228.37599999999998,4.326300000000004,2,0,26.3,10,0,16,0,fragrancedb
111.144,0.8102,2,0,29.43,1,0,8,1,fragrancedb
152.237,2.520100000000001,1,0,9.23,0,0,11,3,fragrancedb
220.35599999999997,4.2466000000000035,1,0,12.53,0,0,16,2,fragrancedb
238.45899999999995,6.653700000000007,0,0,0.0,13,0,17,0,fragrancedb
108.231,1.6251999999999998,2,1,0.0,1,0,5,0,fragrancedb
226.322,4.288840000000002,4,0,26.28,3,2,14,2,fragrancedb
222.37199999999999,3.872200000000003,1,0,9.23,0,0,16,3,fragrancedb
716.4210000000004,4.158000000000003,11,0,132.89000000000001,9,0,47,2,fragrancedb
150.22099999999998,2.4879000000000007,1,0,17.07,2,0,11,1,fragrancedb
170.25199999999998,1.7385,2,1,29.46,3,0,12,1,fragrancedb
204.35699999999997,4.7252000000000045,0,0,0.0,1,0,15,2,fragrancedb
182.26299999999998,2.852100000000001,2,0,26.3,5,0,13,0,fragrancedb
220.356,4.2466000000000035,1,0,12.53,0,0,16,2,fragrancedb
196.28999999999996,2.9320000000000013,2,0,26.3,3,0,14,1,fragrancedb
178.27499999999998,3.517120000000002,1,0,9.23,3,1,13,1,fragrancedb
242.40299999999996,4.858900000000005,2,0,26.3,11,0,17,0,fragrancedb
134.22199999999998,3.084900000000002,0,0,0.0,1,0,10,1,fragrancedb
136.198,1.9901,2,0,25.78,2,1,10,1,fragrancedb
150.225,2.3802000000000003,2,0,25.78,3,1,11,1,fragrancedb
200.325,4.5416200000000035,0,0,0.0,1,1,15,2,fragrancedb
158.19699999999997,1.3072,3,0,43.370000000000005,4,0,11,0,fragrancedb
320.51700000000005,6.529100000000008,2,0,26.3,12,0,23,0,fragrancedb
348.57100000000014,7.309300000000008,2,0,26.3,14,0,25,0,fragrancedb
170.25199999999998,1.881,2,1,32.76,4,0,12,1,fragrancedb
210.31699999999998,3.6087000000000025,2,0,26.3,7,0,15,1,fragrancedb
170.25199999999998,2.3609,2,0,34.14,6,0,12,0,fragrancedb
170.25199999999998,2.541900000000001,2,0,26.3,5,0,12,0,fragrancedb
196.28999999999996,2.7643000000000013,2,0,26.3,2,0,14,2,fragrancedb
170.252,1.7148999999999999,2,1,29.46,0,0,12,3,fragrancedb
170.25199999999998,1.881,2,1,29.46,1,0,12,1,fragrancedb
140.22599999999997,2.711900000000001,1,0,17.07,6,0,10,0,fragrancedb
104.17399999999999,0.8953,2,1,17.07,2,0,6,0,fragrancedb
204.35699999999997,4.415000000000004,0,0,0.0,0,0,15,3,fragrancedb
218.33999999999992,3.594000000000003,1,0,17.07,0,0,16,4,fragrancedb
198.30599999999995,3.4662000000000024,2,0,26.3,8,0,14,0,fragrancedb
120.217,1.0788,2,2,20.23,4,0,7,0,fragrancedb
152.237,2.4458000000000006,1,1,20.23,5,0,11,0,fragrancedb
212.37699999999992,4.455800000000005,1,1,20.23,11,0,15,0,fragrancedb
158.19699999999997,1.1647,3,0,43.370000000000005,4,0,11,0,fragrancedb
210.27299999999997,2.8015000000000008,3,0,39.44,6,1,15,1,fragrancedb
222.23999999999998,2.0690999999999997,4,0,52.60000000000001,4,1,16,1,fragrancedb
174.243,2.924900000000001,1,0,17.07,3,1,13,1,fragrancedb
156.269,2.751300000000001,1,1,20.23,6,0,11,0,fragrancedb
132.159,0.32039999999999996,3,1,46.53,3,0,9,0,fragrancedb
184.32299999999995,3.6756000000000024,1,1,20.23,9,0,13,0,fragrancedb
292.463,5.567900000000006,2,0,34.14,16,0,21,0,fragrancedb
144.17,0.7746,3,0,43.370000000000005,3,0,10,0,fragrancedb
184.367,4.885000000000005,0,0,0.0,7,0,13,0,fragrancedb
200.32199999999997,3.5461000000000027,2,0,26.3,8,0,14,0,fragrancedb
222.37199999999999,3.9420000000000033,1,1,20.23,3,0,16,1,fragrancedb
138.254,3.5549000000000026,0,0,0.0,3,0,10,0,fragrancedb
172.22399999999993,1.5087000000000002,3,0,35.53,4,0,12,1,fragrancedb
270.45699999999994,5.496600000000005,2,0,26.3,13,0,19,0,fragrancedb
210.31699999999995,3.6323000000000025,2,0,26.3,8,0,15,0,fragrancedb
274.4479999999999,4.556100000000005,1,1,20.23,0,0,20,4,fragrancedb
214.286,2.466,4,0,39.44,6,1,14,1,fragrancedb
210.273,3.2932000000000023,3,0,39.44,7,1,15,1,fragrancedb
152.23699999999997,1.9695000000000005,1,1,20.23,1,0,11,2,fragrancedb
134.22199999999998,3.251000000000002,0,0,0.0,3,0,10,0,fragrancedb
180.20299999999997,1.7583,3,0,35.53,3,1,13,1,fragrancedb
152.23699999999997,1.9695000000000005,1,1,20.23,1,0,11,2,fragrancedb
190.32999999999998,4.789400000000004,0,0,0.0,0,0,14,1,fragrancedb
168.236,2.777,2,1,29.46,2,0,12,1,fragrancedb
220.35599999999997,3.6976000000000027,1,1,20.23,4,0,16,3,fragrancedb
136.238,3.286900000000002,0,0,0.0,0,0,10,2,fragrancedb
168.23599999999996,2.777000000000001,2,1,29.46,2,0,12,1,fragrancedb
152.23699999999997,3.0505000000000013,1,1,20.23,1,0,11,1,fragrancedb
240.38699999999997,4.036500000000004,2,0,26.3,4,0,17,1,fragrancedb
224.30399999999997,1.0554000000000001,4,0,40.620000000000005,5,0,16,0,fragrancedb
192.258,2.9468000000000014,2,0,26.3,3,1,14,1,fragrancedb
192.258,3.0909000000000013,2,0,26.3,4,1,14,1,fragrancedb
160.26,3.503720000000002,0,0,0.0,3,1,12,1,fragrancedb
188.27,3.315000000000002,1,0,17.07,4,1,14,1,fragrancedb
206.285,2.989300000000002,2,0,26.3,4,1,15,1,fragrancedb
152.237,1.6609,1,1,20.23,1,0,11,4,fragrancedb
224.34399999999994,3.854700000000003,2,0,26.3,4,0,16,1,fragrancedb
196.33399999999997,3.6740000000000026,1,1,20.23,3,0,14,1,fragrancedb
156.225,2.0821,2,0,18.46,1,0,11,2,fragrancedb
143.21099999999998,1.50482,3,1,33.120000000000005,1,1,9,1,fragrancedb
152.237,2.3776,1,0,9.23,0,0,11,2,fragrancedb
138.17,1.10204,3,0,35.010000000000005,1,1,10,1,fragrancedb
218.33999999999997,4.337520000000003,1,1,20.23,1,1,16,2,fragrancedb
180.20299999999997,1.5468199999999999,3,0,35.53,3,1,13,1,fragrancedb
206.28499999999994,2.699600000000001,2,0,26.3,2,1,15,1,fragrancedb
100.185,-0.3150000000000004,0,1,4.44,0,0,7,1,fragrancedb
86.158,-0.2663000000000002,0,1,16.61,0,0,6,1,fragrancedb
32.066,-1.1419000000000001,0,1,27.64,0,0,2,0,fragrancedb
102.201,-0.0690000000000004,0,1,4.44,3,0,7,0,fragrancedb
118.224,-0.9693999999999985,0,2,55.28,5,0,8,0,fragrancedb
144.214,1.9857,2,0,26.3,4,0,10,0,fragrancedb
170.25199999999998,2.505000000000001,2,0,34.14,9,0,12,0,fragrancedb
222.41599999999997,6.039600000000006,0,0,0.0,12,0,16,0,fragrancedb
236.44299999999996,6.429700000000007,0,0,0.0,13,0,17,0,fragrancedb
212.37699999999995,4.742300000000005,1,0,17.07,11,0,15,0,fragrancedb
186.295,3.0119000000000016,2,0,26.3,6,0,13,0,fragrancedb
206.285,3.3369000000000018,2,0,26.3,4,1,15,1,fragrancedb
283.47599999999994,4.997800000000004,2,0,40.129999999999995,16,0,20,0,fragrancedb
142.154,0.2405,3,1,46.53,2,0,10,1,fragrancedb
126.15499999999999,0.9446,2,0,34.14,0,0,9,1,fragrancedb
196.20199999999997,1.50962,4,0,56.51,2,1,14,1,fragrancedb
203.12599999999998,-4.862499999999998,7,1,140.61999999999998,6,0,14,0,fragrancedb
88.174,0.27440000000000014,0,1,27.64,2,0,6,0,fragrancedb
46.092999999999996,-0.7518,0,1,27.64,0,0,3,0,fragrancedb
151.14099999999996,0.05869999999999986,3,0,49.36,2,1,11,1,fragrancedb
90.17,-1.7495999999999983,0,2,55.28,3,0,6,0,fragrancedb
60.11999999999999,-0.3617000000000001,0,1,27.64,1,0,4,0,fragrancedb
147.22099999999998,2.4397200000000003,1,0,12.89,0,1,11,2,fragrancedb
152.193,2.28052,2,0,30.21,3,1,11,1,fragrancedb
101.12499999999999,-0.21760000000000002,2,0,40.129999999999995,2,0,7,0,fragrancedb
101.08099999999999,-1.2846,3,0,57.2,2,0,7,0,fragrancedb
72.131,-0.6564000000000001,0,1,16.61,0,0,5,1,fragrancedb
74.14699999999999,0.028400000000000147,0,1,27.64,2,0,5,0,fragrancedb
46.093,-1.1905999999999999,0,1,16.61,0,0,3,0,fragrancedb
104.197,-1.359499999999998,0,2,55.28,4,0,7,0,fragrancedb
325.4320000000001,1.7560999999999996,3,2,46.790000000000006,4,2,24,5,fragrancedb
60.120000000000005,-1.2392999999999996,0,1,4.44,0,0,4,0,fragrancedb
74.14699999999999,-0.4104000000000001,0,1,16.61,2,0,5,0,fragrancedb
430.6260000000001,4.272600000000005,6,3,96.22000000000001,19,0,30,1,fragrancedb
148.07,-4.791999999999999,6,2,120.72000000000001,3,0,10,0,fragrancedb
75.112,0.07979999999999998,2,0,17.07,0,0,4,0,fragrancedb
147.15299999999996,0.4497,2,0,40.129999999999995,2,1,11,1,fragrancedb
88.174,0.41850000000000004,0,1,27.64,3,0,6,0,fragrancedb
125.14899999999999,-2.226499999999999,3,1,84.84,2,0,7,0,fragrancedb
143.206,0.9526999999999999,2,0,40.129999999999995,5,0,10,0,fragrancedb
227.36799999999994,3.437400000000002,2,0,40.129999999999995,12,0,16,0,fragrancedb
212.33299999999997,3.854700000000003,2,0,26.3,7,0,15,0,fragrancedb
269.4489999999999,4.607700000000004,2,0,40.129999999999995,15,0,19,0,fragrancedb
199.31399999999996,2.6572000000000005,2,0,40.129999999999995,10,0,14,0,fragrancedb
115.15199999999999,0.17249999999999988,2,0,40.129999999999995,3,0,8,0,fragrancedb
181.19099999999997,-1.704899999999999,3,2,88.0,3,1,13,1,fragrancedb
163.244,0.4311999999999996,1,1,17.330000000000002,1,1,12,2,fragrancedb
115.15199999999999,0.3166,2,0,40.129999999999995,4,0,8,0,fragrancedb
135.14199999999997,-0.02100000000000013,2,0,40.129999999999995,2,1,10,1,fragrancedb
111.11999999999999,-0.13139999999999996,2,0,40.129999999999995,2,0,8,0,fragrancedb
151.14099999999996,-0.18470000000000053,3,0,49.36,3,1,11,1,fragrancedb
146.12199999999999,-4.123099999999999,4,1,107.89999999999999,4,0,10,0,fragrancedb
171.26,1.8769999999999998,2,0,40.129999999999995,8,0,12,0,fragrancedb
146.255,2.1071,2,0,17.07,3,0,9,0,fragrancedb
149.16899999999998,0.3691,2,0,40.129999999999995,3,1,11,1,fragrancedb
89.09399999999998,-2.6316999999999995,2,1,67.77,2,0,6,0,fragrancedb
99.10899999999998,-0.2975000000000001,2,0,40.129999999999995,3,0,7,0,fragrancedb
99.109,-0.2975000000000001,2,0,40.129999999999995,1,0,7,0,fragrancedb
210.273,2.717500000000001,3,1,38.69,6,1,15,1,fragrancedb
123.10899999999998,-1.2695,4,0,74.27,2,0,7,0,fragrancedb
175.212,-5.518999999999999,2,4,133.78,5,0,12,0,fragrancedb
117.148,-1.9971999999999985,2,1,67.77,2,0,8,0,fragrancedb
147.19799999999998,-3.2409999999999988,2,2,95.41,5,0,10,0,fragrancedb
149.16899999999995,0.5399999999999998,2,0,40.129999999999995,2,1,11,1,fragrancedb
131.17499999999998,-1.6070999999999982,2,1,67.77,3,0,9,0,fragrancedb
149.215,-1.9000999999999983,3,1,67.77,4,0,9,0,fragrancedb
75.06700000000001,-3.0218,2,1,67.77,1,0,5,0,fragrancedb
132.211,-3.6374999999999993,0,4,93.65,4,0,9,0,fragrancedb
121.16099999999999,-2.7233999999999994,3,2,67.77,2,0,7,0,fragrancedb
208.38899999999995,5.195200000000005,0,0,0.0,4,0,15,1,fragrancedb
169.244,1.6529999999999996,2,0,40.129999999999995,8,0,12,0,fragrancedb
157.233,1.4868999999999999,2,0,40.129999999999995,7,0,11,0,fragrancedb
166.21999999999997,1.9042000000000001,2,0,26.3,0,0,12,2,fragrancedb
170.32100000000003,3.4412000000000025,1,1,0.0,1,0,11,1,fragrancedb
134.22199999999998,2.774700000000001,0,0,0.0,0,0,10,3,fragrancedb
152.23700000000002,2.4238000000000013,1,1,20.23,1,0,11,1,fragrancedb
166.21999999999997,2.30792,2,0,25.67,2,1,12,2,fragrancedb
152.237,2.1136000000000004,1,1,20.23,0,0,11,3,fragrancedb
172.365,2.9663000000000013,4,0,0.0,4,0,7,0,fragrancedb
186.392,3.0088000000000017,4,0,0.0,5,0,8,0,fragrancedb
166.22,2.14672,2,0,30.21,2,1,12,1,fragrancedb
210.31699999999995,3.4882000000000026,2,0,26.3,7,0,15,0,fragrancedb
134.244,1.4657,2,2,20.23,2,0,8,0,fragrancedb
184.27899999999994,3.076100000000001,2,0,26.3,7,0,13,0,fragrancedb
180.20299999999997,1.0474,3,0,43.370000000000005,2,0,13,1,fragrancedb
126.17999999999998,1.4894999999999996,2,0,17.07,2,1,8,1,fragrancedb
220.35599999999997,3.5519000000000025,1,1,20.23,1,0,16,2,fragrancedb
101.12499999999999,-0.21760000000000002,2,0,40.129999999999995,0,0,7,0,fragrancedb
173.09999999999997,-4.367499999999999,6,0,120.38999999999999,5,0,12,0,fragrancedb
115.15199999999999,0.17249999999999988,2,0,40.129999999999995,3,0,8,0,fragrancedb
151.14099999999996,0.05869999999999986,3,0,49.36,2,1,11,1,fragrancedb
151.14099999999996,-0.45760000000000006,3,1,60.36,2,1,11,1,fragrancedb
152.129,0.9768199999999998,3,0,66.2,1,1,11,1,fragrancedb
102.20100000000001,0.8086000000000002,0,1,27.64,4,0,7,0,fragrancedb
167.22799999999998,1.4289999999999998,2,0,40.129999999999995,4,0,12,0,fragrancedb
74.14699999999999,-0.11570000000000003,0,1,27.64,1,0,5,0,fragrancedb
169.24399999999997,1.5088999999999997,2,0,40.129999999999995,5,0,12,0,fragrancedb
152.23699999999997,2.6862000000000013,1,0,12.53,3,0,11,1,fragrancedb
123.15499999999996,1.5383,2,0,22.0,1,1,9,1,fragrancedb
204.35699999999997,4.581100000000004,0,0,0.0,1,0,15,2,fragrancedb
116.11599999999999,-0.6649,3,1,46.53,0,0,8,1,fragrancedb
196.29,3.5678000000000027,2,0,26.3,7,0,14,1,fragrancedb
152.19699999999997,1.5113999999999999,3,0,35.010000000000005,3,1,11,1,fragrancedb
204.22199999999998,0.2537000000000001,5,1,72.83000000000001,6,0,14,0,fragrancedb
108.18399999999998,2.6728000000000014,0,0,0.0,1,0,8,1,fragrancedb
232.36699999999993,3.9841000000000033,1,0,17.07,0,0,17,3,fragrancedb
114.14399999999999,0.7544,2,0,26.3,1,0,8,1,fragrancedb
140.226,2.567800000000001,1,0,17.07,5,0,10,0,fragrancedb
168.23600000000002,2.921100000000001,2,1,29.46,2,0,12,1,fragrancedb
105.13799999999999,-0.9454000000000002,3,1,40.129999999999995,1,0,6,0,fragrancedb
185.28699999999998,2.2671,2,0,40.129999999999995,9,0,13,0,fragrancedb
116.11599999999999,0.031899999999999984,3,1,46.53,0,0,8,1,fragrancedb
118.20099999999998,1.2854,2,1,17.07,3,0,7,0,fragrancedb
166.22400000000002,2.0456,3,0,35.010000000000005,5,1,12,1,fragrancedb
846.917,2.98740000000001,19,0,238.08999999999995,19,0,59,2,fragrancedb
157.23299999999998,1.3428,2,0,40.129999999999995,6,0,11,0,fragrancedb
171.26,1.7328999999999999,2,0,40.129999999999995,7,0,12,0,fragrancedb
166.22400000000002,1.9014999999999997,3,0,35.010000000000005,4,1,12,1,fragrancedb
132.16599999999997,1.8229199999999997,1,1,28.68,0,0,10,2,fragrancedb
192.21099999999996,-1.2921000000000002,5,3,79.15,2,0,13,1,fragrancedb
158.309,1.4914,0,1,4.44,7,0,11,0,fragrancedb
157.23299999999998,1.3428,2,0,40.129999999999995,6,0,11,0,fragrancedb
113.136,-0.0515000000000001,2,0,40.129999999999995,3,0,8,0,fragrancedb
134.24400000000003,1.7328999999999999,2,1,9.23,5,0,8,0,fragrancedb
119.16499999999999,-0.5122000000000002,3,0,40.129999999999995,2,0,7,0,fragrancedb
99.10899999999998,-0.2975000000000001,2,0,40.129999999999995,1,0,7,0,fragrancedb
100.18500000000002,0.12219999999999998,0,1,16.61,0,0,7,1,fragrancedb
150.22099999999998,2.4418000000000006,1,0,9.23,0,0,11,2,fragrancedb
170.16399999999996,0.7687999999999999,4,0,52.6,1,0,12,1,fragrancedb
171.26,1.7328999999999999,2,0,40.129999999999995,7,0,12,0,fragrancedb
75.13499999999999,-1.4244999999999992,1,2,53.66,1,0,5,0,fragrancedb
135.14199999999997,0.9627999999999999,2,0,40.129999999999995,1,1,10,1,fragrancedb
121.11499999999997,0.5726999999999995,2,0,40.129999999999995,1,1,9,1,fragrancedb
213.34099999999995,3.047300000000001,2,0,40.129999999999995,11,0,15,0,fragrancedb
141.19,0.7066999999999999,2,0,40.129999999999995,2,0,10,1,fragrancedb
241.39499999999992,3.8275000000000023,2,0,40.129999999999995,13,0,17,0,fragrancedb
129.17899999999997,0.5626,2,0,40.129999999999995,4,0,9,0,fragrancedb
115.15199999999999,0.17249999999999988,2,0,40.129999999999995,3,0,8,0,fragrancedb
115.15199999999999,0.17249999999999988,2,0,40.129999999999995,3,0,8,0,fragrancedb
101.12499999999999,-0.21760000000000002,2,0,40.129999999999995,2,0,7,0,fragrancedb
101.03699999999999,-2.4957000000000003,4,0,74.27,2,0,7,0,fragrancedb
143.206,0.9526999999999999,2,0,40.129999999999995,5,0,10,0,fragrancedb
159.205,0.33319999999999994,3,0,49.36,7,0,11,0,fragrancedb
132.183,-0.5740999999999994,2,1,53.94,2,0,9,0,fragrancedb
146.20999999999998,-0.1839999999999996,2,1,53.94,3,0,10,0,fragrancedb
112.156,-0.8059000000000005,1,2,56.32,2,1,8,1,fragrancedb
141.146,0.9786399999999997,3,0,45.43,1,1,10,1,fragrancedb
220.35599999999997,3.3858000000000024,1,1,20.23,0,0,16,3,fragrancedb
115.13199999999999,-2.5378999999999987,2,1,56.739999999999995,1,0,8,1,fragrancedb
113.13599999999998,0.09260000000000002,2,0,40.129999999999995,2,0,8,0,fragrancedb
118.20100000000001,1.4427999999999999,2,1,9.23,0,0,7,1,fragrancedb
169.24399999999997,1.6529999999999996,2,0,40.129999999999995,7,0,12,0,fragrancedb
188.26999999999995,3.2140600000000017,1,0,17.07,2,1,14,1,fragrancedb
113.13599999999998,0.09260000000000002,2,0,40.129999999999995,3,0,8,0,fragrancedb
86.13399999999999,1.8582,1,1,20.23,2,0,6,0,fragrancedb
154.25300000000001,3.102000000000001,1,0,17.07,7,0,11,0,fragrancedb
100.16099999999997,2.2483,1,1,20.23,3,0,7,0,fragrancedb
208.30100000000002,2.629000000000002,2,1,37.3,2,0,15,1,fragrancedb
154.253,3.102000000000002,1,0,17.07,6,0,11,0,fragrancedb
102.20200000000001,1.8824,1,1,0.0,2,0,6,0,fragrancedb
137.11399999999998,0.45839999999999953,2,1,60.36,1,1,10,1,fragrancedb
137.11399999999998,0.45839999999999975,2,1,60.36,1,1,10,1,fragrancedb
167.13999999999996,0.4669999999999999,3,1,69.59,2,1,12,1,fragrancedb
193.17799999999997,0.8665999999999998,3,1,69.59,3,1,14,1,fragrancedb
153.11299999999997,0.1639999999999998,3,2,80.59,1,1,11,1,fragrancedb
163.15199999999996,0.8579999999999997,2,1,60.36,2,1,12,1,fragrancedb
192.30199999999996,3.5141000000000027,1,0,17.07,2,0,14,1,fragrancedb
222.37199999999999,4.684400000000005,1,0,17.07,8,0,16,0,fragrancedb
89.09400000000001,-2.6332999999999993,2,1,67.77,1,0,6,0,fragrancedb
131.17499999999998,-1.6070999999999982,2,1,67.77,3,0,9,0,fragrancedb
165.19199999999998,-1.410499999999999,2,1,67.77,3,1,12,1,fragrancedb
127.11899999999997,0.6756399999999998,3,1,56.43000000000001,0,1,9,1,fragrancedb
132.228,1.6755,2,1,17.07,4,0,8,0,fragrancedb
113.161,1.49382,2,0,13.14,0,1,7,1,fragrancedb
150.22099999999998,3.401320000000002,1,0,13.14,2,1,11,1,fragrancedb
248.4099999999999,5.384700000000005,1,0,17.07,12,0,18,0,fragrancedb
224.38799999999998,3.855800000000003,1,1,20.23,1,0,16,2,fragrancedb
198.30599999999995,3.4662000000000024,2,0,26.3,8,0,14,0,fragrancedb
220.35599999999997,3.9841000000000033,1,0,17.07,1,0,16,2,fragrancedb
152.237,2.4458,1,1,20.23,3,0,11,0,fragrancedb
204.35699999999994,4.270900000000004,0,0,0.0,0,0,15,3,fragrancedb
142.242,3.4186000000000023,1,1,20.23,6,0,10,0,fragrancedb
194.27399999999997,3.3438000000000017,2,0,26.3,6,0,14,1,fragrancedb
134.182,1.73644,2,0,25.78,1,1,10,1,fragrancedb
206.28499999999997,2.693100000000001,2,0,34.14,3,0,15,1,fragrancedb
83.06599999999999,0.35319999999999974,2,0,36.2,0,1,6,1,fragrancedb
144.214,2.9601000000000006,2,1,29.46,6,0,10,0,fragrancedb
155.19799999999998,1.2856999999999998,3,0,30.21,3,1,10,1,fragrancedb
115.202,1.6539,2,0,0.0,0,1,6,1,fragrancedb
165.212,1.205,2,0,40.129999999999995,5,0,12,0,fragrancedb
197.29799999999997,1.9788999999999999,2,0,40.129999999999995,3,0,14,1,fragrancedb
218.38399999999996,5.425500000000005,0,0,0.0,0,0,16,1,fragrancedb
181.16699999999997,0.5898999999999996,4,0,58.589999999999996,3,1,13,1,fragrancedb
