SMILES,MaxSimilarity,NearestNeighbor
CCCc1cccc(C)c1,0.6666666666666666,CCc1cccc(C)c1
C=CC(C)CCC=C(C)S,0.48148148148148145,C=CC(C)CCO
CCCCCCC1C=CC(=O)C1,0.4,CCCCCC1CC=CC(=O)O1
CC(N)c1cccc(C(C)CC=O)c1,0.39473684210526316,Cc1ccc(C(C)CC=O)o1
CCCCSCCCCCCCC=O,0.6521739130434783,CCCCCCCC=O
CSC(O)c1ccccc1,0.5217391304347826,CC(O)c1ccccc1
CC(=O)CC(C)CCC=C(C)CCCC(C)O,0.4358974358974359,CC(C)=CCCC(C)CC(=O)[O-]
C=C(C)C(C)OCC,0.42857142857142855,CCOC(C)OCC
CCC1CCC(C)O1,0.3448275862068966,CCC1CCC(=O)O1
CC1CNSC1,0.23809523809523808,CC1CCCC1
CC(C)C1CCCCC1,0.3888888888888889,CC1CCCCC1
CC1CCNC1C,0.25,CC1CCCC1
C=CC(C)CCCCCC,0.6,CCCCCCCCCC(C)C=O
O=CC1=CC(O)=CC1,0.2972972972972973,C=C(C)C1CC=C(C=O)CC1
CC(C)OC(O)C(C)C,0.375,CC(C)C(C)O
CCOC(O)C(S)CC,0.34782608695652173,CCOC(C)OCC
CCC(C)OC1CC=CC=CCC1,0.28125,CCC(C)OC
C=C(C)C1CC(C(C)=O)=CC=N1,0.2857142857142857,C=C(C)C1CC=C(C)C(=O)C1
CCCCNC=CC=O,0.4444444444444444,CCCCC=CC=O
C=CCC1=CC2=C(CCC2)CC1CC,0.25,C=CCc1ccc(OC)cc1
CC=C(C)CCC(=O)C(C)CC,0.46153846153846156,CCC(C)C(C)=O
OC(CCCCc1ccccc1)c1ccccc1,0.5172413793103449,OCCCCCc1ccccc1
COC1CC(C=O)CC=C1OC(C)C(C)C,0.25,CC(C)C1CC=C(C=O)CC1
CC(=O)CCSCCCCO,0.46153846153846156,CSCCC(C)=O
CC1CCCC(C)(C)CC1S,0.30303030303030304,CC1CCCC(C)(C)C1=O
C=C(C)C1(OC(C)=O)CCCCC1,0.32142857142857145,C=C(C)OC(C)=O
CCC(C)C(C)CCCCCO,0.5652173913043478,CC(C)CCCCCCCCCCCCO
CCCCCC1C(C)CCC1C,0.37037037037037035,CCCCC1CCCCC1
CC(CC(C)(O)COC(=O)C1CC1)C1CCCC(C)(C)C1,0.3333333333333333,CCOC(=O)C1CCCCC1
CCCCN=CCO,0.37037037037037035,CCCCCC=CCO
CC(C)CCC(=O)C(C)C,0.5714285714285714,CC(=O)CCC(C)C
CC1CCC2C(C)CCC(C(C)C)C2C1,0.5,CC1CCC(C(C)C)C(O)C1
CC(C)SC(S)CC1CCCCC1,0.3125,CCCCC1CCCCC1
CCCCCC1CC(O)CC(C)C1C(O)CCC,0.3076923076923077,CCCCCCCCCCC(O)CCC
COC1C=CC(C)C1,0.2692307692307692,CC1C=CCC1
CCC(C)C(C)CC,0.6428571428571429,CCCC(C)C(C)CC
CC1CCC2=C(CCC2C)O1,0.42857142857142855,CC1CCC(=O)O1
CCCC(O)CCCc1ccccc1,0.5714285714285714,CCCCc1ccccc1
CC(C)CC(C)(C)C,1.0,CC(C)CC(C)(C)C
C=C1CCC(CCCCCC)CC1,0.4482758620689655,CCCCC1CCCCC1
CC(C)CCCCCC(C)O,0.65,CCCCCCCC(C)O
O=C1CCC2C=CCCC2O1,0.375,CC1CCC(=O)O1
CSC(C)O,0.45454545454545453,CC(C)O
CC(S)C1CCCCC1,0.35,CC1CCCCC1
CCCNCC1CCCC(=O)O1,0.6176470588235294,CCCC1CCCC(=O)O1
CCC(C)COc1ccco1,0.36363636363636365,CCc1ccco1
CC=CC1=CC(SC)C(CC)C(CC)=C1,0.19607843137254902,CC=Cc1ccc(OCC)c(O)c1
COCCCCO,0.47619047619047616,COCCOCCO
CCCC(=O)CCC(C)C,0.6818181818181818,CCC(=O)CCC(C)C
CCC1C=CCC(O)C1,0.26666666666666666,CCC1CCC1O
CC(=O)OCC(C)CC(C)C,0.6521739130434783,CC(=O)OCC(C)C
CCCCCCCCCCCCC(C)O,1.0,CCCCCCCC(C)O
C=C1CC(C)CCC1C(C)(C)CC(C)O,0.35,CC1CCC(C(C)(C)S)C(=O)C1
CCCC(=O)OCCC(C)CCCC(C)S,0.5882352941176471,CCCC(=O)OCCC(C)C
C=C(C)OC(CS)CCC,0.45161290322580644,CCCC(CS)OC=O
CCC(C)Cc1ccc(CC(C)C)cc1,0.38095238095238093,CCC(C)CC
COC1=CC(C)=CCC1,0.42857142857142855,COC1=CCCCC1
CCCC(O)CC(C)CC,0.5714285714285714,CCCC(O)CC
CC(CC1C=COC=C1)c1ccccc1,0.4375,CC(CO)c1ccccc1
CC(C)CC(C)S,0.4117647058823529,CC(C)CC(C)O
CC=CC1=CC(OC)C(CC(C)O)C=C1,0.2542372881355932,CC=Cc1ccc(OC(=O)Cc2ccccc2)c(OC)c1
C=C(O)C(=CC(C)O)CC(=O)O,0.2727272727272727,COC(=O)CC(C)O
CCCCC(C)CS,0.6,CCCCC(C)CC
C=COC(C)=CCC,0.34615384615384615,CCC=C(C)C=O
C=CCCCCCC(O)OC,0.45454545454545453,C=CCCCCCCCCC(=O)OC
COC1CC=CC=C1C(C)C,0.22857142857142856,CC1=CC=C(C(C)C)CC1
C1CO1,0.8333333333333334,C1COCCO1
CC1CCC2C(CCCC2(C)C)C1,0.35,CC1CCC2C(C1)C(C(C)C)CCC2(C)O
CC1=C(OC(C)O)C(=O)C(C)O1,0.3684210526315789,CC(=O)OC1=C(C)C(C)OC1=O
Cc1ccc(C)c2c1CCC(C(C)(C)C)C2,0.3333333333333333,CC1=CCC(C(C)(C)O)CC1
CCCCC=C(C)C,0.46153846153846156,CCCCCCC=C(C)C(C)=O
C=C(O)C(C)CC,0.42857142857142855,CCC(C)C(C)=O
CNCC(C)Cc1ccccc1,0.4375,CC(C)CC(O)Cc1ccccc1
CC1=CC=C2C(CCCC2(C)C)C1,0.3333333333333333,CC1CCCC(C)(C)C1=O
CCCC1C=CC(O)C(OC)C1,0.21621621621621623,CCCCC1CCCCC1
C=C(CCCC=CCC)CCc1ccccc1,0.39473684210526316,CC(=O)CCc1ccccc1
C=C(C)C(C)c1ccccc1,0.5185185185185185,CC(C(=O)[O-])c1ccccc1
CCOCCC1CCCCCCCCCCC1,0.5,CCCCC1CCCCC1
CCCC=CCCN(O)CCCO,0.4827586206896552,CCCC=CC=CCCCO
CCC1C=C(C)CCC1C,0.4117647058823529,CC1=CC2OCC(C)C2CC1
CC(=O)C(O)CCCC(C)C,0.52,CC(=O)CCCC(C)C
c1ccccc1,1.0,c1ccccc1
CC(C)CCCC(C)COCC(O)Cc1ccccc1,0.5,CC(C)CC(O)Cc1ccccc1
OC(=S)CCC1=CC=CCC1,0.2647058823529412,CC(C)=C1CCC=CCCC=CCC1
CCCCCCCCCSCC,0.5,CCCCCCCC
CCC(C)C(=O)OCC1=CC=CC1,0.5,CCC(C)C(=O)OCc1ccccc1
CCc1ccc(C(C)CC)cc1,0.55,CCc1ccc(CC)cc1
CCCCCSC,0.5263157894736842,CSCCCCO
CC1=CC(C)C=CC1C,0.25806451612903225,CC1=CCC(C(C)C)C=C1
C=CCCSCC,0.42857142857142855,C=CCCCC
CC(=O)C1=CCC=C1,0.30303030303030304,CC(=O)c1ncc(C)nc1C
CCCC(=O)CCSC,0.631578947368421,CCCC(=O)CCC
CCCCC1CC=CC=C1C,0.30952380952380953,CCCCCC1CC=CC(=O)O1
CCCCC(C)(C)C,0.42857142857142855,CCCCC
CC=CCOC,0.3333333333333333,CC=CCCO
CC(C)C1CCC(C)(C)C(C(C)O)O1,0.3023255813953488,C=CC1(C)CCC(C(C)CO)O1
CCC1C=CSC1C,0.23076923076923078,CCC1CCC1
CC1=CC(CC(C)C)=CCC1CCC=O,0.2619047619047619,CC(C)CCCCCCCCCCC=O
C=CCCCC=C,0.6,C=CCCCC
CCN(C)CC(C)CCC=C(C)C,0.5161290322580645,CC(C)=CCCC(C)CCO
CC1=CCC(OC(O)CC2C=CCCC2)C=C1,0.32142857142857145,CC(C)=CCCC(C)C1C=CC(C)=CC1
CCCCCCCCC(C)CCCC,0.9375,CCCCCCC(C)CCCCC
C=C(CCCC)C(C)(C)C,0.375,CCCCC(C)=O
CCCCCCCOC,0.55,CCCCCCCOCC
CCCCCCCC(O)OCC,0.52,CCCCCCCC(C)O
CCCNCOC(O)C(C)CC,0.35714285714285715,CCC(C)C(C)O
CCCCCCCOCCC(C)O,0.6,CCCCCCCC(C)O
CCC(CC(C)C)OC,0.42857142857142855,CCC(C)OC
C=C(C=O)C(C)CC(C)(C)O,0.34285714285714286,CC(CC=O)CCCC(C)(C)O
CC(CO)CC1CCC(C(C)C)CO1,0.28125,CCC(C)CO
COCOOCCCC(C)C,0.36,CCCCC(C)C
C1CCCC1,1.0,C1CCCCC1
CCC(=O)C(C)CC1C(C)=CCCC1(C)C,0.40425531914893614,CC(=O)C=CC1C(C)=CCCC1(C)C
CC(C)(C)CC(N)CCCC=O,0.3870967741935484,CC(CC=O)CC(C)(C)C
C=CC(C)CS,0.45454545454545453,C=CC(C)CCO
C=C(CCC)C(C)(C)OC,0.375,C=C(C)CCC
CC1=c2ccccc2=NC1C,0.30434782608695654,Cc1ccccc1C
CCCOCCCO,0.65,CCOCCCO
C=CCC(C)C(=O)CCC,0.5357142857142857,C=CCC(C)C(=O)[O-]
CC1=CCC=C1,0.32142857142857145,CC1=CCC(C(C)C)C=C1
CCC(C)c1ccc(C(C)C)cc1,0.5,Cc1ccc(C(C)C)cc1
CC=CC=CCCC(C)=O,0.5172413793103449,CC=CC=CCCC=CC(=O)[O-]
CCC(C)CSC(C)O,0.42105263157894735,CCC(C)CC
CC(C)CC(O)C(C)C,0.5294117647058824,CC(C)CC(C)O
C=C(CC(C)C)OCCC(C)C,0.5555555555555556,CC(C)CCOC(=O)CC(C)C
OCCCC1=CC=CC1,0.3333333333333333,OCCCc1ccccc1
CCCCCOCCCCC(C)CC,0.6086956521739131,CCCCC(C)CC
CCC1=CCCC1CC,0.2903225806451613,CCC1=CCCC=C1
C=CC1=CCC(OC)C(CC)C1,0.23404255319148937,C=C(C)C1CC=C(C=O)CC1
CC(O)O,0.7142857142857143,CC(C)O
C=C(C)C,0.625,C=C(C)C(=C)C
CCCC1=CCC=CC1C,0.23529411764705882,CCCc1ccc(O)cc1
CCC=COCCCC(CC)OC,0.275,CCCCCC(CC)OC(C)=O
CC(C)CC(=O)C1=CCCC=C1N,0.3333333333333333,CC(C)CC(=O)CC(C)C
CCCCCCCCOC(C)Cc1ccccc1,0.48717948717948717,CCCCCCOC(=O)Cc1ccccc1
CC(C)=CCCC(C)CCCC(C)CC(C)C,0.6071428571428571,CC(C)=CCCC(C)CCO
CC(C)C1=CCC(O)C=C1,0.3333333333333333,CC1=CCC(C(C)C)C=C1
CCC(O)SCOCc1ccccc1,0.4358974358974359,CCC(C)C(=O)OCc1ccccc1
CC(C)CCCCC(=O)C1CC=CCC1C,0.38461538461538464,COC(=O)CCCCCCCCCCCCC(C)C
CCCCCOC(C)C,0.4444444444444444,CCCCCCOC(=O)C(C)C
COc1cccnc1C(C)C,0.5172413793103449,COc1nccnc1C(C)C
CC(C)CC1CC(C)CC(C)C1,0.26666666666666666,CC1CCC(C(C)C)C(O)C1
C=CCNCCO,0.34782608695652173,C=CCCCO
CCCCCCC(C)COC(C)C,0.6086956521739131,CCCCCCC(C)CCCCC
CCCCCCCCCC(C)C,1.0,CCCCCCCCCCCCCCCC(C)C
CCCCCCCCCOCCC,0.6842105263157895,CCCCCCCOCC
CC(C)CCCC(C)CCOC(O)C1=C(N)C=CCC1,0.3181818181818182,CC(C)CCCC(C)CCO
C=CCCOC,0.38095238095238093,C=CCCCC
CCCCC(C)C(C)=O,1.0,CCCCC(C)C(C)=O
CCCCOSCCC,0.34615384615384615,CCCCOCCO
CCCCCCCCN,0.6153846153846154,CCCCCCCC
CC1C=CC(C)C(C)C1,0.2916666666666667,CC1C=CCC1
CCC(C)CCC(C)CC,0.6666666666666666,CCC(C)CC
CC(C)C1CCC2CCC(O)COC2C1,0.29411764705882354,OC1CCC2CCCCC2C1
C=C(C)C(CC)CC=C(C)C,0.68,C=C(C)C(CO)CC=C(C)C
C=C(CCC)SC1CCCC1C1CCCC1,0.2857142857142857,CCCC(=O)OC1CCCCC1
NC=Cc1ccccc1,0.4782608695652174,O=CC=Cc1ccccc1
CCCCCc1ccoc1C,0.46875,CCCCCc1ccco1
COCC(=O)C=O,0.47619047619047616,COCC(C)=O
CC1=CSC(C(C)C=O)C=C1,0.2894736842105263,CC1=CCC(C(C)C)C=C1
CC1CSC(c2cccnc2)C1,0.3953488372093023,C[NH+]1CCCC1c1cccnc1
C=C(CCCCCCOCC)CC(CCCCCCCC)C(C)O,0.4444444444444444,CCCCCCCOCC
CCC1C=CC(C(C)O)CC1,0.25925925925925924,CCC(C)O
CCC(C)C1=CCCCC1OC,0.2857142857142857,CCC(C)c1nccnc1OC
C=C(C)c1ccccc1N,0.6,CC(=O)c1ccccc1N
CC1=CC=C(C)OC1,0.2857142857142857,CC1=CC=C(C(C)C)CC1
CC1CCC(CO)C(C)(C)C1,0.2857142857142857,CC1(C)C2CCC(CO)C1C2
C=C(CC)CC1CC=CCC1,0.24242424242424243,CC1C=CCC1
C=CCCC(O)CCCCCC,0.6923076923076923,C=CCCC(O)CCC
CCCCC1CC(C)CC(C)(C)C1,0.3870967741935484,CCCCC1CCCCC1
CC(CO)CCC(C)C(C)C,0.42857142857142855,CCC(C)CO
OCCC(O)C1C=CC=C1,0.2916666666666667,CC(C)CCO
CC(=O)C1=NCCO1,0.36666666666666664,CC(=O)C1=NCCC1
CC(O)CCC1=CC=CC(C)C1,0.3181818181818182,CC1=C(CCC(C)O)C(C)(C)CCC1
C=C(CCCCC)CCCC(O)CCC,0.6153846153846154,CCCCCCCCCCC(O)CCC
OC1=CCCC1,0.3076923076923077,COC1=CCCCC1
CCC(C)C(O)O,0.625,CCC(C)C(C)O
CC1=C(C)CS2(CCCCC2)C(C)C1,0.21428571428571427,CC1CCCCC1
CCCCOC(C)CCC(=O)CCCCO,0.4375,CCCCCC(=O)CCCCC
CC(=O)C1CCCC1C,0.3103448275862069,CC(=O)OC1CCCCC1
CC(C)C(C)Sc1ccccc1,0.375,CC(C)c1ccccc1
COC(O)C1(C)CCCCC1,0.23529411764705882,CC1CCCC2(C)CCCCC12O
CC(Cc1ccccc1)SO,0.5,CC(C)CC(O)Cc1ccccc1
CCCC(O)C1C=CCS1,0.3103448275862069,CCCC(O)CCC
CCCCCC(=O)C1C=CC=CC1O,0.4,CCCCCC(=O)CCCCC
COc1ccccc1C(C)C,0.6,COc1ccccc1OC
CCC1CC(C)=C(O)C1C,0.3103448275862069,CCC1CCC1O
CCC(O)(CC)C(C)N,0.35,CCC(C)(O)CC
CCOC(=O)C1CC2=CC1CC2,0.4146341463414634,CCOC(=O)C1CCC(=O)O1
CCCCCCCC(O)CCCCC,0.8888888888888888,CCCCCCCCCCC(O)CCC
CCCCOCCCCC(=O)O,0.5,CCCCOCCO
CCCC(O)CC(C)N,0.55,CCCC(O)CCC
CC=CCSCCC,0.34615384615384615,CC=CCCCCCCCCCC
CC(=O)C(C)C(C)C(C)O,0.5882352941176471,CC(=O)C(C)O
CCC(C)C(O)CCCC(C)C,0.4444444444444444,CCC(C)CC(C)CCCC(C)C
CC(C)CC(O)C(C)O,0.5294117647058824,CC(C)CC(C)O
C=C1CCCCCSCC=CCOCCCC1,0.275,O=C1CCCCCCCCCOCCCCCO1
CC(C)C(O)CCC1=NCC=C1,0.25,CC(=O)CC(O)C(C)C
CCCC1=CCC(C(C)C)C=C1,0.53125,CC1=CCC(C(C)C)C=C1
C=CCCCC(C)C(C)O,0.41379310344827586,C=CCCC(O)CCC
CCOC(C)SCCCSC,0.34615384615384615,CCOC(C)OCC
C=CC1(O)CCC(=O)O1,0.4827586206896552,CC1(O)CCC(=O)O1
CC(=O)OCC1CC=COC1C,0.36585365853658536,CC(=O)OCC1CCCO1
CCCCSCCCCCC=O,0.6521739130434783,CCCCCCCC=O
CSc1cc(C(C)C)ccc1C,0.5172413793103449,Cc1ccc(C(C)C)cc1O
CC1CC(=O)C(C)O1,0.4,CC1OCCC1=O
CC(C)=CCCC1(C)CCC(C)C1,0.46153846153846156,CC(C)=CCCC1(C)OC2(C)CCC1CC2
CCCC(CC)CC,0.5294117647058824,CCCC(CO)CCC
C=C(OCc1ccccc1)C(C)CC,0.6666666666666666,CCC(C)C(=O)OCc1ccccc1
C=CC1(C)CCC(C(C)(C)CCNC(C)C)S1,0.2641509433962264,C=CC1(C)CCC(C(C)CO)O1
CCCCC(C)OCC(O)CC,0.5384615384615384,CCCCC(O)CC
C=Cc1ccc2c(c1)OCO2,0.6428571428571429,O=Cc1ccc2c(c1)OCO2
CC(O)CC(C)c1ccccc1,0.6,CC(CO)c1ccccc1
CC(C)=CCCC(C)CC=CC(C)C,0.6,CC(C)=CCCC(C)CC=O
CC(C)CCCC(C)CCCC(=S)Cc1ccccc1,0.42105263157894735,CC(=O)CCCC(C)CCCC(C)CCCC(C)C
CCC(CC(C)CCCC(C)C)OC,0.5925925925925926,CCC(C)CC(C)CCCC(C)C
CC1CCC2C(C1)CC(O)C2C,0.3870967741935484,CC1CCC(C(C)C)C(O)C1
CCCCCC(C)CCC(C)CC,0.7368421052631579,CCCCC(C)CC
CCCC(O)C1=CC=CC1,0.3333333333333333,CCCC(O)CCC
C=CCCc1ccccc1,0.5833333333333334,O=CCCc1ccccc1
CC(C)C1CC=C(CO)CC1,0.5142857142857142,C=C(C)C1CC=C(CO)CC1
C=C(C)C(=O)C(C)C,0.47058823529411764,CC(=O)C(C)C
CCCC(O)C(C)C(C)O,0.5,CCCC(C)O
COCCC1C=CC=C1,0.3076923076923077,COCCOCCO
C=CC1=CCC(C)C(CC(C)C)C1,0.2727272727272727,CC(C)C1CC=C(C=O)CC1
COC(C)CC1C=CCCC1,0.2903225806451613,CCC(C)OC
C=CNCC1C=CC(OC)CC1,0.19607843137254902,C=CC1(C)CCC(C(C)(C)O)CC1C(=C)C
CCC1(CC)CCCCC1CO,0.2972972972972973,CCC1(O)C2(C)CCC(C2)C1(C)C
CCCCCCCCCCCCC(O)O,0.65,CCCCCCCC(C)O
CC(=O)CC1CCC2C3CCC(C3)C12,0.2564102564102564,CC(=O)OC1CCC(C(C)(C)C)CC1
CCCCc1ccccc1,1.0,CCCCc1ccccc1
CCCC,0.5,CCCCC
CC(S)C=O,0.5384615384615384,CC(C)C=O
C=C(CC)OC(C)(C)C,0.2972972972972973,C=CC(C)(CCC=C(C)C)OC(=O)CC
C=C(OCC)C(C)(O)c1ccccc1,0.43333333333333335,CC(C)(O)c1ccccc1
CCCOCCC,0.42105263157894735,CCCCOCCO
CCCCCCOC(C)CCCC,0.45161290322580644,CCCCCCCC(C)OC(C)=O
CCCCCOCCCCOC(=O)Oc1ccc(C)cn1,0.3829787234042553,CCCCCOC(=O)c1ccccc1
CCC1=COC(CC)O1,0.29411764705882354,CCC1OC=C(CO)C1=O
Cc1ccc(C(C)C)c(C)n1,0.37037037037037035,Cc1ccccc1C(C)C
C=CC(C)(C)C(=O)CC(C)C,0.40625,C=CCOC(=O)CC(C)C
CCC1OC(OC(C)C)CC1C,0.28205128205128205,CC(C)OC1OCCC1=O
C=C(C)C1CC(CCCC)CC1O,0.42424242424242425,C=C(C)C1CCC(C)CC1O
C=CC1(C)CCC(O)C1,0.38235294117647056,C=CC1(C)CCC(O)C(C)(C)O1
C=CC(=C)CCCC(C)CC,0.4666666666666667,CCC(C)CCCC(C)(C)O
C=C(CC)CCC,0.5,C=C(C)CCC
CCCCC(C)CCCC,0.75,CCCCC(C)CC
CCC(Cc1ccccc1)NC,0.4230769230769231,CCc1ccccc1
C=C(C)C1CCC(C)CC1,0.5,C=C(C)C1CCC(C)C(O)C1
CCCCOC,0.45,COCCCCCS
COC(O)C1OC1c1ccccc1,0.375,CCOC(=O)C1OC1c1ccccc1
CCCC(C)CCC1C(C)CCCC1(C)C,0.2631578947368421,CCCC(C)CC(C)O
CC1CCC(=O)C1,0.7142857142857143,CC1CCCC(=O)C1
Cc1cccc(C)c1C,1.0,Cc1cccc(C)c1C
CC=CC(O)C1C(C)CC=CC1(O)O,0.2647058823529412,CC=CC(C)O
C=CCC,0.4375,C=CCCCC
CC(C)C(O)O,0.6,CC(C)C(C)O
CC(O)COc1ccccc1,0.48484848484848486,CC(C)C(=O)OCCOc1ccccc1
CCCCCCCC(C)OO,0.5714285714285714,CCCCCCCC(C)OC(C)=O
CCCC(C)CC(C)OC,0.5,CCCC(C)CC(C)O
CCC(=O)CCCCCCCCCSC,0.6,CCCCCCCC(=O)CC
CC(C)OCO,0.375,CC(C)CO
CCCCCC=N,0.5263157894736842,CCCCCC=CCCCCCC
CC(C)CCC(C)OCC(C)C,0.3333333333333333,CCCC(C)C
COCCCCCCC=O,0.5789473684210527,O=CCCCCCCCCC=O
CC1CCOC1C,0.3,CC(C)=CC1CC(C)CCO1
CC1CC=C2N(CCCC2(C)C)C1,0.28205128205128205,CC1CCCC(C)(C)C1=O
CCCCC1CCC2(CCCC2)O1,0.39473684210526316,CCCCC1CCCC(=O)O1
CCCCCN1C(C)CCC1C,0.35,CCCCCC
CCC1=CC(OC)C(O)CC1,0.2765957446808511,C=C(C)C1CC=C(COC(C)=O)CC1
CCCSOC1C=CC=C1C,0.21212121212121213,CCCSSC
CCCCCCCCOC(C)O,0.5,CCCCCCOC(=O)C(C)C
C=CC(CCCCC)Cc1ccccc1,0.42424242424242425,CCCCc1ccccc1
COC(C)(C)CC(C)O,0.5,CC(O)CC(C)(C)S
CCNC(=O)C1=C(CC)C(C)CCC1(C)C,0.2857142857142857,CC1CCCC(C)(C)C1=O
CCC(C)CCN,0.5,CCC(C)CC
CC=Cc1ccc(OC(C)CCC)c(OC)c1,0.6111111111111112,CC=Cc1ccc(OC)c(OC)c1
CCC(=O)C1=COC=CC1CC(C)C,0.275,CCC(=O)c1ccccc1
CCCC(=O)CC1=CC=C(C)CC1,0.3793103448275862,CCCC(=O)CCC
CCSC(C)(C)C1CCC(C)CC1,0.3939393939393939,CC1CCC(C(C)(C)CC(=O)[O-])CC1
CCCC1CCC2CC1C2(C)C,0.6206896551724138,CC1(C)C2CCC(CO)C1C2
CCCC(C)CCC(C)(CCC)COC,0.30303030303030304,CCCC(C)CC(C)O
CC(C)C1(C)CCS23CC1C(C)(O)C2CCC3C,0.2727272727272727,CC1CCCC2(C)CCCCC12O
CC(=O)C1C=CC(C)=CC1C,0.2972972972972973,C=C(C)C1C=CC(C)=CC1
CC(=O)CCCC(C)(C)C,0.5,CCCCC(C)=O
CC=C(C)C(O)CCC(C)C,0.34782608695652173,CC(C)CC(O)CC(C)C
CC1OC(C)(O)C(C)CC1(C)C,0.2727272727272727,CC1(C)COC(=O)C1O
CC1CC(C)CC(C(C)C)C1,0.3333333333333333,CC1CCC(C(C)C)C(O)C1
CCCC(=O)CCCCCCOC,0.64,CCCCCCC(=O)CCC
CCC1CC=CO1,0.2972972972972973,CCCCCC1CC=CC(=O)O1
CCC1=CCC(C(C)CC)C=C1,0.4,CC1=CCC(C(C)C)C=C1
CC1CCCC2(C)CCC(C(C)(C)S)CC12,0.3404255319148936,C=C1CCCC2(C)CCC(C(C)(C)O)CC12
CC(C)OC1C(=O)CCC1C,0.45454545454545453,CC(C)OC1OCCC1=O
CCC(C)=CCCC(C)=CCO,0.7083333333333334,CC(C)=CCCC(C)=CCCC(C)=CCO
CCCOCOC(=O)c1ccccc1,0.7333333333333333,CCCOC(=O)c1ccccc1
CCC(C)C1C=CC=C1,0.3157894736842105,CCC(C)C
CS(=O)C(O)CS,0.2916666666666667,CCC(=O)CS
CC(C)C(C)OCCC1=CCCCC1,0.39473684210526316,CC(=O)CC1=CCCCC1
CCCc1ncccc1C,0.39285714285714285,Cc1ccccn1
CCOC(O)C(C)CC(C)C,0.391304347826087,CCOC(C)OCC
CCCCCC(C)OC,0.5185185185185185,CCCCCC(C)OC(C)=O
CC1OCC(C2=CC3SCOC3C=C2)O1,0.22,CC1=CC2OCC(C)C2CC1
CCC1CC(C(C)NC)CC1C,0.24242424242424243,CCC1CCC1O
CCCC(CC)CC=O,0.4,CCCC(C)C=O
CCCCC(=O)C(C)S,0.6521739130434783,CCCCC(=O)C(C)C
CCC(C)CC(O)C=C(C)C,0.3870967741935484,C=CC(=C)CC(O)C=C(C)C
CC1CCC(CNc2ccccc2)O1,0.30303030303030304,CNc1ccccc1
CCCCOCC,0.7647058823529411,CCCCCCCOCC
CCCOC,0.3684210526315789,CCCOC=O
C=C1C(C)OC(CC)C1O,0.3225806451612903,CCC1OC1CCO
CCCC(C)C1C(C=C(C)C)C1(C)C,0.375,CCOC(=O)C1C(C=C(C)C)C1(C)C
CC(C)CCCCc1ccccc1,0.5384615384615384,CCCCc1ccccc1
COC1CC=CO1,0.21621621621621623,COC(C)(C)C1CC=C(C)CC1
CC(C)CCSC(N)C(C)C,0.30434782608695654,CCCC(C)C
CC1CCCCC1C,0.5384615384615384,CC1CCCC1
C=C(CCC)OCC,0.4782608695652174,CCCC(=O)OCC
C1=CCC=C1,0.8888888888888888,C1=CC=CCC=C1
CCOC1CC(C(C)C)C=CC1C,0.2564102564102564,CC1=CCC(C(C)C)C=C1
CCC=CCCCCCC,0.8235294117647058,CCCCCC=CCCCCCC
CC(C)C1CCC(=O)OC1,0.36666666666666664,CC1CCC(=O)O1
C=C(CCCC=CCC)C(C)O,0.40625,C=CC(O)CC=CCC
C=CCC(C)C1CCCC(C)(C)C1,0.3111111111111111,C=CC1(C)CCC(C(C)CO)O1
C=C1CCCC1,0.3333333333333333,O=C1CCCC1
CC1=NCCC1,0.4,CC(=O)C1=NCCC1
CC(CO)CCC1CCC(C)C1(C)C,0.28125,CCC(C)CO
CC1CCC(C(C)C(C)(C)C)C(C)C1,0.41935483870967744,CC1CCC(C(C)C)C(O)C1
C1COSC1,0.23529411764705882,C1CCSC1
CCC(=O)NCC(C)(C)CC(C)C1CCCC(C)(C)C1,0.22033898305084745,CCC(=O)OC1CC2CCC1(C)C2(C)C
CSCO,0.5,CSCCO
CC(C)CC1CCCS1,0.2777777777777778,CC(C)CC(=O)OC1CCCCC1
CC1CC(C)(C)CC(C)C1O,0.38461538461538464,CC1(C)CC2C(C1)C1(C)CCCC2(C)C1O
CCCCCOCCS,0.5454545454545454,CCCCCCCOCC
CC(C)CCCC(=O)CCC(C)CCCC(C)C,0.6666666666666666,CC(=O)CCCC(C)CCCC(C)CCCC(C)C
CCC1CCC(OC)C1,0.375,CCC1CCC1
CC(=CC(=O)O)CCCC(C)C,0.6153846153846154,CC(=O)CCCC(C)C
CC(=O)C(C)CC(C)C,0.55,CCC(C)C(C)=O
CC1CCC2C(CC(=O)C2O)C1,0.3333333333333333,CC1CCC(C(C)C)C(=O)C1
Cc1cc(CCO)ccn1,0.3793103448275862,OCCc1ccccc1
C=C(O)C(C)CC(C)C,0.4,CC(C)CC(C)O
CCCCCC1=CC(C)C=C1,0.3157894736842105,CCCCCc1cccc(=O)o1
CC1=CC(C(C)C)C(C)=C1,0.2972972972972973,CC1=CC2C(CC1)C(C)=CCC2C(C)C
CCCC(CC)OC,0.38095238095238093,CCC(C)OC
C=C(O)C1CC=CCC1,0.2631578947368421,C=C(C)C1CC=C(C)CCC=C(C)CC1
O=C(O)C=CC(O)O,0.3,O=C([O-])C(O)C(O)C(=O)[O-]
C1COCOC1,0.3333333333333333,C1COCCO1
CCC(C)C(CC)OC(C)=O,0.56,CCC(C)OC(C)=O
COCCC(C)CCC(C)=O,0.5555555555555556,CCC(C)CCC(C)=O
CCC(C)C(=O)C(O)CC,0.5,CCC(C)C(C)=O
CC1CCC(C(C)C)C(C)C1,0.6,CC1CCC(C(C)C)C(O)C1
CCCCC1CCCCC(=O)C1,0.5517241379310345,CCCCC1CCCCC1
CC(C)C(C)C(C)CCc1ccccc1,0.41379310344827586,CCCCc1ccccc1
CCC(O)CCOCCCO,0.5,CCOCCCO
CC(C)CC(O)Cc1ccccn1,0.5454545454545454,CC(C)CC(O)Cc1ccccc1
CC(C)CCCC(C)COOC(C)C1=CC=CCC1,0.27906976744186046,CC(C)CCCC(C)CCO
CC1=CCCC(C)CCC(C)(C)CCC1,0.37209302325581395,C=C1CCC=C(C)CCC2C1CC2(C)C
CCC(C)CCCC(C)CCOC(C)CC,0.4642857142857143,CCC(C)CCC(C)CCCCC(C)C
CCCCCCCC(O)C(CC)CC,0.5416666666666666,CCCCCC(O)CC
CCC(O)CCC(CC)CCNC,0.44,CCCC(O)CC
CCOCCC1=C(C)COC1C,0.2571428571428571,CCOCCCO
CCCCCCCCCCOCCCC,0.7222222222222222,CCCCCCCOCC
CCC=CCCCC(=O)C(C)O,0.42857142857142855,CCC(=O)C(C)O
CC(=O)C1CC(C)CC1C,0.35294117647058826,C=C(C)C1CCC(C)CC1OC(C)=O
CCCCCC(C)CCO,0.7,CCCCCCC(C)CCCCC
CC1COC(O)CC1C,0.2727272727272727,CC(C)=CC1CC(C)CCO1
C=C(C)CCCC(C)CCCC(C)C,0.6923076923076923,C=C(C)CCCC(C)CCO
CCC(O)OCC(C)C,0.4,CCC(C)O
CCCCCCC1CC(C)C(C)O1,0.40540540540540543,CCCCCCCC1CCC(=O)O1
Cc1cccc(Sc2ccccc2)c1,0.5,Cc1cccc(C)c1
C=CCCCCCC(=C)C,0.5384615384615384,C=CCCCCCCCC(=O)CCC(=O)CCCCC=C
CCC1CCCC=N1,0.32,CCC1CCC1
Cc1cc(CC(C)C)c(C)o1,0.3870967741935484,CC(=O)c1cc(C)oc1C
OCCCCCCCOCC1=CONC=C1,0.425,OCCCCCOCc1ccccc1
CCCC(C)CCc1ccco1,0.6206896551724138,CCCc1ccco1
CC1C=CCC1,1.0,CC1C=CCC1
C=CC(CCC)c1ccccc1,0.3870967741935484,CCC(O)c1ccccc1
CC1CCSNC1,0.2727272727272727,CC1CCCC1
C=C(CCCCCCC)CCCCCCC,0.5238095238095238,CCCCCCCCCC(=O)CCCCCCCCC
CCCCCCCC(=O)Cc1ccccc1,0.5833333333333334,CCCCCCC(=O)OCc1ccccc1
O=C(O)CCC(O)O,0.3076923076923077,CCCC(=O)C(O)CCC
CC1C=C2C(C)(C)CCCC2(C)C1C,0.35294117647058826,CC1CCCC(C)(C)C1=O
CC=Cc1ccc(CC(C)OCC)c(CC)c1,0.4,CC=Cc1ccc(OCC)c(O)c1
CCCCCC1C=CCCCCCCCCC1,0.40625,CCCCC1CCCCC1
CC1OCC=C1CCCC1CCCC1,0.37142857142857144,CCCCC1CCCCC1
CCCCCCCC(C)OC(C)C,0.5217391304347826,CCCCCCCCCCCCCCCC(C)C
C=CCCCCCC(C)=N,0.5185185185185185,C=CCCCCCCCC(=O)CCC(=O)CCCCC=C
CCCC1CCC2CC1C2(C)S,0.4,CC1(C)C2CCC(CO)C1C2
COC(C)C(O)CC(C)C,0.42857142857142855,CC(C)CC(C)O
CC(C)CC(C)CCC1=CC=C(O)CC1,0.25,CC(C)CC(C)O
C=C(CO)C1CC=C(C)CS1,0.34210526315789475,C=C(C)C1CC=C(C)CC1
C=C(C)CCCCCCCC,0.5789473684210527,C=C(C)CCC
CC(C)CCC(C)C1C=CC=CC1C,0.25925925925925924,CCCC(C)C
CCc1cccc(CO)c1O,0.5,CCc1ccccc1O
CCC1=CC=C(OC)CO1,0.2727272727272727,COC1=CCCCC1
CCC=CC(C)CCONCCC,0.29411764705882354,CCCC(C)C=O
CC1=CC=C(C(C)CC=O)C1,0.4166666666666667,Cc1ccc(C(C)CC=O)o1
CCCC(C)OC(C)C,0.44,CCCC(C)OC(C)=O
CC(=O)C=C(C)CCCC(C)C,0.64,CC(=O)CCCC(C)C
C=C(CC)C1CCC(C)CS1,0.3142857142857143,C=C(C)C1CCC(C)CC1O
C=CCCOCCCC,0.5454545454545454,C=CCCCC
CC1CCC(C)C1C,0.3333333333333333,CC1CCCC1
CCCc1ccc(O)c(CC)c1,0.5625,CCCc1ccc(O)c(OC)c1
CC(C)=CCCC1CCCC(C)(C=O)C1,0.34782608695652173,CC(C)=CCCC1(C)OC2(C)CCC1CC2
CC(=O)C(C)C1=CCCC1,0.37142857142857144,CC(=O)CC1=CCCCC1
CC1CCSC1C,0.3684210526315789,CC1SCCS1
CCCCCCCCCCCC(C)COCC,0.6086956521739131,CCCCCCC(C)CCCCC
CCCOC1OCC(C)O1,0.22727272727272727,CCOC(=O)CC1(C)OCC(C)O1
CC1(C)CCCC1=O,0.42857142857142855,CC1=C(C=O)C(C)(C)CCC1
CCCCOCCCCCC(C)CC,0.5833333333333334,CCCCC(C)CC
CCCCCCC(CC)CC(O)O,0.5,CCCCCC(O)CC
CC1OC2(CC1=O)C(C)CC=CC2(C)C,0.2631578947368421,CC1OCCC1=O
CCCC1=CC(c2ccccc2)C=C1,0.3235294117647059,CCCCc1ccccc1
CCOc1ccc2c(C)cc(C)cc2c1,0.5151515151515151,CCOc1ccc2ccccc2c1
CCCCCCCOC(O)CCCCC,0.5,CCCCCCCC(C)O
CCCC(C)(O)O,0.4444444444444444,CCCC(C)(C)CC
COCC1=CC=C(OC)CC1,0.3125,COC1=CCCCC1
NC1=CC=CC1,0.21052631578947367,C1=CC=CCC=C1
CSCC(C=O)CC(C)C,0.375,CCC(C=O)CC
CCOC(CC)CC,0.47058823529411764,CCOC(C)OCC
CCCC(=O)C(S)CCO,0.4642857142857143,CCCC(=O)C(O)CCC
CCCC(CCO)OC,0.44,CCCC(S)CCO
CC=CC(O)CO,0.5,CC=CC(O)CCCC
C=COCCC1CCCCN1,0.24444444444444444,C=CCOC(=O)CCC1CCCCC1
CC(=O)c1ccc(N)cc1,0.5909090909090909,CC(=O)c1ccc(C)cc1
CCCC(C)CCOC(O)CCC,0.4444444444444444,CCCC(C)CC(C)O
CC(C)OC(C)CCc1ccccc1,0.42857142857142855,CC(C)C(=O)OCCc1ccccc1
C=CC=CCC,0.7647058823529411,C=CC=CC=CCC
CC1=C(O)C=CCS1,0.23333333333333334,CC(C)=C1CCC=CCCC=CCC1
CCCCC(C)C(C)CCC,0.6111111111111112,CCCC(C)C(C)CC
CC(C)NC(O)(CC(O)O)C(=O)O,0.2727272727272727,COC(=O)CC(C)O
CCCC1CC=CCC1,0.3,CCCCC1CCCCC1
CCCC(C)CC=C(C)C,0.4827586206896552,CC(C)=CCCC(C)CC=O
CCC(C)CCCOC,0.5454545454545454,CCCCC(C)CC
CC(=O)CC(C)C1CCC(C)C1(C)C,0.36363636363636365,CC(=O)CC(O)C(C)C
CCC(CC(C)CCC=C(C)C)OC,0.4864864864864865,COC(=O)CC(C)CCC=C(C)C
CC1=NC(C(C)C)C=C1,0.3125,CC1=CCC(C(C)C)C=C1
CCC1=CC(C(C)(C)C)C(OC)C=C1,0.23684210526315788,CCC1=CCCC=C1
CC(=O)OC1=C(C(C)C)CC=C(C)C1,0.3404255319148936,CC(=O)OCC(C)C1CC=C(C)CC1
CC1=CCCC(C)(S)CC1C,0.3333333333333333,CC(=O)C=CC1C(C)=CCCC1(C)C
Cc1ccc(C(C)CCCC(C)C)cc1,0.5151515151515151,CC(C)=CCCC(C)c1ccc(C)cc1
CC(=S)C=O,0.5,CC(=O)C=O
CCC=CCCCC(CC)CC,0.4,CCC=CCCO
CCCCC1C2CCC(C2)C1C,0.3793103448275862,CCCCC1CCCCC1
CC1CCC(C)(C(C)C)N1,0.2647058823529412,CC(C)C12CCC(C)(O)C1C2
CC=CCOCC,0.3684210526315789,CCOCOCC
CC(C)C(=O)CCCCc1ccccc1,0.5714285714285714,CC(C)C(=O)OCCCc1ccccc1
CC1CC(C)C(C)C(C(C)O)C1,0.3125,CC1CCC(C(C)C)C(O)C1
CCCCCCC(N)CCCc1ccccc1,0.5862068965517241,CCCCc1ccccc1
CCCCCC(CC)OC(C)C,0.5172413793103449,CCCCCC(CC)OC(C)=O
OCOCCC1CCCCN1,0.2727272727272727,OCCC1CCCCC1
CC1(C)C2CCC(C=O)C1C2,1.0,CC1(C)C2CCC(C=O)C1C2
CC1CCCC1O,0.4230769230769231,C=C(C)C1CCC(C)C(O)C1
CCC(O)C(CC)CC,0.4375,CCC(C)O
C=C(CCCC)NCC,0.37037037037037035,CCCCC(=O)OC
Cc1ccc(CN)cc1,0.55,CCc1ccc(C)cc1
CCCCCC(O)CC(C)C,0.6363636363636364,CCCCCC(O)CCCC
C=CC(=C)CCC,0.5,C=CC(=O)CCC
C=CCCOCS,0.3225806451612903,C=CCCCCCCCCOC(C)=O
CC=CCCCCC(C)=O,0.5,CCCCCC(C)=O
CC(N)CS,0.29411764705882354,CC([NH3+])CN
CCC(O)CCC1C(C)SOCC1(C)C,0.3055555555555556,CCCC(O)CC
CC1CC2C(CC3=COC=CN32)C(C)O1,0.16393442622950818,CC(=O)OC1C=C(C)C2CC(=C(C)C)CC2C(C)C1
CCC(C)C1=CC(C)CC=C1C,0.2727272727272727,CC1=CCC(C(C)C)c2cc(C)ccc21
C=C(C)C1=CC=CC2CCCCC12,0.2631578947368421,C=C(C)C1=CC=C(C)CC1
CCCCCCCC(C)C(C)C,0.6,CCCCCCCCCCCCCCCC(C)C
CCCc1ccccc1,0.7,CCCCc1ccccc1
C=C=CCCC1C=CCC=C1,0.18181818181818182,CC1C=CCC1
CCCC=CC(C)CC,0.391304347826087,CCC(C)C=O
CCC(C)C1C=CCCC1,0.32432432432432434,CCC(C)C1CCCCC1=O
C=CC(C)CCCC(C)COC(C)C,0.42424242424242425,C=CC(C)CCCC(C)(C)O
C=CCCSCC(O)C(C)(C)C,0.3235294117647059,C=CCCC(O)CCC
CCCCCC(C)C(C)C,0.55,CCCCCCCCCCCCCCCC(C)C
C=CCC(CC)c1ccccn1,0.3783783783783784,CCC(CC)c1cnccn1
CC(=N)Cc1ccccc1C,0.5,CCc1ccccc1C
CCC(C)(O)OC,0.4444444444444444,CCC(C)(O)CC
NCCCS,0.5,SCCCS
CCCCCCCCC(C)CCCc1ccccc1,0.6071428571428571,CCCCc1ccccc1
CCC(C)C(O)CCC1CCCO1,0.4117647058823529,OCC1CCCO1
CCCCCCCCCC(C)CC,0.7777777777777778,CCCCC(C)CC
OC1CCC2=C1OCCC2,0.3103448275862069,O=C1CCCO1
C1CCSCC1,0.8888888888888888,C1CCSC1
CC=CCCC(CCC)CCC,0.44,CC=CCCCCCCCCCC
CC1CCCC1C1CCCC1,0.35,CC1CCCC1
C=C(COC)c1ccccc1,0.46153846153846156,C=C(C)c1ccccc1
CCCCCCOC(O)C(C)CC,0.45454545454545453,CCCCCCOC(=O)C(C)CC
CCCCSNSCC,0.3157894736842105,CCCCC
C=C(CCCCCCC)OC(C)C,0.5862068965517241,CCCCCCCCCCCCCC(=O)OC(C)C
CCCCCCC1=C(C)CC(C)O1,0.34210526315789475,CCCCCC1=C(C)CCC1=O
CCCC(O)CC(O)CC,0.7222222222222222,CCCC(O)CC
CC1CC(C)CC(C=O)C1,0.2608695652173913,CC1CC(C)C(=O)C1=O
OC(OCCC1C=CC=CC1)C1=CCC=CN1,0.15873015873015872,CC(=O)OCC1=CCC2CC1C2(C)C
CC(C)CCC(O)C(C)O,0.42105263157894735,CC(C)CCO
CCC1C=NC=CC1CCCCOC,0.2777777777777778,COCCCCCS
CC(=O)OCCC(C)(C)O,0.5,CCCOC(C)=O
CC(C)C1C=CN(C(C)(C)C)C=C1,0.2,CC1=CCC(C(C)C)C=C1
CC(O)C(=O)Cc1ccccc1,0.5666666666666667,CC(C)CC(=O)Cc1ccccc1
CC(O)C(C)CO,0.5333333333333333,CC(O)CO
CCC(O)C(C)C,0.5333333333333333,CCC(C)O
CCC1CC2CC1OC2CC,0.2903225806451613,CCC1OC1CCO
CCCCCCCCC,1.0,CCCCCCCC
CC(=O)CC(C)c1ccccc1,0.5555555555555556,CC(CO)c1ccccc1
CCC1NC(C)C(O)C1C,0.2413793103448276,CCC1CCC1O
C1=CCCCC1,1.0,C1=CCCCC1
CCc1cc(C)co1,0.37037037037037035,CCc1ccco1
CCCCCCCC(O)CCCc1ccccc1,0.5862068965517241,CCCCc1ccccc1
C=CCCC(O)OCC,0.5,C=CCCC(O)CCC
CC1C=CCC(C)N1C,0.25925925925925924,CC1C=CCC1
CCC1=C(O)C=CCC1,0.36666666666666664,CCC1=CCCC=C1
CCC(C)c1cccs1,0.37037037037037035,Cc1cccs1
C=C(CC)CCCOc1ccccc1,0.5142857142857142,CCC(=O)OCCOc1ccccc1
CCCC=C1CC2C(CC1O)C2(C)C,0.275,C=C1CCC2C(C1)C2(C)C
CCC1CCCC(C)(C)S12COC(C)C2,0.23404255319148937,CCC1CCC2(CCCO2)O1
CC1CC=CC1(C)SC1=CCCC1O,0.2692307692307692,C=C(C)C1CCC2=CCCC(C)C2(C)C1
CSc1c[nH]cc1C,0.23809523809523808,Cc1cc(C)c(C)cc1C
CC1CCCCO1,0.3684210526315789,CC1CCCC1
C=C(CC)CC(O)C=C(C)C,0.5714285714285714,C=CC(=C)CC(O)C=C(C)C
CC=Cc1ccc(O)c(OC)c1CC,0.4,CC=Cc1ccc(O)c(OC)c1
CC(C)CC1C=CC=NC1C,0.18518518518518517,CCC(C)C
C=C(CC)CC,0.35294117647058826,C=C(C)CCC
CC1CC=COC1,0.2222222222222222,CC1C=CCC1
CC(C)C1CCC(C)(C)CC1,0.30303030303030304,CC(C)C1CCC2(C)OC2C1=O
CNC=CCCCC(C)=O,0.41379310344827586,CC(=O)CCCC(C)C
CCOC1C=CC(C=O)C=C1,0.3076923076923077,CCOC=O
CCC=CCOC(=O)CCC,0.6551724137931034,CCC=CCCOC(=O)CCC
CCc1ccc(C)cc1,1.0,CCc1ccc(C)cc1
CC1C=CCO1,0.2916666666666667,CC1C=CCC1
NCOCCCO,0.5238095238095238,CCOCCCO
CC(C)CCCC(OCCC(C)C)C(C)C,0.36,CCCCC(C)C
CCC(=O)C1CCCN1,0.38235294117647056,CCC(=O)C1C=[NH+]CC1
CC(C)=CCC(C)(C)C(C)C(C)C,0.3448275862068966,CC(C)=CCCC(C)O
CC(C)CCCC(N)CC(C)C,0.4230769230769231,CCC(C)CC(C)CCCC(C)C
CC(C)C(C)C(=O)O,0.35294117647058826,CC(=O)C(C)C
C=C1CC(C)CCC(C(C)C)C1,0.40625,CC1CCC(C(C)C)C(=O)C1
C=CC1CC(CC)C(O)C(OC)C1,0.2857142857142857,CCC1CCC1O
CC1CCC2C=C1C2(C)C,0.2727272727272727,CC1CCCC(C)(C)C1=O
CCCCCCCOC(C)CC(C)C,0.46875,CCCCCCOC(=O)CC(C)C
CCCC(C)CC1C(C)CCC1C,0.3448275862068966,CCCC(C)CC(C)O
CC(O)COC(C)C,0.3888888888888889,CC(O)CO
COC(C)CCC1=CCC(C)C=C1,0.2619047619047619,CC1=CCC(C(C)C)C=C1
CC1C=CC(C(C)C)C(C)C1,0.25,CC1C=CCC1
CCCCC(C)CC(C)C,0.6,CCCCC(C)CC
CC(C)OC(C)(C)C,0.2631578947368421,CC(C)CC(C)(C)C
CCCCCCCCCC1CCCC(=O)C1,0.5,CCCCCCCC1CCCC(=O)O1
CNC1=CCC(CCC(C)C)=CS1,0.2727272727272727,Cc1cnc(C)c(CCC(C)C)n1
CC(C)CC(C)(C)c1ccccc1,0.4230769230769231,CC(C)(O)c1ccccc1
CC1C=CC(C(C)(C)C)C(O)C1,0.3225806451612903,CC(C)(C)C1C=CC(O)CC1
CCCC(C)CC(C)CCCC(C)C,0.7272727272727273,CCC(C)CC(C)CCCC(C)C
CC(C)=CCCC(C)CCCC=O,0.6551724137931034,CC(C)=CCCC(C)CC=O
CCCC(C)OCC1C=CCC1,0.29411764705882354,CC1C=CCC1
C=C(CCC)C(Cc1ccccc1)C(C)=O,0.5789473684210527,CCOC(=O)C(Cc1ccccc1)C(C)=O
CC(C)=CCCC(C)CC(C)OC(C)O,0.5,CC(C)=CCCC(C)CCO
CCC1=CC=C(C(O)CC)CO1,0.3235294117647059,CCC(O)c1ccccc1
CCCCCC(C)OC(C)OCC,0.4583333333333333,CCOC(C)OCC
CC1=C(C)CC(C)C(C)C1,0.3181818181818182,CC1CC(=O)C(=O)C1C
CC1=COC=C(C)C1,0.25,CC1=CC(C)(C)CC(=O)C1
C=C(CCC)C(=O)CC(C)CC,0.5,CCC(C)CC(=O)[O-]
CC1C(C)(C)CCCC1(C)C,0.3125,C=C1C2CCC3C2C(C)(C)CCCC13C
CCCC(O)CCCC(C)CCCCS,0.5357142857142857,CCCCCCCCCCC(O)CCC
CCCCC(=O)c1ccccc1N,0.5833333333333334,CCCCOC(=O)c1ccccc1N
CCC1=CC=CC1C(C)=O,0.29411764705882354,CCc1ccc(C(C)=O)cc1
C=C(C)OCCCCCC=CCC,0.45454545454545453,CCC=CCCOC(C)=O
CC(O)C1CCC(O)=CO1,0.2564102564102564,CC1=CC(O)C(C(C)C)CC1
COCC1C=CC=C1,0.2222222222222222,COCc1ccccc1
CC=CC(=O)C(C)C(C)C(C)C,0.48148148148148145,CC=CC(=O)C(C)CC
CCC(O)C(C)(C)C,0.4117647058823529,CCC(C)O
C=C(CCCCC)CCC(C)C,0.48,CCCCCCCCCCCCCCCC(C)C
CCCC(C)CC,0.6470588235294118,CCCCC(C)CC
CCc1ccc(C)c(CC)c1,0.48,CCc1ccccc1C
CC(C)C1CCC(C(C)O)OC1,0.23684210526315788,CC(C)OC1OCCC1=O
C=C(C)C=CCC(C)C,0.41379310344827586,C=CC(C)(O)CC=CC(=C)C
CCCCCCCCC(=O)CCc1ccccc1,0.6216216216216216,CCCCCCCC(=O)OCCc1ccccc1
CCC1=C(S)CCC=C1,0.36666666666666664,CCC1=CCCC=C1
CC=CC(O)OCCC,0.41379310344827586,CC=CC(O)CCCC
CC=CC(=O)CCC=C(C)CCCC(C)C,0.5789473684210527,CC(=CC=O)CCC=C(C)CCCC(C)C
CCC1=C(CC(O)C(C)C)CC=C(C=O)C1,0.2765957446808511,CC(C)C1CC=C(C=O)CC1
CC=CCCCCCO,0.7894736842105263,CC=CCCCO
CSC(=O)C1C=CCC1,0.35714285714285715,CC1C=CCC1
CCC(N)S,0.35714285714285715,CCC(C)C
CCc1ccoc1,0.4666666666666667,CC(C)=CCCc1ccoc1
CCCC(C)c1ccc(C(C)(C)C)cc1,0.3793103448275862,CC(C)(C)c1ccc(O)cc1
C=C(C)CC(C)O,0.5238095238095238,C=C(C)CC(O)CC
CCCC(=O)CCCCc1ccccn1,0.6470588235294118,CCCCCc1ccccn1
COC(C)C1=COC2CCC=CC2C1,0.2564102564102564,CC1C=CCC1
CC1=CC2C3CCC(C3)C2CC1C,0.2558139534883721,CC1=CC2C(CC1)C(C)=CCC2C(C)C
O=C1CCC2CCCCC2C1,0.4074074074074074,CC1CCCC(=O)C1
CC(C)OCC(C)c1ccccc1,0.5483870967741935,CC(C)C(=O)OCC(C)c1ccccc1
CCCCC(C)C=Cc1ccccc1,0.5,CCCCCC=Cc1ccccc1
CCCCCC1CCCC1,0.8,CCCCC1CCCCC1
CCC1=NC(C=O)=CC1,0.30303030303030304,CCc1ccc(C=O)cc1
CCC(C)CNCC(C)(C)O,0.4482758620689655,CCC(C)CCCC(C)(C)O
CC(=O)CCC(C)CCC(C)C,0.7142857142857143,CC(=O)CCC(C)C
C=C(CCC)OCCC(C)CCC=C(C)C,0.6842105263157895,CCCC(=O)OCCC(C)CCC=C(C)C
C=C(C)C1CCC(C)(S)C(C)C1,0.5,C=CC1(C)CCC(C(=C)C)CC1C(=C)C
COC1=CCC=CC1C1=CCCC=C1,0.2894736842105263,CCC1=CCCC=C1
CCCCCCOC(C)C(C)C,0.4482758620689655,CCCCCCOC(=O)C(C)C
C=C(O)CCCCCCCCC,0.5789473684210527,C=C(O)CCC
C=CC(CCCCC)CC(C)CC,0.45161290322580644,C=CC(O)CCCCC
C=C(C)CC(O)C(O)O,0.5,C=C(C)CC(O)CC
CCCCC(CC)C(C)C,0.5238095238095238,CCCCC(C)CC
C=C(C)C1C2CC(C(=O)OC)C(C)(C2)C1C,0.2765957446808511,C=C(C)C1CCC(C)C(OC(C)=O)C1
CCCC(=O)C1=CC=C(C)C(SC)C1,0.325,CCCC(=O)c1ccccc1
CCCCC1CC(C)CO1,0.37142857142857144,CCCCC1CCC(=O)O1
CC=CC(=O)CC(C)C1=CCCCC1,0.35714285714285715,CC(=O)CC1=CCCCC1
CC1=CC(O)C(C(C)C)=CO1,0.2631578947368421,CC1=CC(O)C(C(C)C)CC1
CCC(C)CC(C)O,0.6,CCCC(C)CC(C)O
CCCCCC(C)CC=O,0.5652173913043478,CCCCCCC(C)CCCCC
CC(C)CC1C=COC1C,0.2,CCC(C)C
CC1=C(CCC2=CCC=C2)CC=CO1,0.25,CCC1=CCCC=C1
CCCCCC1OC1CO,0.4444444444444444,CCC1OC1CCO
CCC(C)C(O)CC,0.5882352941176471,CCC(C)C(C)O
CC1=CC2CCCC=C2CC1C,0.24489795918367346,CC1=CCCC(C)(C)C(C2CC=CCCC2)C1
CC(C)C1C=CC=CO1,0.20588235294117646,CC1=CCC(C(C)C)C=C1
CCC(C)CCC(C)=O,1.0,CCC(C)CCC(C)=O
C=CC(C)CCC(C)(C)C(NC)C(C)C,0.4411764705882353,C=CC(C)CCCC(C)(C)O
CCC(=O)C1=CCCC=C1NCC1CCC(CCCC(C)(C)O)CC1,0.24193548387096775,CCC(=O)OC(C)(C)C1CC=C(C)CC1
CC1=CC(C)=C(C(C)C)CC1,0.44,CC1=CC(=O)CC1
CC(C=O)C(C)CC(C)(C)O,0.36363636363636365,CC(CC=O)CCCC(C)(C)O
Cc1ccn(C)c1,0.3333333333333333,Cc1ccc(C)cc1
CCC(C)CCC(=O)C1=CC=CCC1C,0.38461538461538464,CCC(C)CCC(C)=O
CC(=O)C(C)OCC(C)C,0.5,CC(=O)OCC(C)C
C=CCC(C)CC,0.47619047619047616,C=CCC(C)O
CC(C)CCC(C)(C)C(C)C(C)C,0.35714285714285715,CCC(C)(O)CCCC(C)C
CC(=O)C1(C)CCC(C)CC1,0.3170731707317073,CC(=O)OC1(C)CCCC(C)(C)C12CCC(C)O2
CCC=CCCN,0.5,CCC=CCCO
CCC(C)C1CCCCC1CCC1CCC(C)CC1C,0.325,CC1CCC(C(C)C)C(O)C1
CCC(C1=CC=CCC1)C(C)C,0.25,CC1=CC=C(C(C)C)CC1
CCCCCCCCCCC(O)CCC,1.0,CCCCCCCCCCC(O)CCC
C=CC(CC)CCCCC,0.5384615384615384,C=CC(O)CCCCC
CC1=CC(OC=O)C(C(C)C)CC1,0.5,CC1=CC(O)C(C(C)C)CC1
C=C(C)C1C(C)CC(C)C1C,0.36666666666666664,C=C(C)C1CCC(C)C(O)C1
CCC1C=COC=C1,0.23076923076923078,CCC=CCCCCC1C=COC1=O
C=CC(CC)c1ccc(C)o1,0.42857142857142855,Cc1ccc(C(C)CC=O)o1
CC(c1ccccc1)C1C=C2CC=CC=C2CC1,0.2972972972972973,CC(C)c1ccccc1
CC(C)C1OC(C)C2C=CC=CC21,0.19047619047619047,C=C1C=C2C(C(C)C)CCC(C)C2CC1
OC(CCc1ccccc1)C1C=CCC1,0.34285714285714286,OCCc1ccccc1
CC(C)CCCC(C)CCNC(N)C(C)C,0.43333333333333335,CC(C)CCCC(C)CCO
COSC(=O)CC(C)C,0.48,COC(=O)CC(C)C
CCOC(C)CC(C)O,0.42857142857142855,CCOC(C)OCC
CCCCCC1CCCC(CCC)C1,0.5384615384615384,CCCCC1CCCCC1
CC=CCCC(O)C(C)CCC,0.375,CC=CC(O)CCCC
CCSCC1=CC=CC1,0.20588235294117646,CCC1=CCCC=C1
C=CC(C)(CCC=C(C)CC)OC(C)C,0.4878048780487805,C=CC(C)(CCC=C(C)C)OC(=O)CC
CCCCC(CO)OC,0.46153846153846156,CCCCC(CC)CO
CC(CCc1ccccc1)CCc1ccccc1,0.48,CCCCc1ccccc1
CC(C)C1=CC=CC(C(C)C)C1O,0.25,CC(C)C1CC=C(C=O)CC1
CCC=CCCC(C)C,0.45454545454545453,CCC=CCCO
C=CC(=C)CCCC(C)CCCC(C)CC,0.4375,CCC(C)CCCC(C)(C)O
CCCCC=CCC(O)C(C)CCC,0.4,CCCCC=CO
CC(=O)C1C=CC2=CC=CCC21,0.23255813953488372,C=C(C)C1C=CC(C)=CC1
CCCCCC1CC1C(C)O,0.3793103448275862,CCCCCC(C)O
C1=c2ccccc2=CC1,0.3125,c1ccc2ccccc2c1
CC(C)C1=c2ccccc2=CC1,0.3333333333333333,Cc1ccccc1C(C)C
CC(C)CC(=O)CCCC(C)(C)N,0.46153846153846156,CC(C)CC(=O)CC(C)C
COC1C=C(C(C)C)C=CC1O,0.2564102564102564,CC1=CC(O)C(C(C)C)CC1
CCCC(C)CCCC(C)=O,0.6923076923076923,CC(=O)CCCC(C)CCCC(C)CCCC(C)C
CCCCCCC(CCCCC)CCCCC,0.6111111111111112,CCCCCCCCCCCCCCCC(C)C
SC1=CCC=C1,0.21428571428571427,CCC1=CCCC=C1
CCCCCCCC,1.0,CCCCCCCC
CCC1CC=CN=C1C(C)C,0.2222222222222222,Cc1cnc(C(C)C)cn1
CCCN(C)C(C)CCC(C)C,0.4090909090909091,CCCC(C)C
CCCC(CC)CCC,0.5294117647058824,CCCC(CO)CCC
C=C(CC)C(C)CC,0.4090909090909091,CCC(C)C(C)=O
CC1=CC(O)CC(C)(S)C1(S)CCNO,0.2558139534883721,CC1=CC(O)C2CC1C2(C)C
CCC=CC(=O)CCC,0.5217391304347826,CCC=CC(C)=O
CCC1C=CC(C)O1,0.2413793103448276,CCC1OC1CCO
O=C(Cc1ccccc1)OCC1=CCC=C1,0.6,O=C(Cc1ccccc1)OCc1ccccc1
CC1CCC(C(C)C)C2(CCC(C)C2)C1,0.29411764705882354,CC1CCC(C(C)C)C(O)C1
O=CCO,0.38461538461538464,CCC=O
CCCC(C=O)CC,0.7142857142857143,CCCCC(C=O)CC
CC(C)=CCCC(C)CCCCCO,0.7037037037037037,CC(C)=CCCC(C)CCO
CC1=CCC=CC1C,0.25925925925925924,CC1C=CCC1
CC1=CC(C=CC=O)CC1,0.4411764705882353,CC1=CC(C)C(C=O)CC1
COC1C=C(C(O)O)C=CC1C,0.1951219512195122,CC(C)C1C=CC(=O)CC1
COCSCOC,0.2727272727272727,COC(=O)CSC
CCC1C(C)CCCC1(C)C,0.30303030303030304,CC1CCCC(C)(C)C1=O
CCC1CC(C=O)=COO1,0.2972972972972973,CCC1CCC(=O)O1
CCC(C)COC(C)O,0.46153846153846156,CCC(C)COC(C)=O
OCS,0.375,SCCS
CC(O)C1=CCCC1,0.3,COC1=CCCCC1
OCCC(O)O,0.4375,CC(C)CCO
C=C(CCCCO)OCCC,0.41935483870967744,CCCCCC(=O)OCCC
CC1=CC2CC=CC=C2O1,0.23529411764705882,CC1=CCC(=O)O1
CCOC(C)C1C=CCO1,0.32142857142857145,CCOC(C)OCC
CC(C)=CCN,0.47058823529411764,CC(C)=CCO
Cc1cccc(Cc2ccccc2)c1,0.6,CCc1cccc(C)c1
CCCCCCCCC1CCC(C)C1,0.41379310344827586,CCCCC1CCCCC1
CCC(O)C(C)=CC1(C)CC2CCC1C2,0.28205128205128205,CC1(C)C2CCC(C2)C1(C)O
CC1COC(C)C1,0.25806451612903225,CC(C)=CC1CC(C)CCO1
CCC(c1ccccc1)C1CC=CCC1,0.3611111111111111,CCC(O)c1ccccc1
CCCC(=O)C(C)(C)C,0.47368421052631576,CCCC(=O)CCC
CCC=CC1CC1CCC,0.25,CCC=CCO
CC(C)CC(C)Cc1ccccc1,0.6296296296296297,CC(C)CC(O)Cc1ccccc1
O=C(CCC=CC1C=CC=CC1)c1ccccc1,0.38095238095238093,CCCC(=O)c1ccccc1
CC(C)(C)C1C=CC(CO)=CC1,0.3235294117647059,CC(C)(C)C1C=CC(O)CC1
CC(C)=C1CCC(C)CC1,0.48148148148148145,CC(C)=C1CCC(C)C2=C(C1)C(C)CC2
CC(=O)CC1(C(C)C)CC=CCC1,0.2727272727272727,CC(=O)CC(C)C
CCC1C=CCC1CC(C)C,0.23333333333333334,CCC1CCC1
CCCC(C)C(C)CCOC,0.5238095238095238,CCCC(C)C(C)CC
CCC(C)CC(C)COC,0.4230769230769231,CCC(C)CC(C)CCCC(C)C
CC1CC=C(C(C)C)CC1,0.45454545454545453,CC(C)C1=CCC(C)C2=C(C1)C(C)CC2
C=C(CCCCC)CCCCCCC,0.5238095238095238,CCCCCCCCCC(=O)CCCCCCCCC
O=C1CCCCC1O,0.5,CC1CCCCC1=O
CC(C)CC1CCCC(C)(C)C1,0.27586206896551724,CCC1CCC1
CCCOC(CCC)CCCNC,0.2702702702702703,CCCC(CS)OC=O
CCC(C)C(C)OC(C)C,0.38095238095238093,CCC(C)C(C)O
CCCCC(C)C(O)=S,0.52,CCCCC(C)C(C)=O
CCCC(=O)C=C(C)C,0.5217391304347826,C=CC(=O)CCC
CC1=CC(C(C)C)SC1,0.3333333333333333,CC1=CC(O)C(C(C)C)CC1
CSC1=C(C(C)(C)C)CC(C(=O)O)C(C)C1C(C)O,0.21428571428571427,CSC(C)C(=O)[O-]
CC=CC=CCCC(=O)O,0.5172413793103449,CC=CC=CCCC=CC(=O)[O-]
CCCC(O)OC1C=C2CCC1(C)C2(C)C,0.25,CCCC(O)C(=O)OC
C=C(C)C1OC=CC1C,0.2857142857142857,C=C(C)C1C=CC(C)=CC1
CCNCCCCCCC(C)CC(C)C,0.39285714285714285,CCCCCCC(C)CCCCC
CC1=C(O)C=CCC1,0.3333333333333333,CC(C)=C1CCC=CCCC=CCC1
CCNCCCCCCO,0.47619047619047616,CCCCCCCCO
CCCCCC(=O)CCCC(C)C,0.6818181818181818,CCCCCC(=O)CCCCC
CC1CC(C)NC(OO)C1,0.21428571428571427,CC1CCC(C(C)C)C(OC(=O)C(C)O)C1
CCC(C)OCCC(C)CCCC(C)C,0.5,CCC(C)CCC(C)CCCCC(C)C
CCNCC1CC(C)CC(C)O1,0.2,CC1CC2CC(C)C3CC(C)(C)C3C(C1)O2
CC1=CC(O)CC(C)(C)C1(C)C=CC(O)O,0.2653061224489796,CC1=CCCC(C)(C)C1C=CC(C)O
COC(O)C1CCCC1,0.32142857142857145,COC(=O)C1CCCCC1
CC(C)CC(C)CNC1C(C)CCCC1(C)C,0.23255813953488372,CC1CCCC(C)(C)C1=O
CC(C)=CCCC(C)(C)C1CS1,0.45714285714285713,CC(C)=CCCC(C)(O)C1CO1
CC(C)C(C)C(C)(C)C,0.29411764705882354,CC(C)CC(C)(C)C
CCCCCCNC(C)CCC1=CC=CCC1,0.2682926829268293,CCCCCCCCCCCCCCCC(C)C
CC(O)c1ccccc1O,0.6818181818181818,CC(C)c1ccccc1O
C=CCCSOOC,0.3076923076923077,C=CCCCC
CCC(O)C(CC)CC(C)=O,0.48,CC(=O)CC(O)C(C)C
C=C(CC(C)C)CC(C)S,0.34782608695652173,CC(C)CC(=O)CC(C)C
CC(C)COCC(C)c1ccccc1,0.53125,CC(C)C(=O)OCC(C)c1ccccc1
CCCCCCCCSCC(O)OC,0.3548387096774194,CCCCCCCC(C)O
CC1CCC(C(C)(C)C)OC1,0.2571428571428571,CC1CCC(C(C)(C)S)C(=O)C1
CCC1=C(C)N=CC(C)C1,0.25,CCc1nc(C)cnc1C
C=C(O)C1NC1CCCCC,0.2916666666666667,CCCCCC
C=C1CCC(C)C1CCCCC,0.3684210526315789,CCCCCC1CCC(=O)O1
C=C(C=CCC)OCCCCCC,0.45714285714285713,CC=CC(=O)OCCCCCC
CC1=CC=CC(C)C1,0.25925925925925924,CC1C=CCC1
CCC1C=CC(O)O1,0.27586206896551724,CCC1OC1CCO
C=CC(C)(C)CCC1C(C)(O)CC=C2C(C)(C)C=CCC21C,0.25925925925925924,C=CC(C)(O)CCC1OC1(C)C
CC(C)CCCC(C)CCC(C)C,0.65,CC(C)CCCC(C)CCO
COc1cc(C2CC(C)C(C)O2)ccc1O,0.41025641025641024,COc1cc(C)ccc1O
CC=CC(=O)CC1CCCCC1,0.4827586206896552,O=C([O-])CC1CCCCC1
COC(C)(C)CC(C)C,0.5,CC(C)CC(C)(C)C
CC1OC(C)C(C)C1=O,0.3076923076923077,CC1OCCC1=O
CCCCC1CC=C(CC)N1,0.3076923076923077,CCCCC1OC(=O)CC1C
C=C(C)OC1C(=O)CCC1C,0.35135135135135137,C=C(C)C1CCC(C)C(=O)C1
CC1(C)CCCC2(C)C(C)(C)C3CCC12C3,0.4375,CC1(O)CC2CCC1(C)C2(C)C
CCCC(=O)C1CCCCC1CC,0.4,CCCC(=O)OC1CCCCC1
CC1CCCCC1C1CCCCC1,0.4,CC1CCCCC1
CC=CC(C)CCCC,0.56,CC=CC(O)CCCC
CC(C)CC(C)OCCCCOCO,0.2903225806451613,CCOCCCO
C=C(C)C(C)CO,0.4782608695652174,C=C(C)C(C)CC=C(C)C
CCCCCCCCCCCC(C)C1=C(N)CC=CC1,0.375,CCCCCCCCCCCCCCCC(C)C
CC1=C(C(O)CCCCc2ccccc2)CCC=C1,0.36585365853658536,OCCCCCc1ccccc1
CCCCCCCCC(CCC)CCC,0.55,CCCCCCCCCCCCCCCC(C)C
CCCC1OC=CC=C1C,0.275,CCCCCCCCC1OC(C)=CC1=O
CCC1CCC(C=C(C)CCNC(C)C)C1,0.2702702702702703,CCC1CCC1
CCCC1=C(C)CCC1,0.30303030303030304,CCCCCC1=C(C)CCC1=O
CCCCCC(C)OCCCC,0.4827586206896552,CCCCCC(C)OC(C)=O
CCc1coc(C)c1,0.42857142857142855,CCc1cc(CC)cc(CC)c1
C=CCCCC(C)C(=O)O,0.3870967741935484,C=CCCC(O)CCC
C=C(CCC)CCCCCC,0.5,CCCCCCC(=O)CCC
CCCC(C)CC(=CC(C)=O)C(C)C,0.3888888888888889,CC(C)=CCCC(C)CC(=O)[O-]
CCC(C)=CCCC(C)CCO,0.6666666666666666,CC(C)=CCCC(C)CCO
C=CCOC(C)CC,0.41379310344827586,C=CCOC(=O)C(CC)CC
CCCCCCOC(=O)O,0.6666666666666666,CCCCCCCOC(C)=O
COC(=O)C1CC1c1ccc(C)cc1,0.358974358974359,COC(=O)COc1ccc(C)cc1
CCCOCCCCCCC=CCO,0.6296296296296297,CCCCCCC=CCO
CC1=CCC2C3CC(C2C1)C1(C3)CC1C,0.3684210526315789,CC1=CCC2C(C1)C2(C)C
CCCCCc1ccccc1,0.85,CCCCc1ccccc1
CCOC(=O)C(CC1=CC=CCC1)C(C)C,0.34210526315789475,CCOC(=O)C(C)C
CC1CCC2CCC(C)C2C1,0.3448275862068966,CC1CCC(C(C)C)C(O)C1
CCC1=COC(CC)CC1,0.40625,CCC1CCC(=O)O1
OCCC1CCC=C1S,0.3,OCCC1CCCCC1
CCCC1CCCC1,0.65,CCCCC1CCCCC1
C1=Cc2ccccc2C1,0.2608695652173913,Cc1ccccc1
C=C1CCC2C=CCCC2C1,0.3142857142857143,C=C1CCC2C(C1)C2(C)C
CCC1OCC(=O)C1S,0.375,CCC1OCCC1=O
CC1=C(C)CCC=C1,0.36,O=C1C=CCCC1
CCC1=CCC(C)=C1,0.35714285714285715,CCC1=CCCC=C1
c1ccc(CCCc2ccccc2)cc1,0.6842105263157895,CCCCc1ccccc1
CCCCCCCC(=O)CCCCC,1.0,CCCCCCCCCC(=O)CCCCCCCCC
CCC1(CC)CCCC1,0.27586206896551724,CCC12CCCC(C)(OC1)O2
CCC(C)CC(C)SC,0.4444444444444444,CCC(C)CC
CCCC(=O)OC1C=CC=CC1,0.43243243243243246,CCCC(=O)OC1CCCCC1
CCC1=NC=C(C)CC1C,0.25,CCc1nc(C)cnc1C
CCCCC1CC(C(C)C)C(=O)O1,0.4594594594594595,CCCCC1CCC(=O)O1
Cc1ncoc1CCCC(C)C,0.3684210526315789,Cc1cnc(C)c(CCC(C)C)n1
CCCC(O)CC(C)C,0.6111111111111112,CC(C)CC(O)CC(C)C
CC1=CC=CC1C,0.2,Cc1cc(C)c(C)cc1C
CCSCNC1CCCCC1C(C)CC,0.3170731707317073,CCC(C)C1CCCCC1=O
C=C(CCO)C(=CC)OCC,0.3548387096774194,CCOC(=O)CCCO
C=C(C)CCC(C)C,0.5238095238095238,CC(=O)CCC(C)C
CSCC1=CC=CC1,0.21739130434782608,CCSC
C=COC(C)C,0.2857142857142857,C=CCOC(=O)CC(C)C
CCC=CCCCCCOC(C)O,0.4117647058823529,CCC=CCC=CCC=CCCCCCCC=O
C=C(CC)CCCc1ccccc1,0.5357142857142857,CCCCc1ccccc1
CC1(C)C=COCC1,0.25925925925925924,CC1(S)CCCO1
CCCC1C=C(OC)C(O)C(OC)C1,0.22727272727272727,CC1=CC(O)C2CC1C2(C)C
CCC(O)CC1C=CC(C(C)(C)C)CC1,0.45454545454545453,CC(C)(C)C1C=CC(O)CC1
CCCC(C)C(S)OC,0.43478260869565216,CCCC(C)C(C)CC
CCCCCCC1CCCC1C,0.3684210526315789,CCCCCCCC1CCCC(=O)O1
CC1=CCC=CC1O,0.2857142857142857,C=C(C)C1CC=C(C)C(O)C1
C=C(CC)OC(C)c1ccccc1,0.5428571428571428,CCCC(=O)OC(C)c1ccccc1
COC1=CC=C(C)ON1C,0.23333333333333334,COc1ccc(C)cc1
Cc1ccc(CC(=O)C(C)C)cc1,0.4074074074074074,CCc1ccc(C)cc1
CCCC(C)CCc1ccc(OC)cc1,0.6206896551724138,CCCc1ccc(OC)cc1
COC(O)CO,0.4117647058823529,CC(O)CO
CCNC(C)OC=O,0.3548387096774194,CCCC(CS)OC=O
CCCCCC(CCCC)OCCCC,0.44,CCCCCC(O)CCCC
Cc1cc(CC(C)C)oc1C,0.5161290322580645,Cc1cc(CC(C)C)oc(=O)c1
CCC1CC(C)CCC1C,0.34615384615384615,CCC1CCC1O
CC(O)CCOCCOO,0.375,CCCC(C)O
CC(C)CCCC=O,0.8,CC(C)CCCCCCCCCCC=O
C=CC(=CC)CCC,0.5,C=CC(=O)CCC
CCC1C=C(CC=N)C=CC1O,0.21621621621621623,CCC=CCC=CCCO
CCC(C)CC1(C)CCCCC1(C)C,0.3333333333333333,CCC(C)CC
CC1=C(CC(C)C)CC(C)C1,0.2571428571428571,CC1CCC(C(C)C)C(=O)C1
CC1CC2C3CCC(C3)C2CC1C,0.3157894736842105,C1CCC2CC2C1
CCCCCCCCCCC(C(C)O)C(C)OCC,0.5555555555555556,CCCCCCCC(C)O
COC(=O)C1CCCC1,0.9473684210526315,COC(=O)C1CCCCC1
CCCC(=O)C1C(C)OCCC1(C)C,0.30434782608695654,CCCC(=O)OCC1CCCO1
C=C1C=C(C)OC1,0.2608695652173913,Cc1cnc(C)cn1
CCC(C)CC(C)(C)C1CCC(C)CC1,0.4411764705882353,CC1CCC(C(C)(C)CC(=O)[O-])CC1
CCCCCCC(CC)CO,0.8095238095238095,CCCCC(CC)CO
CC=Cc1ccc(OCO)c(OC)c1,0.7096774193548387,CC=Cc1ccc(OC)c(OC)c1
CCC1=CCCC(O)=C1,0.41379310344827586,CCC1=CCCC=C1
CCCCCC(C)CCC(C)=O,0.6785714285714286,CCCCCC(C)CCC(=O)[O-]
CCCCCCCCC1CCCC1=O,0.5277777777777778,CCCCCCCC1CCCC(=O)O1
CC(C)(C)CCOCO,0.2916666666666667,CC(C)(S)CCO
CC=COO,0.32,CCCCCCC=COO
CCCC(=O)C(CO)CCC,0.5384615384615384,CCCC(=O)C(O)CCC
CCC=CCCCC=CC=O,0.8095238095238095,CCC=CCCC=CC=O
CC(=O)C=CC1C=C(C)CC(C)C1C,0.35555555555555557,CC(=O)C=CC1C(C)=CCCC1(C)C
CC(C)C=CN,0.3125,CC(C)C=O
CCCCCCCCCC(=O)CC,1.0,CCCCCCCC(=O)CC
CC(C)C1CCC(CCCO)CC1,0.3448275862068966,OCCC1CCCCC1
CC(=O)C1CCCCO1,0.38235294117647056,CC(=O)OCC1CCCO1
CC(C)CCC1(C)CCCCCC1,0.2916666666666667,CCCC(C)C
CC(O)c1ccco1,0.4166666666666667,Cc1ccco1
CCCC(C)SCC,0.42105263157894735,CCCC(C)C
C=C(C)CC,0.5333333333333333,C=C(C)CCC
CCCCCCCCC(=O)CC,1.0,CCCCCCCC(=O)CC
CCC(C)CCCC(C)CCCC(C)C,0.8421052631578947,CCC(C)CCC(C)CCCCC(C)C
CC1CC2CC1(C)CC2(C)C,0.28125,CC12CCC(C1)C(C)(C)C2O
CC(=O)C=CC1C(C)CCCC1(C)C,0.4634146341463415,C=C1CCCC(C)(C)C1C=CC(C)=O
CCCCCCCCCCCCCCCCN,0.6153846153846154,CCCCCCCC
C=C(CC(C)NC)OC,0.32142857142857145,COC(=O)CC(C)C
COCSCCCC(=O)CCCC1C=COC1C,0.22727272727272727,CCCCCC(=O)CCCCC
CCCC1CC(C)=CC(O)C1,0.2564102564102564,CC1=CC(O)C2CC1C2(C)C
CCCCCCCCCCCC(O)CCCCCCC,0.8888888888888888,CCCCCCCCCCC(O)CCC
C=CCCCCCCC(=O)S,0.7083333333333334,C=CCCCCCCCC(=O)CCC(=O)CCCCC=C
CC1CCCCCCC=CCCCCCCC1C,0.47058823529411764,C1=CCCCC1
O=C(CCO)OCCCc1ccccc1,0.6764705882352942,CCC(=O)OCCCc1ccccc1
C=CCCCCC=CO,0.5217391304347826,CCCCCCC=CO
CCC(C)C(C)C(C)COC,0.47619047619047616,CCC(C)C(C)C(C)C
CCC(CC)CC1=CCCC=C1,0.6538461538461539,CCC1=CCCC=C1
C=C(CCC)C(CC)CC(C)C,0.34615384615384615,C=C(C)CCC
CCCCCCC1=CCC=CS1,0.35,CCCCCCCCC1=CCC(=O)O1
CC1=CCCC=N1,0.2727272727272727,Cc1cnc(C)cn1
C=C(C)COCC,0.38095238095238093,C=C(C)CCC
C=C(C)CCCC(C)CCC,0.6923076923076923,C=C(C)CCCC(C)CCO
CCCCCC1CCCC(C)C1,0.5,CCCCC1CCCCC1
C=CCCC(=O)C(C)CC,0.48148148148148145,C=CCCC(C)=O
CCCC(C)NCC,0.42105263157894735,CCCC(C)C
CCNC,0.2727272727272727,CCO
CCCCC1OC(O)CC1C,0.42857142857142855,CCCCC1OC(=O)CC1C
CCCCCCCC(C)C,1.0,CCCCCCCCCCCCCCCC(C)C
Cc1ccc(CC(C)C)o1,0.4375,Cc1cc(CC(C)C)oc(=O)c1
CC(=O)CCCC1=CCC=CO1,0.3333333333333333,CCCCC(C)=O
Cc1occc1OC(C)O,0.38461538461538464,Cc1occc(=O)c1OC(=O)C(C)C
CCCCCCC(=O)CCC1=CCC=C1,0.5,CCCCCCCCCC(=O)CCCCCCCCC
C=C(CCC)CCC,0.5625,C=C(C)CCC
CCCC=CCC(C)C,0.45454545454545453,CCCC=CCO
C=CC1C(C)CCCC1(C)C,0.29411764705882354,CC1CCCC(C)(C)C1=O
CCC(C)C1=CC=CCC1,0.2702702702702703,CCC(C)c1cnccn1
C=C(CC(C)C)C(=O)O,0.47619047619047616,CC(C)CC(=O)CC(C)C
CCCC1=CSC=CO1,0.2647058823529412,CCCc1ccco1
CCC=Cc1ccccc1,0.5925925925925926,CCCCCC=Cc1ccccc1
CSCC(SCO)C1C=CC2CCCC2=C1,0.22,CC1=CC(O)C(C(C)C)CC1
CCCC=CCCCC,0.6470588235294118,CCCCCC=CCCCCCC
C=CC(=O)C(C)CC(C)(C)C,0.36666666666666664,CC(CC=O)CC(C)(C)C
CC=C(C)C(C)CCC(C)CC,0.44,CCC(C)CCO
CCCC(O)C(=O)C(C)CO,0.4642857142857143,CCCC(=O)C(O)CCC
CC1=CC(C)CC(C)C1C,0.2727272727272727,CC1=CC(O)C2CC1C2(C)C
C=CC1(C)CCC(C(C)(C)O)C1,0.5,C=CC1(C)CCC(C(C)(C)O)CC1C(=C)C
CCc1ccc(C2CC=C(C)O2)nc1,0.2972972972972973,CCc1ccc(C)cc1
CCCCCOC(O)C1OC=CC=C1C,0.27450980392156865,CCCCCOC(=O)c1ccco1
CC(=O)CCCCCOCC(C)O,0.43333333333333335,CCCCCCC(C)=O
CCCCCC(CC)CC,0.5714285714285714,CCCCC(CC)CO
CC(C)C1CCC(C)C23CCC(C)C2C13,0.5,C=C1CCC23C(C)CCC(C(C)C)C2C13
CCCCCC(C)CC(C)=O,0.5416666666666666,CCCCCCC(C)CCCCC
C=C=NCCCC,0.5454545454545454,CCCCN=C=S
CC(O)CCCCCC(C)O,0.7647058823529411,CCCCCCCC(C)O
CC(C)OCC(CO)OC(C)C,0.3181818181818182,CC(C)CO
CCCCCCCC(=O)C1=CCC(CC)C=C1,0.43902439024390244,CCCCCCCCCCC(=O)c1ccccc1
C=CCC1C=CC(O)C=C1,0.23333333333333334,C=CC(C)=CCC=C(C)C
CCCCC(CCC(C)C)CCC(C)C,0.6666666666666666,CCCCC(C)C
CCCCCOOCOCC,0.5652173913043478,CCCCCCCOCC
C=C(C)C=Cc1ccccc1,0.6153846153846154,CC(=O)C=Cc1ccccc1
C=C(CC)CCC1CCCC1,0.45454545454545453,CCOC(=O)CCC1CCCCC1
C=CC(=C)CCCC(C)(C)C,0.41379310344827586,C=CC(=C)CCC=C(C)C
CCCC(C)CCCCC1CCCCC1,0.5714285714285714,CCCCC1CCCCC1
CCCC(CCC)CCS,0.45,CCCC(CO)CCC
CCCCC1=CC(C)C(C)O1,0.34210526315789475,CCCCCCCCC1=CCC(=O)O1
CCC1C=CC(CS)=CN1,0.1891891891891892,CCC1=CCCC=C1
CCC1CCC(OO)C1,0.36,CCC1CCC1
CCC1NC=CCC1OC,0.1875,CCC1CCC1
CCC1=CC=CCC1C=O,0.25,CCc1ccc(C=O)cc1
CCCC(=O)CCCC(C)CCCC(C)C,0.6206896551724138,CC(=O)CCCC(C)CCCC(C)CCCC(C)C
CCCc1ccc(C)c(OC)c1,0.6451612903225806,CCCc1ccc(O)c(OC)c1
CC=CCCC,0.5789473684210527,CC=CCCCCCCCCCC
CCC(C)C1=CCC(C)CC1,0.358974358974359,CC(C)C1=CCC(C)C2=C(C1)C(C)CC2
CC1C=CC=CC1C=O,0.2727272727272727,CC1=CC(C)C(C=O)CC1
CCCC(CCC)c1ccccc1,0.46153846153846156,CCC(O)c1ccccc1
c1ccc(Cc2ccncc2)cc1,0.391304347826087,OCc1ccccc1
C=CC1CC(C)CCC1C,0.3225806451612903,C=C(C)C1CCC(C)CC1O
CC(C)C(=O)CO,0.45454545454545453,CCCCC(=O)C(C)C
CC(=CCCC(C)Cc1ccccc1)CCCC(C)C,0.45454545454545453,CC(=CC=O)CCC=C(C)CCCC(C)C
CCCCCCOCCCCCC(C)O,0.7391304347826086,CCCCCCCC(C)O
OC1=CC=CCC1O,0.2222222222222222,C=C(C)C1CC=C(C)C(O)C1
CCOC(=O)C1=C(O)C=CCC1,0.42857142857142855,CCOC(=O)c1ccccc1C(=O)OCC
CCCCC1CCOS1,0.36666666666666664,CCCCC1CCCCC1
CC1=CCC2C(C1)OC(C)C2C,0.34285714285714286,CC1=CCC2C(C1)C2(C)C
CC1=C(O)C(C)CC(C)(C)C1,0.2727272727272727,CC1=C(O)C(=O)CC1C
CC1=CC(O)C(C(O)CCS)CC1,0.6176470588235294,CC1=CC(O)C(C(C)C)CC1
CC1=C(C(=O)OC2CCCCC2)C=COC1,0.42857142857142855,O=C(OC1CCCCC1)c1ccccc1
CSC(O)CC(C)O,0.47368421052631576,CC(C)CC(C)O
CCCC(CCC)C(C)C,0.5,CCCC(C)C
CC1=S(CCO)C=CO1,0.21875,OCCc1ccccc1
CCCC(O)C(C)Cc1ccccc1,0.48484848484848486,CC(C)CC(O)Cc1ccccc1
CCCCCCCCCCCC(=O)CC(C)C,0.6521739130434783,CCCCCCCCCC(=O)CCCCCCCCC
CC1CC(C(C)C)CC(C)S1,0.26666666666666666,CC1CCC(C(C)C)C(O)C1
CC1C=CC=CC1,0.34782608695652173,CC1C=CCC1
CCC(C)c1ccc(C)c(C)c1C,0.45454545454545453,Cc1ccc(C)c(C)c1C
CCSCCC(C)C,0.42105263157894735,CCCC(C)C
CCCC(=O)OC1(C)CC(C)CO1,0.375,CCCC(=O)OC1CCCCC1
CSCCC1CCC(C)O1,0.26666666666666666,CSCCC=O
CC(C)CCCC(C)CCC(C)CO,0.6818181818181818,CC(C)CCCC(C)CCO
C=C1CCC2CCC(C)CC2C1,0.36363636363636365,C=C1CCC2C(C1)C2(C)C
CCC(O)C1OC(C)C(O)C1O,0.2692307692307692,CCC(C)O
CC(C)C1CC(=O)CO1,0.30303030303030304,CC1CCC(C(C)C)C(=O)C1
CCNCC(C)(C)C,0.25,CCC(C)(O)CC
CC(C)CC(O)CCc1ccccc1,0.6551724137931034,CC(C)CC(O)Cc1ccccc1
CCCCCCCCC(O)C=O,0.6153846153846154,C=CC(O)CCCCCCC
COC(C)C1CCCC=C1CC(C)O,0.26666666666666666,CC(C)CC(=O)OC1CCCCC1
CCCC1C=CC=C1,0.22580645161290322,CCCC1CCC(=O)O1
CC(C)CC1CCCC(C)C1,0.36,CCC1CCC1
C=CCOC(O)C(C)C,0.4,C=CCC(C)O
CCC(C)C(O)Cc1ccccc1,0.5161290322580645,CC(C)CC(O)Cc1ccccc1
CC=C(C)C(O)CC,0.47619047619047616,CCC(O)C(C)=O
c1ccc(CCCC2CCCC2)cc1,0.4482758620689655,CCCCc1ccccc1
CC1CCC2(C1)C(C)CCCC2(C)C,0.35294117647058826,CC1CCCC2(C)CCCCC12O
CCCCOCCC(O)C1=CCC=C1,0.3611111111111111,CCCCOCCO
CC(=O)C(C)C(C)O,0.5625,CC(=O)C(C)O
O=C(CCC1=CC=CCC1)OCCCc1ccccc1,0.5111111111111111,CCC(=O)OCCCc1ccccc1
CCCCCC1CCCC(C)N1,0.34375,CCCCC1CCCCC1
CCC(CC)CCC1CC=C(C)C1(C)O,0.25,CC(C)C1=CCC(C)(O)CC1
COC1CC=CCC1,0.3076923076923077,CC1C=CCC1
CCCCCCCCCC(O)CC(CCCCCOCO)C(C)C,0.43243243243243246,CCCCCCC(O)CCO
CCC1C=CC(O)=CC1,0.3055555555555556,C=C(C)C1C=CC(C)=CC1
CC(C)CC(C)(C)O,0.5294117647058824,CC(C)CC(C)(C)C
CC(CN(C)O)c1ccccc1,0.5555555555555556,CC(CO)c1ccccc1
CC(C)OC(=O)CC1CCCCC1,0.4666666666666667,O=C([O-])CC1CCCCC1
CC1=NC(CC(C)C)CCC1O,0.28205128205128205,CC1=CC(O)C(C(C)C)CC1
C=CC(C)(C)CC(C)=O,0.4782608695652174,CC(=O)CC(C)(C)O
CCCC(C)C(C)C,0.5882352941176471,CCCC(C)C(C)CC
CCC(=O)CC(C)C,1.0,CCC(=O)CC(C)C
CC(C)CCCC(C)CCNC(O)CC(C)C,0.4666666666666667,CC(C)CCCC(C)CCO
CC1CCC(C(C)c2ccccc2)O1,0.36666666666666664,CC(C)c1ccccc1
CCCC1CC=CO1,0.35135135135135137,CCCCCC1CC=CC(=O)O1
CC(C)CCC1=CONC=C1,0.2682926829268293,Cc1cnc(C)c(CCC(C)C)n1
CCCCCCCC(C)CC(C)C,0.7,CCCCCCC(C)CCCCC
CCC=C(C)C(C)CCC,0.4074074074074074,CCCC(C)C(=O)CC
CCCCC(C)CCC,0.6666666666666666,CCCCC(C)CC
CCCCC1CCC(CC)C1,0.52,CCCCC1CCCCC1
CCCC(CCC)CNC,0.42857142857142855,CCCC(CO)CCC
OCC1=CCC=N1,0.25,CC1(C)C2CC=C(CO)C1C2
CC(=O)C1C(C)OC(C)C1C,0.25,CC(C)=O
CCCCCCCCCC(C)OCC,0.5217391304347826,CCCCCCCCCCCCCCCC(C)C
CCCCCCOCCC(C)CC(C)C,0.4642857142857143,CCCCCCCOCC
CCC(=O)CC1(C)CCCCC1(C)C,0.36,CCC(=O)CC
CCCN1C=CC(OC)=CO1,0.23684210526315788,CCCc1ccc(OC)cc1
CCCC(=O)CC(C)CCC,0.5,CCCC(=O)CCC
CCC1=CC(C)C(C)O1,0.2571428571428571,CCCCC1OC(=O)CC1C
C=Cc1ccc(C)cc1,0.5238095238095238,Cc1ccc(C=O)cc1
OCN1C=CC2=C(C1)OCC2,0.16216216216216217,O=C1CCCO1
CNC1C=CC=CC1C,0.18518518518518517,CC1C=CCC1
CCCCCCC1CCC(C)N1,0.34210526315789475,CCCCCCCC1CCC(=O)O1
C=CCCCCCC(=O)CCC,0.76,C=CCCCCCCCC(=O)CCC(=O)CCCCC=C
C=CCCC(=O)C(C)=O,0.6363636363636364,C=CCCC(C)=O
CC(C)CCCCC1C=CC=CC1,0.3548387096774194,CCCCCCCCCCCCCCCC(C)C
CCCC(C)CCC1=CC=CCC1,0.2777777777777778,CCCC(C)CC(C)O
C=C(C)C1CCC(C)CC1C,0.6666666666666666,C=C(C)C1CCC(C)CC1O
CCC(C)(C)C,0.46153846153846156,CCC(C)(O)CC
COc1cc(C(C)O)ccc1O,0.5333333333333333,COc1cc(C)ccc1O
CCCCCN(CC)OC,0.3684210526315789,CCCCCC
CC1CC(S)CO1,0.21428571428571427,CC1OCCC1=O
CC1CCCC(C)(C)C1CC=O,0.3055555555555556,CC1CCCC(C)(C)C1=O
COC1C=CC(C=O)C(O)C1,0.20689655172413793,COC=O
CCCCCC(=O)CCCC,0.9375,CCCCCC(=O)CCCCC
CC1=CC(N)C(C(C)S)S1,0.21428571428571427,CSC(C)S
COC(C)C1CCCC1,0.3,CC1CCCC1
CCCCCCCc1ccccc1,0.8095238095238095,CCCCc1ccccc1
COC(C)CCCc1ccccc1,0.4827586206896552,CCCCc1ccccc1
CCCCCC1CCC(=O)C1,0.45714285714285713,CCCCCC1CCC(=O)O1
C=C(CCCCCCCOCCCCCC)OC,0.4642857142857143,CCCCCCCOCC
CC1=CC(C=O)CC=C1,0.3055555555555556,CC1=CC(C)C(C=O)CC1
CCC(=O)C(O)O,0.6111111111111112,CCC(=O)C(C)O
CCCC(C)CCCC(C)C,0.5909090909090909,CC(C)CCCC(C)CCO
CCc1cc(C)cnc1C,0.41379310344827586,CCc1cnc(C)c(C)n1
CCCC(C)(C)c1ccccc1,0.44,CC(C)(O)c1ccccc1
C=C(O)C(O)Cc1ccccc1,0.4666666666666667,CC(C)CC(O)Cc1ccccc1
CCCCCCC(C)CC(C)=O,0.5833333333333334,CCCCCCC(C)CCCCC
CCCCC1N=CC(C)CC1C,0.3333333333333333,CCCCC1CCCCC1
CCOC(=O)OCSc1ccccc1,0.47058823529411764,CCOC(=O)c1ccccc1
CCCCSCC=C=O,0.2857142857142857,CCCCC=O
CCC(=O)C(C)CC1C(C)=CCOC1(C)C,0.3170731707317073,CCCC(C)C(=O)CC
CCCOC(=O)CCCc1ccccc1,0.7647058823529411,CCCCC(=O)OCCc1ccccc1
COCCCCc1ccco1,0.6333333333333333,CCCCCc1ccco1
CCC(C)C1N=CCO1,0.2564102564102564,CCC(C)C1CCCCC1=O
CCCCC(=O)CCC(C)CC,0.5555555555555556,CCC(C)CCC(C)=O
CC(S)CC(=O)CCc1ccccc1,0.53125,CC(=O)CCc1ccccc1
CCC=CCCCC(O)C(CC)CC,0.39285714285714285,CCC=CCCO
CCCCC(O)O,0.6111111111111112,CCCCC(C)O
C=C(CC(C)S)CC(C)(C)C1CCC(C)CC1,0.4864864864864865,CC1CCC(C(C)(C)CC(=O)[O-])CC1
CCC1=CC=CCC1,0.3,CCC1=CCCC=C1
CCCC(CC)CCCC(C)C,0.5238095238095238,CCCCC(C)C
CC12C=CC(CC1)C(C)(N)C2,0.38235294117647056,CC12C=CC(CC1)C(C)(C)O2
CC(=O)CCCC(C)S,0.6521739130434783,CC(=O)CCCC(C)C
CC(=O)OCC=C(C)OCCC(C)C,0.6428571428571429,CC(=O)OCCC(C)C
c1ccc(CCCCc2ccccc2)cc1,0.7,OCCCCCc1ccccc1
Cc1ccc2c(c1)C(C)OC2C,0.4,Cc1ccc2c(c1)C(C(C)C)CCC2C
CCC1=COC(C)C=C1,0.28125,CCC1=CCCC=C1
CCC1C=CC=N1,0.21428571428571427,CCC1CCC1O
CC(C)CCC(CCC(C)C)CC(C)C,0.3888888888888889,CCCC(C)C
CC=CC1=CC(OC)C(CCC)C=C1,0.23809523809523808,CC=Cc1ccc(OC)cc1
CSC1=CCC(C)C=N1,0.19047619047619047,CC(C)C1=CCC(C)C2=C(C1)C(C)CC2
CC(C)CC(C)C1C=CC=CC1C,0.25925925925925924,CC(C)CC(C)O
CC(C)=CC1=CC(C)CCO1,0.3157894736842105,C=C(C)C1CCC(C)C=C1O
O=c1cccco1,0.36,O=Cc1ccco1
C=C(C)C1=CCC(C)C=C1,0.37142857142857144,C=C(C)C1C=CC(C)=CC1
CON(O)CCc1ccccc1,0.45454545454545453,COC(=O)CCc1ccccc1
CCCCc1ccc(C)cc1,0.6086956521739131,CCCCc1ccccc1
CC1CC=CC1,0.3125,CC1CCCC1
CC1C=CC(CO)=CN1,0.23529411764705882,CC(C)c1ccc(CO)cc1
CCC(C=O)CO,0.6666666666666666,CCC(C=O)CC
CCC(=O)C1CCCC=C1CC,0.3333333333333333,CCC(=O)C1C=[NH+]CC1
CC=CC(=O)CCCC(C)CCCC(C)C,0.5806451612903226,CC(=O)CCCC(C)CCCC(C)CCCC(C)C
CCCC(S)Cc1ccccc1,0.4230769230769231,CCc1ccccc1
C=CC(C)CCCC(C)CC,0.5,CCCCC(C)CC
CSc1ccccc1S,0.28,CC(C)c1ccccc1
CC(C)=CCC1C=CC=C1C,0.2826086956521739,CC(C)=CCCC1(C)C2CC=C(C)C1C2
CC(=O)OC(C)CCCO,0.6666666666666666,CCCCCC(C)OC(C)=O
CCCC(C)CCC(C)C,0.625,CCCC(C)C
CCOCCCCCCC=CC(C)C,0.4642857142857143,CCCCCCCOCC
C=CCCC(O)CCCC,0.75,C=CCCC(O)CCC
CC(C)CCCCCCCCCCCO,1.0,CC(C)CCCCCCCCCCCCO
CCC(C)CCC1CCCCC1C(C)(C)C,0.3333333333333333,CCC(C)CCCC(C)(C)O
CC(C)CCC1CCCC1C,0.2692307692307692,CCCC(C)C
C=CC1=CCCC1C,0.2558139534883721,C=C(C)C1CCC2=CCCC(C)C2(C)C1
CC1C=CCC1O,0.28,CC1C=CCC1
C=CCC1CCC(CC=C)C(CC)C1,0.3225806451612903,CCC1CCC1O
CCC1C=C(C=O)C=CC1,0.38461538461538464,CCCCCC1CC=CC(=O)O1
CC(=O)c1cccc(C)c1,0.5483870967741935,CCN(CC)C(=O)c1cccc(C)c1
CCCCCC(=O)CCC(C)C,0.6818181818181818,CCCCCC(=O)CCCCC
CC(C)C(=O)CCCS,0.6086956521739131,CCCCC(=O)C(C)C
CCCC1=CC2NCOC2C=C1,0.21428571428571427,CCCc1ccco1
CC(C)CCC1(O)C(C)CC(O)CC1(C)S,0.23076923076923078,CC(=O)CCC(C)C
O=C(CC1=COCC=C1)C1CCC=CC1O,0.20930232558139536,CC1C=CCC1
C=C(C)CC(=O)C=CCCC,0.5,CCCC=CC(=O)OC
CC(O)C1C=CCC1,0.4,CC1C=CCC1
CCCC(C)C(C)(C)C(O)CCC,0.43478260869565216,CCCC(C)O
CC(=O)C1C=CCCC1C(C)C,0.3225806451612903,CC1C=CCC1
C=CC(C)(CC)Cc1ccccc1,0.4,CCC(C)(O)CCc1ccccc1
CSc1ccc(C(O)O)cc1,0.2962962962962963,CC(O)c1ccccc1
C=C(CCC)C(C)O,0.42857142857142855,C=C(C)CCC
CCCC(C)OC=O,0.5185185185185185,CCCC(CS)OC=O
CCCCC1CC(=O)C2CCCSC12,0.3333333333333333,CCCCC1CCCC(=O)O1
CCC(C)C1=CC=CCC1NCCCc1ccccc1,0.3409090909090909,CCCCc1ccccc1
CCCCC1CC1C=O,0.3333333333333333,CCCCC=O
CCC(C)(C)CC(C)=O,0.5238095238095238,CC(=O)CC(C)(C)O
CCCCCC(=N)C(C)O,0.5,CCCCCC(C)O
C=CC(C)=CCCCCC,0.5185185185185185,C=CC(C)=CCCC(=C)C
CCC(O)CCCCCCCCC(=O)OC,0.6774193548387096,CCC(C)CCCCCCCCCCCC(=O)OC
C=CCC1C=CC(OC)C=C1,0.2571428571428571,C=CCc1ccc(OC)cc1
CCCC(C)CCCC(C)(C)O,0.7083333333333334,CCC(C)CCCC(C)(C)O
C=CC(C)(CCCC(C)S)CC(C)OOC,0.34146341463414637,C=CC(C)(O)CCCC(C)C
CC(C)(C)CCCC(N)CC=O,0.45454545454545453,CC(CC=O)CCCC(C)(C)O
CC(=O)CCCC(C)OCC=C(C)C,0.4838709677419355,CC(=O)CCCC(C)C
CNC1=CCCCC1C(=O)CC(C)C,0.3488372093023256,CC(C)CC(=O)OC1CCCCC1
CC1CC(C)C(NC(C)O)C1,0.2647058823529412,CC1CCC(C(C)C)C(O)C1
CCC1=CC=C(C(CC)CC)CC1,0.3125,CC1=CC=C(C(C)C)CC1
CCCCCOCCCCCCC(O)CCC,0.75,CCCCCCCCCCC(O)CCC
COC1CCCCC1O,0.32142857142857145,COC(=O)C1CCCCC1
CC(C)=CCCC(C)CCCC(C)CCCC(C)CCCCC(C)CCCC(C)CCCC(C)CCCC(C)C,0.6071428571428571,CC(C)=CCCC(C)CCO
CC1CCC(C(C)O)C2(C1)OC(C)C(C)O2,0.2972972972972973,CC1CCC(C(C)C)C(O)C1
CCCCCCCC(=O)CCCC,0.9411764705882353,CCCCCCCCCC(=O)CCCCCCCCC
CC=CCCC(C)C,0.42857142857142855,CC=CCCO
CC(C)C1=CC=CCC1,0.4444444444444444,CC1=CC=C(C(C)C)CC1
CC1=CN=CC1,0.35,Cc1cnc(C)cn1
C=C(CCC)C(C)C(C)CC(C)=O,0.4074074074074074,CCCC(C)=O
CCOC,0.38461538461538464,CCOCOCC
CC(C)C(S)C(C)C,0.35714285714285715,CC(O)C(C)S
CCCCCCCCCCCCC,1.0,CCCCCCCC
CC(O)OC(C)C1CCC(C)C1(C)C,0.2619047619047619,CC1CCC2C(C)(C)C3CC12CCC3(C)O
CCC(O)OC1CCCCCCC1,0.41935483870967744,CCC(=O)OC1CCCCC1
CCCCCC(C)OCOC,0.45161290322580644,CCCCCC(C)OC(C)=O
CCCCCCCCC1COC(C)C1,0.34375,CCCCC1CCCCC1
CCOSC,0.375,CCOCOCC
COC(C)C,0.4,CCC(C)OC
CC1=CCC(C(C)C)C(O)=C1,0.3939393939393939,CC1=CCC(C(C)C)C=C1
CCCSCCCCCCOC(C)O,0.3333333333333333,CCCCCCOC(=O)C(C)C
CCC1C=C(OC)C(CC)CC1,0.22580645161290322,CCC1CCC1
C=C(C)C(C)CCCC(C)O,0.4583333333333333,CCCCC(C)O
CCCCOCCCNC,0.5,CCCCOCCO
CC(C)CCCC(C)CCCC(C)CCCC(C)CCCC(C)O,0.6363636363636364,CC(C)CCCC(C)CCO
C=C(C=Cc1ccccc1)CC,0.5,CCOC(=O)C=Cc1ccccc1
CCCCCCCC=CNC,0.6190476190476191,CCCCCC=CCCCCCC
COC1CCCCC1C(=O)CC(C)C,0.43243243243243246,CC(C)CC(=O)OC1CCCCC1
O=C1CCC(S)C1O,0.3,CC1OCC(=O)C1O
CC(=O)C1CCCCN1,0.3333333333333333,CC(=O)OC1CCCCC1
CC(=O)c1ccc(C)nc1C,0.45161290322580644,CC(=O)c1ncc(C)nc1C
CC(S)OCCC(O)O,0.3333333333333333,CC(O)C(C)S
CCSc1cc(C2CCC(C)C2)ccc1O,0.24444444444444444,C=C(C)C1CCC(C)CC1O
CCC(C)C1CCCC1,0.4482758620689655,CCC(C)C1CCCCC1=O
OC1CCC=C1S,0.22857142857142856,C=C(C)C1CC=C(C)C(O)C1
C=CCC(CCCCC)CC(C)C,0.42857142857142855,CCCCCCCCCCCCCCCC(C)C
C=CC1CC(C)CC(C)C1C,0.24242424242424243,C=C(C)C1CCC(C)CC1O
CCCC(C)CCC=C(C)C,0.68,CC(C)=CCCC(C)CCO
CC(=O)CCCCc1ccccc1,0.7307692307692307,CC(=O)CCc1ccccc1
CCC(C)(CCCC(C)C)OC(C)O,0.5357142857142857,CCC(C)(O)CCCC(C)C
CCCCCCCCC(=O)CC(C)C,0.6521739130434783,CCCCCCCCCC(=O)CCCCCCCCC
CC1C=CC(CO)S1,0.19047619047619047,CCO
CC1=CCC(OC(C)C)C=C1,0.5161290322580645,CC1=CCC(C(C)C)C=C1
C=C(C)C=C(C)C,0.4666666666666667,C=CC(=C)C
CC1C=CSC1OC1NC1(C)C,0.13953488372093023,CC12C=CC(CC1)C(C)(C)O2
CC(=O)CCC1CCC(C(C)S)CC1,0.34375,CC(=O)CCC(C)C
CCCCC1OCCS1,0.3333333333333333,CCCCC1CCCCC1
CC1C(O)C(O)CC1C(O)CN,0.2777777777777778,CC1CCC(C(C)C)C(O)C1
CSC1(C)CCCCCCCCCNC1,0.21621621621621623,CC1CCCC2(C)CCCCC12O
CCC1CCCC=C1C,0.2962962962962963,CCC1CCC1
CCC1=C(C(C)=O)C=CCC1,0.3235294117647059,CCC1=CCCC=C1
CCCCCCCOCC=O,0.5416666666666666,CCCCCCCOCC
OCC1=CC=CC1,0.29411764705882354,C=C(C)C1CC=C(CO)CC1
C=Cc1cccc(CC)c1,0.5833333333333334,CCc1cccc(CC)c1
C=C1C(C)CC23CC1C(C)(C)C2CCC3C,0.5128205128205128,CC1=CCC23CC1C(C)(C)C2CCC3C
CCCCCCCC(=O)CCCc1ccccc1,0.6216216216216216,CCCCCCCC(=O)OCCc1ccccc1
NC1=C(C(=O)CCc2ccccc2)C=CCC1,0.41025641025641024,CC(=O)CCc1ccccc1
CC(O)C1C=CS2=CC=CC=C2N1,0.175,CC(O)c1ccccc1
CCC1C=CC(CC)C=C1,0.2631578947368421,CCC1CCC1
CCC1(C)CCC(C)C1,0.3235294117647059,CCC1(O)C2(C)CCC(C2)C1(C)C
C=CCC1=CC=C(O)CC1,0.3548387096774194,C=CCc1ccc(O)cc1
C=C(Cc1ccccc1)c1ccccc1C,0.41935483870967744,CC(=O)Cc1ccccc1
CC=Cc1ccc(NC(C)CC(C)C)c(CC)c1,0.3404255319148936,CC=Cc1ccc(OCC)c(O)c1
CCCCCCCOCCCCS,0.6842105263157895,CCCCCCS
CC(CCCCO)c1ccccc1,0.5925925925925926,CC(CO)c1ccccc1
COC1CCCCC1OC,0.35294117647058826,CC1CCCC1
CC(O)CCC1CCCCC1,0.48,OCCC1CCCCC1
CCC(C)C(O)OCc1ccccc1,0.5,CCC(C)C(=O)OCc1ccccc1
CCCCCC(C)OC(O)CC(C)C,0.4642857142857143,CCCCCC(C)O
CCCCC(C)CCC(C)C,0.8,CCCCCCCCC(C)CCC(C)C
COC(=O)CCCCNCO,0.6521739130434783,COC(=O)CCCCC(=O)OC
CCC1CCCC1,0.8571428571428571,CCC1CCC1
C=C(CC)CCCC(C)C=O,0.5,CCCCCCCCCC(C)C=O
CCOCCC(C)O,0.47619047619047616,CCCC(C)O
CCC1CC(C)=CC(C)S1,0.2702702702702703,CC1=CC2OCC(C)=C2CC1
CC(C)(C)c1ccccc1,0.5789473684210527,CC(C)(O)c1ccccc1
CCCC1CCC(CO)C=C1OC,0.25,CCCc1ccc(OC)cc1
CC(=O)C1=CC(C)CC=N1,0.2777777777777778,CC(=O)c1ccccn1
CCOC(O)C1=CCCC=C1CO,0.2564102564102564,CCOC(C)c1ccccc1
COC1C=C(C(C)=O)C=CC1OO,0.2702702702702703,COc1ccc(C(C)=O)cc1
CCC(C)C1=CC(C)=C(C)CC1,0.30303030303030304,CC1=CC=C(C(C)C)CC1
CC(C)CNN,0.3125,CCC(C)C
CCOC(=O)C1C=CC(O)C(C)=C1,0.35714285714285715,CCOC(=O)C1OC1c1ccccc1
C=C(C)C1CCC(C)(O)C(C)C1,0.5517241379310345,C=C(C)C1CCC(C)(O)CC1
CC(C)C1CCCC(O)C1,0.34782608695652173,OC1CCCCC1
CCC1CC=C(O)CC1,0.3333333333333333,CCC1CCC1
CCC=C(C)C(C)OCCCCCC,0.4,CCCCCCOC(=O)C(C)C
CC1C=C2C(C)CC(C)C2CO1,0.275,CC1=CC2OCC(C)C2CC1
C=CCCOCCSCCCC,0.42857142857142855,C=CCCCC
CCCCC1CCCC1,0.9444444444444444,CCCCC1CCCCC1
CCC(C)CCS,0.5,CCC(C)CC
CSN1C=NC=CO1,0.13793103448275862,CSCCO
CC(C)CC1=NC2C=CC=CC2C=C1,0.25,CC(C)Cc1nccs1
CC(=O)C1C=C2CCCCC2O1,0.2702702702702703,CC1CCCCC1=O
CC(=O)CC(C)C(C)NCO,0.44,CC(=O)CC(C)C
CCCCCCCC(CC)CC,0.55,CCCCCCCCCCCCCCCC(C)C
OC(O)C1CCCCC1,0.3888888888888889,OC1CCCCC1
CC1CCC(C(C)(C)N)C(C)C1,0.3125,C=C(C)C1CCC(C)CC1O
CC(C)C(O)CC(C)(C)Cc1ccccc1,0.4,CC(C)CC(O)Cc1ccccc1
CCCCCC(C)(C)CC(C)C,0.4,CCCCCCCCCCCCCCCC(C)C
C=CCCC(=O)CCO,0.5,C=CCCC(C)=O
CC1CCC(C(C)CO)CC1,0.5161290322580645,CC(C)=CCCC(C)C1CCC(C)CC1
C=CCCC(=O)CCC1C=CNC=C1,0.3611111111111111,C=CCCCCCCCC(=O)CCC(=O)CCCCC=C
CCC1CSC(CC)S1,0.23076923076923078,CCC1CCC1
CC1CCC(C(C)(C)OC=O)OC1,0.3488372093023256,CC1=CCC(C(C)(C)OC=O)CC1
CCC(C)c1ccccc1,0.6086956521739131,CC(CO)c1ccccc1
CCC(C)C1CC(C)C(CC)O1,0.2647058823529412,CCC1OC1CCO
CC(C)SC(C)C(C)O,0.4,CC(O)C(C)O
COC1=CCNCC1,0.42857142857142855,COC1=CCCCC1
c1ccc(Cc2ccccn2)cc1,0.5384615384615384,CCc1ccccn1
CCS1(C)CC(=O)C(C)=C(C)C1C,0.2777777777777778,CC1=C(O)C(=O)CC1C
C=C(C=CC)C1C(C)CCCC1(C)C,0.37209302325581395,C=C1CCCC(C)(C)C1C(=O)C=CC
CCCC(O)C(C)C(C)C,0.5,CCCC(C)O
CC(O)COC(=O)c1ccccc1O,0.78125,CC(C)COC(=O)c1ccccc1O
CCCCCC(C)CCCC(O)CCC1CCC(C)(C)C1,0.39473684210526316,CCCCCC(O)CCCC
CC(C)CCCC(C)CC1CCCO1,0.3939393939393939,OCC1CCCO1
CCC(Cc1ccccc1)OC,0.42857142857142855,COCc1ccccc1
CCCC(C)C(C)CC,1.0,CCCC(C)C(C)CC
CCCCCCCCC(CC(C)C)C(=O)OC,0.45454545454545453,CCCC(C)C(=O)OC
CCC1C(OC)=CCC=C1OC,0.25806451612903225,COC1=CCCCC1
C=C1C(C)COC1C,0.2962962962962963,CC1OCCC1=O
CCCC1CCC(C)C1(C)C,0.2631578947368421,CC1CCC2C(C)(C)C3CC12CCC3(C)O
CC1CC(C)(C)OC(c2ccccc2)S1,0.24489795918367346,CCOC(=O)C1OC1(C)c1ccccc1
CC=CC(O)OC1CCCCC1,0.34375,CC(=O)OC1CCCCC1
CC,0.25,CS
CC1CCCC(C(C)(C)O)C1O,0.3,CC1=C2CCC(C)C2CC(C(C)(C)O)CC1
CC(CO)CCc1ccccc1,0.5,OCCc1ccccc1
COC1C=NCCC1,0.21212121212121213,COC(=O)C1CCCCC1
C=CC(C)(CCC)CCCC(C)C,0.5666666666666667,C=CC(C)(O)CCCC(C)C
CCCC(=O)CCCCC(C)CCC,0.5555555555555556,CCCCCCC(=O)CCC
COC(C)C(C)C,0.3333333333333333,CCC(C)OC
COCCCCC(=O)CC(C)C,0.48,CC(C)CC(=O)CC(C)C
CCC(C)(C)C1CCC(C)CC1,0.5357142857142857,CC1CCC(C(C)(C)CC(=O)[O-])CC1
OCC1C=CCC=C1,0.25,C1=CC=CCC=C1
C=C1C(C)CC(C)C1OC,0.25925925925925924,CC1CC(C)C(=O)C1=O
CCCC(=Cc1ccccc1)CO,0.7666666666666667,CCCCCC(=Cc1ccccc1)CO
COC(C)CCC(=O)CC(C)C,0.5,CC(C)CC(=O)CC(C)C
CCCC(O)CC(C)=O,0.5769230769230769,CCCC(O)CC(=O)OC
CCCC(C)CC(CC)c1ccccc1,0.40625,CCC(O)c1ccccc1
CC(N)CC(C)O,0.5294117647058824,CC(C)CC(C)O
CCC=CCCCC(C)CCCC=CCC,0.4166666666666667,CCC=CCCO
CCCCCC(CCC=O)Cc1ccccc1,0.4166666666666667,O=CCCc1ccccc1
C=CCCCC(O)CCC,0.75,C=CCCC(O)CCC
CCOC(C)C(C)NC,0.42857142857142855,CCOC(C)OCC
CCC1COC(C)C1,0.3333333333333333,CCC1CCC1
CCC(C)C(C)C(C)=O,0.5238095238095238,CCC(C)C(C)=O
CC(=O)OO,0.5454545454545454,CC(=O)C(C)=O
CC1=CC(C)CS1,0.23529411764705882,CC1=CC(C)C(C=O)CC1
CC(C)OSC(C)C,0.3125,CC(C)SSC(C)C
C=CCC1=CC(OC)C(C)C(OC)=C1,0.325,C=CCc1ccc(OC)cc1
CCC1CCCCC1C(C)=O,0.35714285714285715,CCC1CCC1O
C=C(CC)CSCCCC,0.28,CCCCO
CC1CCSCC1,0.4375,CC1CCCC1
CCCCCCCC=CC(C)OC,0.52,CCCCCC=CCCCCCC
C=CCCC=CCC,0.5238095238095238,CCC=CCCC=CCO
CCCCc1ccc(CC)cc1,0.6363636363636364,CCCCc1ccccc1
CCC(CC1CCOO1)c1ccccc1,0.34210526315789475,CCC(O)c1ccccc1
CSCC(=O)C1OC1C1C=CCCC1,0.23809523809523808,COC(=O)CSC
CC1CCCC2(C=CCCC2)C1,0.4,C1=CC2(CC1)CCCCC2
CCc1ccc(C)cc1C,0.5,Cc1ccc(C)c(C)c1
CCCC(CCC)CCCCC(C)C,0.6,CCCCCCCCCCCCCCCC(C)C
CCCCC(CC)CC,0.6842105263157895,CCCCC(CC)CO
CCC1C=CC=CC1C,0.25,CCC1CCC1
CCC1CC(C(C)O)=CC=C1O,0.24324324324324326,CC1=CC=C(C(C)C)CC1
COC1=CC2C=CC=CC2=CC1,0.2702702702702703,COC1=CCCCC1
COC(C)C1CCCCC1C,0.2916666666666667,CC1CCCC1
CCCCCC(CCCOC)CCCSC,0.3125,CCCCCCCCCCCCCCCC(C)C
c1ccc2c(c1)CCC2,0.4782608695652174,c1ccc2c(c1)CCCN2
CCCC(C)OO,0.5,CCCC(C)OC(C)=O
COC(=O)OS,0.4117647058823529,COC(C)=O
C=CCCC(=O)CCCC(C)(C)CC,0.45454545454545453,C=CCCCCCCCC(=O)CCC(=O)CCCCC=C
CCC1CC(C(C)C)CCC1C,0.3,CCC1CCC1O
CCC1CC(C)C(O)C1C,0.38461538461538464,CCC1CCC1O
CCCCCCCCCC(O)OCCCC,0.5,CCCCCCCC(C)O
OCCCCCOCCCS,0.6,OCCCCCS
CC(C)=S,0.375,CC(C)=C(C)C
CC(C)C1CCCC(C(C)C)C1O,0.46153846153846156,CC1CCC(C(C)C)C(O)C1
CCCN1C=CCC(OC)C1C,0.2647058823529412,CCCCN1CN(CCCC)CN(CCCC)C1
CC1=CC2CCCOC2C=C1,0.2619047619047619,CC1=CC2OCC(C)C2CC1
CC(CO)CC1C=CCC=C1,0.3333333333333333,CCC(C)CO
CC1CCC(C(C)COC(C)C)CN1,0.2708333333333333,CC(=O)OCC(C)C1CC=C(C)CC1
C1=CC2OCOC2C=C1,0.21212121212121213,CC1=CC2OCC(C)C2CC1
C=CCOC1C=CC(C)C=C1C,0.23076923076923078,C=CCOC(=O)CC
C=C(CCC)CC(C)SCC,0.3333333333333333,C=C(C)CCC
CCCSCCCCCCC(C)O,0.6,CCCCCCCC(C)O
CC12CCN(CC1OCCO)C2(C)C,0.22,CCC(=O)OC1CC2CCC1(C)C2(C)C
CC1=CCCC2(CCCCC2)C1,0.3333333333333333,CC1=CCCC(C)=CCCC(C)(C)C=CC1
OC1CCC(CS)CC1,0.35,OC1CCCCC1
CCC(C)C(C)C(C)O,0.6470588235294118,CCC(C)C(C)O
CC1=C(C)OSC=C1,0.20689655172413793,CC1=CCC(=O)O1
CCCCOC(C)C(C)CC,0.4,CCCCOC(=O)C(C)CC
C=CCOC(C)CCCCC,0.42424242424242425,CCCCCC(C)OC(C)=O
CCCCCC1CCCO1,0.5,CCCCCC1CCCC(=O)O1
CCCCCC(CCC(C)C)OCC(C)C,0.5,CCCCCCCCCCCCCCCC(C)C
CC(C)OC(C)C=Cc1ccccc1,0.45714285714285713,CC(C)OC(=O)C=Cc1ccccc1
CCCCNCCCC(C)O,0.6363636363636364,CCCCC(C)O
C=CCCCCCCOCC(=O)CCC=C(C)CCC=C(C)C,0.4523809523809524,C=CCCCCCCCCOC(C)=O
CC(C)Cc1cccc2c1OCC=C2,0.2653061224489796,CC(C=O)Cc1ccc2c(c1)OCO2
CC=C(C)C(C)C,0.375,CC(=O)C(C)C
CC(C)CC1CCC(S)CC1,0.23076923076923078,CCC1CCC1
C=C(C)CCCC(C)CCOCC,0.6176470588235294,C=C(C)CCCC(C)CCOC(C)=O
CCC1CCC(C)C(C)C1,0.4090909090909091,CCC1CCC1
CC(CO)Cc1ccccc1,0.5172413793103449,CC(C)CC(O)Cc1ccccc1
CC1=NC(CC(C)C)=CC1C,0.2777777777777778,CC(C)Cc1nccs1
CCCC1=CCCC1,0.41935483870967744,CC(=O)CC1=CCCCC1
CCCCSCCC,0.4,CCCCC
CC(O)CCC(=O)S,0.4090909090909091,CCCC(C)O
CC1C=CC2=C1SCC2,0.24242424242424243,CC1SCCC1=O
CCNC(O)CC(C)CC,0.38095238095238093,CCC(C)CC
CCC(=O)COC(C)C,0.4583333333333333,CCC(=O)CC(C)C
O=CCCCO,0.6,O=CCCCC=O
COC1=C(S)CCC=C1,0.28125,COC1=CCCCC1
CC1C=CC(C=O)C=C1,0.25,CC1=CC(C)C(C=O)CC1
O=CC1=CC2C=CC=CC2=C1,0.22857142857142856,Cc1ccccc1C=O
CCC(C)C=CC1CCC(CC)NC1,0.2571428571428571,CCC(C)C=O
CCCCC(C)C1C(C)=CCCC1(C)C,0.4,CC1=CCCC(C)(C)C1C=CC(C)O
CCCCCCC(CC)C(=O)CO,0.5862068965517241,CCCCCC(CC)C(=O)[O-]
C1CCCCCC2CCCC2CCCC1,0.5384615384615384,C1CCC2CC2C1
CCCCCCCCCCCCCCCCCC(O)OC,0.5416666666666666,CCCCCCCC(C)O
CCCCC(CN)c1ccccc1,0.3870967741935484,CCCCc1ccccc1
CCC(O)CC(C)OC,0.5238095238095238,CCC(C)OC
CC=CC=CCCC(C)O,0.4444444444444444,CC(C)=CCCC(C)O
C=CCCOCC=C,0.30434782608695654,C=CCCCC
CC(C)CC(=O)C(C)C,0.5555555555555556,CC(C)CC(=O)CC(C)C
C=C(CC)CCCCCCC,0.5,CCCCCCCC(=O)CC
CC1CCC(C(C)(C)O)C(C)C1,0.3548387096774194,C=C(C)C1CCC(C)CC1O
Cc1ccsc1CCS,0.3103448275862069,SCCc1ccccc1
OCC(O)SO,0.375,OCC(O)CO
CCc1ccc(CCC(O)C(C)C)cc1,0.4583333333333333,CCc1ccc(CC)cc1
C=CCCCCCC(S)CCC,0.5384615384615384,C=CCCCCCC
CCCCCc1ccc(CCC)cc1SC,0.34285714285714286,CCCc1ccc(O)cc1
C=C(C)C(CC(C)=O)CC(C)O,0.42857142857142855,CC(=O)CC(O)C(C)C
Oc1ccc2c(c1)CCC2,0.34782608695652173,Oc1cccc(O)c1
C=C(CCC=O)CCCC(C)CC,0.4117647058823529,CCC(C)CCCC(C)(C)O
COCCCCOC,0.625,COCCCCCS
CC=CCC=CC,0.5882352941176471,C=CC=CCC=CC
CCC(S)CCCC(C)CCCC(C)C,0.56,CCC(C)CCC(C)CCCCC(C)C
CCC(=O)C(C)CC(C)O,0.5454545454545454,CCC(=O)C(C)O
CCSCCCCOOC(=O)CC,0.37142857142857144,CCCCCCCCOC(=O)CC
CC1CC(C)C2(C)CC(C(C)C)CCC2C1,0.3191489361702128,CC(C)C1CCC2=CC(=O)CC(C)C2(C)C1
CC(=O)C1C=CCC1,0.4,CC1C=CCC1
CC1=CCC(C)=C1,0.2962962962962963,CC1=CCC(=C(C)C)CC1
OCOCCCc1ccccc1,0.5769230769230769,OCCCc1ccccc1
Cc1ccc(C)c(C)c1C,1.0,Cc1ccc(C)c(C)c1C
CCCOC(CC)C(=O)OCCc1ccccc1,0.631578947368421,CCC(C)C(=O)OCCc1ccccc1
COCCCC(CO)COC,0.39285714285714285,CCCCC(CC)CO
C=CC(=C)CCCC(C)C=O,0.45161290322580644,CCCCCCCCCC(C)C=O
CC1CCC(CC=S)C1(C)C,0.25,CC1CCC2C(C)(C)C3CC12CCC3(C)O
C1CC1,1.0,C1CCCCC1
CC1=CC(C=CC=O)C=C1,0.25,CC=CC=O
CCC1C=CC=C1C,0.23529411764705882,CCC1OC(=O)C(O)=C1C
C=CC(C)(C)C(N)CC(C)C,0.34375,C=CC(C)(O)CCCC(C)C
CCCC1=CCC(CC)C=C1,0.2571428571428571,CCC1=CCCC=C1
CC1C=CCC(C)C1=O,0.32,CC1CC(C)C(=O)C1=O
CCCC1CCC2CCCCC2C1,0.39285714285714285,OC1CCC2CCCCC2C1
COc1ccc(C)nc1C,0.4074074074074074,COc1ccc(C)cc1OC
CCCC(O)C1=CC=C(CC)CC1,0.3,CCCC(O)CCC
CCCC(CCC)OCC,0.42105263157894735,CCOC(C)OCC
C1=COCCC1,0.35294117647058826,C1=CCCCC1
CCc1ccccc1C(C)S,0.5217391304347826,CCc1ccccc1CC
CCCC1SC=C(C)C=C1C,0.23809523809523808,CCCCCCCCC1OC(C)=CC1=O
C=C(O)CCCCCCCCCCOCCCCCC,0.5,CCCCCCCOCC
CC=CC1=CC=CCC1,0.25806451612903225,CC(C)=C1CCC=CCCC=CCC1
CCCC(C)OCCC(C)C,0.5,CCCC(C)C
C=C1CC(N)C2CC1C2(C)C,0.40625,C=C1CC2CCC1C2(C)C
CCOC(=O)C1(c2ccncc2)CC1CS,0.3018867924528302,CCOC(=O)C1OC1(C)c1ccccc1
CCC1C=CCC(C)C1,0.2413793103448276,CC1C=CCC1
CCCc1ccccc1C,0.6363636363636364,CCc1ccccc1C
COC1=CCC(C(C)O)C=C1,0.4,CC1=CCC(C(C)C)C=C1
CC(C)C(O)OC(C)(C)CCC1=CCCC=C1,0.38461538461538464,CCC1=CCCC=C1
C=CCC1CC(C(=C)C)CCC1C,0.5151515151515151,C=C(C)C1CCC(C)C(O)C1
CCC1=CC=C(C)ON1,0.2413793103448276,CCc1ccc(C)cc1
CCC(C)C(O)C(S)C(C)CO,0.4166666666666667,CCC(C)C(C)O
CCCC(=O)CCCCCCCCC(O)CCC,0.5925925925925926,CCCCCCC(=O)CCC
CCC1CC(C)CCC1C(C)C,0.5172413793103449,CC1CCC(C(C)C)C(O)C1
CCCC(=O)CCCCCCC(C)C,0.64,CCCCCCC(=O)CCC
C=C(CCC)OCCCCCCCC,0.5714285714285714,CCCCCCOC(=O)CCC
OCC1C=CCO1,0.27586206896551724,OCC1CCCO1
COC(=O)C1C(C)CCCC1(C)C,0.3939393939393939,COC(=O)C1CCCCC1
CCCCCCCC(C)CCCCSCC,0.6521739130434783,CCCCCCC(C)CCCCC
CN(C)C1(C)CC(C)(CCC2C=CC=C2)C(O)O1,0.2,CC1(C)C2CC=C(CO)C1C2
COC1CC(C=O)C=CC1C,0.2564102564102564,CC1=CC(C)C(C=O)CC1
CC1CCCC(c2cccnc2)C1,0.4634146341463415,C[NH+]1CCCC1c1cccnc1
C=C(C(C)C)C(C)C,0.3333333333333333,CC(C)O
CC(C)CCC(C)C1C=CC=C1,0.30434782608695654,CCCC(C)C
CCC1=CCCC=C1,1.0,CCC1=CCCC=C1
CCCCCC=C(C)C,0.56,CCCCCCC=C(C)C(C)=O
C=CC(C)(C)CCCC(C)CCCCCC(=C)C,0.5,C=C(C)CCCC(C)CCO
CCCC(C)CCCC(O)CCC,0.6363636363636364,CCCCC(O)CCC
CC(C)CC1(C)CCCCS1,0.24242424242424243,CC(C)C12CCC(C)(CC1)O2
C1CNCOC1,0.23529411764705882,C1COCCO1
CC1CC2CCC(C)(C)CC2CC1C,0.24,C1CCC2CC2C1
CC(C)C(O)Cc1ccccc1,0.5714285714285714,CC(C)CC(O)Cc1ccccc1
CCCC(C)OCCC(C)CCCC(C)C,0.43333333333333335,CC(C)CCCC(C)CCO
C=C(OC)C(=O)C(C)CC,0.6153846153846154,CCC(C)C(=O)C(=O)OC
CC1(C)C2CCC3(C2)C1CCCC3(C)C,0.35294117647058826,CC12CCC(C1)C(C)(C)C2O
CCCC1C=C(CC)N=C1NC,0.21052631578947367,CCc1ccccn1
CCC(C)(O)CC(C)C,0.5555555555555556,CCC(C)(O)CC
CCC=CCCNCCO,0.5652173913043478,CCC=CCCO
CCC=CCCCCCCCCCC,0.8235294117647058,CCCCCC=CCCCCCC
CCCC(=O)C(CC)C(C)O,0.48148148148148145,CCCC(=O)C(O)CCC
C=C(O)C1=CCCC=C1O,0.20689655172413793,C=C(C)c1ccccc1
CCCC(C)CCOC(C)=O,0.7307692307692307,CCC(C)CCOC(C)=O
CC1=CC(C)C(C)C=C1,0.3,CC1=CCC(C(C)C)C=C1
C=CC(C)(CCCC(C)C)CC(=O)Cc1ccccc1,0.47619047619047616,CC(C)CC(=O)Cc1ccccc1
CCCCCCOC(C)CCC,0.44,CCCCCCCCCCCCCCCC(C)C
OC1=CC2C=CCSC2CC1,0.1891891891891892,CC(C)=C1CCC=CCCC=CCC1
CC(C)C1CCCC(c2ccccc2)C1,0.2926829268292683,CC(C)C1CC=C(C=O)CC1
CCCc1ccccc1CO,0.6666666666666666,CCCc1ccccc1O
CCC1OC(C)C(O)C1O,0.37037037037037035,CCC1OC1CCO
CC(C)C1CCSS1,0.21875,CC1CCC(C(C)C)C(O)C1
CC(C)CCC(CCC(C)C)C(C)C,0.4117647058823529,CCCC(C)C
CCC1CC2CCC1(C)C2(C)C,0.5172413793103449,CC1(C)C2CCC1(C)C(O)C2
CCOC(C)CC(C)C,0.47368421052631576,CCOC(C)OCC
C1=CN=CCC1,0.2222222222222222,C1=CCCCC1
C=C(C)C(C)C(C)(C)c1ccccc1,0.42857142857142855,CC(C)(O)c1ccccc1
CCCC(CC)CCCSC,0.39285714285714285,CCCCC(CC)CO
CC(C)C1C=CC=C2C=CCCC21,0.2682926829268293,C=C1C=CC(C(C)C)CC1
CCCC(C=S)c1ccccc1,0.3870967741935484,CCC(O)c1ccccc1
CCCCCC(C)(C)C,0.5,CCCCCC
CC(O)CC(C)CCOC(C)C,0.52,CCCC(C)CC(C)O
C=CCCCCCCCCCCC,1.0,C=CCCCCCC
CCOCC(C=O)Cc1ccccn1,0.43243243243243246,CCc1ccccn1
C=CC(C)(C=O)CCC(C)C,0.45161290322580644,C=CC(C)(O)CCCC(C)C
CC1CCC2C(CC(=O)C2C)C1,0.35294117647058826,CC1CCC(C(C)C)C(=O)C1
CC1=CCCO1,0.32,CC1=CCC(=O)O1
C=CC(S)CCCC(C)(O)O,0.45161290322580644,C=CC(C)CCCC(C)(C)O
C=CC(C)C(S)CC,0.375,C=CC(O)CC
CCC1(C)OCC(O)O1,0.3684210526315789,CCOC(=O)CC1(C)OCC(C)O1
CCCOC(C)OCCS,0.4090909090909091,CCOC(C)OCC
CC(C)C1CCCC1,0.35294117647058826,CC1CCCC1
CC1CC(c2ccccc2)CCN1,0.2413793103448276,Cc1ccccc1
CCCC(=S)CCC,0.4117647058823529,CCCC(=O)CCC
CC(C)=CCCC1=CSCC(C=O)C1,0.30434782608695654,CC(C)=CCCc1ccoc1
CCCC(=O)C=Cc1cccnc1,0.4444444444444444,O=Cc1cccnc1
CCCCC(CCC)OCO,0.4230769230769231,CCCCC(O)CCC
C=C(O)CCC(=O)C(CC(O)CCC(N)C(C)=O)C(C)C,0.23809523809523808,CC(=O)CCC(C)C
CCC1CCC(C)=CC1C,0.46875,CC1=CC(C)C(C=O)CC1
CCC1CCCC(C)S1,0.375,CCC1CCC1
OCCC1CCCCO1,0.56,OCC1CCCO1
CCOC(O)C1=CCC=C1,0.3142857142857143,CCOC(C)c1ccccc1
CC1=CCC(CO)=C1,0.3055555555555556,C=C(C)C1CC=C(CO)CC1
CC1CCC(=O)CC1C,0.5,CC1CCC(=O)CC1
CCCCCC(CCCCC)CC(C)C,0.5714285714285714,CCCCCCCCCCCCCCCC(C)C
C=C(CCCC)CCCCCCC,0.5,CCCCCCCCCC(=O)CCCCCCCCC
CCCCCC(CCC)CCC,0.5,CCCCCCCCCCCCCCCC(C)C
CC=CC(O)C1CCC(C)(C)CC1C,0.28888888888888886,CC1CCC2C(C1)C(C(C)C)CCC2(C)O
CCCCNC(C)CCCC(C)C,0.5217391304347826,CCCCC(C)C
CCCCCCc1ccccc1,0.8095238095238095,CCCCc1ccccc1
CC1CCC2CCC(=O)CC2C1,0.4444444444444444,CC1CCC(=O)CC1
CC1CCCC(C)C1C,0.375,CC1CCCC1
C=CCC(C)CCc1ccccc1,0.375,CCCCc1ccccc1
CCCC(C)CC1=C(C)CCN1,0.29411764705882354,CCCC(C)CC(C)O
CC(Cc1ccccc1)C(N)=O,0.46875,CC(C)CC(O)Cc1ccccc1
CCC(CCCCO)Cc1ccccc1,0.45454545454545453,OCCCCCc1ccccc1
CC1CCC=C(C(C)(C)C)C1,0.3142857142857143,CC1CCC(C(C)(C)S)C(=O)C1
CC1=CCC(NS)C=C1,0.45161290322580644,CC1=CCC(C(C)C)C=C1
COC1CCC(C=O)=CC1O,0.36585365853658536,C=C(C)C1CC=C(C=O)CC1
CC1CCC2C(=CC(C)N2C)C1,0.3142857142857143,CC1CCC(C(C)C)C(=O)C1
Cc1ccc(O)c(C(C)C)c1,0.68,Cc1ccc(C(C)C)c(O)c1
CCCCCC(C)C1CC=CC=C1N,0.3055555555555556,CCCCCCCCCCCCCCCC(C)C
CCC1(C)C(C)C(C)CC(C)C1C,0.26666666666666666,CC1(CO)C2CC3C(C2)C31C
C=C1CCCC(C)(C)C1C=CC(C)C,0.5945945945945946,C=C1CCCC(C)(C)C1C=CC(C)=O
CCCC(=O)CC(CC(N)=O)C(N)=O,0.44,CCCC(=O)CCC
CCCOC(C)(CS)CCC,0.3076923076923077,CCCC(C)(C)CC
CCCCC1=C(C)CCC=C1,0.3333333333333333,CCCCCC1=C(C)CCC1=O
C=C1CCC(C)CC1,0.5,CC1CCC(=O)CC1
C=C1CCC2CCOCC2O1,0.19444444444444445,CC1CCC(=O)O1
CCCCCC(CC)Cc1ccccc1,0.4666666666666667,CCCCc1ccccc1
CC1C(=O)C(O)C(C)C1C,0.32142857142857145,CC1OCC(=O)C1O
CCCCCCCN,0.6153846153846154,CCCCCCCC
OC(CSCC1C=C2C=CC=CC2C1)CC1=CC2CCCCC2CC1,0.18309859154929578,C=C1C=CC(C(C)CCC=C(C)C)CC1
CC(=O)CCC(C)C1CCC(C)CC1,0.5588235294117647,CC(C)=CCCC(C)C1CCC(C)CC1
C=C(C)OCCCCCCC,0.6,CCCCCCCOC(C)=O
CC=CC(=O)C1C(C)OCCC1(C)C,0.3953488372093023,C=C1CCCC(C)(C)C1C(=O)C=CC
C=C(C)C(C)C(C)C,0.3333333333333333,C=C(C)C(=C)C
C=C(C)C1C=CC(C(C)C)C=C1,0.2571428571428571,C=C(C)C1C=CC(C)=CC1
CCCC(=O)CS,1.0,CCCC(=O)CS
CCC(C)Cc1ccccc1,0.4827586206896552,CC(C)CC(O)Cc1ccccc1
CCC(C)CCC(C)O,0.55,CCC(C)CCO
COCCSC,0.375,COC(=O)CCSC
CCCC(CCC)c1ccc(C)cc1,0.4583333333333333,Cc1ccc(C(C)C)cc1
CCC(=O)C1CCCC1,0.48148148148148145,CCOC(=O)C1CCCCC1
C=CCCC=C=O,0.34782608695652173,C=CC=CCCC=C
CCC(O)C(C)(C(C)C)C(C)C,0.42105263157894735,CCC(C)O
C=C(CC)CCC(C)CC,0.5,CCC(C)CCC(C)=O
CC(O)C1CCC(O)C(O)C1,0.3333333333333333,CC1CCC(C(C)C)C(O)C1
CC(CO)CC1C=CC2OCOC2O1,0.25,CCC(C)CO
CCC(C)C(O)OC,0.5,CCC(C)C(C)O
CC1CCOC1,0.3157894736842105,CC1CCCC1
CC(C)CCCC(=O)C=Cc1ccccc1,0.575,CC(C)CCOC(=O)C=Cc1ccccc1
CCCC(O)CCCCO,0.6818181818181818,CCCCCCCCCCC(O)CCC
C1=COCC(C2CC=CCC2)=C1,0.19444444444444445,CC1C=CCC1
CCCCCOCCCCCC(OCC)OCC,0.5384615384615384,CCCCCCCOCC
C=C(C)C(C)CC(C)=O,0.5238095238095238,CC(=O)CC(C)C
CCCOCSCCC,0.2916666666666667,CCCSSC
CCC1=C(OC)C=CC(C(C)O)C1,0.2926829268292683,CC1=CCC(C(C)C)C=C1
CC(C)CC1C=CC=C1,0.2727272727272727,CC(C)CC(O)CC(C)C
CCCCCCCC=CC(C)=O,1.0,CCCCCCC=CC(C)=O
C=CC(C)CCCC,0.5416666666666666,C=CC(O)CCCC
CCC(=O)CCCOc1ccccc1,0.6060606060606061,CCC(=O)OCCOc1ccccc1
C=CCCCCCCOC,0.5357142857142857,C=CCCCCCCCCOC(C)=O
O=C(CC1CCCCC1)c1ccccc1O,0.4117647058823529,CC(=O)c1ccccc1O
CC1(C)CCC2CC1C2(C)C,0.3793103448275862,CC1(C)C2CC3OC3(C)C1C2
C=C(C)CC(=O)OOC(C)C,0.3333333333333333,COC(=O)CC(C)C
CC(C)CC(=O)c1ccccc1,0.5769230769230769,CCC(=O)c1ccccc1
CC(CC=O)C1C=CC(C(C)(C)C)=CC1,0.3673469387755102,CC(C)=CCCC(C)C1C=CC(C)=CC1
CCCOCC(C)OC1CCCCC1,0.34210526315789475,CCCC(=O)OC1CCCCC1
CC1C=CSC1C,0.2,CC1C=CCC1
CCOCC(C)CC,0.47058823529411764,CCC(C)CC
CC1(C)CCCC2CCC(C=O)CC21,0.3076923076923077,CC1(C)C2CCC(C=O)C1C2
CCCC(C)CC(=O)CC,0.5652173913043478,CCC(=O)CC(C)C
CCC=CC(O)O,0.4,CCC=CCO
CCCCC(CCC)CCC,0.5238095238095238,CCCCC(CC)CO
CCC(C)COC(C)C(C)O,0.42857142857142855,CCC(C)COC(C)=O
COC1C=CC(CS)C=C1,0.20689655172413793,COCCCCCS
CCCC(C)OC,0.5555555555555556,CCC(C)OC
CCC1=CCC(OC)=C(C)C1,0.24324324324324326,CCc1nccnc1OC
C=C(C)C1CC2CCC1C2,0.4,C=C(C)C1CCC(C)CC1O
O=C(O)C1CCCS1,0.25,O=C([O-])C1CCCCC1
CCC(C)C(O)CC(C)S,0.45454545454545453,CCC(C)C(C)O
C=CC(C)(C)CCC=C(C)C,0.6538461538461539,C=CC(C)(O)CCC=C(C)C
c1ccc(CCCC2CCCCC2)cc1,0.43333333333333335,CCCCc1ccccc1
CC=CCCC(O)CCCCCCC,0.5925925925925926,CCCCCCCCCCC(O)CCC
C=C(C=CC)C(N)C(C)C(C)C,0.2727272727272727,CC=CC(=O)C(C)CC
CCCC1=CC(CC)C(CC)C1,0.25,CCC1CCC1O
CCCCCCC(C)CCC=C(C)C,0.6,CCCCCCC(C)CCCCC
CCCC(CC(C)C)CC(O)C1C=C(C)C(C)CC1,0.28846153846153844,CC1=CC2C(=CC1O)C(C)CCC2C(C)C
CCCCC(=O)CCCOCC,0.5416666666666666,CCCCCC(=O)CCCCC
CCC=CC(O)CCC,0.5,C=CC(O)CCC
CCOC1C=CCCC1CC,0.3333333333333333,CC1C=CCC1
CC1=C(C)C(C)C(C)(C)C1,0.2702702702702703,CC1=C2CC3CCC(C)C2(CC1)C3(C)C
C=CC(C)CCC,0.5714285714285714,C=CC(C)CCO
CC=CCCCSC,0.4782608695652174,CC=CCCCO
C=CCCC(O)CCC,1.0,C=CCCC(O)CCC
CCC1=C(C)CCC1,0.32142857142857145,CCC1=C(O)C(=O)CC1
Cc1cccc(C(C)O)n1,0.35714285714285715,CC(O)c1ccccc1
CCCC(=O)C(CC)C(C)C,0.4444444444444444,CCCC(=O)C(O)CCC
CCC1=C(C)COC=C1,0.24242424242424243,CCC1=CCCC=C1
C=C(O)CC(C)CCCC(C)C,0.5,CC(C)CCCC(C)CCO
C=C(C)C1CC(C(C)C)C=CO1,0.28205128205128205,C=C1C=CC(C(C)C)CC1
CCCCCC(C)CCC,0.8235294117647058,CCCCCCC(C)CCCCC
CC(C)=CCCC(C)CC(C)(C)C,0.5714285714285714,CC(C)=CCCC(C)CCO
CCCCCCCC(C)CC,0.7777777777777778,CCCCC(C)CC
C=CCCC(C)CCc1ccccc1,0.3939393939393939,O=CCCc1ccccc1
COC1C=CC(C)=N1,0.22580645161290322,COc1nccnc1C
CCC(C)C1=CCCS1,0.2972972972972973,CCC(C)c1nccnc1OC
COCC=O,0.375,CCC=O
CC1(C)CCOCC1,0.35714285714285715,C1COCCO1
CCCCCC(=O)CCCC(C)O,0.6521739130434783,CCCCCC(=O)CCCCC
C=C(CC)C1OC1(C)CCC1C(C)=CCCC1(C)C,0.3220338983050847,C=CCCC(=O)C=CC1C(C)=CCCC1(C)C
CCCCCCCCCCCOCC(C)=O,0.5555555555555556,CCCCCCCOC(C)=O
CC(C)CC(O)CCC(C)N,0.55,CC(C)CC(O)CC(C)C
CC(C)CCCC1CCCCC1,0.56,CCCCC1CCCCC1
CC=CC1C=CC(CC(C)NCC)=C(OC)C1,0.2033898305084746,CC(C=O)Cc1ccc2c(c1)OCO2
CC(O)CC(C)(C)C,0.5789473684210527,CC(O)CC(C)(C)S
CCOCCC1=CCCC1,0.3611111111111111,CC(=O)CC1=CCCCC1
CCCCC(CCCC)COCC,0.4230769230769231,CCCCC(CC)CO
CCC1C=CC=CC1,0.23076923076923078,CCCCCC1CC=CC(=O)O1
c1ccc(CCC2CCCC2)cc1,0.4074074074074074,OCCc1ccccc1
C=C(CCC)CCC(C)c1ccccc1,0.46875,CC(CO)c1ccccc1
CCCOCCCCC(C)C,0.5217391304347826,CCCCCCCCCCCCCCCC(C)C
C=C1CC(C)(CC)CO1,0.24324324324324326,CCC12CCCC(C)(OC1)O2
C=CC(=C)CC,0.45,C=CC(=O)CC
CCCC(=O)CC(O)OCC,0.4583333333333333,CCCC(=O)CCC
C=CCC=CCCC(O)CC,0.4666666666666667,C=CCCC(O)CCC
CC(=O)CC1CCC2C(C)(C)C3CC12CCC3C,0.36,CC(=O)OC1(C)CCC23CC1C(C)(C)C2CCC3C
CCC1CCCS1,0.34782608695652173,CCC1CCC1
CCCCCC1CCCOC1O,0.34146341463414637,CCCCCC1CCCC(=O)O1
C=CC=C(C)CCC=C(C)CC,0.6923076923076923,C=CC=C(C)CCC=C(C)C
CCc1ccc2ccccc2c1,0.5217391304347826,CCc1cccc(CC)c1
CCCC(O)CCC(C)C,0.7058823529411765,CCCC(O)CCC
C=C(OCCC(C)C)C(C)C,0.56,CC(C)CCOC(=O)C(C)C
CCCCCC(C)CO,0.65,CCCCCCC(C)CCCCC
CC(C)CCCN,0.5,CCCCC(C)C
C=CC(C)CCCCC,0.56,C=CC(O)CCCCC
CCCCCC(C)Cc1ccccc1,0.4827586206896552,CCCCc1ccccc1
CCCC(C)CC(CC)CCCO,0.5185185185185185,CCC(C)CCCO
CC=CCC,0.4117647058823529,CCC=CCO
CC(C)CC1CC(CC(C)C)NC(CC(C)C)C1,0.2222222222222222,CC(C)CC(=O)CC(C)C
CC1CC(CS)C(=O)C1O,0.29411764705882354,CC1OCC(=O)C1O
CCCOCCCCCCCCCCCCCCCC(C)=O,0.6,CCCCCCC(C)=O
C=CCOC(O)CC,0.4482758620689655,C=CCOC(=O)C(CC)CC
CCC1=CC=CC1,0.2857142857142857,CCC1=CCCC=C1
C=C(CC)C(O)c1ccccc1,0.5,CCC(O)c1ccccc1
CC(C)CCCC1CCC(C)(CO)CC1,0.3548387096774194,CC(C)CCCO
Cc1cccc(CCC(C)C)c1,0.5357142857142857,CCc1cccc(C)c1
CCC(C)CC(=O)OC,1.0,CCC(C)CC(=O)OC
CCCCC1=CC=CC1,0.3448275862068966,CCCCc1ccccc1
C=C1CCCC(C)(C)C1C(=O)CC,0.5945945945945946,C=C1CCCC(C)(C)C1C(=O)C=CC
CC(O)OCCCc1ccccc1,0.5882352941176471,CC(C)C(=O)OCCCc1ccccc1
C=CCCCOCCCCCCCCCC,0.6521739130434783,C=CCCCCCC
CCC(CC)C(C)C,0.46153846153846156,CCC(C)C
CCC(C)C1=C(C)OCCC1,0.2903225806451613,O=C1CCCO1
CCC(C)CC1CCCC1,0.4,CCC(C)CC
CCCC(C)N,0.5,CCCC(C)C
CCc1cccc(C)c1,1.0,CCc1cccc(C)c1
C=CCC1=CC(OC)C(OC)=CC1,0.325,C=CCc1ccc(OC)cc1
CC1CCCC(C)(C)C1C=O,0.3333333333333333,CC1CCCC(C)(C)C1=O
CCOC(C)CC1(C)CCC(C)C1,0.28125,CCOC(C)OCC
CC(C)=CCCc1ccco1,0.5483870967741935,CCCCc1ccco1
CC(Cc1ccccc1)OCc1ccccc1,0.5,COCc1ccccc1
CCC1CCc2ccccc21,0.27586206896551724,CCc1ccccc1CC
CSCOSC,0.3125,CCSC
CCCCCCCCCCC1CCC(C)O1,0.45714285714285713,CCCCCCCC1CCC(=O)O1
CCC(C)C(C)S,0.4444444444444444,CCC(C)C(C)O
CCC(O)C(C)S,0.47058823529411764,CCC(C)O
CC1=CC(C)C(C=CC(C)O)C(C)C1,0.3953488372093023,CC1=CCCC(C)(C)C1C=CC(C)O
CCCCCCCCC(C)C,1.0,CCCCCCCCCCCCCCCC(C)C
CCCOC1C=CCC1,0.35714285714285715,CC1C=CCC1
CC=CC(C)OC(C)(C)Cc1ccccc1,0.32558139534883723,CC=CC(=O)OCc1ccccc1
CC(=O)CCC1CCC(C)CC1C,0.358974358974359,C=C(C)C1CCC(C)CC1OC(C)=O
CC(C)OCCC(C)c1ccccc1,0.4827586206896552,CC(CO)c1ccccc1
CCCCCCCOC(O)CCc1ccccc1,0.4883720930232558,CCCCCCCC(=O)OCCc1ccccc1
CCc1ccc(CO)cc1OC,0.6129032258064516,COc1cc(CO)ccc1O
CC1C=CCC(C)C1,0.391304347826087,CC1C=CCC1
C=CCCCCCCCC(=O)CCC,0.76,C=CCCCCCCCC(=O)CCC(=O)CCCCC=C
CSC=CC(C)C,0.2777777777777778,CC(C)C=O
C1CSCCSC1,0.7,C1CCSC1
C=CCCNCCSCC=C,0.26666666666666666,C=CCCCCCCCCC=O
CCCCC(O)C1=CC=CC1,0.3793103448275862,CCCCC(C)O
CC(=O)CCC(=O)C(C)CCOO,0.41379310344827586,CC(=O)CCC(C)C
CCC(C)C,1.0,CCC(C)C
CCC(C)CC(C)C(C)O,0.5789473684210527,CCC(C)C(C)O
CCC(C)C1CCC(C)C(C)=N1,0.34210526315789475,CCC(C)C1CCCCC1=O
CC=CCCCC,0.7777777777777778,CC=CCCCCCCCCCC
CCC(C)CCC(C)C1=CCC=CC1C,0.2894736842105263,CCC(C)CCC(C)CCCCC(C)C
C=CCC(C)c1ccccc1,0.5185185185185185,CC(CO)c1ccccc1
C=C(CCCCCC)OCC=O,0.4857142857142857,C=CCOC(=O)CCCCCC
CC(C)CCCC(C)CC1CC(C)CC(C)(C)C1,0.32432432432432434,CC(C)CCCC(C)CCO
C=C(CC)CCCC(C)C,0.46153846153846156,CC(=O)CCCC(C)C
CCCC(C)C(=O)CC,1.0,CCCC(C)C(=O)CC
CC(O)S,0.6363636363636364,CC(O)C(C)S
CCC(C)CCCC(C)OCC=C(C)C,0.40625,CCC(C)CCCO
CCC(C)(C=O)SC1C=CC=C1,0.21428571428571427,CCC=O
C=CCCCC1CCCC(=O)C1,0.37142857142857144,CC1CCCC(=O)C1
COC1C=C(C(C)C)C=CC1C,0.23684210526315788,CC1=CCC(C(C)C)C=C1
CCCCC(O)CCCc1ccccc1,0.6296296296296297,CCCCc1ccccc1
CCCCC1CCC(C)O1,0.42424242424242425,CCCCC1CCC(=O)O1
COC(C)C1CCCC=C1NCC1CCC(C)CC1C,0.23333333333333334,CC(C)CC(=O)OC1CC(C)CCC1C(C)C
CNC(C)CC(C)O,0.47368421052631576,CC(C)CC(C)O
CC1C=CC2=CC=CCC21,0.21875,CC1C=CCC1
CC(C)C1CCC(C)(C)CC1C,0.3684210526315789,CC1CCC2C(C1)C(C(C)C)CCC2(C)O
C=C(CC)CCCCC,0.4782608695652174,CCCCCC(=O)CC
CC1CCC(CCCCCO)OC1,0.3023255813953488,CCCCCCCC1CCCC(=O)O1
CCCCC(CCC)C(C)C,0.5,CCCCC(C)C
CC(OCC=Cc1ccccc1)c1cccnc1,0.4444444444444444,CC(C)C(=O)OCC=Cc1ccccc1
CCCC(O)C(CC)CCC,0.47619047619047616,CCCC(O)CC
CC(C)=CCCC(C)C(C)C,0.6086956521739131,CC(C)=CCCC(C)O
CCCOC(O)CC,0.35,CCC(C)O
C=CC1=NC=CNC1,0.2,C=CCc1ccc2c(c1)OCO2
CC1Cc2ccccc2CC1C,0.3,Cc1ccccc1C
CCC=CCCCC(=O)C1C=CC=CC1C,0.35,CCC=CCC=CCC=CCCCCCCC=O
C=C(CCCCCCCC)OC,0.5384615384615384,CCCCCCC(=O)OC
C=C(COOC(C)=N)c1ccccc1,0.41935483870967744,C=C(C)c1ccccc1
CC(C)C(O)OCCCc1ccccc1,0.5555555555555556,CC(C)C(=O)OCCCc1ccccc1
C=C(CCOCCCC)OCCC(C)C,0.4864864864864865,CCCCCC(=O)OCCC(C)C
C=C1C(O)C(C)CCC1C(C)C,0.4444444444444444,C=C1C=C2C(C(C)C)CCC(C)C2CC1
CCCCCCCCCC(C)CCC,0.8823529411764706,CCCCCCC(C)CCCCC
C=CC(C)=N,0.5,C=CC(=C)C
CCCCCCCCCOC(C)C,0.48148148148148145,CCCCCCOC(=O)C(C)C
C=C(CCC)CCSC,0.4,CSCCC(C)=O
CCC(=O)C(C)CC,0.6190476190476191,CCCC(C)C(=O)CC
CCCC1CCC(O)O1,0.375,CCCC1CCC(=O)O1
CCCC(CCC)C1=CCC=CN1,0.2413793103448276,CCCC(C)C
COC(O)CCC(C)C,0.38461538461538464,COC(=O)CCC(C)C
CCCC=CC(CC)CO,0.44,CCCC=CCO
C=C(O)CC(C)CCC,0.44,CCCC(C)CC(C)O
CC(=O)C1CCCC1,0.4782608695652174,COC(=O)C1CCCCC1
CC(C)CCCCCS,0.55,CCCCCCCCCCCCCCCC(C)C
CSC=CCC1NCC(=O)C1C,0.21428571428571427,CCC1OCCC1=O
CCC(=O)CCSOC(=O)OC,0.39285714285714285,CCCC(=O)CC
C=C(C)C(C)C,0.42857142857142855,CC(=O)C(C)C
CCCCC(S)CC,0.47619047619047616,CCCCC(C)CC
CC(C)CCC(CO)CC(C)O,0.45454545454545453,CC(C)CC(C)O
CCOCCCCC(C)CC,0.5,CCCCC(C)CC
CCOC(O)CC(C)CCCC(C)C,0.5172413793103449,CCC(C)CC(C)CCCC(C)C
C=C(C)C=CC1C(C)CCOC1(C)C,0.2564102564102564,C=C(C)C1CCC(C)(O)CC1
SC(Cc1ccccc1)OCCc1ccccc1,0.4666666666666667,*OCCc1ccccc1
NCCCCCCC=CCO,0.5833333333333334,CCCCCCC=CCO
CCSC(O)C(C)OCO,0.28,CC(O)CO
CCCN(C)CCC(C)O,0.5,CCCC(C)O
CCCSCC(C)C,0.35,CCCC(C)C
C=CC(C)(CCC=C(C)C)CC(=O)c1ccccc1,0.5869565217391305,C=CC(C)(CCC=C(C)C)OC(=O)c1ccccc1
C=C(C)C(=O)CCC(C)C,0.5652173913043478,CC(=O)CCC(C)C
CC1CCC2C=CC=CC12,0.2692307692307692,CC1C=CCC1
CCCC(CCC)CCC,0.6,CCCC(CO)CCC
C=C(OCC)C(C)CCC(C)CCC,0.45161290322580644,CCCC(C)C(=O)OCC
CCCC(=O)C(C)C1C=CC=CC1,0.32432432432432434,CCCC(=O)C(O)CCC
CC1=C(O)CC(C(C)C)=CC1,0.375,C=C1CC=C(C(C)C)CC1
CCCCC(C)C(C)CC,0.6666666666666666,CCCC(C)C(C)CC
C=C(O)CCC,1.0,C=C(O)CCC
C=CC1=CC(CC)C=C1,0.2727272727272727,C=Cc1ccc(CC)cc1
CNC1CC=CS1,0.1724137931034483,CC1C=CCC1
C=C(CCC)CCC1=CC=S(C)OC1,0.24324324324324326,C=C(C)CCC
CC(C)C(O)COCc1ccccc1,0.47058823529411764,CC(C)C(=O)OCc1ccccc1
CCC1C=C(CO)CC1,0.3888888888888889,C=C(C)C1CC=C(CO)CC1
CCC1C=NC(C)=C(C)O1,0.24324324324324326,CCC1OC(=O)C(O)=C1C
CCCCOCC(CC)CC(C)=O,0.4444444444444444,CCCCC(CC)COC(C)=O
CC1CCC2(CC1)C(C)CCC2C(C)(C)C,0.28205128205128205,CC1CCC2C(C)(C)C3CC12CCC3(C)O
CCCCC(O)C(C)CC(C)(C)CC,0.42857142857142855,CCCCC(C)O
NCC1C=CC(C=O)C1,0.18421052631578946,CC1(C)C2CCC(C=O)C1C2
CCCCCCCCCC(=O)CCC,1.0,CCCCCCC(=O)CCC
CCC(C)C1CCC(C)(C)C1,0.2972972972972973,CCC(C)C1CCCCC1=O
CC(C)C1(C)CCC23CC1C(C)(C)C2CCC3C,0.6,CC1CCC2C(C)(C)C3CC12CCC3(C)O
CCCCCC=CCCC(CCC)CCC,0.5909090909090909,CCCCCC=CCCCCCC
CCCOC(C)CCC1CC=CCC1,0.25,CCCOC(=O)C(C)C
CC1=CC=CC1CS,0.16666666666666666,CC1=CCC2CC1C2(C)C
CCC(=O)CCc1ccco1,0.6285714285714286,CCOC(=O)CCc1ccco1
CCC(CCC1C(C)CCCC1(C)C)CC(C)=O,0.2553191489361702,CC1CCCC2(C)CCCCC12O
CCCCCCC1CC(CS)CO1,0.375,CCCCCCCC1CCC(=O)O1
C=C(CCC)CCCO,0.45,CCCCO
CCC(=O)CCCCCOOC,0.5555555555555556,CCCCCCCC(=O)CC
CCCCCOC(C)C(C)CC,0.40625,CCCCCCOC(=O)C(C)CC
CC(C)COC(C)Oc1ccccc1,0.4,CC(C)COC(=O)c1ccccc1
CCCOCC,0.5555555555555556,CCCCCCCOCC
CCC1=COC(C)O1,0.2647058823529412,CCC1OC=C(CO)C1=O
CC1CC(C)OC(C)C1,0.2777777777777778,CC1CCCC1
CCCCC(CC)CCC(O)C(CC)CCCC,0.5,CCCCC(CC)CO
CSCC1OCC(C)CC1C,0.21951219512195122,CC1=CC2OCC(C)C2CC1
CC1CC(C)C(C)C1,0.3333333333333333,CC1CCCC1
CCC1(C)C2(C)CCCC1(C)CC2,0.3225806451612903,CCC12CCCC(C)(OC1)O2
CCCCC(C)CCO,0.6363636363636364,CC(C)CCCC(C)CCO
CCCCCC(C)CCCC(S)CCC,0.6086956521739131,CCCCCCC(C)CCCCC
COC1=CC(C=O)=CCC1CC(=O)C(C)C,0.28846153846153844,COc1cc(C=O)ccc1OC(=O)C(C)C
CCCOCCC(=O)CO,0.5652173913043478,CCCC(=O)CO
COCCC(O)C(C)O,0.3157894736842105,CC(O)C(C)O
COC(O)C1=C(C)CCOC1,0.2,COC(CO)c1ccccc1
CCCC=CCCC(C)C,0.47368421052631576,CCCC(C)C
CCCCCCCC1SC1CC,0.4,CCCCCCCC
CC1=CCCC1,0.39285714285714285,CC1=CCC(=C(C)C)CCC(C)=CCC1
COC(C)C1=C(C=CC2CCC(CCC=C(C)C)CC2)CCC=C1,0.296875,C=C1C=CC(C(C)CCC=C(C)C)CC1
C1=CCC(CC2=CCCCC2)C=C1,0.358974358974359,CC(=O)CC1=CCCCC1
CCC(C)CCC(C)OCCC(C)C,0.48148148148148145,CCC(C)CCC(C)CCCCC(C)C
CCCCSCC(C)OC,0.4,CCC(C)OC
CCCCOC(C)CCC(C)CC,0.52,CCCCC(C)CC
CC1CCC=CC1C=O,0.4230769230769231,CC1C=CCC1
CC(C)CC1CCC(S)CO1,0.2,CC(C)OC1OCCC1=O
CCc1ccc(C=CC(C)C)cc1,0.5,C=Cc1ccc(CC)cc1
C=CCC1C=C(O)C(OC)CC1,0.27906976744186046,C=CCc1cc(OC)c(O)c(OC)c1
CC(C)CCC(=O)CCC(C)O,0.6086956521739131,CCC(=O)CCC(C)C
C=C(O)C1C=C(O)C(S)=CC1,0.2894736842105263,C=C(C)C1C=CC(C)=CC1
CC(CO)CCC1C(C)CCCC1(C)C,0.2926829268292683,CC1CCCC2(C)CCCCC12O
CCCCCC1CCC(=O)C1C,0.4878048780487805,CCCCCC1C(=O)CCC1CC(=O)OC
CCOC1CC=CC=C1CC,0.23076923076923078,CCOc1ccc2ccccc2c1
CCCC=C1CC2C(CC1C)C2(C)C,0.28205128205128205,C=C1CCC2C(C1)C2(C)C
CCCC(=O)C(=O)OCC,0.5652173913043478,CCCC(=O)OCC
Cc1ccc(C(C)C)nc1,0.5,Cc1cnc(C(C)C)cn1
CC(C)CC(O)O,0.6,CC(C)CC(C)O
C=C1C=C(C)C(=C)C(C)(C)C1,0.3548387096774194,CC1=CC(=O)CC(C)(C)C1=O
CCC(C)(OO)C(C)C,0.3181818181818182,CCC(C)(O)CC
CCCCOC(C)CCCOC,0.35294117647058826,CCCCCC(C)OC(C)=O
CCCCOC(C)CCc1ccccc1,0.5161290322580645,CCCCc1ccccc1
CCCc1cc(C=O)ccc1O,0.5277777777777778,CCOc1cc(C=O)ccc1O
CCCOCOCCCCCCC(C)C,0.52,CCCCCCCCCCCCCCCC(C)C
CCC(=O)C(C)CCC1C=CC=C1,0.5172413793103449,CCCC(C)C(=O)CC
CCC1CCC(C)CC1(C)C,0.25925925925925924,CCC1CCC1
CC(C)CCCc1ccccc1,0.56,CCCCc1ccccc1
CCCC(C)C(C)NC(C)COC,0.35714285714285715,CCCC(C)C(C)CC
C=C(CCCCC)OC(C)C,0.5714285714285714,CCCCCC(=O)OC(C)C
C=CCCC(=C)C(C)C,0.44,C=CCCC(C)=O
CCCCCCCOC(=O)OC(C)C,0.6206896551724138,CCCCCCOC(=O)C(C)C
CC(=O)OC1=CC2CC1C1CCCC21,0.3076923076923077,CC(=O)OC1C=C(C)C2CC(=C(C)C)CC2C(C)C1
O=C1CCCCCO1,1.0,O=C1CCCCCCCCCCCCCCO1
CC(=O)C(S)CC(=O)O,0.42857142857142855,CC(=O)C(C)S
CC1=CC(O)CC1,0.5,CC1=CC(O)C(C(C)C)CC1
CC1CCCC2(C)CCC(C(C)(C)O)CC12,0.5,C=C1CCCC2(C)CCC(C(C)(C)O)CC12
CCOC(=O)C1=CC=C(C)CC1C,0.3888888888888889,CCOC(=O)c1ccccc1C(=O)OCC
CC(CO)C(C)CS,0.4117647058823529,CC(C)CO
OCCc1ncco1,0.3333333333333333,Cc1ncsc1CCO
CC(O)CC(C)(C)Cc1ccccc1,0.4117647058823529,CC(C)CC(O)Cc1ccccc1
CCCCC(CC=N)SC,0.3548387096774194,CCCC(CCO)SC
CC1CCC(C)N1,0.3125,CC1CCCC1
CCC1CCOC1C,0.34615384615384615,CCC1CCC1O
C=CCCC(C)C(C)CC,0.5,CCCC(C)C(C)CC
CC1CC(=O)C(O)C1C,0.39285714285714285,CC1OCC(=O)C1O
CCCC(C)SCC(=O)C(C)CCC,0.5555555555555556,CCCC(C)C(=O)CC
CC1=C(N)C(N)C(O)C(C(O)CC2CCCCC2C)=C1S,0.17857142857142858,CCC(C)C1CCCCC1=O
CCC(C)(CCc1ccccc1)CC(C)C,0.5294117647058824,CCC(C)(O)CCc1ccccc1
CC(C)CCCC1C=CCC=C1,0.3333333333333333,CCCCC(C)C
CC(C)CCC(C(C)C)C(C)CC(C)C,0.32142857142857145,CCC(C)CC(C)CCCC(C)C
CC(=O)C1=CC(C)=CC1,0.3103448275862069,CC(=O)c1ccc(C)cc1
C=CC(C)C1CCC(C)CC1,0.38235294117647056,CC(C)=CCCC(C)C1CCC(C)CC1
C=C(C)C(C)CC,0.5,CCC(C)C(C)=O
CCC1CC(C)CC(C)C1,0.4,CCC1CCC1
CCC(C)C(S)CCCC(C)C,0.4444444444444444,CCC(C)CC(C)CCCC(C)C
Cc1cc2c(cc1C(C)C)C(C)(C)CC(C)C2(C)C,0.5609756097560976,CC(=O)c1cc2c(cc1C)C(C)(C)C(C)CC2(C)C
C=C(C=CO)NCCc1ccccc1,0.3870967741935484,OCCc1ccccc1
C=CCC(CC)CCC,0.39285714285714285,C=CCCC(O)CCC
CC(C)=CCCC(C)CCCC(=O)c1ccccc1,0.4634146341463415,CCCCCCCCCCC(=O)c1ccccc1
CCCCC(CC)C1CCCO1,0.3125,CCCCC(C)CC
COCCCCC(C)=O,0.5217391304347826,CCCCCC(C)=O
CCCC(C)CCc1ccccc1,0.5185185185185185,CCCCc1ccccc1
C=CCCC(C)C(C)C,0.5238095238095238,C=CCC(C)C(C)C
CCC1CCC(C)N1O,0.2857142857142857,CCC1CCC1O
CCNCCCCCC(O)CC(C)C,0.4074074074074074,CC(C)CC(O)CC(C)C
C=CC(=O)CCO,0.5714285714285714,C=CC(=O)CCC
CC(N)CCC1C=CC(C)CC1,0.28125,CC1C=CCC1
CCCCCC1C(C)CCC1CC(=O)OC,0.5454545454545454,CCCCCC1C(=O)CCC1CC(=O)OC
CC(O)CC1CCCCCCOCCCC1,0.3225806451612903,OCCC1CCCCC1
OCOC1CCCCS1,0.26666666666666666,OCCC1CCCCC1
CCCOCCCCCC(C)CC,0.52,CCCCC(C)CC
CC(CC1CCCCC1)CN1C=CCC=C1,0.2702702702702703,CCCCC1CCCCC1
CCSCCCCCCO,0.5,CSCCCCO
CC1CCC(C(C)O)C1,0.42857142857142855,CC1CCC(C(C)C)C(O)C1
CC(C)CC(O)CCO,0.6111111111111112,CC(C)CC(O)CC(C)C
CC(O)OC1CCCC1C,0.2727272727272727,CC(C)O
CCC1CC(C)CC=C1C(C)C,0.23809523809523808,CC1=CCC(C(C)CO)CC1
CC(C)CC(O)c1ccccc1,0.6,CCC(O)c1ccccc1
C=CC1CCC(OCC)C(OC)C1,0.21428571428571427,C=CCC(C)C(=O)OCC
CCC1CCC(C)C1,0.42857142857142855,CCC1CCC1
CC1CCC2CCC(S)CC2C1,0.28125,CC1CCC(C(C)C)C(O)C1
CC1=CC2COCC2C=C1,0.3142857142857143,C=C(C)C1C=CC(C)=CC1
CCC1C=CC(C)CC1,0.36,CC1C=CCC1
CCCCCCCCCC(C)C(CCC)CCC,0.5454545454545454,CCCCCCCCCCCCCCCC(C)C
CC1CCCC(C)C1,0.5714285714285714,CC1CCCC1
CCCC(O)CCOC,0.631578947368421,CCCC(O)CCC
CC=C(C)C(=O)OCCCc1ccccc1,0.8181818181818182,CC=C(C)C(=O)OCCc1ccccc1
C=CC(C)CCCC(C)CCCC(C)C,0.5161290322580645,C=CC(C)(O)CCCC(C)CCCC(C)CCCC(C)C
C=C(CCCCCCCCC)CC(C)=O,0.6,CCCCCCC(C)=O
CC(CO)CCCC(C)CCC=O,0.41379310344827586,CC(C)CCCC(C)CCO
C=C1C(C)=CCCC1C(C)C,0.34146341463414637,C=C1C=CC(C(C)C)CCC(C)=CCC1
CCSC1=C(C)CCC(OC)C1,0.21739130434782608,CCOC(=O)C1CCC(=O)O1
CCC(=O)C1C=CC=C1,0.3548387096774194,CCC(=O)C1C=[NH+]CC1
CCc1ccccc1OC,0.5714285714285714,COc1ccccc1OC
CCCCCCCCOC(=O)CCc1ccccc1,0.7777777777777778,CCCCCCCC(=O)OCCc1ccccc1
CC1CCSC(C2C=CCCC2)O1,0.2857142857142857,CC1C=CCC1
CC1(C)C2CCC(C2)C1(C)C,0.631578947368421,CC1(C)C2CCC(C2)C1(C)O
C=C1CC(CC)C(C)C1O,0.3448275862068966,CCC1CCC1O
CSOC(C)C(C)CCO,0.375,CC(C)CCO
C=CCC1=CC(CC)C(CC(=O)CC(C)C)C=C1,0.30952380952380953,CCC(=O)CC(C)C
CC(C)COC=Cc1ccccc1,0.5277777777777778,CC(C)COC(=O)C=Cc1ccccc1
CC(C)C=CC(C)C,0.4166666666666667,CC(C)C=O
CC(=O)CC1CC2CCC1(C)OC2(C)C,0.5277777777777778,CC1(C)OC2(C)CCC1CC2O
CCOCCC(=O)OC,0.5714285714285714,COC(=O)CCC(=O)OC
C=CC=CC=C,0.4375,C=CC=CC=CCC
CCCC(C=O)CC(C)CC,0.4642857142857143,CCCCC(C=O)CC
CCCC(CCC)SC,0.7368421052631579,CCCC(CCO)SC
CCc1ccc2c(c1)OCC2,0.37037037037037035,CCc1ccc(CC)cc1
O=CC1=CCC2OCCC2=C1,0.2857142857142857,CC1OCCC1=O
CC1OCC2CC1C2(C)C,0.375,CC1C(=O)CC2CC1C2(C)C
CCCC(O)CC(CC)CCC(C)C,0.48,CCCC(O)CC
CCC(C)C(O)CCC(C)C,0.47619047619047616,CCC(C)C(C)O
CC(=O)Cc1ccc(CCC(C)O)cc1,0.5172413793103449,CC(=O)Cc1ccccc1
CC(C)CC1CCCCC1C,0.30434782608695654,CC1CCCC1
C=CC(C)(C)OCC=C(C)C,0.42424242424242425,C=CC(C)(CCC=C(C)C)OC
CC1CCC(C)(C(C)C)CC1,0.3333333333333333,CC1CCCC1
CCCCCCC(O)OO,0.5416666666666666,CCCCCCCC(C)O
C=C=CCC=C,0.2608695652173913,C=CC=CCCC=C
CCC1C=CC=C1,0.23809523809523808,CCC1CCC1
CC(=CCCC=O)CCCC(C)C,0.6666666666666666,CC(=CC=O)CCC=C(C)CCCC(C)C
CCC(S)C(O)OCCc1ccccc1,0.475,CCC(C)C(=O)OCCc1ccccc1
CC1OCCC(C)(C)C1C=O,0.24242424242424243,CC1OCCC1=O
CC1CC(C)(C)CC(=O)C1O,0.34375,CC1OCC(=O)C1O
CCCCCCCC(=O)C(C)C,0.8095238095238095,CCCCC(=O)C(C)C
CCOC(N)C(C)C,0.47368421052631576,CCOC(C)OCC
CC(C)C1CCC(OO)CC1,0.2571428571428571,CC(C)CC(=O)OC1CCCCC1
CC1=CC=CC(O)C1C,0.2647058823529412,CC1=CC(O)C2CC1C2(C)C
NCCC1C=CC(O)=CO1,0.2,CCC1OC=C(CO)C1=O
CC(C)OC(C)S,0.29411764705882354,CC(O)C(C)S
CCCC(C)C(C)SC,0.47619047619047616,CCCC(C)C(C)CC
CCCCCCCCC(C)CC,0.7777777777777778,CCCCC(C)CC
CCCCC1=CC=CCC1,0.3125,CCCCc1ccccc1
CCCCSC1=CCC=C1C,0.24390243902439024,CCCCCCCCC1=CCC(=O)O1
CCCCOCCC(=O)CCC,0.5454545454545454,CCCC(=O)CCC
CCC(C)C(S)CC,0.42105263157894735,CCC(C)C(C)O
C=CC(C)(C)CCCC(C)C,0.6538461538461539,C=CC(C)(O)CCCC(C)C
OCCCCCCCO,1.0,OCCCCCCCCCCCCCCO
CCCC1=C(C(=O)CC)C=CCC1,0.2972972972972973,CCC(=O)c1ccccc1
C=CCCCCCCCC(C)O,0.52,CCCCCCCC(C)O
C=C(OC(CC)CCCCC)C(C)=CC,0.6571428571428571,CC=C(C)C(=O)OC(CC)CCCCC
O=CC1C=CCC1,0.375,CC1C=CCC1
CC(O)CC(O)OC1CC(C)CCC1C(C)C,0.525,CC1CCC(C(C)C)C(OC(=O)C(C)O)C1
CCOCCCCCC(O)C(C)CC,0.4482758620689655,CCCCCCCOCC
CC1CC(C)NC(C)C1,0.2777777777777778,CC1CCCC1
CCC(C)C1CCCCCCCCCCO1,0.3611111111111111,CCC(C)C1CCCCC1=O
COCO,0.3888888888888889,COCCOCCO
C=C(CC)CCCCCCCCC,0.5,CCCCCCCC(=O)CC
CCC(C)CCCCCCCCCCCCCO,0.8,CCC(C)CCCO
CCCCC(CC)CCCO,0.6818181818181818,CCCCC(CC)CO
Cc1ccn(C(C)C)c1,0.3076923076923077,Cc1ccc(C(C)C)cc1
C=CCCC(C)C(CC)CC,0.42857142857142855,C=CCCC(O)CCC
C=CCCCNC,0.47619047619047616,C=CCCCC
CC(C)CCCC(CCCC(C)C)CC(C)C,0.4583333333333333,CCC(C)CC(C)CCCC(C)C
C=C(CC)C(C)CCCCCC,0.5,CCCCCCCC(C)O
CCCC(C)CCC(C)CC,0.5789473684210527,CCCCC(C)CC
CCCCCCCCC(=O)CCC,1.0,CCCCCCC(=O)CCC
COC(O)C=C(C)C,0.34615384615384615,C=CC(C)=CC(O)C=C(C)C
CCC(C)CC1C=CC2C3C=C(CC3)C12,0.23529411764705882,CCC(C)CC
CCCCCCCCC(CC(C)=O)C(C)CCC,0.45714285714285713,CCCCCCCC(C)OC(C)=O
CCCCCCCCCCCCCCCC(C)O,1.0,CCCCCCCC(C)O
CCC(CC)CCCCCCSC,0.4,CSCCCCO
C=Cc1cccnc1,0.6,O=Cc1cccnc1
c1ccc2c(c1)CCCC2,0.4782608695652174,c1ccc2c(c1)CCCN2
CCCCCCCCCC(O)CC,0.9444444444444444,CCCCCC(O)CC
CCC1=C(C)C(OC)CC(C(C)C)=C1,0.2682926829268293,CC1=CCC(C(C)C)C=C1
CCCC1=COCO1,0.28125,CCCc1ccccc1O
CCC1C=CC(C)=CC1CC,0.2727272727272727,CC1=CCC(C(C)C)C=C1
CCC(O)SCC1C(C)CCCC1(C)C,0.2558139534883721,CC1CCCC2(C)CCCCC12O
CCCCCCCCC(C)C1C=CC=CC1,0.375,CCCCCCCCCCCCCCCC(C)C
CCCC(C)OCC(C)C,0.45,CCCC(C)C
CC(C)CCCC(C)CCCC(C)C,0.7222222222222222,CC(C)CCCC(C)CCO
OC1CCCCCCCCC1,1.0,OC1CCCCC1
CCCC=C(C)CCCC(C)C,0.6060606060606061,CC(=CC=O)CCC=C(C)CCCC(C)C
CCC1=CC(OS)C(CC)CC1,0.2571428571428571,CCC1CCC1O
CC(C)C1CC(c2ccccc2)CCO1,0.2647058823529412,CC(C)c1ccccc1
CCOC1C=CCC=C1CC,0.25,CCC1=CCCC=C1
CCCC(CCC)SS,0.4166666666666667,CCCC(CCO)SC
CCC(C)(O)CCCC(C)C(C)O,0.6538461538461539,CCC(C)(O)CCCC(C)C
CCCC=CCC(C)O,0.4782608695652174,CCCC=CCO
CC1C=C(O)C(C(C)C)=CC1,0.3333333333333333,CC(C)c1cccc(C(C)C)c1O
CC(=O)NCC(C)C,0.4090909090909091,CC(=O)CC(C)C
C=CCCc1ccc(C)cc1,0.4827586206896552,C=C(C)CCc1ccc(C)cc1
CCC(=O)C(C)(C)C,0.4117647058823529,CCC(C)=O
C=C(CCC)CNc1ccccc1O,0.3611111111111111,CCCc1ccccc1O
CCCC1CC=C(C)N1,0.24324324324324326,CCCC1CCC(=O)O1
CCCCCCCC(C)C(C)O,0.6363636363636364,CCCCCCCC(C)O
CCC(CC)OC,0.47058823529411764,CCC(C)OC
CCCCCC1CCC(C)C1,0.42857142857142855,CCCCC1CCCCC1
CC1CCC(C(C)C)CC(C)C1,0.42857142857142855,CC1CCC(C(C)C)C(O)C1
COC1C=CC=CC1,0.21739130434782608,C1=CC=CCC=C1
C=C(C)CCCC,0.6470588235294118,C=C(C)CCC
CC(O)OC1CCC(C(C)(C)C)CC1,0.4838709677419355,CC(=O)OC1CCC(C(C)(C)C)CC1
CC1OC(C)C(O)C1=O,0.4074074074074074,CC1OCC(=O)C1O
COC1C=CC(OC)C(C(C)(C)C)C1,0.23529411764705882,CC(C)(C)C1C=CC(O)CC1
CCCC1CCOC(C)C1,0.28125,CCCCC1CCCCC1
CCCCCC(O)OCOC,0.4444444444444444,CCCCCC(C)O
C=C(CCC=CC1C=CC=CC1)C(C)CC,0.2127659574468085,CC=CC(=O)C(C)CC
CCOCC(C)OC(C)C,0.3333333333333333,CCOCOCC
CCCCCCCCCCCCCCS,1.0,CCCCCCS
CC(=O)C1(CC(C)C)CCCCC1,0.32142857142857145,CC(=O)CC(C)C
C=CC(C)SCCC(C)CCCC(C)C,0.4444444444444444,C=CC(C)(O)CCCC(C)CCCC(C)CCCC(C)C
CCCCCCCCCSC(C)CC(C)C,0.4230769230769231,CCCCCCCCCCCCCCCC(C)C
CCCC1C=CSO1,0.2222222222222222,CCCC1CCC(=O)O1
CC(C)CCCCC(O)O,0.55,CC(C)CCCCCCCCCCCCO
C=CCCC(C)C,0.5,C=CCCC(C)C=C(C)C
CCCCCC(C)C,0.9333333333333333,CCCCCCCCCCCCCCCC(C)C
CCCCCCCCCCCOC(C)O,0.5,CCCCCCOC(=O)C(C)C
C=CCCOSCOSCC=C,0.25,C=CCSSSC
CC1=CCC(C(C)C)CC1,0.6333333333333333,CC1=CCC(C(C)CO)CC1
O=C(CCc1ccccc1)OCO,0.7,CCOC(=O)CCc1ccccc1
CC(C)(C)C1CCC(O)OC1,0.3333333333333333,CC(=O)OC1CCC(C(C)(C)C)CC1
CCCC(C)CCCC(C)CCCC(C)C,0.5909090909090909,CC(C)CCCC(C)CCO
CCC(O)C1C=CC=C1,0.3333333333333333,CCC(C)O
CCCCCCCCCOC(O)CC(C)C,0.4411764705882353,CCCCCCOC(=O)CC(C)C
CC=CCCC(O)CC(C)C,0.4782608695652174,CC(C)CC(O)CC(C)C
CC(C)CC1CCCN1,0.2777777777777778,CC(C)CC(=O)OC1CCCCC1
CC(C)C1CC=C2OCCCC2C1,0.3333333333333333,CC(C)C1CC=C(C=O)CC1
CCCC=CCCCCCC,0.875,CCCCCC=CCCCCCC
CC1C=CC(C(C)O)=CC1,0.3142857142857143,CC1=CCC(C(C)C)C=C1
CC1CCC(O)C1C,0.37037037037037035,C=C(C)C1CCC(C)C(O)C1
CC(C)CCN(C)O,0.4,CC(C)CCO
CCC(C)C1NC(C)C(C)O1,0.2413793103448276,CCC(C)C(C)O
CC(=O)C1CCC=C1C,0.358974358974359,CC(=O)C=CC1C(C)=CCCC1(C)C
COC(C)OC(C)=O,0.55,CC(=O)OC(C)C
Cc1cc(C(C)(C)C)c(C)c(S(C)(C)C)c1,0.48148148148148145,Cc1cc(C(C)(C)C)c(O)c(C(C)(C)C)c1
CCC=C1C2CCC(C2)C1(C)C,0.4838709677419355,C=C1C2CCC(C2)C1(C)C
CC(C)(C)OCc1ccccc1,0.5416666666666666,COCc1ccccc1
CCC1CCCC(OC)C1,0.5217391304347826,CCC1CCC1
CC(C)C1C=CC=CC1,0.4642857142857143,CC1=CCC(C(C)C)C=C1
CC1CCCCCCCCCC=CCCCO1,0.34782608695652173,C1=CCCCC1
CCC(CC)CCC(C)C,0.47058823529411764,CCCC(C)C
CCCCOC=CCC=CCCCCCCCC(=O)O,0.5365853658536586,CCCCCC=CCC=CCCCCCCCC(=O)OC
C=C(C)CCC(C)CCC(C)C,0.5,C=C(C)CCCC(C)CCO
CC=CCCC(C)CC,0.4166666666666667,CCC(C)CCO
CCCCCOCC(S)CCC1=COC=CC1,0.2727272727272727,CCCCCCCOCC
CCC1C=C(C)CC1C,0.2702702702702703,CC1=CC2OCC(C)C2CC1
CCOC1C=C(OC)C(OC)=CC1,0.24390243902439024,CCOC(=O)c1ccc(OC)cc1
CCCOO,0.4,CCCOC(C)=O
CCC1N=C(C)C(C)O1,0.23529411764705882,CCC1OCCC1=O
CCCC(C=O)c1ccccc1,0.4827586206896552,CC(C=O)c1ccccc1
CCCCC1C=CNC=C1,0.3103448275862069,CCCCC1CCCCC1
CC1=CC(C)CC(C)=C1,0.2647058823529412,CC1=CC(C)C(C=O)CC1
CCCCCC(CCC)OCC,0.41935483870967744,CCCCCC(CC)OC(C)=O
CC(O)C(=O)CCC1=CCC=CC1,0.3235294117647059,CCC(=O)C(C)O
COC(C)C(C)CCCCCCCO,0.52,CC(C)CCCCCCCCCCCCO
CCCCC1C=CC(C)C=C1,0.32142857142857145,CCCCC1CCCCC1
C=C(CC)CC1CCCC1,0.39285714285714285,O=C([O-])CC1CCCCC1
CCCCCCSCC=O,0.48,CCCCCCCC=O
CSCCC(C)C,0.3888888888888889,CCCC(C)C
CC(C)OC1C=CC2CCCCC2C1,0.27586206896551724,C1CCC2CC2C1
C=C(C)O,0.5555555555555556,C=C(C)C(=C)C
C=CCCCCOCC=C,0.43333333333333335,C=CCCCCCCCCOC(C)=O
CCCCC1C=CC=C1,0.34615384615384615,CCCCC1CCCCC1
C=CC1CCN(C)CC1,0.19444444444444445,C=CC1(C)CCC(O)C(C)(C)O1
CC1=CC(O)C2CC1C2(C)S,0.6551724137931034,CC1=CC(O)C2CC1C2(C)C
CC=C(C)C(O)CNCC=CCC,0.3142857142857143,C=CC(O)CC=CCC
CCCCCC1CCC(C)O1,0.4411764705882353,CCCCCC1CCC(=O)O1
CCCC=CC(C)CCC,0.4782608695652174,CCCC(C)C=O
CC(C)C(S)CCCC1CCCCC1,0.4827586206896552,CCCCC1CCCCC1
CC1(S)C2CCC(CO)C1C2,0.6551724137931034,CC1(C)C2CCC(CO)C1C2
CCCC(OCC)C(C)CC,0.4782608695652174,CCCC(C)C(C)CC
CC(C)=CCCC(C)CC(C)C,0.64,CC(C)=CCCC(C)CCO
CC(C)CCCC(CC(C)C)OCC(C)C,0.36666666666666664,CCC(C)CC(C)CCCC(C)C
CC1C=CC=C(O)C1,0.2571428571428571,C=C(C)C1CCC(C)C=C1O
CCCCC(=O)CCCCCC1CCCCC1,0.5862068965517241,CCCCC1CCCCC1
CCCC1C=CC(O)CC1,0.41379310344827586,CC(C)(C)C1C=CC(O)CC1
CC(C)CCCCCCC(C)C,0.7333333333333333,CCCCCCCCCCCCCCCC(C)C
CC(C)=CC(=O)CC(C)C,0.5,CC(=O)CC(C)C
CCC(C)(C)Cc1ccccc1,0.4782608695652174,CCc1ccccc1
C=CCCC(C)CC,0.46153846153846156,C=CCCC(O)CCC
CCC(O)CC(C)C,0.6875,CC(C)CC(O)CC(C)C
CC(N)C(C)c1ccccc1,0.5238095238095238,CC(C)c1ccccc1
CCC1=C(OC(O)C(C)C)C=CC(CC)C1,0.21739130434782608,CC1=CCC(C(C)C)C=C1
C=C(C)C1(O)CCC(C)CC1,0.3793103448275862,C=C(C)C1CCC(C)(O)CC1
CCCCCCOC(C)CC,0.4666666666666667,CCCCCCOC(=O)C(C)CC
CCC(C)CCCC(C)=CCO,0.7,CC(=CCO)CCCC(C)CCCC(C)CCCC(C)C
COC1C=CC(C)O1,0.2647058823529412,COC1OC(CO)C(C)C(O)C1O
CC(CC(C)C(C)C)c1ccccc1,0.56,CC(CO)c1ccccc1
CC(C)c1ccccc1,1.0,CC(C)c1ccccc1
CC(C)CC(O)C1=CCCC=C1N,0.3103448275862069,CC(C)CC(C)O
CCC(O)C1=NC=CC1,0.3548387096774194,CCC(O)c1ccccc1
CC1CCCC(c2ccccc2)C1,0.3076923076923077,CC1CCCC1
CCC1C=CC(C2CCC(C)O2)=CC1,0.20454545454545456,CCC1CCC(=O)O1
CC(C)C1C=CCC1,0.43478260869565216,CC1C=CCC1
C=C1CC(C)C2CC13C(=CCC3C)C2(C)C,0.275,CC1=CCC2C(C1)C2(C)C
CCCCCOC,0.5,CCCCCC
CC(C)CC(C)(C)C1CCCC1,0.391304347826087,CC(C)CC(C)(C)C
CCC(C)C1=CC(C)CO1,0.2631578947368421,CCC(C)c1cnccn1
CCC(C)CC(C)C(C)C,0.5,CCC(C)CC
CCCCCCC(C)CCC,0.8823529411764706,CCCCCCC(C)CCCCC
Cc1ccc(C=O)cc1C,0.5217391304347826,Cc1ccc(C=O)cc1
CC1CCCC1C,0.42857142857142855,CC1CCCC1
CC(C)CCC1CCCC1,0.44,CCCCC1CCCCC1
CCC(C=O)=CC1C=CCC=C1,0.23529411764705882,CCC=C(C)C=O
OC1C=Cc2ccccc2O1,0.2222222222222222,Oc1ccccc1O
OC1C=CC2=CCC=CC2C1,0.1951219512195122,C=C(C)C1C=CC(C)=CC1
CCC(C)C(C)C1=CC=CCC1,0.25806451612903225,CCC(C)C(C)O
CNC1CCCC1C,0.2857142857142857,CC1CCCC1
CC(C)CCC1C(C)CCCC1(C)C,0.2894736842105263,CC1CCCC2(C)CCCCC12O
CCCC(=O)C1N(C)CCCC1(C)C,0.3170731707317073,CCCC(=O)OC1CCCCC1
CC1CC(C)C(O)C1,0.48,C=C(C)C1CCC(C)C(O)C1
CC(C)=CCCC(C)CCOCO,0.6206896551724138,CC(C)=CCCC(C)CCO
CCSC=CCCS(=O)OO,0.23076923076923078,CCCC=CC(=O)OC
CC(=O)C1CCCCC1,0.5238095238095238,O=C([O-])C1CCCCC1
CC1=CC(C)CC(CCC(C)C)C1,0.2558139534883721,Cc1cnc(C)c(CCC(C)C)n1
COC1=CC(C)C=C1,0.25,COc1ccc(OC)cc1
O=C1C=CC=CC1,0.32,O=C1C=CCCC1
CC(=O)C1C=C(C)OC1C,0.2972972972972973,CC(=O)OC1=C(C)C(C)OC1=O
CCC1=CCC(C)O1,0.2702702702702703,CCCCCCCCC1=CCC(=O)O1
CCCCCCOC(C)O,0.5,CCCCCCOC(=O)C(C)C
CCCC1C=CC(OC)C=C1,0.21212121212121213,CCCc1ccc(OC)cc1
CC1=CCC(c2ccccc2)C=C1,0.42424242424242425,CC1=CCC(C(C)C)C=C1
CCCC(=O)CC1=CSCO1,0.36666666666666664,CCCC(=O)CCC
CC(O)CCCC(=O)CCCC1=CCC=C1,0.2894736842105263,CCCCC(C)O
CC1=CCC(C)C(C(C)O)C1,0.40540540540540543,CC1=CCC2C(C)=CCC(C(C)C)C2C1
CC1CCOO1,0.2692307692307692,CC1CCC(=O)O1
CCCCCC1CC(C)C(C)C1,0.4230769230769231,CCCCC1CCCCC1
CCCCC(CNCC)CC(C)C,0.4230769230769231,CCCCC(C)C
CC=CC(C)CCC1=CCCN1,0.22857142857142856,CC=CC(C)O
O=C(O)CCCCO,0.4666666666666667,OCCCCO
CCCCC(=O)OCCCC1C=CC=CC1,0.5277777777777778,CCCCOC(=O)CCCC
CCC(C)CC(C)CC,0.6666666666666666,CCC(C)CC
CC(O)C(=O)c1cccnc1,0.6,CC(=O)c1cccnc1
C=CC(CCCCC)CC(O)C(C)O,0.5161290322580645,C=CC(O)CCCCC
CC(CC=O)CC1=CC=CC1C,0.34285714285714286,CC(CC=O)CC(C)(C)C
CCOCC(C)C,0.4117647058823529,CCOCOCC
CCCCCCCCCCC(C(C)O)C(O)OCC,0.5555555555555556,CCCCCCCC(C)O
CCCCCCNC(=O)CCCC,0.46153846153846156,CCCCCCCCCC(=O)CCCCCCCCC
CCCC(=O)CCCC(C)C,0.5714285714285714,CCCC(=O)CCC
COC1C=CC=C(C)C1,0.23076923076923078,COC(C)(C)C1CC=C(C)CC1
CCCCCCC1C(C)CCC1C(=O)CS,0.37142857142857144,CCCCCCCCCC(=O)CCCCCCCCC
CCCCCCCC(C)CCc1ccccc1,0.5555555555555556,CCCCCCC(C)CCCCC
C1=CC2(CC1)CC1CC2C2=CSCC21,0.225,C1=CC2(CC1)CCCCC2
CCCCCC(C)CCCC(C)C,0.7619047619047619,CCCCCCCCC(C)CCC(C)C
CC(C)C,0.42857142857142855,CC(C)O
C=C(C)C(C)C(C)C(C)C(C)(C)C,0.26666666666666666,C=C(C)C(C)CC=C(C)C
CCC1C=C(C)CC1,0.4,CC1=CC2C(CC1)C2(C)C
CC(C)OC(C)c1ccccc1,0.5384615384615384,CCOC(C)c1ccccc1
CC(C)(O)CC=O,0.39285714285714285,CC(CC=O)CCCC(C)(C)O
CCCC(O)CCc1ccccc1,0.5,CCCCc1ccccc1
CC(C)=CCOC(C)C,0.44,CC(=O)OCC=C(C)C
CCCCCCNCC1CCCC(=O)O1,0.6578947368421053,CCCCCCCC1CCCC(=O)O1
CC(C)CC(=O)C(O)C(C)O,0.47619047619047616,CC(C)CC(=O)CC(C)C
CC1CC=C(O)C(OCO)C1,0.2619047619047619,CC1(C)C2CC=C(CO)C1C2
COC(=O)C1CC=CCC1C,0.3548387096774194,COC(=O)C1CCCCC1
CCCC(CS)CC=O,0.43333333333333335,CCCC(CS)OC=O
C=C(O)C(C)CCC,0.4583333333333333,CCCC(C)C(=O)CC
COCSC,0.3333333333333333,CCSC
CCCCC1CC(C)CCO1,0.3888888888888889,CCCCC1CCC(=O)O1
CCCC(C)OCc1ccccc1,0.4482758620689655,COCc1ccccc1
CC(=O)CCCC1CCC(C)C1(C)C,0.375,CCCCCC(C)=O
CC(=O)CCCC(C)COCC(C)C,0.6,CC(=O)CCCC(C)CCCC(C)CCCC(C)C
COCCCC1C=CC(CC(C)C)C=C1,0.28125,COCCCCCS
CCC1=CC(CC)NC1C,0.2222222222222222,CCc1cc(CC)cc(CC)c1
CCC1C=CC(CC2C=C2)C=C1,0.22727272727272727,CCC1CCC1
CC(O)C=CC(C)O,0.6428571428571429,CC=CC(C)O
CS(C)(N)O,0.2727272727272727,CS(C)(=O)=O
CCCC(C)CC(=O)OCC,0.6428571428571429,CCCC(O)CC(=O)OCC
CCCCC(C)CC(C)CCCC,0.6666666666666666,CCCCC(C)CC
CC=CC(C)S,0.4444444444444444,CC=CC(C)O
CCCCCCCCCCC(=O)CC,1.0,CCCCCCCC(=O)CC
CCC1C=CC=C(C=O)C1,0.2894736842105263,CC(C)C1=CC=C(C=O)CC1
CC(C)C1=CCC(CO)C=C1,0.3111111111111111,CC(C)=CCCC(C)C1C=CC(C)=CC1
C=CC1=CCC(C(=C)C)CC1,0.71875,C=C(C)C1CC=C(C=O)CC1
C=CCCC1CCC(C)(C)C23CC4C=C2C13C4(C)C,0.23809523809523808,C=CCCC(=O)C=CC1C(C)=CCCC1(C)C
CCCCC(C)CCCC(C)N,0.5454545454545454,CCCCC(C)CC
CC(C)C(C)CC(C)C(C)O,0.47368421052631576,CCC(C)C(C)O
CCC1CCC(O)O1,0.34615384615384615,CCC1CCC1O
CCC(O)Oc1ccc(C)cc1,0.4074074074074074,COc1ccc(C)cc1
C=C(OCC(C)C)C(C)CCC,0.43333333333333335,CCCC(C)C(=O)OCC
C=C(C1=CCC=C1)C(C)C,0.24324324324324326,C=C(C)C1C=CC(C)=CC1
C=CCCC(=O)CCC,0.6,CCCC(=O)CCC
CCCCCC1=CCCC1,0.38235294117647056,CC(=O)CC1=CCCCC1
CC=CC1=CC(O)C(OCC)CC1,0.2727272727272727,CC1=CC(O)C(C(C)C)CC1
CC(C)C1CCCCC1(C)C,0.2972972972972973,CC(C)C1CCC2(C)C3CC4C(C13)C42C
O=C(CCC1C=CC=CC1)C1=C(S)CCC=C1,0.19642857142857142,CCCCCC1CC=CC(=O)O1
CC1=CC=CC1CCCC=O,0.3225806451612903,CCCCC=O
COC1=CC2C=CCCC2=N1,0.23684210526315788,COC1=CCCCC1
CCC1=NCCCC1,0.3793103448275862,CC(=O)C1=NCCCC1
CC1CCCC(C)(C)C1CCC(O)O,0.3157894736842105,CC1CCCC2(C)CCCCC12O
CC(C)C(C)c1ccccc1,0.5789473684210527,CC(C)c1ccccc1
CCC(C)OC(C)(C)C1CCC(C)CC1,0.35135135135135137,CC1CCC(C(C)(C)CC(=O)[O-])CC1
CCC(=O)CCc1ccccc1,0.6296296296296297,CC(=O)CCc1ccccc1
CCC1=CC=C(CCC(C)O)CC1CC,0.2857142857142857,CCCC(C)O
CC12C=CC3(CCC1)C1(C)CC1CCC23C,0.3157894736842105,CC1(O)CC2CCC1(C)C2(C)C
CCC(O)SC,0.4117647058823529,CCC(C)O
C=C1CC(C)C(CCNCCC)O1,0.41025641025641024,CCCCC1OC(=O)CC1C
C=C(CCC1C=CC(CC)C(OC)C1)OCCc1ccc(CC)c(OC)n1,0.2028985507246377,CCCC(=O)OCCc1ccccc1
CC1CC(C)(C)CC(C)C1C,0.2962962962962963,CC1(C)CC2C(C1)C1(C)CCCC2(C)C1O
CCC1=CC=C(C)CC1,0.4074074074074074,CC1=CC=C(C(C)C)CC1
CCCCCCCC(=O)c1ccccc1,1.0,CCCCCCCCCCC(=O)c1ccccc1
CCOC(C)Cc1ccccc1,0.5357142857142857,CCOC(C)c1ccccc1
CC=CC1C=CC(OCc2ccccc2)=C(NC)C1,0.32,CC=CC(=O)OCc1ccccc1
C1=Cc2ccccc2CC1,0.28125,c1ccc2c(c1)CCCN2
CCC(CC)C(=O)CCOC,0.38461538461538464,CCC(CC)C(=O)[O-]
CCCOOOC,0.30434782608695654,CCCOC=O
CC(=O)C1=CC(C)CC1,0.35294117647058826,C=C(C)C1CCC(C)C=C1O
CCCC1=CCCO1,0.2972972972972973,CCCCCCCCC1=CCC(=O)O1
CC(C1C=CCC=C1)N(C)C,0.2962962962962963,CC1C=CCC1
CCC=CCCCCCCO,0.7272727272727273,CCCCCCC=CCCCCCCO
CCC1C=C=C(C)O1,0.2571428571428571,CCC1OC(=O)C(O)=C1C
CCCC(=O)CCC(C)CC(O)CCC,0.4827586206896552,CCCC(C)CC(C)O
C=C(CCC)OCCCC,0.5384615384615384,CCCCOC(=O)CCC
OCC1=CCC=C1,0.32142857142857145,CCC1=CCCC=C1
SCCC1=CCCC=N1,0.26666666666666666,SCCc1ccccc1
OC1CCC(CCS)C1,0.32142857142857145,OC1CCC2CCCCC2C1
Cc1ccoc1C,0.5238095238095238,Cc1ccoc1[O-]
CCCCCCC(O)O,0.65,CCCCCCCC(C)O
CC=CCC(=O)OCCOC,0.375,CCC=CCC(=O)OC
CC(O)C1CCC=N1,0.23076923076923078,CC(=O)C(C)O
CCCC(C)CC(C)O,1.0,CCCC(C)CC(C)O
CC=CCCCCCCC(C)CCC(C)C,0.5357142857142857,CCCCCCCCC(C)CCC(C)C
CC(=O)C1C(C)=CC(C(C)(C)O)=CC1C,0.2777777777777778,Cc1ccc(C(C)(C)O)cc1
CCC1CC(C)C(O)C1O,0.4,CCC1CCC1O
CC(C)CCC(O)CC(C)C,0.6470588235294118,CC(C)CC(O)CC(C)C
CCC1CCCC(CC)C1OC,0.391304347826087,CCC1CCC1
C=C1CC2CNC1C2(C)C,0.41935483870967744,C=C1CC2CCC1C2(C)C
CCCCC(CCC)CC(=O)OCC,0.5806451612903226,CCCC(O)CC(=O)OCC
CCCOC(C)C,0.391304347826087,CCCOC(=O)C(C)C
O=CCCCSC1CCCCS1,0.3,O=CCCCC=O
CCCCC(=O)C(C)(C)O,0.4782608695652174,CCCCC(C)=O
COC(=O)CC(C)OC,0.6363636363636364,COC(=O)CC(C)C
CCCCCCOCC,1.0,CCCCCCCOCC
CC1=NC(C)SC(C)C1,0.26666666666666666,CC1SCCC1=O
CCCC(CC(C)=O)CC(C)CC,0.4666666666666667,CCC(C)CCC(C)=O
CC1=CCC(C)(C)CCCC(C)CCC1,0.3902439024390244,C=C1CCCC(C)(C)C12CC=C(C)CC2
CC1CCC(C)C1,0.42857142857142855,CC1CCCC1
CCCCCCCCSCC,0.5,CCCCCCCC
CC(=O)C1CC(C)OC1C,0.2972972972972973,C=C(C)C1CCC(C)CC1OC(C)=O
CC(C)C(C)CO,0.5,CC(C)CO
CCC(CC)CN(C)C,0.29411764705882354,CCC(C)C
CC=CC=CC(C)OCCCCCC,0.3684210526315789,CC=CC(=O)OCCCCCC
CCCCCC1CCC(C(C)C)CC1,0.4642857142857143,CCCCC1CCCCC1
CCOC(CCC(C)C)C(C)C,0.47619047619047616,CCOC(C)OCC
C=CCC(C)C(C)O,0.6,C=CCC(C)O
CC(C)C(C)Cc1ccccc1,0.5,CC(C)CC(O)Cc1ccccc1
CCCCOCCCCC(C)C,0.5909090909090909,CCCCCCCCCCCCCCCC(C)C
C=C(OCC(C)C)C(C)C,0.5217391304347826,CC(C)COC(=O)C(C)C
CNCC(C)C(C)CC(C)=O,0.4583333333333333,CC(=O)CC(C)C
CCCC=CC(=O)CCCC,0.5357142857142857,CC=CC(=O)CCCCC
CC1(S)C=CC2(CCCCC2)OC1,0.3225806451612903,CC1(S)CCCO1
CCCCC=CCC(C)OCC,0.4074074074074074,CCCCCC=CCCCCCC
CCNCCC(C)CCCC(C)C,0.48148148148148145,CC(C)CCCC(C)CCO
C=C(C)CCCC(C)O,0.5769230769230769,C=C(C)CCCC(C)CCO
CC(=O)OCO,0.5555555555555556,CCOC(C)=O
C=C(C=C1CCOC1)CC,0.21052631578947367,C=C(C)C=CC=C(C)CC
CC1OCCC1CCO,0.3103448275862069,OCCC1CCCCC1
CCCC(=O)CCC1CCCCC1,0.5625,CCOC(=O)CCC1CCCCC1
CCC(C)C=C(C)C,0.48,C=CCCC(C)C=C(C)C
C=C(O)CCCCCCCCCCCCCC,0.5789473684210527,C=C(O)CCC
CCC1C(=O)C(C)CC1C,0.36,CC1CC(C)C(=O)C1=O
COCCCCCCCCC(C)C,0.5,CCCCCCCCCCCCCCCC(C)C
Cc1ccc(C)c(C)c1,1.0,Cc1ccc(C)c(C)c1
C=C(C=CCCC)CC,0.46153846153846156,CCCC=CC(=O)[O-]
CC(C)c1ccccc1C(C)C,0.6666666666666666,Cc1ccccc1C(C)C
CC(C)CCCC(C)CCCC(C)O,0.6363636363636364,CC(C)CCCC(C)CCO
CC(C)=CCCC(C)CC1CCCC1,0.5,CC(C)=CCCC(C)CCO
CCCC(C)C1CC=C(C)CC1,0.6666666666666666,CC1=CCC(C(C)CO)CC1
CCOC(C)C(C)(C)CC,0.42857142857142855,CCOC(C)OCC
CC1=CC=CC2CC(C)C(C)C12,0.23076923076923078,CC1=CC(=O)C2CC1C2(C)C
C=C(CCC)C1C(C)CCCC1(C)C,0.275,CC1CCCC2(C)CCCCC12O
CC1=CC(CC(C)CC(C)C)C(C)=C1,0.22580645161290322,CC(C)CC(C)O
C=C(CCC)CC(O)C(C)OCO,0.2903225806451613,C=C(C)CCC
CCCCCCCCCC(=O)COCC,0.625,CCCCCCCCCC(=O)CCCCCCCCC
CCC1=C(O)NC=C(CSC)C1,0.2631578947368421,CCC1=C(O)C(=O)CC1
CCCOC(=O)COC(C)CC,0.5,CCCOC(=O)CC
OC1=CC(C(O)S)=CC1,0.19230769230769232,CC(O)C(C)S
CC1C=CC(OCCO)=CC1,0.3055555555555556,OCCOc1ccccc1
CCC1CCCC1CC,0.5294117647058824,CCC1CCC1
CC1CCC2=C(N1)C(C)OC2C,0.24390243902439024,CC1=C2CCC(C)CC2OC1=O
C=C(CC)CC(C)(C)C,0.2857142857142857,CCC(C)(O)CC
C=CC(C)=CC,1.0,C=CC(C)=CC
CNCC1CCCC=C1O,0.25,CC(=O)CC1=CCCCC1
CC(C)=CCCC(C)CCCC(CCCC(C)CCCC(C)C)Cc1ccccc1,0.4146341463414634,CC(C)=CCCC(C)CCO
CSCCCC1=CC=C(C)C1,0.3,CSCCCO
C=CC1=CC(CC)C(O)C(OC)=C1,0.25,C=Cc1ccc(OC)cc1
CC1CCC2CC1CC2(C)C,0.3125,C=C1C2CCC(C2)C1(C)C
O=CCCCCCCCO,0.6875,O=CCCCCCCCCC=O
CC1CCCCCCCCCCOCCCC1,0.6470588235294118,CC1CCCCC1
CCc1ccc(NC)cc1O,0.4482758620689655,CCc1ccccc1O
CCCCCCCC(O)CCC(C)=O,0.6153846153846154,CCCCCCCCCCC(O)CCC
CC(C)C1CCC(C)C23CCC(O)(S)C2C13,0.4523809523809524,C=C1CCC23C(C)CCC(C(C)C)C2C13
C=CCC(C)C(O)O,0.6,C=CCC(C)O
CCCC(CCO)CC(C)C,0.4782608695652174,CCCC(CO)CCC
CC(C)CCCC(C)CC(C)C,0.6666666666666666,CCC(C)CC(C)CCCC(C)C
C1=CC(CCCC2=CCCCC2)=COC1,0.32558139534883723,CC(=O)CC1=CCCCC1
CCC(C)CC(C)C,0.5714285714285714,CCC(C)CC
C=C(CC=CCC)OCCCCCC,0.42424242424242425,CCCCCCCOC(C)=O
CC1CCC2CCCNC12,0.24,CC1CCCC1
CCC(CC(S)CCCC(C)C)OC,0.40625,CCC(C)CC(C)CCCC(C)C
C=CC(C)CCC1OC1(C)C,0.45454545454545453,C=CC(=C)CCC1OC1(C)C
CCC1=CC2CCCC2C=C1,0.30303030303030304,CCC1=CCCC=C1
OCCCCO,1.0,OCCCCO
CCC(O)C(C)O,0.5333333333333333,CCC(C)O
CCCCC(C)CC(C)=O,0.5384615384615384,CCCCC(C)C(C)=O
CCCC(O)C(C)(O)c1ccccc1,0.4482758620689655,CC(C)(O)c1ccccc1
CC1SCCC(C)(C)S1,0.42857142857142855,CC1SCCS1
CC1CCC2C(C)CCC2C1,0.2903225806451613,CC1CCC(C(C)C)C(O)C1
CCC(C)C(=O)CCCC(C)CCC=C(C)C,0.5238095238095238,CCCCC(=O)OCCC(C)CCC=C(C)C
CC1CC=CC2=C1C(C)C(=O)O2,0.2727272727272727,CCCCCC1CC=CC(=O)O1
CC(C)(N)C1CCC(CC(O)CS)CC1,0.23809523809523808,CC1CCC(C(C)(C)CC(=O)[O-])CC1
CC(CCS)OCc1ccccc1,0.43333333333333335,COCc1ccccc1
CC1=CCC(C(C)C)C(C)C1,0.59375,CC1=CCC2C(C)=CCC(C(C)C)C2C1
CC1=C(C(=O)CCC=O)CC=CC1,0.25,CCCC=O
CCCC(OSC)C1C=CC2CCOC2=C1,0.21875,CCCCCCC(CCCCC)C(O)CC(C)C1CCOC1=O
CCCCCC(O)C(C)CCCC,0.5652173913043478,CCCCCC(C)O
CCCC(C)SC,0.4444444444444444,CCCC(C)C
C=C1CCC(C)C1,0.46153846153846156,C=C1CCC2C(C1)C2(C)C
CCC(C)OCCS(C)(C)C,0.375,CCC(C)OC
C=C(CCC)CCCCCCCC,0.5,CCCCCCC(=O)CCC
CCC1CCCCC1,0.8,CCC1CCC1
C=CC1(C)CCC(C(C)C=O)C1,0.29545454545454547,C=CC1(C)CCC(C(C)CO)O1
CCCC(CC=O)OC,0.43333333333333335,CCCC(CS)OC=O
CC(C)C1=CC(C)C(C)C1,0.3055555555555556,CC(C)C1=CCC(C)C2=C(C1)C(C)CC2
C=C1CC(C(C)C)CCC1C,0.29411764705882354,CC1CCC(C(C)C)C(=O)C1
CCC=CCCCCCCCO,0.7272727272727273,CCCCCCC=CCCCCCCO
CC1SC2(CC1N)C(C)CCCC2(C)C,0.3076923076923077,CC1CCCC2(C)CCCCC12O
CC1C=CCCC1O,0.4782608695652174,CC1C=CCC1
CCC1CCCOC1(CC)CC,0.3611111111111111,CCC1CCC2(CCCO2)O1
CC(C)C(=O)C1CCCC1,0.4230769230769231,COC(=O)C1CCCCC1
CCCC(=O)CC(C)O,0.55,CCCC(=O)CCC
Sc1ccoc1,0.42857142857142855,Cc1ccoc1
C=CC(C)C,0.38461538461538464,CC(C)C=O
CC(=O)CCC1=CCC=C1,0.3939393939393939,CC(=O)CCc1ccccc1
COC(C)C1CCC(C)CC1,0.36363636363636365,CC(C)=CCCC(C)C1CCC(C)CC1
CCCC(=O)CCC(O)C(C)CCC,0.5,CCCC(=O)CCC
CCCC1C=CC(C)CC1,0.3333333333333333,CC1C=CCC1
CCC(C)CC1C=CC=C1,0.4,CCC(C)CC
CCCCCCCCC(C)O,1.0,CCCCCCCC(C)O
CC1CCC2=CCCCC21,0.275,C=C1C=C2C(C(C)C)CCC(C)C2CC1
CCCCCCC(=O)NOCCC,0.5161290322580645,CCCCCCCCCCCCCCCC(=O)OCCC
CCC(=O)CC(O)C=C(C)C,0.4666666666666667,C=CC(=C)CC(O)C=C(C)C
OC1CCCC1C1CCCC1,0.36,OC1CCC2CCCCC2C1
CCCCCC(C)CC,0.8235294117647058,CCCCC(C)CC
CCOC1C=CC(C=O)=CO1,0.28205128205128205,CCOc1ccc(C=O)cc1
C=C(C)CC1CCCCC1,0.46153846153846156,O=C([O-])CC1CCCCC1
CC=CCCCCCCCCC,1.0,CC=CCCCCCCCCCC
C=C(CCC)CCC1=CC=CC1,0.2903225806451613,C=C(C)CCC
CCCCCC(C)CC(C)C,0.65,CCCCCCC(C)CCCCC
C=C1C(C(C)C)CCC2(C)NC12,0.39473684210526316,CC(C)C1CCC2(C)OC2C1=O
CCCCCCCCC(=O)C(O)CC(=C(C)C)C(C)CC,0.4594594594594595,CCCCCC(=O)C(C)C(C)=O
CCCC(S)CCC1CCCO1,0.3939393939393939,OCC1CCCO1
CCCCOCCC,0.631578947368421,CCCCOCCO
CCOC1CCC=CC1C,0.39285714285714285,CC1C=CCC1
C=CC(C)(O)CC(C)=CCC,0.45161290322580644,C=CC(C)(O)CCC=C(C)C
CC1CCCC(C)(Sc2ccccc2)C1O,0.2682926829268293,CC1CCCC(C)(C)C1=O
CC1=CC(S)SC1,0.24242424242424243,CC1=CC2C(CC1)C2(C)C
CCC(C)C(C)CC(C)C,0.47368421052631576,CCCC(C)C(C)CC
CC(=O)CC1CCNC1,0.3055555555555556,CC(=O)OCCC1CCCCC1
CCCC(C)c1ccccc1,0.56,CC(CO)c1ccccc1
CC(C)CC(=O)CCC=O,0.5454545454545454,CC(C)CC(=O)CC(C)C
CC(C)CCCC(C)CO,0.6666666666666666,CC(C)CCCC(C)CCO
CCC(C)c1c(C)cc(O)c(C)c1C,0.3142857142857143,Cc1ccc(C(C)C)cc1O
C=CCC1=CCCC(SC)=C1O,0.30952380952380953,C=CCc1cc(OC)c(O)c(OC)c1
COC1=NC=CCC1,0.2903225806451613,COC1=CCCCC1
CCCCCCCCCOO,0.5238095238095238,CCCCCCCOCC
CCSCC(=O)C(C)CC(C)(C)CC,0.2857142857142857,CCCC(C)C(=O)CC
CC(C)CC1CC(C)C(C)O1,0.2,CCC(C)C
CCCCC(CCC(C)C)OCC(C)C,0.5,CCCCC(C)C
CCCC(CC(=O)CC)OC(C)O,0.4482758620689655,CCC(=O)CC(C)C
C=CC1CC(C)OC1C,0.1891891891891892,CC(C)=CC1CC(C)CCO1
CCCC(C)C(S)CC,0.55,CCCC(C)C(C)CC
CC1CCC2C(C1)C(C(C)C)CCC2(C)C,0.7058823529411765,CC1CCC2C(C1)C(C(C)C)CCC2(C)O
CC(O)C1CCCS1,0.24,CC1SCCS1
COCCCCCCCC(C)O,0.5416666666666666,CCCCCCCC(C)O
CCCCCCCCOC(C)CC(C)C,0.46875,CCCCCCOC(=O)CC(C)C
CC1CC=C(C(C)O)C(C)C1,0.275,CC(C)C1=CCC(C)C2=C(C1)C(C)CC2
CC1CC(C)C(O)C1C,0.27586206896551724,C=C(C)C1CCC(C)C(O)C1
CCCC1CC(C)C(N)C1,0.25806451612903225,CCCCC1CCCCC1
COC(C)C1CC=CC=C1C,0.2564102564102564,COc1cc(C(C)C)ccc1C
CCCCCCCCCCCCSC(C)C(C)C,0.4,CCCCCCCC
Oc1ccccc1C(O)CCCCc1ccccc1,0.45454545454545453,OCCCCCc1ccccc1
CC1(C)C2=CC1CCC21CC1,0.29411764705882354,CC12C=CC(CC1)C(C)(C)O2
COC1=CCC(C)C=C1C,0.2564102564102564,COC(C)(C)C1CC=C(C)CC1
C1=NC=C(CCCc2ccccc2)C1,0.40625,CCCCc1ccccc1
CC1CC2CCC1C2(C)C,0.4482758620689655,CC1(C)C2CCC(C=O)C1C2
CCCOc1ccccc1,0.5833333333333334,OCCOc1ccccc1
CC(=O)CCCC1(C)CCC(C(C)C)C1,0.3888888888888889,CC(=O)CCCC(C)C
C=CCC=C=O,0.25,C=CCC(C)=O
CCC(CO)CCC1CCC(C)C1(C)C,0.37142857142857144,CCCCC(CC)CO
CCCCCCC1CCC(O)C1,0.4,CCCCC1CCCCC1
CCCCCOCC(C)C,0.5217391304347826,CCCCCCCOCC
CC1C2CCC3C2C(C)(C)CCCC13C,0.38461538461538464,C=C1C2CCC3C2C(C)(C)CCCC13C
CCC1CCCCC1CN,0.36,CCC1CCC1O
CCCCCCCC(O)c1ccccc1,0.5925925925925926,CCC(O)c1ccccc1
CCCC1CCCC(C)S1,0.3055555555555556,CCCC1CCCC(=O)O1
CC(C)CCOC(CCC(C)O)C(C)C,0.3548387096774194,CC(=O)OCCC(C)C
CCOC1CCCC=C1CC,0.2857142857142857,COC1=CCCCC1
CSC1=S(C(C)C)C=CCC1,0.23529411764705882,CC(C)=C1CCC=CCCC=CCC1
CC1CCCCCCCCCCCCCC=CO1,0.32,CC1CCCCC1
C=CCCC1CC2CC1C1CCCC21,0.21739130434782608,C=CCOC(=O)CCC1CCCCC1
CC(O)CC1C2(C)C=C(CC2)C1(C)C,0.2826086956521739,CC1=C(CCC(C)O)C(C)(C)CCC1
C=C(CC)C(C)=CCC,0.44,CCC=C(C)C(=O)[O-]
CC1=CCCC(C)CCCC(C)CCC1C(C)C,0.3888888888888889,CC1CCC(C(C)C)C(=O)C1
CC(C)CCCC1C=CC=C1,0.375,CCCCC(C)C
CCCC1CC=C(C)C1(C)C,0.2857142857142857,CC1=CCC2C(C1)C2(C)C
CC(C)CCCC(C)O,0.5789473684210527,CCCCC(C)O
CCCOCC(C)=O,0.4782608695652174,CCCOC(C)=O
CC12CCCC(C)(CC1)C2=CO,0.25,CC1(C)CC2C(C1)C1(C)CCCC2(C)C1O
OCCCc1ccoc1,0.5,CC(C)=CCCc1ccoc1
CCCCC(C)C(C)(C)CC(O)CC(C)C,0.4,CCCCC(C)O
C1CN1,0.14285714285714285,C1CCCCC1
CCC(C)CCC(C)C,0.6842105263157895,CCC(C)CCC(C)CCCCC(C)C
CCC=CCC(C)CC,0.4444444444444444,CCC(C)CC
C=C(O)CCCC(C)C,0.5,CC(=O)CCCC(C)C
CCC1=C(CO)C=CCC1,0.34375,CCC1=CCCC=C1
CCC(C)CC(C)c1ccccc1,0.5185185185185185,CC(CO)c1ccccc1
C=CCc1ccc2c(c1)CCC2,0.45714285714285713,C=CCc1ccc2c(c1)OCO2
CNSCC1CC=CO1,0.22727272727272727,CCCCCC1CC=CC(=O)O1
CCC(C)C1C=CCC1,0.37037037037037035,CC1C=CCC1
CCCC(CC)COC(C)C,0.36363636363636365,CCCCC(CC)COC(C)=O
CC(C)OC(C)C(C)C,0.25,CC(C)C(C)O
COC1=C(O)C=CC(C(O)C(C)O)C1,0.3,CC1=CCC(C(C)C)C=C1
CCCC(=O)CCCCC1CCCCC1,0.5517241379310345,CCCCC1CCCCC1
CCCCC(C)CC,1.0,CCCCC(C)CC
CCCCCCCOC(O)CC,0.45161290322580644,CCCCCCOC(=O)C(C)CC
CCCCCCC(=O)c1ccccc1N,0.5882352941176471,CCCCCCCCCCC(=O)c1ccccc1
C=C(C)C(CC)CCCC,0.5185185185185185,CCCCC(CC)C(=O)[O-]
CC1=CC(C)C(C(C)(C)S)CC1,0.45454545454545453,CC1=CC(C)C(C=O)CC1
CCCC=CC1CCC(C)OO1,0.2903225806451613,CCCC=CO
Cc1cccc(CO)c1,0.625,CCc1cccc(C)c1
CCC(C)C1CCC(C)CC1,0.4838709677419355,CC(C)=CCCC(C)C1CCC(C)CC1
Cc1ccc(C(C)O)nc1C,0.3333333333333333,Cc1ncsc1C(C)O
CC1CSC(C(C)C)C1,0.2903225806451613,CC1CCC(C(C)C)C(O)C1
CC(C)CC1=CCC=C1,0.3333333333333333,CCC1=CCCC=C1
OC(CCc1ccccc1)C1C=CC=C1,0.4,OCCc1ccccc1
CCC1(C)CCC(C)(S)C(C(C)C)C1,0.24390243902439024,CCC1(O)C2(C)CCC(C2)C1(C)C
COC1C=C(C)CC=C1O,0.2857142857142857,CC1=CC2C(=CC1)C(C)CCC2C(C)C
CC1CSC(C)C1,0.3,CC1SCCS1
CCC1C=C(C)C=C1C,0.21428571428571427,CCc1ccc(C)cc1
COC1C=C(CCC=O)CN=C1O,0.2619047619047619,O=CCCc1ccccc1
C=C1CCCC(C)O1,0.4074074074074074,CC1CCC(=O)O1
CCCCCCC(O)Cc1ccccc1,0.5151515151515151,CC(C)CC(O)Cc1ccccc1
CCCC(C)(C)C,0.5,CCCC(C)(C)CC
C=C1CCC(C(C)C)CC1,0.375,CC(C)C1CC=C(C=O)CC1
CC(O)C1C=CCCC1,0.32142857142857145,CC1C=CCC1
CCC1=CCC(C(C)C)CC1,0.5,CC(C)C1CC=C(C=O)CC1
CC1CC2CC(C1C)C2(C)C,0.4,CC1C(=O)CC2CC1C2(C)C
OC=CCCCCOS,0.46153846153846156,CCCCCCC=CO
O=CCC(O)CCc1ccccc1,0.5,O=CCCc1ccccc1
C=C(C)C1CC(C(C)C)CCC1(C)CC,0.3409090909090909,C=CC1(C)CCC(C(=C)C)CC1C(=C)C
CC1CC(C)OC(C)O1,0.24,CC1CCC(=O)O1
CCN1C=NCCC1OC,0.1951219512195122,COC1CC2CCC1(C)C2(C)C
CC1C=CC=C(O)C1C,0.22857142857142856,C=C(C)C1CCC(C)C=C1O
CC1C=CC(C)C1,0.3684210526315789,CC1C=CCC1
CCCCCCCCCC(C)CCCC,0.9375,CCCCCCC(C)CCCCC
COC1CCC=CC1CCC(O)O,0.2857142857142857,CC1C=CCC1
C1COSOCO1,0.3125,C1COCCO1
CNc1cccc(CO)c1,0.5357142857142857,CCc1cccc(CO)c1
O=C(CCCc1ccccc1)C1C=CCO1,0.375,CC(=O)CCc1ccccc1
CC(C)C1C=CC=C1O,0.2413793103448276,CC(C)c1ccc(O)cc1
CC(C)=CCCC(C)CC(C)CC(C)C,0.5925925925925926,CC(C)=CCCC(C)CCO
C=C(C)N1C=COC=C1,0.25,C=C(C)C(=C)C
CCCCCCC(O)CCC,1.0,CCCCCCCCCCC(O)CCC
CC(C)CCCCCc1ccccc1,0.5357142857142857,OCCCCCc1ccccc1
C=CC(S)CCCC,0.52,C=CC(O)CCCC
C=C(C)C1=CC(CC)NN=N1,0.225,C=C(C)C1=CC=C(C)CC1
CCC(CC)SC,0.4090909090909091,CCCC(CCO)SC
Cc1ccc(C)cc1,1.0,Cc1ccc(C)cc1
CC=CCCCCC(C)C(C)C,0.46153846153846156,CC=CCCCCCCCCCC
CCc1ccc(OC)c(C(C)(C)C)c1,0.5151515151515151,CCc1ccc(O)c(OC)c1
O=C1C=CCC1,0.6842105263157895,O=C1C=CCCC1
CC1CCOS1,0.25806451612903225,CC(C)=C1CCC(C)C2=C(C1)C(C)CC2
CCCCCOCCCC(=O)O,0.4827586206896552,CCCCCOC(=O)CCCCC
CCC(C)(S)CCC=C(C)C,0.4666666666666667,C=CC(C)(O)CCC=C(C)C
CCCCCC1=CC=C(C)C1,0.34285714285714286,CCCCCc1ccccn1
CC(C)CCSC(O)C(C)C,0.34782608695652173,CC(C)CC(C)O
Cc1occc1CC(C)C,0.39285714285714285,Cc1occc1[S-]
CC(O)OC1CC(C(C)C)CCC1C,0.3023255813953488,CC1CCC(C(C)C)C(OC(=O)C(C)O)C1
CCCCCC(Cc1ccccc1)C(CS)OC,0.3695652173913043,CCCCCC(=O)OCc1ccccc1
CC1C=CC(CC(C)C)=C1,0.25925925925925924,CC(C)CC[NH3+]
CCCCCCC1=CCCC=C1,0.5714285714285714,CCC1=CCCC=C1
O=CCCC1=CCOC=C1,0.3333333333333333,O=CCCc1ccccc1
C=C(C)C1CCC(C)C(OC(=O)CC(C)C)C1,0.6486486486486487,C=C(C)C1CCC(C)C(OC(C)=O)C1
CCCCCCCCOCCCCOC(C)O,0.5,CCCCCCCOCC
C=CCOC1=CCC(C)C=C1,0.23404255319148937,C=CCOC(=O)COc1ccccc1
Cc1ccccc1CCC(C)O,0.4642857142857143,CCc1ccccc1C
CCCC(C)(C)CCC,0.7142857142857143,CCCC(C)(C)CC
CC(C)CC(C)OCCCO,0.4,CC(C)CCCO
COC(C)CC(C)C,0.5,CCC(C)OC
CC1COC(O)C1,0.3225806451612903,CC(C)=CC1CC(C)CCO1
CCCCCCC1=CC(C)CC=C1,0.35714285714285715,CCCCCC1CC=CC(=O)O1
CC1CC(CC(O)C2CCCC2C)CC(C)(C)C1,0.28,CC1CCC2C(C1)C(C(C)C)CCC2(C)O
CCOC(=O)C1(CN)CC1(C)c1ccccc1,0.425531914893617,CCOC(=O)C1OC1(C)c1ccccc1
CCC(CC)CC(C)CCC=C(C)C,0.5517241379310345,CC(C)=CCCC(C)CCO
Oc1ccccc1C(O)O,0.5909090909090909,CC(C)c1ccccc1O
CC1CCC(C(C)C)C(C=O)C1,0.5172413793103449,CC1CCC(C(C)C)C(O)C1
CCC=CCCCC(C)C(C)O,0.4074074074074074,CCC=CCCO
CCCOc1ccc(C)cc1,0.4583333333333333,COc1ccc(C)cc1
CCNC(O)C1OC=CO1,0.23076923076923078,CCC(C)O
CCCC(=S)CC,0.4,CCCC(=O)CC
CCC(C)CC(C)CCCOC,0.5769230769230769,CCC(C)CC(C)CCCC(C)C
CC1CCC(S)C1,0.3333333333333333,CC1CCC(C(C)C)C(O)C1
CCC1C=CC(OC)CC1,0.25,CCC1CCC1
CCC(OC)c1ccccc1,0.6538461538461539,COC(CO)c1ccccc1
CC1CC=CO1,0.24,CC1C=CCC1
CC(C)CCC(C)C,0.5833333333333334,CCCC(C)C
CC(CCCCc1ccccn1)CCc1ccccc1,0.5405405405405406,CCCCCc1ccccn1
CCC1CCC=C1C,0.2692307692307692,CCC1CCC1
C=C(C)CCCC(C)CCCC(C)CC,0.6666666666666666,C=C(C)CCCC(C)CCO
CCC(O)S,0.5,CCC(C)O
CC(=O)CC(C)(O)O,0.6666666666666666,CC(=O)CC(C)(C)O
CCCCCCCCCCC(=O)C(C)C,0.8095238095238095,CCCCC(=O)C(C)C
CC=CCCC(CCC)OOC,0.3548387096774194,CC=CCCCCCCCCCC
C=CC1(C)CCC(C(C)(C)CCC=C(C)C)C1,0.4,C=CC(C)(O)CCC=C(C)C
CC1CC(C(C)O)CCS1,0.3076923076923077,CC1SCCS1
CC1C=CC2(C1)C(C)CCCC2(C)C,0.32432432432432434,CC1CCCC2(C)CCCCC12O
CCCCCCCCCCC(O)CCCCCCCC,0.8888888888888888,CCCCCCCCCCC(O)CCC
CCC=C(C)C,0.5,CC(C)=CCO
CC1CC(c2ccccc2)CO1,0.2619047619047619,CCOC(=O)C1OC1c1ccccc1
CCC1CC(CC(C)C)CC1C,0.25806451612903225,CCC1CCC1O
COC1CCC(CS)CC1OC,0.21621621621621623,COC1CC2CCC1(C)C2(C)C
CCOCCCCCC1CCCC(O)C1,0.3939393939393939,CCCCCCCOCC
COC(C)(C)C1CCC(C)CC1,0.41935483870967744,COC(C)(C)C1CC=C(C)CC1
CCC1=NC=COC1OCS,0.19047619047619047,CCc1nccnc1OC
CCCCCC(O)CC=O,0.5833333333333334,CCCCCC(O)CCCC
CCOC(C)CCC(C)=O,0.52,CC(=O)CCC(C)C
CC(C)SCO,0.375,CC(C)CO
C=C1CCC(C(=O)O)C1,0.3548387096774194,C=C1CCC2C(C1)C2(C)C
CC(C)=CCCC(=O)CC(C)C,0.5428571428571428,CC(C)=CCCC(C)=CCOC(=O)CC(C)C
C=CCCCCC,1.0,C=CCCCCC
CSNc1ccccc1,0.47619047619047616,CNc1ccccc1
CC(O)CC(C)CC(C)(C)C,0.5,CC(CCO)CC(C)(C)C
CCCCCCOCCCC,0.7222222222222222,CCCCCCCOCC
CCCCCC(=O)C(C)C,0.85,CCCCC(=O)C(C)C
CC1CC(O)CC1=O,0.391304347826087,CC1CC(C)C(=O)C1=O
CC1=CC(C)CCC1,0.3870967741935484,CC1=CC(C)C(C=O)CC1
CC1=C(OC(C)C)CC(CO)=CC1,0.2727272727272727,C=C(C)C1CC=C(CO)CC1
C=C=NC(C)C,0.4444444444444444,CC(C)N=C=S
CC1COC(C)(C)C1,0.2857142857142857,CC1CCCC1
CCCC(OC)c1ccccc1,0.6071428571428571,COC(CO)c1ccccc1
C=CCc1ccc(C)cc1,0.5833333333333334,C=CCc1ccc(O)cc1
CC1CCCC1CS,0.2916666666666667,CCC1CCC1
CC(C)C(=O)OC1C(C)CCCC1C,0.35714285714285715,COC(=O)C(C)C
CCC1CCC(OC)C(OC)C1,0.36,CCC1CCC1
C=C(CN)CCCCCCCCC=S,0.30303030303030304,C=CCCCCCCCC(=O)CCC(=O)CCCCC=C
CCc1ccccc1,1.0,CCc1ccccc1
CCC(C)c1ccccc1OC,0.5,COc1ccccc1OC
CCCCCC(C(C)=O)C(S)CCC,0.4482758620689655,CCCCCC([NH3+])S
CCCCCC(C=O)CC(C)C(C)C,0.5172413793103449,CCCCC(C=O)CC
CC(C)C(C)CCC1=CCCC1,0.3611111111111111,CC(=O)CC1=CCCCC1
OC1COC2=C(OOCC2)S1,0.19047619047619047,CC1=C(O)C(=O)C(O)CO1
CCCC=CCNC(=O)C(C)CC,0.4,CCCC=CCCC(=O)OC
CCCCCCCC(O)Cc1ccccc1,0.5151515151515151,CC(C)CC(O)Cc1ccccc1
CCCCCC=C=N,0.45454545454545453,CCCCCC=CCCCCCC
CCC=C(S)C(C)=O,0.44,CCC=C(C)C(=O)[O-]
CCCCCCCCC(=O)CCCCC,1.0,CCCCCCCCCC(=O)CCCCCCCCC
C=CCCCC,1.0,C=CCCCC
COC(O)c1ccccn1,0.3793103448275862,Cc1ccccn1
CCCC(=O)C(C)CS,0.4444444444444444,CCCC(=O)C(O)CCC
C=C(CCCCCCCCCCC)OCC(C)C,0.5806451612903226,CCCCCC(=O)OCC(C)C
CCCCCCCCC(CCC)CSC,0.4444444444444444,CCCCCCCCCCC(O)CCC
CCCCC(C)c1ccccc1C,0.5,Cc1ccccc1C(C)C
CCCC(O)C(CC)Cc1ccccc1,0.42857142857142855,CC(C)CC(O)Cc1ccccc1
C=C(CC)c1ccccc1,0.5217391304347826,C=C(C)c1ccccc1
C=C(C)CC(C)OC(C)C(C)C,0.35714285714285715,C=C(C)CC(O)CC
C=CCSCSCCC,0.32142857142857145,C=CCSSSC
CCCC(C)C(C)C(C)S,0.47619047619047616,CCCC(C)C(C)CC
CCOC(=O)CO,0.631578947368421,CCOC(=O)CC
CCC1=CCC=C1C,0.3,CCc1nc(C)cnc1C
CC1CCCC(C)COC(C)(C)CCC1,0.43478260869565216,CC1CCCC1
CC1=CC(CC(C)(C)CS)=CCC1,0.2682926829268293,CC1=CCC(=C(C)C)CCC(C)=CCC1
C=CCCC,0.625,C=CCCCC
CCCCC(O)CCC1CCCCC1,0.5714285714285714,CCCCC1CCCCC1
CC(C)C1=CC=C(O)CC1,0.56,CC1=CC=C(C(C)C)CC1
CCC1C=CC(COC(O)Cc2ccccc2)=CC1,0.3125,CC(C)CC(O)Cc1ccccc1
C=C1CC2CCC1(C)C2(C)C,0.5925925925925926,CC12CCC(CC1=O)C2(C)C
CC1CC(=O)C(C)(C)C12CCCCCC2,0.3235294117647059,CC1CCCC(C)(C)C1=O
CC(=O)C1CCC(=O)C1,0.38461538461538464,CC1CCC(=O)CC1
CC1=NC=COC1,0.25,Cc1cnc(C)cn1
CCOC(=O)C1=CC(OC)=C(O)CC1,0.4,CCOC(=O)c1ccc(OC)cc1
CCC1C=CC=C(NC)C1CC,0.1875,CCC1CCC1
CCCCCCCCCC(=O)CCC(C)C,0.6956521739130435,CCCCCCCCCC(=O)CCCCCCCCC
CC(C)=CCCC(C)CCCCO,0.7307692307692307,CC(C)=CCCC(C)CCO
CCCCCCCCCCC(C)C,1.0,CCCCCCCCCCCCCCCC(C)C
CCCCCCC1CNC(CC)C1,0.3333333333333333,CCCCC1CCCCC1
C=C1CCCC(C)(C)C1CSC(C)=O,0.47619047619047616,C=C1CCCC(C)(C)C1C(=O)C=CC
CCCC(C)CCCc1ccccc1,0.5925925925925926,CCCCc1ccccc1
CCCCCC(=O)C1C=CC=C1,0.46153846153846156,CCCCCC(=O)CCCCC
CC(O)CCCCCC(O)S,0.5909090909090909,CCCCCCCC(C)O
CCC1=CC(C)C(C)=C1,0.25806451612903225,CCC1=CCCC=C1
CCC1CCC(C(C)=O)CC1,0.43478260869565216,CCC1CCC1
CCCCCC(O)CCOC,0.6521739130434783,CCCCCC(O)CCCC
CCC(C=O)CCN,0.6,CCC(C=O)CC
C=CCCC(C)CCCC(C)C=C,0.45161290322580644,C=CC(C)CCCC(C)(C)O
C=C(C)C(O)CCCCC,0.5,CCCCCC(C)O
CSC(O)CCC1CCCC=C1C(C)(C)C,0.21052631578947367,CC(C)=CCCC(C)C1C=CC(C)=CC1
C=CC(C)CC,0.47619047619047616,C=CC(C)CCO
CC1=CCCN=C1C,0.2608695652173913,Cc1cnc(C)cn1
CCC(C)C1OCCC1C,0.2972972972972973,CCC(C)C1CCCCC1=O
CC(C)C1C=CC(CC=N)=CC1,0.5151515151515151,CC1=CCC(C(C)C)C=C1
CCCC1CCCC(C)O1,0.42424242424242425,CCCC1CCCC(=O)O1
CC(CCO)CCO,0.6875,CCC(C)CCO
CCCC(C)COCCCCCCCCS,0.4,COCCCCCS
CCCC(O)C=C(C)CCC=C(C)O,0.3870967741935484,C=CC(O)CCC
CCCC(C)CC(C)C,0.6,CCCC(C)CC(C)O
CCCCCC=CCCCC=CC=O,0.9047619047619048,CCCCCC=CC=O
CC(C)C(C)C,0.4444444444444444,CC(C)C(C)O
CCC(C)(C)OC,0.3333333333333333,CCC(C)(O)CC
C=C(NC)C(C)CS,0.26666666666666666,C=C(C)C(C)CC=C(C)C
CC1CC1,0.5454545454545454,CC1CCCC1
CCCCC(C)OC1=CC=CCC1,0.29411764705882354,CCCCC(C)C
CCCCCCCC(=O)C(CC)CC,0.5416666666666666,CCCCCCCCCC(=O)CCCCCCCCC
COC1=CC(C2CCC(C)C2)C=CC1O,0.2682926829268293,CC1CCC(C(C)C)C(O)C1
CC(C)CC(=O)C1CC=CCC1N,0.3333333333333333,CC(C)CC(=O)CC(C)C
CCCC(O)CC1C(C)CCC(C)C1C,0.4074074074074074,CCCC(O)CCC
CCCCC(C)C,1.0,CCCCC(C)C
CC1CC(C)SC(C)O1,0.2413793103448276,CC1CCC(=O)O1
CCC1CCC2=NC=CNC21,0.25,CCC1CCC1O
C=CC(C)(C)CCCC(C)CC,0.5925925925925926,CCC(C)CCCC(C)(C)O
C=CCCC(C)c1ccccc1,0.4827586206896552,CC(CO)c1ccccc1
CCCCCC(C)OCCc1ccccc1,0.5,CCCCc1ccccc1
CCCC(=O)CCC1(C)CCC(C)C1,0.4,CCCC(=O)CCC
CCCC(O)c1ccccc1C,0.4642857142857143,Cc1ccccc1C(C)C
CCCC(=O)CC(C)CC1C=CCC=C1,0.34375,CCCC(=O)CCC
CCC(C)OO,0.5,CCC(C)OC
CCCC(C)CC(C)c1ccccc1,0.4827586206896552,CC(CO)c1ccccc1
CCCC(C)C(=N)O,0.4583333333333333,CCCC(C)C(=O)CC
CC(C)CC(C)CC(C)C,0.4666666666666667,CC(C)CC(C)O
Cc1ccc[nH]1,0.4,CC(=O)c1ccc[nH]1
CC(C)CCC1CCC(C)(C)C23CC4CC2C13C4(C)C,0.26666666666666666,CC1(C)C2CCC1(C)C(O)C2
CSCCC(C)O,0.45,CCCC(C)O
CCCC(C)CCS,0.43478260869565216,CCCC(C)CC(C)O
C=C(C)OC1CC(C)CC(C)(C)C1,0.2926829268292683,C=C(C)C1CCC(C)CC1OC(C)=O
COC1C=C(C)CC1C,0.2857142857142857,CC1=CC(C)C(C=O)CC1
CC(=O)CCC1CCCC(C)C1(C)C,0.32558139534883723,CC(=O)CCC1=C(C)CCCC1(C)C
CC1CC(C)(C)C(O)C2(C)CC12,0.3548387096774194,CC1(C)CC2C(C1)C1(C)CCCC2(C)C1O
CCC(S)CCC(O)C1=C(C)CC=CC1,0.2564102564102564,CCC(O)c1ccccc1
CCCCCCC(=O)Cc1ccccc1,0.5833333333333334,CCCCCCC(=O)OCc1ccccc1
CCC(C)OC,1.0,CCC(C)OC
C=CC(C)(C)C=CC1=C(C)CCCC1(C)C,0.5142857142857142,CC1=C(C=O)C(C)(C)CCC1
CC1=CC(=O)CC(C)(C)C12C=CC(C)C2,0.34210526315789475,CC1=CC(=O)CC(C)(C)C1
CC(C)(O)Oc1ccccc1,0.4583333333333333,CC(C)(O)c1ccccc1
CCC(C)C(=O)CC1CC2C=CC1(C)C2(C)C,0.28205128205128205,CCC(C)C(C)=O
C=C(C)C1CCC2CC(=O)CN(C)C2(C)C1,0.37209302325581395,C=C(C)C1CCC(C)C(=O)C1
C=C(CCCCC)CCC(C)CCC,0.45454545454545453,CCCCCC(C)CCC(=O)[O-]
CC1=CC(C)C(C)=C1,0.21875,CC1=CC(=O)C2CC1C2(C)C
CCCCCCCCCCC(=O)CCC,1.0,CCCCCCC(=O)CCC
COc1nc(C)ccc1C,0.4642857142857143,COc1nc(C)cnc1C
CC(O)CCN,0.5,CCCC(C)O
CC1(C)CCCC(C)(O)C1O,0.3793103448275862,CC1(C)CC2C(C1)C1(C)CCCC2(C)C1O
CCC1CCC(C)CO1,0.3225806451612903,CCC1CCC(=O)O1
CC=C(C=O)COC,0.391304347826087,COCC(C)=O
C=C(C)OCCC(=O)c1ccccc1,0.6,C=C(C)CCOC(=O)c1ccccc1
CC(=O)C1CCC(C)CC1=O,0.45161290322580644,CC1CCC(C(C)C)C(=O)C1
CCCCC(=O)CCC,0.7894736842105263,CCCCCCC(=O)CCC
CCCC(O)CCN,0.7058823529411765,CCCC(O)CCC
CC(=O)C1CC(C)C=C1C,0.3055555555555556,C=C(C)C1CCC(C)C=C1O
CC(C)C(C)C(C)O,0.5833333333333334,CC(C)C(C)O
COCCCCC1CCCC(C)O1,0.3023255813953488,CCCCCC1CCCC(=O)O1
OCC1C=CCCC1,0.2962962962962963,CC1C=CCC1
CC1CCC(O)C1,0.44,CC1CCC(C(C)C)C(O)C1
CC1CCC2(O1)C(C)C=CCC2(C)C,0.35714285714285715,CC1=CCCC(C)(C)C12CCC(C)O2
CCCC(=O)OC(C)(CCC)CCC,0.46153846153846156,CCCC(=O)OC
CCN(C)c1ccc(C)cc1,0.42105263157894735,Cc1ccc(C)cc1
C=C(C)C1C2CC(C)(C(C(=O)OC)O2)C1C,0.2558139534883721,COC(=O)C1CCCCC1
CCC1CC=CC1,0.42105263157894735,CCC1CCC1
CCCC(C)C(CC)Cc1ccccc1,0.4,CC(C)CC(O)Cc1ccccc1
C=CC(CC)CCCC,0.5833333333333334,CCCCC(C=O)CC
CC1CCCCCCCCCCCCCCC1,1.0,CC1CCCCC1
CC(=O)OC1=CCC(CCC(C)C)C=C1,0.3170731707317073,CC(=O)OCCC(C)C
CC1CCC(O)C1O,0.37037037037037035,C=C(C)C1CCC(C)C(O)C1
C=CC(C)NCCC(C)CCCC(C)S,0.3170731707317073,C=CC(C)(O)CCCC(C)CCCC(C)CCCC(C)C
CCC=CCC=CCCCCCCCCCCC(C)N,0.5483870967741935,CCC=CCC=CCC=CCCCCCCC=O
C=CCC1=CC(C2CC(CCC)CC=C2O)C(C)CC1,0.2413793103448276,C=C(C)C1CC=C(CO)CC1
CCCC=C(C)CCC=C(C)C,0.6666666666666666,CC(C)=CCCC(C)=CCCC(C)=CCO
C=C(CC)CCCC(C)(C)CC,0.4,CCCC(C)(C)CC
CC1COC(c2ccc3c(c2)NCC3)O1,0.2727272727272727,c1ccc2c(c1)CCCN2
C=C(CC)CCCC,0.45454545454545453,CCCCC(=O)CC
C=CC1=CC=CCC1,0.23333333333333334,CC(C)=C1CCC=CCCC=CCC1
CCc1ccoc1CC,0.5357142857142857,CCc1occc(=O)c1O
C=C1CC(C)CO1,0.25,CC1CCC(C(C)C)C(=O)C1
CCC1=NC(CC)C=C1,0.23076923076923078,CCc1cc(CC)cc(CC)c1
CCCCCCCCCCCCCC1CCCC(C)O1,0.4864864864864865,CCCCCCCC1CCCC(=O)O1
CC(C)=CCCCO,0.48,CC(C)=CCCC(C)CCO
C=C(CCCCCCCC)OCCO,0.4375,CCCCCCCC(=O)OCCCC
CC(C)CC=CCCC1C=CC=CC1,0.22916666666666666,CCC=CCCC1CCC(=O)O1
CCC(OC(C)O)C1=CCC(OC(C)=O)CC1,0.32727272727272727,CC(=O)OCC(C)C1CC=C(C)CC1
CCC(=O)C1=C(CCCCc2ccccc2)CCC=C1,0.41304347826086957,CCC(=O)OCCCc1ccccc1
C=CC=CCCCCCCC,1.0,C=CC=CCCCCCCCCCCC
CCOc1ccccc1CC,0.5454545454545454,CCc1ccccc1CC
COC1COC=CC1CO,0.24390243902439024,COC1OC(CO)C(C)C(O)C1O
CCNC(=O)CCc1ccccc1C,0.4838709677419355,CCc1ccccc1C
CCC(=O)c1ccccc1NCCCCCCCCO,0.3684210526315789,CCC(=O)c1ccccc1
C=C(CCOC)c1cnccc1N,0.27906976744186046,COC(=O)c1ccccc1N
Cc1cccn1CCc1ccoc1O,0.2682926829268293,Cc1occc(=O)c1O
OC1CCCCO1,0.36,OCC1CCCO1
CCCC1CCCC(C)(CC(C)C)C1,0.3055555555555556,CCCCC1CCCCC1
CC1C=CC(C(C)C)CS1,0.30303030303030304,CC1=CCC(C(C)C)C=C1
C=C(C)CCC(C)CCC,0.5,C=C(C)CCC
COC(O)C(C)(O)O,0.30434782608695654,COC(=O)C(C)(C)O
C=CC1CCCC(CCCC(C)C)C1,0.3,C=CC(C)(O)CCCC(C)C
CC(C)CCCC(C)OCOC=O,0.4827586206896552,CC(C)CCOC=O
CCCCCC1C=CC=C1,0.3888888888888889,CCCCCC
CCC=C(C)C(C)CCCCC,0.4666666666666667,CCCCCC(C)C(=O)[O-]
CCCCCC(O)CCCCC,0.9375,CCCCCC(O)CCCC
C=CCCC1C=CCC1,0.3103448275862069,CC1C=CCC1
CCCC(O)C(=O)OCC,0.75,CCCCC(O)C(=O)OCC
CCCCC(CC)C(O)CCC,0.5,CCCCC(O)CCC
C=CCCOCC(C)C,0.3333333333333333,CC(C)COC=O
CC1CCC(c2ccccc2)S1,0.28,Cc1ccccc1C
CCSC1=CCC=C1C,0.21875,CCC1=CCCC=C1
C=CC1C=C(CC)C(O)=C(OC)C1,0.29545454545454547,C=CCc1cc(OC)c(O)c(OC)c1
CC(C)(C)C,0.25,CCC(C)(O)CC
C=CCOCOOOCCCC,0.34210526315789475,C=CCOC(=O)CCCCC
CCCC1=CC(OC)C(OC)C(CC)C1,0.25,CCCc1ccc(OC)cc1
C=CC(CCCC)Cc1ccccc1,0.4375,CCCCc1ccccc1
C=C(CCCCC)CC(C)C,0.40625,CCCCCC(=O)OCC(C)C
C1CCC2OCCCC2C1,0.35,C1CCC2CC2C1
CC1C=CC(c2ccccc2)CC1,0.3103448275862069,CC1C=CCC1
CCc1ccc(C2CCc3ccc(O)cc3C2)cc1O,0.3023255813953488,CCc1ccccc1O
CC(C)=CC1CCCC(C)C1,0.4375,CC(C)=CC1CC(C)CCO1
CCOC1=CC=C(C)CC1,0.36666666666666664,CC1=CC=C(C(C)C)CC1
CCCCCC(O)OCC,0.5,CCCCCC(C)O
CCCc1ccc(CC)cc1,0.6875,CCc1ccc(CC)cc1
COC1CC(C)=CC1C,0.3235294117647059,CC1=CC(C)C(C=O)CC1
CC1=C(C)C(O)C(C)C=C1,0.2903225806451613,CC1OCC(=O)C1O
CCC1=CC=C(O)CC1,0.2903225806451613,CCC1=C(O)C(=O)CC1
CCC(O)CCCCCOC,0.56,CCCCCC(O)CC
CC1=COC(C(C)C)CC1,0.38235294117647056,CC1=CC(=O)C(C(C)C)CC1
CC(C)C1=CCCC(CCO)=C1,0.35,CC1=CCC(C(C)CO)CC1
COc1ccc(C(=O)CCO)cc1,0.5517241379310345,COc1ccc(C(C)=O)cc1
CCCC1CCCC=C1CC,0.28205128205128205,CCCC1CCCC(=O)O1
CC(C)C1CC2C(C)CC1CC2CO,0.2972972972972973,CC1CCC(C(C)C)C(O)C1
CC1=C(O)C(O)CC1C,0.3448275862068966,CC1=C(O)C(=O)CC1C
CC1=CC(C)=C(N)C(C)C1,0.28125,CC1=C(O)C(=O)CC1C
CC(C)C1=CC(O)C(C)CC1,0.37142857142857144,CC1=CC(O)C(C(C)C)CC1
CCCCCSCCCCCC=O,0.7272727272727273,CCCCCCCC=O
CCCC1CCOC1,0.3103448275862069,CCCCC1CCCCC1
C=CC=CCNCCCCCC,0.5517241379310345,C=CC=CCCCCCCCCCCC
CC1CCCC2=C1C=CCC2,0.3548387096774194,CC1CCCC1=O
CC1CCOC(C)C1C,0.28125,CC(C)=CC1CC(C)CCO1
CCCC(C)CCCC(C)(C)C,0.48148148148148145,CCC(C)CCCC(C)(C)O
Cc1cccc(CC(C)C)c1,0.5769230769230769,CCc1cccc(C)c1
CCC(CC)CC(C)CCCC(C)C,0.6956521739130435,CCC(C)CC(C)CCCC(C)C
C=C(C=CC)OCCC=CCC,0.5,CCC=CCCOC(C)=O
C=Cc1cc(CC)c(C)c(OC)c1,0.43243243243243246,C=Cc1ccc(O)c(OC)c1
CC1CCCC(C)(C)CC1=O,0.5172413793103449,CC1CCCC(C)(C)C1=O
C=CCCOC(C)CCCC(C)C,0.34285714285714286,C=CC(C)(O)CCCC(C)C
CC(C)=CCCC(=O)C(C)C,0.5833333333333334,CC(=O)CCC=C(C)C
CCCCCCCC1CCCC1O,0.3793103448275862,CCC1CCC1O
CCCC(C)CC(C)C1CCCCC1,0.42857142857142855,CCCC(C)CC(C)O
CCC(C)CCCC(C)C,0.7894736842105263,CCC(C)CCC(C)CCCCC(C)C
CC(O)CCCOc1ccccc1,0.5294117647058824,CC(C)C(=O)OCCOc1ccccc1
CCC(C)CCC=C(C)C,0.64,CC(C)=CCCC(C)CCO
CC1CCNC1,0.3157894736842105,CC1CCCC1
CC1CCCC1CCCCCCS,0.32142857142857145,CCCCCCS
CC(C)C1C=CC(CO)CC1,0.35294117647058826,C=C1C=CC(C(C)C)CC1
COS1=CCC(C)C=C1,0.23333333333333334,CC1C=CCC1
CC1CCC=C2C=CC=CC21,0.25806451612903225,CC1C=CCC1
CC(O)CC(C)C(O)O,0.5294117647058824,CC(C)CC(C)O
C=C(C)C(=O)CCCCC,0.5652173913043478,CCCCCC(C)=O
CC1CCC=C1O,0.3125,C=C(C)C1CCC(C)C=C1O
C=COCC(=O)c1ccccc1,0.4827586206896552,O=C(CO)c1ccccc1
Cc1ccccc1C(=O)CCCCCCCCCO,0.43243243243243246,CCCCCCCCCCC(=O)c1ccccc1
CC(C)C1CC=C2C=CCCC2C1,0.34146341463414637,CC(C)C1CC=C(C=O)CC1
CC(N)OC1(C)OCCC(C)(C)C12COC(C)C2,0.20689655172413793,CC(=O)OC1(C)CCCC(C)(C)C12CCC(C)O2
CC(O)CCC(OC(C)C)c1ccccc1,0.45454545454545453,COC(CO)c1ccccc1
C=C(CC(C)C)OCCC=CCC,0.6363636363636364,CCC=CCCOC(=O)CC(C)C
CCCCCCC1CCSC1,0.4,CCCCC1CCCCC1
CCCCNC(O)CCCC,0.4782608695652174,CCCCC(C)O
C1CCOC1,0.5555555555555556,C1COCCO1
CCCC1=CC(C)C(C)=C1,0.25,CCCc1ccc(O)cc1
CCC(C)C1CCCCC1(CC)CC(C)O,0.3023255813953488,CCC(C)C1CCCCC1=O
C=C1CCCC(CCCC)O1,0.6363636363636364,CCCCC1CCCC(=O)O1
CC(=O)C1=CC=CC1,0.3125,CC(=O)C1=CCCCN1
CC1C(C)(C)C2CCC3C=CC=CC3C2C1(C)C,0.30952380952380953,CC1CCC2C1C1C(CCC2(C)O)C1(C)C
CC1CC=CCCCCCCCCC(C)C1,0.4166666666666667,CC1CCCCC1
CC1CCC2(C1)C(C)CCCC2(C)O,0.4117647058823529,CC1CCCC2(C)CCCCC12O
C=C(CC)C(CC)CC,0.37037037037037035,C=CCC(CC)C(=O)CC
CC(O)CC(C)CCc1ccccc1,0.45454545454545453,CC(C)CC(O)Cc1ccccc1
OC1C=CCCCC1,0.3684210526315789,C1=CCCCC1
CCCCCCC(C)CCCC(C)C,0.8095238095238095,CCCCCCCCC(C)CCC(C)C
CCCc1cc(CC)c(C)c(CC)c1,0.35714285714285715,CCCc1ccc(O)cc1
CC1CCCC(C)CCC(C(C)C)CC1,0.47368421052631576,CC1CCCC1
O=C(OCC1C=CC=CC1)C1=C(O)CC=CC1,0.22,CCCOC(=O)c1cc(O)c(O)c(O)c1
CCC1C=CCOC1O,0.25806451612903225,CCC1CCC1O
C=CC(O)CS,0.5,C=CC(O)CC
CC1CC=C(C(C)(C)C)CC1,0.32142857142857145,CC1CCC(=O)CC1
CC1=CC(C(C)O)CC(C)O1,0.25,CC1=CC(O)C(C(C)C)CC1
CC(O)C1C(C)OC(C)C1O,0.25,CC1OCC(=O)C1O
CCCC(C)CC(C)Cc1ccccc1,0.45454545454545453,CC(C)CC(O)Cc1ccccc1
CCC(CC)CC(C)OCCC(C)C,0.375,CCC(C)C(=O)OCCC(C)C
CCOCC1=CC(C)CC1,0.2608695652173913,C=C(C)C1CC=C(COC(C)=O)CC1
CCC(C)=CCCC(C)(O)CC,0.43478260869565216,CCC(C)(O)CC
C=CCCCCCC(C)CCC,0.56,C=CCCCCCC
CC1=CCC2(C)CC1C2(C)C,0.5862068965517241,CC1=CCC2(O)CC1C2(C)C
OC1=CCCCC1O,0.25,OC1CCCCC1
CCCCCCCCC1CCC(=S)O1,0.6363636363636364,CCCCCCCC1CCC(=O)O1
C=C(C)CCc1ccccc1,0.6538461538461539,C=C(C)CCc1ccc(C)cc1
C=C(CC)OCCCCCCC(C)C,0.42857142857142855,CCCCCCCCCCCCCCCC(C)C
CCCCC(C)CCCC(C)C,0.7647058823529411,CCCCC(C)C
CCc1cc(C)cc(OC)c1O,0.6538461538461539,COc1cc(C)cc(OC)c1O
CCC(C)N1CCCC1,0.3157894736842105,CCC(C)C
C=CC(C)(CCCC(C)C)CC(C)CCC,0.5,C=CC(C)(O)CCCC(C)C
CC1=CC(C)=C(C(C)C)C1,0.3103448275862069,CC1=CC=C(C(C)C)CC1
CCC1CC(CCC(C)CCSC2CCC(NC)C(OC)C2)=CC=C1OC,0.16176470588235295,COC(=O)CC(C)CCC=C(C)C
CCCNC(=O)C(C)CC,0.4444444444444444,CCC(C)C(=O)OC
CCCC1(C(C)(C)C)C=CC(C)C1,0.20588235294117646,CC1C=CCC1
C=CSCC(O)C1=C(N)CCC=C1,0.19298245614035087,C=C1C=CC(C(C)CCC=C(C)C)CC1
CCC(C)CC(CC)CSC,0.4,CCC(C)CC
CC(C)CC1CCCC1,0.38095238095238093,CCC1CCC1
C1=CC2CCCCC2CC1,0.36,CC1C=CCC1
CCCCOCCC(C)CCC,0.46153846153846156,CCCCOCCO
CCCCCC1=C(C)CCC1C,0.4,CCCCCC1=C(C)CCC1=O
CC(C)C1CCCNN1,0.20588235294117646,CC1CCC(C(C)C)C(O)C1
CCC(CCC(C)C)CCC(C)C,0.47058823529411764,CCCC(C)C
CC(C)C(O)CCC1C(C)CCCC1(C)C,0.2926829268292683,CC1CCCC2(C)CCCCC12O
C=C1CCCC(CCCCCCCCC)O1,0.6571428571428571,CCCCCCCC1CCCC(=O)O1
CCCC(C)C(C)O,0.5555555555555556,CCC(C)C(C)O
CC1CCC(S)CC1,0.4375,CC1CCCC1
Cc1cc2c(o1)=CCCC=2,0.2727272727272727,CC(=O)c1cc(C)oc1C
CCCCCCCC(=O)CCC(C)C,0.6956521739130435,CCCCCCCCCC(=O)CCCCCCCCC
CCc1cccc(OC)c1O,0.64,COc1cccc(OC)c1O
C=C(C)CC(C)CCC,0.44,CCCC(C)CC(C)O
CC(=O)C1=CCCO1,0.3333333333333333,CC(=O)C1=CCCCN1
CCCCCC1C=C(C)SC1,0.3170731707317073,CCCCCCCCC1OC(C)=CC1=O
CC(O)CCO,0.5625,CC(C)CCO
C=C(C)C(O)CCC,0.5,C=CC(=C)CCC(O)C(=C)C
CC(C)CCCCCCCC(C)C,0.7333333333333333,CCCCCCCCCCCCCCCC(C)C
CCOCCCCC(C)OCC,0.46153846153846156,CCCCCCCOCC
CCCC1C=C(CC)C(C)C(CC)=C1,0.23076923076923078,CCc1cc(CC)cc(CC)c1
CCOCOC(C)C(C)C,0.47368421052631576,CCOCOCC
CC1=CC(C(C)C)=CC1C,0.2571428571428571,CC1=CC(=O)C2(C(C)C)CC12
CCCC1(C(C)(C)C)CCC(C)C1,0.22857142857142856,CCCCC1CCCCC1
COC=CCC1C=CCC1C,0.2,CC1C=CCC1
CC(C)C1CC2CC(C=O)C1CC2C,0.2972972972972973,CC1CCC(C(C)C)C(O)C1
COC(O)C(C)C,0.4,CC(C)C(C)O
C=C(CC)C(S)CC,0.3076923076923077,C=C(C)CC(O)CC
C=C(CCCC)OCc1ccco1,0.6842105263157895,CCCCC(=O)OCc1ccco1
CC(C)C(C)SC(C)C(C)C,0.2857142857142857,CC(C)C(C)O
CC(C)=CCCC(=O)C=C(C)C,0.6086956521739131,CC(=O)CCC=C(C)C
CC1CCC(O)C(O)C1S,0.3225806451612903,C=C(C)C1CCC(C)C(O)C1
CC=CC1CC=C(NCC)C(OC)C1,0.22448979591836735,CC1(C)C2CC=C(C=O)C1C2
CCCCCCCSCCCC,0.5333333333333333,CCCCCCCC
CC(C)(C)C1=CCC(C=O)CC1,0.34146341463414637,CC1=CCC(C(C)(C)OC=O)CC1
C=C(COCCC)C(C)=O,0.4074074074074074,CCCOC(C)=O
CCC=CCC(CCC)CCC,0.4074074074074074,C=CC(O)CC=CCC
C=C(CC)C1=CCC=C1,0.2727272727272727,CCC1=CCCC=C1
C=C(O)CCCCCC,0.5789473684210527,C=C(O)CCC
CC(=O)CC(CC(C)C)CC(C)O,0.5,CC(=O)CC(C)C
CC12C=CC(C1)C(C)(C)C2O,0.3235294117647059,CC12C=CC(CC1)C(C)(C)O2
CCC1CCCO1,0.5652173913043478,OCC1CCCO1
CCC=CCCCCCCC(C)=O,0.5384615384615384,CCCCCCC(C)=O
OCCCCCC1C=CC=CN1,0.32,OCCCCCCCCCCCCCCO
CC(=O)C1=CC2C(C=C1C)C(C)(C)C(C)CC2(C)C,0.32,CC(=O)c1cc2c(cc1C)C(C)(C)C(C)CC2(C)C
CCCC(C)C(C)(C)O,0.42857142857142855,CCCC(C)O
C=C(CCC)C(C)C(C)C,0.4090909090909091,C=C(C)CCC
C=C(CCCC)C1C(C)CCCC1(C)C,0.3,CCCCC(=O)OC1CC2CCC1(C)C2(C)C
CCC(C)(C)COC,0.4,CCCC(C)(C)CC
CCCCCC(O)CCC(O)S,0.6818181818181818,CCCCCC(O)CCCC
CCC(=O)CCCC(C)C,0.7272727272727273,CCC(=O)CCC(C)C
CCC(=O)C=C(C)C,0.47619047619047616,C=CC(=O)CC
CCCCCC(O)OCC(C)O,0.5833333333333334,CCCCCC(C)O
CCCCCCCCCC,1.0,CCCCCCCC
CCSC1CC=CNC1C(C)S,0.1875,CC1=CCC(C(C)CO)CC1
CC(O)CC1(C)CCCC1C,0.38235294117647056,CC1CCCC2(C)CCCCC12O
C=C(C)CC1(CC)CCCCC1,0.2962962962962963,C=C(C)CCC
Cc1cocn1,0.35,Cc1cnc(C)cn1
CC=C(C)C(C)CCC1=CC=CCC1,0.2894736842105263,CC(C)=C1CCC=CCCC=CCC1
CC1COCC(O)C1,0.2727272727272727,CC(C)=CC1CC(C)CCO1
CCC(CC)C(O)OCCC(C)CCCC(C)C,0.4375,CC(C)CCCC(C)CCO
CC(=O)OC1=C(C)CC(C)C1,0.3611111111111111,CC(=O)OC1=C(C)C(C)OC1=O
COC1=CC(C)=COC1C,0.22580645161290322,COc1ccc(C)cc1
C=CCC1=CC=C(OC)CC1,0.41025641025641024,C=CCc1cc2c(cc1OC)OCO2
CCCCC(CC(C)C)OCCC,0.44,CCCCC(C)C
CC=CC(O)CC,0.5652173913043478,CC=CC(O)CCCC
CC1CC(C)C(C)S1,0.23809523809523808,CC1SCCS1
CCCCNCC,0.4,CCCCC
CCCCC1CCCC(C)O1,0.45714285714285713,CCCCC1CCCC(=O)O1
CC1COC(C)C1O,0.32142857142857145,CC1OCC(=O)C1O
CCCc1ccccc1NCC,0.5,CCCc1ccccc1O
CC(C)CCCC(O)C(C)C,0.47619047619047616,CC(C)CCCO
C=COCCc1ccccc1,0.6296296296296297,O=COCCc1ccccc1
CC1CCCC(C)O1,0.35294117647058826,CC1CCCC1
C=C1CC(C)CCC1C(C)C,0.5714285714285714,CC1CCC(C(C)C)C(=O)C1
C=CCCCCCCC,1.0,C=CCCCCCC
CCc1ccccc1C(=O)CCC(C)C,0.4146341463414634,CC(C)CCOC(=O)c1ccccc1O
CC1=CC(N)CC(C)(c2ccccc2)C1,0.2708333333333333,CCOC(=O)C1OC1(C)c1ccccc1
CCCC(CC)CCOC(C)O,0.38461538461538464,CCCC(C)O
C=CC(C)CCCC(C)O,0.5555555555555556,C=CC(C)CCCC(C)(C)O
CC(C)CCCC(=O)C(C)C,0.6086956521739131,CC(=O)CCCC(C)C
COC1C=CC(C(C)C)C=C1,0.21212121212121213,CC1=CCC(C(C)C)C=C1
O=CCCCC=CCCCO,0.5555555555555556,O=CCCCC=O
C=Cc1ccc(C)cc1C,0.6,Cc1ccc(C=O)c(C)c1
C1=COCC1,0.23529411764705882,C1=CCCCC1
CCCC(=O)C(CC)CCC,0.56,CCCC(=O)C(O)CCC
CNCCC(C)Cc1ccccc1,0.45454545454545453,CC(C)CC(O)Cc1ccccc1
CCCCCCCCCN1C=CCC=C1C(=O)NC,0.2727272727272727,CCCCCCC(=O)OC
C=C=CCCCCC,0.5,C=CCCCCC
CCC(C)COCCCCC(C)C,0.5185185185185185,CCC(C)CCC(C)CCCCC(C)C
CC(C)C1CC2CC(CN)C1CC2C,0.2631578947368421,CC1CCC(C(C)C)C(O)C1
CCCCCCC(C)OCC,0.5217391304347826,CCCCCCCCCCCCCCCC(C)C
CC(C)CCC=COC(C)C,0.3103448275862069,CC(C)CCOC=O
CCCCCCSCOCC(=O)CCCCCC,0.5,CCCCCCCCCC(=O)CCCCCCCCC
CCCC(=O)C(C)C(C)C,0.48,CCCC(=O)C(O)CCC
CC(O)C=O,0.5384615384615384,CC(C)C=O
C=CCOC(O)C(C)CC,0.40625,C=CCOC(=O)C(CC)CC
CC(=O)OC(C)CS,0.6086956521739131,CCC(C)OC(C)=O
CCC(C)C(C)OCCCCOC,0.35714285714285715,COCCCCCS
CC1CC(C)CC(C)C1,0.38461538461538464,CC1CCCC1
CCC1C=CCOC1C(C)=O,0.23333333333333334,CCC(C)=O
C=C(C=C(C)C)CCC=C(C)C,0.6666666666666666,C=CC(=C)CCC=C(C)C
CC(S)CC(C)OCCCc1ccccc1,0.48717948717948717,CC(C)C(=O)OCCCc1ccccc1
CC1C=CC(O)C1,0.34615384615384615,CC(C)(C)C1C=CC(O)CC1
CC1C=CC(C(C)C)C1,0.3333333333333333,CC1=CCC(C(C)C)C=C1
Cc1ccc(CC(C)C)c(C)c1,0.44,Cc1ccc(C)c(C)c1
C=CCOSC,0.3333333333333333,C=CCOC(=O)CC
CCCCC(O)C1=CC=C(O)CC1,0.3548387096774194,CCCCC(C)O
CCOC1CCCC1,0.4074074074074074,CCC(=O)OC1CCCCC1
CC(C)C(C)CC1C(C)CCCC1(C)C,0.2631578947368421,CC1CCCC(C)(C)C1=O
CC(C)CCCCCC(C)C,0.7333333333333333,CCCCCCCCCCCCCCCC(C)C
Cc1cc(O)c(C=O)cn1,0.4838709677419355,Cc1ccc(C=O)c(O)c1
C=C(C)OC(C)CCCCC,0.6428571428571429,CCCCCC(C)OC(C)=O
CCC(C)(C)CCC1SC(C)CCC1C(C)C,0.2857142857142857,CCCC(C)(C)CC
CCCC(C)c1ccc(OC)cc1,0.4666666666666667,CCCc1ccc(OC)cc1
CC(C)C1=CC(O)CC=C1,0.2777777777777778,CC1=CC(O)C(C(C)C)CC1
Cc1cccc2c1CCC=C2,0.3333333333333333,Cc1cccc(C)c1C
C=CCCC(S)CC,0.4444444444444444,C=CCCC(O)CCC
CCCc1ccccc1C(C)OCC,0.5,CCOC(C)c1ccccc1
CCC=CCC,0.6153846153846154,CCC=CCO
CC(O)C1CCCC1,0.3157894736842105,CC(O)CO
CCCCCC(C)CCC=Cc1ccccc1,0.6666666666666666,CCCCCC=Cc1ccccc1
C=C(C)CCCc1ccccc1,0.5384615384615384,CCCCc1ccccc1
CC=CC=CCCC(O)C(C)C,0.4074074074074074,CC=CC=CCO
CCC(C)CC(C)SCCC(C)C,0.4642857142857143,CCC(C)CC(C)CCCC(C)C
C=C(CC)C1C=CC=CC1,0.2631578947368421,C=C(C)C1C=CC(C)=CC1
CCCCOCCCCCCCCC(C)O,0.6666666666666666,CCCCCCCC(C)O
CCC(C)C1=C(OC)C=CCC1,0.325,CCC(C)c1nccnc1OC
CC(=O)CC(C)(C)Cc1ccccc1,0.5172413793103449,CC(=O)Cc1ccccc1
CC1=CCCC(CCS)C1,0.2826086956521739,CC1=CCCC(C)(C)C(C2CC=CCCC2)C1
CC(C)C1CCC(CS)CC1,0.25,CC(C)C1CC=C(C=O)CC1
CCOC(O)CC(C)C,0.42857142857142855,CCOC(C)OCC
CC(C)CCCOOCCC(C)C,0.42857142857142855,CCCCC(C)C
C=C(O)CCCCCCCCCCCC,0.5789473684210527,C=C(O)CCC
CCc1cc(CO)cc(CC)c1O,0.42857142857142855,CCc1cccc(CO)c1
CC1CCC(C(C)C)C(CCC(S)CO)C1,0.43243243243243246,CC1CCC(C(C)C)C(O)C1
C=CCCCOO,0.47619047619047616,C=CCCCO
CC=C(C)C(O)CCC=C(C)C,0.56,CC(C)=CCCC(C)O
CCCCCC(C)SCC,0.4782608695652174,CCCCCCCCCCCCCCCC(C)C
C=C(OCCC)C(C)(C)C,0.4,CCCOC(C)=O
OCCC(O)C1C=CC(O)C(O)C1,0.22580645161290322,CC(C)CCO
CCC1(O)CCC(C)(CO)CC1,0.2857142857142857,CCC1(O)C2(C)CCC(C2)C1(C)C
C=CCCOCO,0.4090909090909091,C=CCCCO
CCC1=CC=C(OC)CC1,0.3225806451612903,COC1=CCCCC1
CC1CCC(C(C)S)C(CC(=O)CCC(C)C(C)C)C1,0.3469387755102041,CC1CCC(C(C)C)C(OC(=O)C(C)O)C1
C=COC(C)CC,0.42857142857142855,CCC(C)OC
C=C(CCCC(C)C)CC1C=C(C)OCC1C(C)C,0.2727272727272727,CC(=O)CCCC(C)C
CC1=CCCCC1Cc1ccccc1,0.3125,CCc1ccccc1
C=C(OCCC(C)CC)C(O)CC,0.5161290322580645,CCC(C)CCOC(C)=O
CC1CCC2C1C1C(=CCC2(C)O)C1(C)C,0.4146341463414634,CC1CCC2C1C1C(CCC2(C)O)C1(C)C
CCCC(C)C(C)C1CCCOC1,0.3125,CCCC(C)C(C)CC
CCC(O)c1ccc(C)o1,0.42424242424242425,Cc1ccc(C(C)CC=O)o1
C=C(C)OC,0.47058823529411764,C=C(C)C(=O)OC
CCC(C)C1CCCCC1,0.43333333333333335,CCC(C)C1CCCCC1=O
CCCC(C)C(C)C(C)N,0.47619047619047616,CCCC(C)C(C)CC
OOC1=CCCC(O)C1,0.24242424242424243,COC1=CCCCC1
CCC(O)C1C(C)CCCC1(C)C,0.2894736842105263,CC1CCCC2(C)CCCCC12O
CNC(O)COC,0.2962962962962963,COC(=O)CC(C)O
C=C(CCC=C(C)C)C1CCC(C=O)CC1,0.4883720930232558,C=C(CCC=C(C)C)C1CC=C(C)CC1
CCCC(C)CCC,0.5714285714285714,CCCC(C)C
CCCCC1C=CC(C(C)(C)C)CC1,0.45161290322580644,CC(C)(C)C1C=CC(O)CC1
CC(O)C(O)Cc1ccccc1,0.5714285714285714,CC(C)CC(O)Cc1ccccc1
CCCNC(C)C(C)CC,0.391304347826087,CCCC(C)C(C)CC
CCC(C)ONC(C)=O,0.5,CCC(C)OC(C)=O
CC(C)CC(C)C,0.5384615384615384,CC(C)CC(C)O
C=C(C)CC(=O)CCCCC,0.6086956521739131,CCCCCC(=O)CCCCC
C=C(CCCC(C)C)C1CCC(C=O)OS1,0.30952380952380953,CC(=O)CCCC(C)C
C=C1C2=CC3CC1CC(C2CC(C)C)C3C,0.19230769230769232,C=C1C=C2C(C(C)C)CCC(C)C2CC1
CC1CCCN1,0.3333333333333333,CC1CCCC1
CCCCCCOC(C)C(C)(C)C,0.41935483870967744,CCCCCCOC(=O)C(C)C
CC1=C(C(C)C)CC(C)C1,0.28125,CC1CCC(C(C)C)C(=O)C1
C=C(C)C(=O)OCCC,0.6521739130434783,C=C(C)C(=O)OCC
CCCc1cccc(C(C)C)c1,0.4074074074074074,CC(C)c1ccccc1
CC=CC(C)C1C(C)CCCC1(C)C,0.2608695652173913,C=C1CCCC(C)(C)C1C(=O)C=CC
CC1=C(C)CC2(CCCOC2)C(C)C1,0.24324324324324326,CC1OCCC1=O
CCCC(O)C=CCCCOCC,0.3870967741935484,CCOCCCO
CCC=CCCOC(=O)CCC1C=CC=CC1,0.575,CCC=CCCOC(=O)CCC
CCC1CCC(O)C(CC)C1,0.6086956521739131,CCC1CCC1O
CCCCCCC(C)C(C)CN,0.5217391304347826,CCCCCCCCCCCCCCCC(C)C
C=CCCCCCCCC,1.0,C=CCCCCCC
C=CCC1(O)C(C)(C)CC=CCC1(C)C,0.22580645161290322,C=CCC(C)O
CCCCCCCCC(C)CCC,0.8823529411764706,CCCCCCC(C)CCCCC
CCCCCCCCC(C)C(C)=O,0.8181818181818182,CCCCC(C)C(C)=O
C=CC(C)CCCC(C)(C)CC(=C)C,0.5806451612903226,C=CC(C)CCCC(C)(C)O
CC(C)CCCCCCCCC(C)O,0.65,CCCCCCCC(C)O
CCCCCC(C)CCCCC,0.9333333333333333,CCCCCCC(C)CCCCC
CCC(C)(C)CC,0.5714285714285714,CCCC(C)(C)CC
CC(S)C(=O)CCC1C=CC=CC1,0.2647058823529412,CC(=O)C(C)S
COC1CCCCC1CC1=CC1,0.21621621621621623,COC(=O)C1CCCCC1
CCC(CC)CC(C)C,0.5,CCC(C)C
CCOC(C)C1(c2ccccc2)CC1(C)CC,0.39473684210526316,CCOC(C)c1ccccc1
C=C1OC(CC)C(C)C1O,0.28125,CCC1OC1CCO
Cc1cocc1C,0.3684210526315789,Cc1ccoc1
CCOC(O)C(C)C(C)CC,0.43478260869565216,CCC(C)C(C)O
CC1=CC=CN2C=CC=CC12,0.18421052631578946,CC1=CC=CC(C)(C)CC1=O
CCCCCC1C=CC(CC)=CC1,0.35714285714285715,CCCCCC1CC=CC(=O)O1
CC1CC(C)C2(CC(C)(C)CC(C)(O)C2)C1(C)C,0.2702702702702703,CC1CCCC2(C)CCCCC12O
CCCCCC(=O)C(C)CCC,0.6,CCCC(C)C(=O)CC
CC1CNC(C)N1,0.19047619047619047,CC1CCCC1
CCOC(C)C1(c2ccccc2)CC1CC,0.40540540540540543,CCOC(C)c1ccccc1
C=CCCCCc1ccccn1,0.59375,CCCCCc1ccccn1
CCC1C=CCCC1C,0.44,CC1C=CCC1
CCCC1CC(C(C)C)C=CC1C,0.2631578947368421,CC1=CCC(C(C)C)C=C1
CCCOCCCCCC=CC(C)=O,0.6666666666666666,CCCCCCC=CC(C)=O
CCCC(C)CC(O)CCC,0.6666666666666666,CCCC(C)CC(C)O
CCSC(C)(C)CO,0.29411764705882354,CCO
CCCOC(C)CCC(C)O,0.4782608695652174,CCCC(C)O
CCCCCNC(=O)CCC,0.4444444444444444,CCCCCCC(=O)CCC
C=C(O)CC,0.5333333333333333,C=C(O)CCC
COC1C=CC(CO)CC1,0.23076923076923078,COC1OC(CO)C(C)C(O)C1O
CC1=CC=CC(CO)C1,0.25,CC1=CCC(C(C)CO)CC1
CC(C)CCC(C)CCCC(C)S,0.52,CCCCCCCCC(C)CCC(C)C
CC(C)CCCC(O)C1OC=COC1O,0.3142857142857143,CC(C)CCCC(C)CCO
CC1CCC(C)(c2ccccc2)C1,0.3055555555555556,CC12CCC(C1)C(C)(C)C2=O
CCC1CC(C)CO1,0.2903225806451613,CCC1CCC(=O)O1
CCCC(C)(CCC)c1ccccc1,0.44,CC(C)(O)c1ccccc1
CC1=CCC(C)C=C1C(C)(C)C,0.2702702702702703,CC1=CCC(C(C)(C)O)CC1
C1CSSCSN1,0.2631578947368421,C1SCSS1
CC1=C(C)C2=CC=CCC2O1,0.20930232558139536,CC1=C2CCC(C)CC2OC1=O
CCC(CO)c1ccccc1,0.5384615384615384,CCC(O)c1ccccc1
C=C(CCCCC)C(C)CCC,0.42857142857142855,CCCCCCCCCCC(O)CCC
CCCC1=NCC=C1,0.2727272727272727,CCCc1cnccn1
CC1=CC(=O)CC(C)=C1,0.4166666666666667,CC1=CC(=O)CC1
CCCCC1C=CCC1,0.3793103448275862,CCCCC1CCCCC1
CC1=CC2CCCC2=CO1,0.24390243902439024,CC1=CC2OCC(C)C2CC1
C=C(C)CCCC(C)(S)CC,0.38461538461538464,C=C(C)CCC
CC(C)CC=C(CS)C1C=CCC=C1,0.2894736842105263,CC(C)CC=C(C=O)C(C)C
CC1CCC(C(C)(C)C)CC2C(C)CCC12,0.29411764705882354,CC(=O)OC1CCC(C(C)(C)C)CC1
OC1C=CC2CCOC2=C1,0.23076923076923078,CC1=CC(O)C(C(C)C)CC1
CCCC1C=CC(NC(C)=O)=C(OC)C1,0.24561403508771928,CCCCCC1C(=O)CCC1CC(=O)OC
CCC(C)CC(C)(C)C,0.5,CCC(C)CC
CCCC(C)N(C)CCC,0.38095238095238093,CCCC(C)C
CC(C)C1CCC(C)C(O)C1=O,0.4838709677419355,CC1CCC(C(C)C)C(=O)C1
CCCC=CC(C)O,0.45454545454545453,CCCC=CO
CCCOCCCCO,0.5909090909090909,CCCCOCCO
CCCCCC,1.0,CCCCCC
CC1C=CC(CO)C(C)C1,0.2413793103448276,CC1C=CCC1
CCCC(C)CCCC(C)CCCC(C)CCCC(C)C,0.5909090909090909,CC(C)CCCC(C)CCO
CCCCCOCC,0.9375,CCCCCCCOCC
CC1CCC(C(C)(C)CC(=O)C(C)C)CN1,0.4,CC1CCC(C(C)(C)CC(=O)[O-])CC1
CCCCC(C)CC(C)CCC,0.6,CCCCC(C)CC
Cc1ccccc1C(C)C,1.0,Cc1ccccc1C(C)C
C=CCCOSSCCC,0.35714285714285715,C=CCCCC
CC(C)=CCCC1CCCC(CO)C1,0.35294117647058826,CC(C)=CCCC(C)=CCO
CCCC(CCCC(C)=O)CC(C)C,0.5714285714285714,CC(=O)CCCC(C)C
CC1C=COC1,0.2916666666666667,CC1C=CCC1
CC(C)CCC(C)O,0.5294117647058824,CCCC(C)O
CC1CCCC1,1.0,CC1CCCC1
C=C(O)C(C)O,0.4166666666666667,CC(C)O
COCCCC(C)C,0.45,CCCCC(C)C
C=C(C=CC(=O)CCC)CCC,0.52,C=CC(=O)CCC
COCCCC=CO,0.5217391304347826,CCCCC=CO
CSCCC1=NCC=C1,0.2413793103448276,CSCCO
CCC(CO)CO,0.5789473684210527,CCCCC(CC)CO
C=C(OSC)C(C)OC(O)CC,0.2857142857142857,CCC(C)O
CC1CCC(C(C)(C)OC(C)C)C(=O)C1,0.5588235294117647,CC1CCC(C(C)(C)S)C(=O)C1
C=CCC(C)(O)C1C2=CCC(C2)C1(C)C,0.2978723404255319,CC1(C)C2CC=C(CO)C1C2
CC(C)=CCCC(C)CC1CC=C(C)O1,0.4375,CC(C)=CCCC(C)C1C=CC(C)=CC1
CCOC(C)C=O,0.47368421052631576,CCOC(C)OCC
CC(C)CC1CCC(C)O1,0.21875,CC1CCC(=O)O1
CC=C1CC2CC(CC(C)C)C1C2,0.17777777777777778,CC(C)CC(=O)OC1CCCCC1
C=C(CCC)CCOC,0.391304347826087,C=C(C)CCC
CC(O)CC1=CC(C)CCC1C(C)C,0.3157894736842105,CC1CCC(C(C)C)C(=O)C1
CCC1=C(C=O)CCC1,0.3225806451612903,CCC1=C(O)C(=O)CC1
CC(C)C(C)CS,0.3888888888888889,CCC(C)C(C)C(C)C
CCCCCCCC(C)CCC,0.8823529411764706,CCCCCCC(C)CCCCC
CCCCC(CC)CC(C)=O,0.5666666666666667,CCCCC(CC)COC(C)=O
CCCC1CCCN1,0.3103448275862069,CCCCC1CCCCC1
CC(C)C(O)C(=O)O,0.3888888888888889,CC(=O)C(C)O
COC(C)CC(C)CCC=C(C)C,0.5333333333333333,CC(C)=CCCC(C)CCO
C=C(OCC)C(C)C,0.5,CCOC(=O)C(C)C
CCCCCCCC(O)O,0.65,CCCCCCCC(C)O
CC(O)C(C)c1ccccc1,0.6190476190476191,CC(O)c1ccccc1
COCCCCCCCC(O)S,0.48,COCCCCCS
C=C(C)C1C=C(C(C)C)N=CC1,0.34210526315789475,C=C(C)C1C=CC(C)=CC1
CC(C)CCCC(C)CSCC(O)C(C)C,0.43333333333333335,CC(C)CCCC(C)CCO
CC1CC=CCC1OCC1C=CC=C1,0.21212121212121213,CC1C=CCC1
CCCCCCC1CCCO1,0.5142857142857142,CCCCCCCC1CCCC(=O)O1
CCC(C)C(=O)OC(C)CCC(O)C(C)CC,0.5161290322580645,CCC(C)C(=O)OC(C)C
C=C1COCCC1C,0.24242424242424243,C=C1CC2CCC1C2(C)C
CCCC=CCCCCCO,0.8095238095238095,CCCCCCC=CCCCCCCO
C=CCCOCCCCCC(=C)O,0.36363636363636365,C=CCCCCCCCC(=O)CCC(=O)CCCCC=C
CCC1=C(S)CCCC1,0.3103448275862069,CCC1=C(O)C(=O)CC1
CCCC(CC(C)O)CC(C)CC,0.56,CCCC(C)CC(C)O
CCC=CCCCC(=O)CC(C)=O,0.42424242424242425,CCC=CCCOC(C)=O
CCC(OC)C(C)C,0.47368421052631576,CCC(C)OC
CCc1cccc(OC)c1,0.6086956521739131,CCc1cccc(CC)c1
CCCCCOCCC,0.631578947368421,CCCCCCCOCC
C=C(C)CCC,1.0,C=C(C)CCC
CCCCCCC(=O)CCC,1.0,CCCCCCC(=O)CCC
CNC1=CC=C(CO)CC1,0.28205128205128205,C=C(C)C1CC=C(CO)CC1
CCCC1CCC(O)CC1,0.38461538461538464,CCCCC1CCCCC1
CCCCCCCCCC(C)CCCC1C=CN=C1C,0.45454545454545453,CCCCCCC(C)CCCCC
CC1C=CC2(O1)C(C)CCC(C)C2C,0.225,CC12C=CC(CC1)C(C)(C)O2
CCCCCOC(C)O,0.4642857142857143,CCCCCCOC(=O)C(C)C
CCCCCCc1ccc(C=CC(CC)CC)cc1,0.37142857142857144,CCCCc1ccccc1
C=C(C)CCC(O)CCCCC,0.625,CCCCCC(O)CCCC
CCOC(C)C,0.6,CCOC(C)OCC
CSC1C=CCC=C1C(C)C,0.2702702702702703,CC1=CCC(C(C)C)C=C1
CCCC(=O)C(C)CC,0.5,CCC(C)C(C)=O
CCCCCC=CCCC(O)OCC,0.48148148148148145,CCCCCC=CCCCCCC
CCCCC1C=C(C)C=CC1,0.38461538461538464,CCCCCC1CC=CC(=O)O1
CCCOCCCCC(O)CCO,0.6071428571428571,CCCCCCC(O)CCO
CCOCC1CCC=CC1O,0.3125,CC1C=CCC1
CCCC(C)CC(C)CC,0.5909090909090909,CCC(C)CC(C)CCCC(C)C
CCC(CC)CC,0.45454545454545453,CCC(C)C
CC=CC=CCCCCCCC,0.6818181818181818,CC=CCCCCCCCCCC
OC(CS)SS,0.24,[NH3+]C(CS)C(=O)[O-]
CCCC(CC)OCC,0.38095238095238093,CCOC(C)OCC
CC(C)CC(C)C(=O)O,0.4,CC(C)CC(C)O
CC(=O)C1C=CC=C(C)C1,0.2972972972972973,C=C(C)C1C=CC(C)=CC1
CCC(O)CCCC(C)CC(C)S,0.48148148148148145,CCCCC(O)CC
CCCC(CNC)CC(C)CCCC(C)C,0.4838709677419355,CCC(C)CC(C)CCCC(C)C
CCCCCC=CCC=S,0.6190476190476191,CCCCCC=CCCCCCC
CSC1CC=C(C)O1,0.26666666666666666,CC1=CCC(=O)O1
CC(C)C(C)(C)CCC1CCC(C)C1(C)C,0.2222222222222222,CC1CCC2C(C)(C)C3CC12CCC3(C)O
COCCCCOC(C)CCc1ccccn1,0.45,CCCCCc1ccccn1
CCONCCCCCCCCO,0.4166666666666667,CCCCCCCCO
CCCCCCCCCC(C)OCCC,0.5,CCCCCCCCCCCCCCCC(C)C
COCCC(C)O,0.45,CCCC(C)O
C=C1CCCCC1C(C)(C)C,0.325,C=C1CCCC2(C)CCC(C(C)(C)O)CC12
C=C(OC(C)CCC)C(C)C,0.5384615384615384,CCCC(C)OC(C)=O
CCOC(OCC)C1C=CCC1,0.3448275862068966,CC1C=CCC1
CCC=CCC=COCCCC,0.42857142857142855,CCCCOC=O
CCCCC(=O)CCc1ccccc1,0.6,CCCCC(=O)OCCc1ccccc1
CC(C)(CC=O)c1ccccc1,0.4074074074074074,O=CCc1ccccc1
CCCC(=O)C(C)CCC,0.6818181818181818,CCCC(C)C(=O)CC
CC=CC1C=CC(CC)C=C1,0.20833333333333334,CCC=O
CCCCCC1=C(C(C)CC)CCCC1,0.3225806451612903,CCCCC(C)CC
CCCC(C)C(C)C(S)C(=O)OCC,0.5333333333333333,CCCC(C)C(=O)OCC
CC1CC(C)SC(C)C1,0.2916666666666667,CC1SCCC1=O
CC1C=C2OC=CC=C2O1,0.18604651162790697,CC1=CC2OC(=O)C(C)C2CC1
CC(O)C=CC1C=CC=C1,0.375,CC=CC(C)O
CC1CCCC1=O,1.0,CC1CCCC1=O
CCC1C=C(C=O)CC1,0.3888888888888889,CC(C)C1CC=C(C=O)CC1
CCC(O)C1(c2ccccc2)CC1C,0.38235294117647056,CCC(O)c1ccccc1
CC(O)CC(C)C(C)O,0.5294117647058824,CC(C)CC(C)O
CCC(C)(C)CCC=C(C)C,0.5,C=CC(C)(O)CCC=C(C)C
CCCC(C)CCSCO,0.4074074074074074,CCCC(C)CC(C)O
C=CC(C)CCCC(C)CCCC(C)C=O,0.4827586206896552,CCCCCCCCCC(C)C=O
CCC(CC)CCC(C)CCO,0.6190476190476191,CCC(C)CCO
C=CCOC(C)CCCC,0.4,C=CC(O)CCCC
CCCNCCC,0.3076923076923077,CCCCC
CCCCCCC(C=O)CCCC,0.6956521739130435,CCCCC(C=O)CC
CCCC1CC(C)CC(C)(C)C1,0.24242424242424243,CCCCC1CCCCC1
CCCCC1(CCCC)CCC(C)C1,0.28125,CCCCC1CCCCC1
CC1CCCCC1C(C)(C)C,0.35,CC1CCCC1
CC1C=CC(C(C)C)CC1,0.4,C=C1C=CC(C(C)C)CC1
C=C1CC(C)C(=O)C(C)(C)C1,0.6296296296296297,CC1CC(=O)CC(C)(C)C1=O
CCCC(C)CC(C)=O,0.5,CC(=O)CC(C)C
CC1C=CC(=O)C1,0.41379310344827586,CC(C)C1C=CC(=O)CC1
C=CC=C(C)C,0.43478260869565216,C=CC=C(C)CCC=C(C)C
CCC=CCCCC(O)CCC,0.56,CCCCC(O)CCC
C=C(O)C1C=CC(O)C(O)=C1,0.24324324324324326,C=C(C)C1CCC(C)C=C1O
C=C(C)C1=CC(=O)C(C)CC1,0.35135135135135137,C=C(C)C1CCC(C)C(=O)C1
CCCOSC,0.3181818181818182,CCCOC=O
CCCC(C)CC(=O)OC,0.68,CCC(C)CC(=O)OC
CCC(C)CCC1CC=C(C)C1(C)C,0.2857142857142857,CCC(C)CCO
CC1=CCC(C)C=C1,0.5185185185185185,CC1=CCC(C(C)C)C=C1
C=C(CCOCCC)C(C)C,0.3793103448275862,CCCOC(=O)C(C)C
C=C(CC(C)C)OC,0.4782608695652174,COC(=O)CC(C)C
C=C(CC)OCCCC,0.52,CCCCOC(=O)CC
CCCC(CC)CCC(C)C,0.5555555555555556,CCCC(C)C
CC(C)OC(C)O,0.38461538461538464,CC(C)O
CC(C)=CNCC(C)CCCCCC(C)CCCC(C)C,0.4375,CC(C)CCCC(C)CCO
CCCCC1=COCC=C1,0.3055555555555556,CCCCc1ccco1
O=C(C=Cc1ccccc1)NC1CCCCC1,0.4473684210526316,COC(=O)C=Cc1ccccc1
CCC1C=CC(CC)N=C1,0.2,CCC1CCC1O
C=Cc1occc1C,0.4230769230769231,Cc1ccoc1[O-]
CCCCCCC(CC)CC,0.55,CCCCCCCCCCCCCCCC(C)C
CC1CCSC1,0.3157894736842105,CC1CCCC1
CCCCC(CC)C(C)CCC(C)CC,0.6086956521739131,CCCCC(C)CC
CCCC(O)OC,0.47368421052631576,CCCC(O)CCC
C=C(C)CCOC(C)C1(C)CCC(C)CC1,0.34210526315789475,C=C(C)CCOC(C)=O
CC(C)(C)C1C=CC=CN1,0.22580645161290322,CC(C)(C)C1C=CC(O)CC1
CCCC(C)C(CC)CC,0.7058823529411765,CCCC(C)C(C)CC
CC1CCC2=C(CCC(O)C2)O1,0.375,CC1CCC(=O)O1
CCCC(C)C(Cc1ccccc1)C(C)=O,0.475,CCOC(=O)C(Cc1ccccc1)C(C)=O
CC1=CC=COC1CC(C)C,0.25,Cc1cc(CC(C)C)oc(=O)c1
CCCCCC(=O)c1ccccc1,0.96,CCCCCCCCCCC(=O)c1ccccc1
CC(C)CCCC1CCC(C)C1(C)C,0.3,CCCCC(C)C
CC1=C(O)C(=O)C(O)OC1,0.3939393939393939,CC1=C(O)C(=O)C(O)CO1
CC1=CC=CC1,0.2903225806451613,CC1=CCCC(C)=CCC(C)(C)C=CC1
CCC(C)C1C=C(C)C(C)C1,0.3157894736842105,CCC(C)C1CCCCC1=O
Cc1ccc(C(C)C)c(CC(C)O)c1,0.5161290322580645,Cc1ccc(C(C)C)c(O)c1
C=C(CCCCCCC)OCC,0.5555555555555556,CCCCCCC(=O)OCC
CCSCCCCO,0.5238095238095238,CSCCCCO
CCCC1C=CC(C)C=C1,0.21212121212121213,CCCC1CCC(=O)O1
C=C(COC(C)c1ccccc1)C(C)C,0.5483870967741935,CCOC(C)c1ccccc1
CCCC(=O)CCCCc1ccccc1,0.5517241379310345,CCCCc1ccccc1
C=CCC1CCC(CC(=O)CC(C)C)C(CC)C1,0.3333333333333333,C=CCOC(=O)CC(C)C
C=CCCC1C(O)C(=O)CCC1(C)C,0.3148148148148148,C=CCCC(=O)C=CC1C(C)=CCCC1(C)C
CC1C=CC(CO)=CC1,0.3157894736842105,C=C(C)C1CC=C(CO)CC1
CC(C)=CCCC(C)CCCC(C)C,0.6296296296296297,CC(C)=CCCC(C)CCO
CC(C)CCOOCC(C)C,0.4,CC(C)CCOC=O
CCC(S)CO,0.42105263157894735,CCC(C)CO
CC1CC(c2ccccc2)CC(C)(C)C1,0.2653061224489796,CC1(C)C2CCC1(C)C(OC(=O)c1ccccc1)C2
C=C(N)CCC,0.5,C=C(C)CCC
C=CC(C)(CCC=C(C)C)CC(C)OCC,0.45,C=CC(C)(CCC=C(C)C)OC
CC1(C)C2CCC1(C)C(CC(O)c1ccncc1)O2,0.23404255319148937,CCC(O)c1ccccc1
CC=CC(=O)CC(C)CC(C)C,0.4444444444444444,CC=CC(=O)CC
C=C1CCCCC1O,0.3181818181818182,OC1CCCCC1
CCCCCCC(=O)C1C=CCCC1O,0.37142857142857144,CCCCCCCCCC(=O)CCCCCCCCC
CCCc1cccc(C(C)N)c1,0.36666666666666664,CCc1cccc(CC)c1
CC(C)CC(C)(C)CCc1ccccn1,0.4594594594594595,CCCCCc1ccccn1
CC1=CC(C(C)C)OC1,0.3333333333333333,CC1=CC2OCC(C)=C2CC1
CC(C)C1CC23CC1(C)CC(C)C2CCC3C,0.29545454545454547,CC1CCC2C(C)(C)C3CC12CCC3(C)O
CCC1CCCC(CC)O1,0.45,CCC1CCC1
OC1=CCC2C=CCCC2C1,0.28125,CC1C=CCC1
CC(C)=CCCC(C)(C)C1=CC1,0.42857142857142855,CC(C)=CCCC(C)(O)C1CC=C(C)CC1
SC(c1ccccc1)C1C=CCC=C1,0.3103448275862069,CC(C)c1ccccc1
CCC1=CCCC=C1C,0.37037037037037035,CCC1=CCCC=C1
CC(Cc1ccccc1)OCCc1ccccn1,0.4358974358974359,CCCCCc1ccccn1
CC1OC(CCCCO)C(C)C1C,0.3333333333333333,CCC1OC1CCO
C=C(OC)C1CC2(C(C)C)CCC1(C)CC2,0.3076923076923077,CC(C)C12CCC(C)(O)C1C2
CCCC1CCC(C)O1,0.3870967741935484,CCCC1CCC(=O)O1
c1ccc(COc2ccccc2)cc1,0.5217391304347826,COCc1ccccc1
CCCC(=O)c1ccccc1O,0.5517241379310345,CCCC(=O)c1ccccc1
CC(=O)CSCC(C)CCCC(C)C,0.5483870967741935,CC(=O)CCCC(C)CCCC(C)CCCC(C)C
CC(C=O)C1CC=CCC1,0.3157894736842105,CC(C)C1CC=C(C=O)CC1
COCCCC1CCCC1C,0.2903225806451613,COCCCCCS
C=CCC1C=CC(CC2OC(CC)C(O)C(O)C2O)C=C1,0.28205128205128205,CCC1OC1CCO
c1ccc(CCC2COCO2)cc1,0.34375,OCCc1ccccc1
C=C(CCC)CC(C)OCO,0.32142857142857145,C=C(C)CCC
CCC(=O)CC1CC(C(C)C)CCC1C,0.3142857142857143,CCC(=O)CC(C)C
CC(CC(C)c1ccccc1)OO,0.5357142857142857,CC(CO)c1ccccc1
CCCC(=O)C1C=CC=CC1,0.3103448275862069,CCCC(=O)CCC
C=C(CCC)CCC1C=CC=C1,0.3333333333333333,C=C(C)CCC
C=C(C)C=CCC(O)CCC,0.44,CCCC(O)CCC
CCCC(O)OC1=C(C)OC(C)C1=O,0.32558139534883723,CC(=O)OC1=C(C)C(C)OC1=O
CC=CC=CCC,0.5263157894736842,CC=CC=CCO
CCCCCCCCCCCC(=O)CC,1.0,CCCCCCCC(=O)CC
CCC1CCC(CC)C1,0.5294117647058824,CCC1CCC1
CCC(S)C1CCCCC1(CC)CC(C)O,0.2647058823529412,CCC(C)O
CC12CCC(C1)C(C)(C)C2OCO,0.5588235294117647,CC(=O)OC1C2(C)CCC(C2)C1(C)C
CC1=CC2CC(C)C(C)C2CC1,0.45714285714285713,CC1=CC2OCC(C)C2CC1
CC1CC(O)C(C(C)O)O1,0.30303030303030304,CC1CCC(C(C)C)C(O)C1
CCCCCC1CC(C)C(C)=C1C,0.3157894736842105,CCCCCC1CCC(=O)O1
COCCCSC,0.42857142857142855,CSCCCO
CCC=CCCCCC,0.7647058823529411,CCCCCC=CCCCCCC
CC(CC=O)CCC1CC1(C)S,0.3783783783783784,CC(C)=CCCC(C)CC=O
COCC(C)=O,1.0,COCC(C)=O
C=C1CCC(CC)C1C,0.32142857142857145,CCC1CCC1O
CCC(C)CC1=CC=CCC1,0.2962962962962963,CCC(C)CC
CCCC1CCC(C)C1,0.3333333333333333,C=C(C)C1CCC(C)CC1O
O=C1CCCCCCCCCCCC1,1.0,O=C1CCCCC1
CC1CC(C)(C)C(O)C1C,0.3,CC1(C)COC(=O)C1O
CCCC(=O)C1=C(CC)C=CCC1,0.35135135135135137,CCCC(=O)c1ccccc1
CCCCCC(C)CC(C)O,0.6818181818181818,CCCC(C)CC(C)O
CCCCCC(C)OCCNCCC,0.4,CCCCCC(C)OC(C)=O
C=C(C)COC(=C)CCC,0.5,C=C(C)CCC
CCCCCCCC(O)CCC,1.0,CCCCCCCCCCC(O)CCC
CSC1=CCCS1,0.2,CC(C)=C1CCC=CCCC=CCC1
CC(CCCS)C(=O)CCC(O)O,0.34375,CCCC(C)C(=O)CC
CC1CCC2C(C1)CC(C)C2C,0.28125,CC1CCC(C(C)C)C(O)C1
CC1=CC(C)CC=C1O,0.2857142857142857,C=C(C)C1CCC(C)C=C1O
CC(C)=CN(O)CCCC(C)CCCC(C)C,0.45161290322580644,CC(C)CCCC(C)CCO
CCCC(C)(S)CCC,0.4444444444444444,CCCC(C)(C)CC
C=C(CCC)C(C)C(CC)C(C)C,0.34615384615384615,C=C(C)CCC
CC1(C)CCCC2CC(CO)CCC21,0.3076923076923077,CC1(C)C2CCC(CO)C1C2
CCC1OCC(C)CC1(C)C,0.2571428571428571,CCC1OCCC1=O
C=CCC(C)CC(C)(C)C=O,0.4482758620689655,CC(CC=O)CC(C)(C)C
C=CC(C)C(C)CC,0.4090909090909091,C=CC(O)CC
O=CC1CCCC1,0.36363636363636365,O=COC1CCCCC1
CCCC(O)CC(C)C1C=CCCC1,0.3333333333333333,CCCC(O)CCC
CCCCCCCC(C)OC,0.5454545454545454,CCCCCCCCCCCCCCCC(C)C
CC(C)CCC(=O)CC(C)C,0.6363636363636364,CCC(=O)CCC(C)C
CCCC1CCSC(C)S1,0.36,CC1SCCS1
CCC1=CC(C)C=C1,0.3103448275862069,CCC1=CCCC=C1
C=C(C)C=CCC,0.5238095238095238,CCC=CC(C)=O
CCC1CSOCC1(CC)CC,0.2,CC12CCC(CC1)C(C)(C)O2
CCC1=C(C(C)(C)C)CC(CC)C=C1,0.21052631578947367,CCC1=CCCC=C1
CC(C)(O)O,0.4166666666666667,CCC(C)(O)CC
CC1=C(C)C(C)=C(C)CC1,0.35,CC1=C(O)C(=O)CC1
CC1CCC2C(C)(C)C=CCC2(C)O1,0.3409090909090909,CC1=CCC(C)(C)C=CCC2(C)OC2CC1
CCC=CCCCSC1CCC(O)C1,0.3142857142857143,CCC=CCCO
CCCC(O)C(O)C(C)O,0.5,CCCC(C)O
CCCCC(=O)CCCC(C)CCC=C(C)C,0.6410256410256411,CCCCC(=O)OCCC(C)CCC=C(C)C
C=C(NC)C(CC)CC,0.3333333333333333,CCC(CC)C(=O)[O-]
CCC(C)(CCC1=CC=NCC1)CC(O)O,0.22448979591836735,CCC(C)(O)CCc1ccccc1
CCCCCNCCCCC(O)C(C)C,0.48148148148148145,CCCCCC(C)O
CCCc1ccc(C)cc1,0.6,CCc1ccc(C)cc1
C=C(CCC)C(C)NCC,0.36,C=C(C)CCC
CCC(=O)CCCc1ccccc1,0.5588235294117647,CCC(=O)OCCCc1ccccc1
C=CC(CCC)OCC,0.4230769230769231,C=CC(O)CCC
C=CCCCOOC,0.43478260869565216,C=CCCCC
CC(C)CC1C=CC(C)C1,0.25,CC1C=CCC1
CCCCCC(=O)CCO,0.7894736842105263,CCCCCC(=O)CCCCC
CCC(C=O)OC,0.42857142857142855,CCC(C=O)CC
CCCCCCC1=CCC(=O)C1,0.4722222222222222,CCCCCCCCC1=CCC(=O)O1
C=C(CC)C1=CCC(C)C(C)C1C,0.2653061224489796,C=C(C)C1CC=C(C)C(OC(=O)CC)C1
CC=CC(C)CCCCCC,0.5769230769230769,CCCCCCCCCC(C)C=O
CCCCCCCCNC,0.5333333333333333,CCCCCCCC
CC1=NC(C)CC1C,0.30434782608695654,CC1CC(C)C(=O)C1=O
CCCCCCCCC(C)S,0.6,CCCCCCCCCCCCCCCC(C)C
CCCCOC(C)C(C)(C)C,0.3793103448275862,CCCCOC(=O)C(C)C
CCCCCCC1CCC(O)O1,0.4444444444444444,CCCCCCCC1CCC(=O)O1
CCCC1C=C(OC)C(OCC)=CC1,0.23809523809523808,CCOc1ccc2ccccc2c1
CC(C)C12CCC(C)(CC1)C2,0.2962962962962963,CC(C)C12CCC(C)(CC1)O2
CCCNCCC(=O)C(C)O,0.46153846153846156,CCC(=O)C(C)O
C1=CC2NCCC2=CC1,0.16666666666666666,CC1=CCC=C(C)CCC=C(C)CCC(C(C)C)C=C1
CC1CCC2OCCCC12,0.3,OCC1CCCO1
CC1=CSCC(C)=C1,0.25925925925925924,CC1=CC(=O)CC1
CC(C)C1CCCN1,0.21875,CC1CCC(C(C)C)C(O)C1
CC1C=CCC(C)O1,0.2692307692307692,CC1C=CCC1
CC(C)C(C)(C)O,0.3333333333333333,CC(C)O
CC1NOC(O)CS1,0.23076923076923078,CC1SCCS1
CC1=C(OC(C)O)CCC1,0.3076923076923077,CC1=C(C=CC(C)O)C(C)(C)CCC1
CCCC(C)CC(C)C(C)OCC,0.46153846153846156,CCCC(C)CC(C)O
CCC(=O)C1C=C(CC)C(O)C(OC)=C1,0.2608695652173913,CCC(=O)OCc1ccc(OC)cc1
CC(C)CCCC(C)CCCC(=O)C(C)C(C)C,0.6206896551724138,CC(=O)CCCC(C)CCCC(C)CCCC(C)C
CC(=O)CCC1C(C)CCC(C)C1(C)C,0.2978723404255319,CC(=O)OC1(C)CCC23CC1C(C)(C)C2CCC3C
CC(=O)OCc1ccc(C)cc1O,0.4473684210526316,COc1ccccc1COC(C)=O
CC(=O)CC(C)(C)C,0.6111111111111112,CC(=O)CC(C)(C)O
CC(C)CCC(=O)C(C)S,0.5217391304347826,CC(=O)CCC(C)C
CCCC(C)(O)CCO,0.4090909090909091,CC(C)(S)CCO
CC(O)CSC(CC(O)C(C)C)C(C)O,0.2962962962962963,CC(C)CC(C)O
O=C1CC=CC=N1,0.25,CC1=CCC(=O)O1
CCC1CC=C(C)CC1C,0.375,CC1=CCC2C(C1)C2(C)C
C=C1CCCCNCCCCCOO1,0.2727272727272727,O=C1CCCCCCCCCCCCCCO1
CC1C=C(O)C(C)C1,0.4,C=C(C)C1CCC(C)C=C1O
CC(S)CCC1C(C)CCCC1(C)C,0.275,CC1CCCC2(C)CCCCC12O
CC(CO)C(=O)O,0.4117647058823529,CC(C)CO
CCCCCSOC,0.4117647058823529,CCCCCC
CCCCC1CCCC(C)C1CC(C)C,0.34285714285714286,CCCCC1CCCCC1
CCCC(CCC)C(C)c1ccccc1,0.44,CC(C)c1ccccc1
CCC(C)C(C)C,0.7142857142857143,CCC(C)C(C)C(C)C
CCCCC(=O)Cc1ccc(C)cc1,0.4482758620689655,CCCCC(=O)CC
C=C(O)CCCCCCC(C)C,0.5,CC(C)CCCCCCCCCCCCO
CCCCCCCCCCOCCC,0.6842105263157895,CCCCCCCOCC
CCCC(=O)C(C)C(O)CC(C)=O,0.5185185185185185,CC(=O)CC(O)C(C)C
CCCC(C)CC(C)(C)C,0.5909090909090909,CC(CCO)CC(C)(C)C
CCOCCCc1ccccc1,0.5769230769230769,CCCCc1ccccc1
CNCCCC=O,0.5,O=CCCCC=O
CCCNCCO,0.4375,CCCO
COCCSC1=COC(C)C=C1,0.1794871794871795,COCCOCCO
CC(C)C1C=CCC1C,0.28125,CC1=CCC(C(C)C)C=C1
C=C(CCC)CCC=CCCC,0.4583333333333333,CCCC=CCO
CCC(C)=Cc1ccccc1,0.4411764705882353,CCCCCC(=Cc1ccccc1)CO
CCCCCC(CO)CO,0.6666666666666666,CCCCC(CC)CO
CCC=CCCCCCCC,0.8235294117647058,CCCCCC=CCCCCCC
CCC(C)C(C)OCc1ccccc1,0.4857142857142857,CCC(C)C(=O)OCc1ccccc1
CCCC1=COC(O)CC1,0.2619047619047619,C=C(C)C1CC=C(CO)CC1
CC(C)CN=C=O,0.3181818181818182,CC(C)CC(=O)CC(C)C
CC(C)CCCC(=O)c1ccccc1N,0.47058823529411764,CC(=O)c1ccccc1N
CC(C)C1CCC(C)C(C)C1,0.3,CC1CCC(C(C)C)C(O)C1
CCCC(=O)CCc1ccccc1,0.6071428571428571,CC(=O)CCc1ccccc1
CC(C)C1CN(C)CS1,0.19230769230769232,CC1SCCS1
CCCCC,1.0,CCCCC
CCCC1CC=CC=C1CNC,0.23404255319148937,CCCCCC1CC=CC(=O)O1
CCCCCCCC(O)CCc1ccccc1,0.5333333333333333,CCCCc1ccccc1
CC1=CCCC=C1C(C)O,0.2857142857142857,CC(O)c1ccccc1
CN(C)C1CCC(C)(C)CC1,0.25,CC12CCC(CC1)C(C)(C)O2
CCCC1C(C)OC(C)C1C,0.2571428571428571,CCCCC1OC(=O)CC1C
CCCC1C=CCO1,0.2571428571428571,CCCC1CCC(=O)O1
CCCC1=CC=C(C(OCC)SCC)CC1CC,0.23404255319148937,CCOC(C)c1ccccc1
CCC1C=CC(C=O)C1,0.2916666666666667,CCC=O
CCCC(S)C1CCCC1,0.32142857142857145,CCCC(S)CCO
CCCc1cc(C)ccc1C,0.4583333333333333,Cc1ccc(C)c(C)c1
CCC1CCCC(C)C1,0.6,CCC1CCC1
CCCC(C)c1ccc(O)c(O)c1,0.3939393939393939,Cc1ccc(C(C)C)cc1O
CCC1=CC(C)C(C)S1,0.24,CCc1cc(CC)cc(CC)c1
CCCC(=O)CCCCC1=CCC=C1,0.4411764705882353,CCCCCCC(=O)CCC
C=C(C=CC)OC,0.45454545454545453,CC=CC(=O)OC
CCC(S)C(=O)O,0.36,CCOC(=O)C(C)S
CC(=O)C1=CC(C)OC1C,0.2727272727272727,CC(=O)c1ccco1
CCCC(=O)SCC,0.45,CCCC(=O)CCC
CC1=CC2C(C=C1)COC2C,0.2682926829268293,CC1=CC2OCC(C)C2CC1
CCCCCOC(=O)O,0.6521739130434783,CCCCCOC(C)=O
C=C(C)CCC1CC=CC1,0.36,C=C(C)CCC
CCC(C)C(C)OCc1ccco1,0.5,CC(C)CC(=O)OCc1ccco1
C=C(C)C(C)(C)C,0.4166666666666667,C=C(C)C(=C)C
C1CCSNSC1,0.35714285714285715,C1CCSC1
CC(C)C(=O)CCc1ccccc1,0.6071428571428571,CC(=O)CCc1ccccc1
CS(C)(O)O,0.3333333333333333,CS(C)(=O)=O
CCCCCC(C)C(C)=O,0.8571428571428571,CCCCC(C)C(C)=O
C=CC1C=CC(C)C=C1,0.2,C=CCCCC
C=C(C=CCCC)NCCCCCO,0.4117647058823529,CCCC=CC=CCCCO
CC1CCC(C(C)(C)C)CC1,0.4444444444444444,CC1CCC(C(C)(C)CC(=O)[O-])CC1
CCC(C)CCC(=O)c1ccccc1,0.6,CCCC(=O)c1ccccc1
C=CCCCCC=CC,0.5454545454545454,CC=CCCCCCCCCCC
C1=CC(CCC2CCCC2)CC1,0.35714285714285715,OCCC1CCCCC1
CC1=CC=C(C=CC=O)CC1,0.34375,CC1=CC=C(C(C)C)CC1
CC(C)C1=C2C=CC=CC2CCC1,0.3076923076923077,C=C1C=CC(C(C)C)CC1
CC=CC=CCCC(C)C(C)C,0.38461538461538464,CC=CC=CCO
CCC(C)CC,1.0,CCC(C)CC
CSOCCc1ccoc1,0.4444444444444444,CC(C)=CCCc1ccoc1
C=C(CCS)C1CCCCC1,0.3333333333333333,O=C([O-])C1CCCCC1
C=CC1CC(C)CC(C)C1,0.23809523809523808,CC1CCCC1
CCCC1=CC(NC)C(CCc2ccccc2)=CC1,0.35,CCCCc1ccccc1
CCCC(C)C,1.0,CCCC(C)C
CCCC(C)CCCC(C)O,0.6190476190476191,CCCCC(C)O
C=C(CC=CCCCC)C1=CCCC1,0.32608695652173914,CCCCCC=CCC=CCC(=O)OC
OCCCCCCCCCS,1.0,OCCCCCS
CCCC(COC)C(C)Cc1ccc(C(C)C)cc1,0.4,CC(C=O)Cc1ccc(C(C)C)cc1
CCC(O)COC(C)C(C)CC,0.4166666666666667,CCC(C)C(C)O
CC1C=CC2=C(C1)OCC(=O)OC2,0.2702702702702703,CC1CCC(=O)O1
CCOC(C)C(CC)CC,0.47368421052631576,CCOC(C)OCC
CCCC(=O)CCCCCCCSO,0.64,CCCCCCC(=O)CCC
C=CCC(O)CCCCC,0.5833333333333334,CCCCCC(O)CCCC
C=C(C)CC(C)C(C)OCC,0.39285714285714285,C=C(C)CC(O)CC
O=C(OCCCCCCCO)C1=CC=CC1,0.38636363636363635,CCCCCCOC(=O)c1ccccc1O
CCCCC(CC)OC,0.4482758620689655,CCCCCC(CC)OC(C)=O
CCC(C)CC1=CCSC=C1,0.2857142857142857,CCC(C)CC
C=CCC1=CC(SC)C(OC(C)N)C=C1,0.22916666666666666,C=CCc1ccc(OC)cc1
CCOC(C)C(C)OC(O)CC,0.375,CCOC(C)OCC
CCCC(=O)OCC1=CC=C(OC)CC1,0.43902439024390244,CCCC(=O)OCc1ccccc1
CCCCC(C)(CC)C(C)CCC,0.3548387096774194,CCC(C)(O)CCCC(C)C
CCCC1COCCC1O,0.3793103448275862,CCC1CCC1O
CCCCC(=O)CCC1C=CCCC1,0.38235294117647056,CCCCCC(=O)CCCCC
CCOc1ccccc1C,0.5416666666666666,COc1ccccc1C
CCCC(=O)CCCO,0.6666666666666666,CCCC(=O)CCC
CC1=CCC=C1C(C)O,0.3125,Cc1ncsc1C(C)O
CC1CC(=O)C(C)C1C,0.4166666666666667,CC1CC(=O)C(=O)C1C
CCCCC(O)CCC(C)O,0.7,CCCCC(C)O
CCC(C)(CCC(C)C)C(C)O,0.4642857142857143,CCC(C)(O)CCCC(C)C
CCCc1cccc(CC)c1O,0.5555555555555556,CCCc1ccccc1O
CCC(C)COC(C)C(C)CC,0.4,CCC(C)CC
C=CC1=C(CC)CCCC1,0.3333333333333333,C=Cc1ccc(CC)cc1
CCCC(C)C(O)O,0.5555555555555556,CCCC(C)O
CC1=CCC(CC(C)C)C=C1,0.5161290322580645,CC1=CCC(C(C)C)C=C1
CCCCCCC(C)CC(C)CCC,0.7,CCCCCCC(C)CCCCC
C=CCOC(O)CC(C)CC(C)(C)C,0.35294117647058826,CC(CCO)CC(C)(C)C
COC1=C(C)N=C(CC(C)C)CC1,0.3076923076923077,COc1nccnc1CC(C)C
CCCC1C=CC=CC1C(C)OC,0.25806451612903225,CCC(C)OC
C=CCCC(=O)CC,0.5652173913043478,C=CCCC(C)=O
CC1SC(C)C(C)C1C,0.23529411764705882,CC1SCCS1
CC1C=CC(C)C2CC(C(C)(C)O)=CCC12,0.2972972972972973,CC1=CC=C(C(C)(C)O)CC1
CCC(C=O)c1ccccc1,0.5185185185185185,CC(C=O)c1ccccc1
CC(C)CCC1C=CC(C(C)C)CC1,0.3333333333333333,C=C1C=CC(C(C)C)CC1
CC(C)SC=C(C=O)C(C)C,0.42857142857142855,CC(C)CC=C(C=O)C(C)C
CCCCCC=CC(O)O,0.5454545454545454,CCCCCC=CCCCCCC
CCCC(O)CCCCCO,0.7272727272727273,CCCCCCCCCCC(O)CCC
COC1=CCC(O)C=C1,0.2702702702702703,C=C(C)C1C=CC(C)=CC1
CCC(C)CCc1ccccc1,0.48148148148148145,CCCCc1ccccc1
CCCC(=O)C1C(C)CCCC1(C)C,0.325,CCCC(=O)OC1CCCCC1
CC1=CC(C)C(S)C=C1O,0.2222222222222222,CC1=CC(O)C2CC1C2(C)C
CC(=O)C1=CCC(C)=C1,0.36666666666666664,CC1=CCC(=C(C)C)CC1
CCCc1ccc2c(c1)=CC(=O)CC=2C,0.3181818181818182,CCCc1ccc(O)c(OC)c1
CCC(C)CNC(C)c1ccccc1,0.41935483870967744,CCC(O)c1ccccc1
CCC=CCCCC(=O)CC,0.52,CCCCC(=O)CC
CNc1ccccc1O,0.47368421052631576,Oc1ccccc1O
CC(C)CC1=COC=CC1,0.2564102564102564,Cc1cc(CC(C)C)oc(=O)c1
CC1CC(C)C(C)C(C)(C)C1,0.3055555555555556,CC1CC2CC(C)C3CC(C)(C)C3C(C1)O2
C=CCCCCOCCC,0.5652173913043478,C=CCCCCC
CC1CC(C)N2CCCC2C1,0.28,CC1CCCC1
COC1CC(CC=O)=CC=C1O,0.25,O=CCc1ccccc1
CC1CCCC(C)(C)C1O,0.36666666666666664,CC1CCCC(C)(C)C1=O
CCSCSC,0.5,CCSC
CCCCCCCCCCCC(C)C,1.0,CCCCCCCCCCCCCCCC(C)C
CCCCCCSCOCC(=O)OCC,0.5,CCCCCCC(=O)OCC
C=CCc1cc(CC)c(C)c(OC)c1,0.5882352941176471,C=CCc1cc(OC)c(OC)c(OC)c1
CCCC(C)CC(C)S,0.5454545454545454,CCCC(C)CC(C)O
O=C(CO)CCCCC1CCCCC1,0.48148148148148145,OCCC1CCCCC1
C=C(C)C(O)CC,0.5,CCC(O)C(C)=O
CCCCC(C)C(C)C,0.5555555555555556,CCCCC(C)C
CC1CCC2C(C)(C)CCCC2(C)C1,0.275,CC12CCCC(O)(C1)C1CC(C)(C)C1CC2
CCOC(C)c1ccccc1,1.0,CCOC(C)c1ccccc1
C=C(CC)CCC(C)C,0.5,CCC(=O)CCC(C)C
CCC1=C(O)CCC(C=CC=O)=C1,0.2631578947368421,O=CC=Cc1ccccc1
CC1=CCOC1S,0.3235294117647059,CC(C)=CC1CC(C)=CCO1
C=C(CC)C1CCCO1,0.3783783783783784,CCC(=O)OCC1CCCO1
CCCOC(O)Cc1ccccc1,0.4444444444444444,CCCOC(=O)Cc1ccccc1
CC(C)=CCCC(N)CCCC(C)CCO,0.6666666666666666,CC(C)=CCCC(C)CCO
CCCCCCCCCCCCC1CCC(O)O1,0.4444444444444444,CCCCCCCC1CCC(=O)O1
C=CC(C)(CCC=C(C)O)CC(O)SCCCCCC,0.3392857142857143,C=CC(C)(CCC=C(C)C)OC(=O)CCCC
CCCCCCCC(=O)CCCC(C)C,0.6956521739130435,CCCCCCCCCC(=O)CCCCCCCCC
CC(C)(S)C(O)OCc1ccccc1,0.41935483870967744,COCc1ccccc1
CCC(C)C(C)OC,0.47368421052631576,CCC(C)OC
CCCCNCCC(N)CC(C)C,0.35714285714285715,CCCCC(C)C
CCCC(C)CNC,0.4166666666666667,CCCC(C)CC(C)O
CCC=CCCC,0.5555555555555556,CCC=CCCO
CC1CCCCC1,1.0,CC1CCCCC1
CC(C)CCCC(=O)CCC(C)CCCC(C)O,0.5806451612903226,CC(=O)CCCC(C)CCCC(C)CCCC(C)C
CCC(CCC(C)C)C(C)COC,0.3333333333333333,CCC(C)C(=O)OCCC(C)C
CC(C)CCSC(C)C,0.3684210526315789,CCCC(C)C
CC(C)C(C)C(C)C,0.42857142857142855,CCC(C)C(C)C(C)C
C1=CCC2OCCC2=C1,0.25,CC1OCCC1=O
CC(C)OCCC(O)CCC1=CC=CC1,0.2222222222222222,CCCC(O)CCC
C=CC=CC,0.47368421052631576,C=CC=CCC=CC
CC(=O)OC1CC(C)OC1C,0.4166666666666667,C=C(C)C1CCC(C)C(OC(C)=O)C1
CC(C)OCc1ccco1,0.5277777777777778,CC(C)CC(=O)OCc1ccco1
C=C1CCC(C)C1CC(C)CC,0.2857142857142857,CCC(C)CC
CC(C)CC(CC(C)C)OC(C)C,0.35,CC(C)CC(C)O
CCC(C)C(C)C(C)C,1.0,CCC(C)C(C)C(C)C
CCCC(C)C(C)CCCO,0.5238095238095238,CC(C)CCCO
CC(C)CC1CC(C)(C)CCO1,0.23684210526315788,CC(C)C12CCC(C)(O)C1C2
CCCC(=O)C1CC1c1ccccc1,0.42857142857142855,CCCC(=O)c1ccccc1
CC(C)COCC(C)O,0.4,CC(C)CC(C)O
CC1CCCCS1,0.3684210526315789,CC1CCCC1
C=CC=CCCOCC,0.5,C=CC=CCCCC
Cc1cnc(C(C)O)nc1,0.36666666666666664,Cc1ncsc1C(C)O
CCCCC(CCC)OC,0.4166666666666667,CCCCC(O)CCC
O=C(CCC1CCCC1)Cc1ccccc1,0.5333333333333333,O=C(Cc1ccccc1)Cc1ccccc1
C=CCOCCC,0.39285714285714285,C=CCOC(=O)CCC
CNC1C=CC(CCC(C)=O)CC1,0.2727272727272727,CCCC(C)=O
CCCCCCCCCCCCCCC(C)OC,0.5454545454545454,CCCCCCCCCCCCCCCC(C)C
CC1CCCC(C)(C)C1C=S,0.30303030303030304,CC1CCCC(C)(C)C1=O
CCCCCCCCC(O)CCCCCC,0.8888888888888888,CCCCCCCCCCC(O)CCC
CC(O)CC1CC(C)CCC1C(C)C,0.5161290322580645,CC1CCC(C(C)C)C(O)C1
CCCCCC(O)CC(C)C(=O)OCCCC,0.59375,CCCCOC(=O)C(C)CC
CCCC=CC(=O)COCC(C)C,0.6060606060606061,CCCC=CC(=O)OCC(C)C
CCCCCCCC(=O)C(CC)CO,0.4838709677419355,CCCCCC(=O)C(C)C(C)=O
CCCCCCCCCOCCO,0.8,CCCCOCCO
CC=CC(C)CCCCC,0.5384615384615384,CCCCCCCCCC(C)C=O
CCCCC(C)C1CCCC1,0.4166666666666667,CCCCC(C)C
C=CCOSCCO,0.3076923076923077,C=CCCCO
C=CCCCCCC(C)O,0.52,CCCCCCCC(C)O
CC(=O)COc1ccccc1,0.6296296296296297,O=C([O-])COc1ccccc1
CC(S)C(O)CCCCc1ccccc1,0.45454545454545453,OCCCCCc1ccccc1
CCCOCCC(C)=O,0.5238095238095238,CCCC(C)=O
CC(=O)C(=S)CC(C)C,0.5238095238095238,CC(=O)CC(C)C
CCCC1=CCC=CC1O,0.2647058823529412,CCCc1ccc(O)cc1
CCCC(C)SCCOC,0.32,CCCC(C)C
O=CC=CC1=CCC=C1,0.3333333333333333,O=CC=Cc1ccccc1
COC1C=CC(CC(C)C=O)CC1,0.3142857142857143,CCCC(C)C=O
CCCOC(O)c1ccccc1,0.4827586206896552,CCC(O)c1ccccc1
CC(C)C(C)C1CCCCN1,0.24,CC1CCCC1
CCCOC(O)CCC(C)C,0.391304347826087,CCCC(C)C
CCOC(O)CCC1C=CCC1,0.2857142857142857,CC1C=CCC1
CC1CCCC2C1C(C)(C)C(C)C2(C)C,0.32432432432432434,CC1CCC2C1C1C(CCC2(C)O)C1(C)C
C=C(CC)C1C=CC=CC1CCC(C)CC1=CCC(CC)C=C1,0.234375,CC(C)=CCCC(C)C1C=CC(C)=CC1
CCC=C1CC(C)c2ccccc21,0.3684210526315789,CCC=C1OC(=O)c2ccccc21
COCCC(C)(C)CO,0.36,COCCOCCO
CCCCCCCC(O)CCCC,0.9411764705882353,CCCCCC(O)CCCC
CCC(C)C1CC(C)C(CC)C1,0.2631578947368421,CCC(C)C1CCCCC1=O
CC1(C)CCCC2CCC(CN)CC21,0.2653061224489796,CC1=CCCC(C)(C)C(C2CC=CCCC2)C1
CC(C)C(=O)c1ccccc1,0.5384615384615384,O=C(c1ccccc1)C(O)c1ccccc1
CCC,0.42857142857142855,CCO
CCCCCCC1CCCC1O,0.3793103448275862,CCC1CCC1O
CCCC(=O)CCCCCCCC(C)CCC,0.5925925925925926,CCCCCCC(=O)CCC
C=CCC(C)C(C)=O,0.625,C=CCC(C)C(=O)[O-]
NCC(c1ccccc1)C1CCCCC1,0.3235294117647059,CC(CO)c1ccccc1
CCC(O)C1CCCCC1O,0.3333333333333333,CCC1CCC1O
CC1C=CC(CCO)=CC1,0.2682926829268293,C=C(C)C1CC=C(CO)CC1
CC=COC,0.3333333333333333,COC=O
CCC(C)C1C=CC2CCCCC2=C1,0.4,CCC(C)C1CCCCC1=O
CCCC(=O)CC1=C(C)CC=CC1CC,0.3235294117647059,CCCC(=O)CCC
C=C(C)C1=CCC(C)CC1=O,0.40540540540540543,C=C(C)C1CC=C(C)C(=O)C1
OCc1ccccc1O,0.5909090909090909,CCc1ccccc1O
CCCC(C)Cc1ccccc1,0.45161290322580644,CC(C)CC(O)Cc1ccccc1
CCC(=O)C1=CCNO1,0.3333333333333333,CCC(=O)c1ccccc1
CCCCCCCCCC(=O)CC(C)C,0.6521739130434783,CCCCCCCCCC(=O)CCCCCCCCC
CCCCCCC(=O)C1=CCCO1,0.4473684210526316,CCCCCCCCCCC(=O)c1ccccc1
CCCCC(=O)Cc1ccc(O)cc1,0.4666666666666667,CCCc1ccc(O)cc1
CC1CC(C)C2(CC(C)(C)CC(C)(C)C2)C1(C)O,0.29411764705882354,CC1CCCC2(C)CCCCC12O
CCC(C)(C)CCCC(C)C,0.625,CCC(C)(O)CCCC(C)C
CCCCCCOC(O)CCC(C)=O,0.5,CCCCCCC(C)=O
CCC=CCCCC(=O)CC=CCC,0.43333333333333335,CCC=CCC(=O)OC
CCC(O)CCN,0.5789473684210527,CCCC(O)CC
CC1CCC(C)C(C=O)C1,0.3870967741935484,CC1(C)C2CCC(C=O)C1C2
CC1=CCCCC1OC(C)C,0.2727272727272727,CC1=CCC23C(C)CCC(C(C)C)C2C13
CC(C)OC(C)(C=O)CCC1OC1(C)C,0.425,C=CC(C)(O)CCC1OC1(C)C
CCC1C=CC(C(C)C)=CC1,0.3142857142857143,CC1=CCC(C(C)C)C=C1
OC1=C(C(O)CC2CCCCC2)CCC=C1,0.2631578947368421,OCCC1CCCCC1
CC(=O)CCc1cc(C)cc(C)c1C,0.38235294117647056,CC(=O)CCc1ccccc1
CCCC1=CC=CCC1,0.3,CC(C)=C1CCC=CCCC=CCC1
CC(=O)CC(C)CC(C)C,0.6,CC(=O)CC(C)C
CCCCCCCCCCCCCCCCCCC,1.0,CCCCCCCC
CC1(C)CCCC(O)C1C=O,0.3235294117647059,CC12CCC(C1)C(C)(C)C2O
CCC(C)c1ccccc1C,0.5833333333333334,Cc1ccccc1C(C)C
CCC(=O)C(CO)CCOC,0.3548387096774194,CCCC(C)C(=O)CC
CCCCCC=CCCC(O)O,0.5909090909090909,CCCCCC=CCCCCCC
CCC(C)C(C)OC1C(C)CC=CC1(C)C,0.25,CCC(C)C(C)C(C)C
CCC(C)(CCCC(C)C)CC(C)O,0.5172413793103449,CCC(C)(O)CCCC(C)C
CCCCCCCCCCCCCC(C)O,1.0,CCCCCCCC(C)O
CCCCCCCCC(CC)CC,0.55,CCCCCCCCCCCCCCCC(C)C
CCCOC(C)CC1C=CC=CC1,0.23684210526315788,CCCOC(=O)C(C)C
CC(C)C1CCC(C)(C)C(C(C)C)C1,0.28205128205128205,CC(C)C1CCC2(C)C3CC4C(C13)C42C
CCCCC(CC)CCC(O)c1ccccc1O,0.4782608695652174,CCCCC(CC)COC(=O)c1ccccc1O
CCCOCC(O)C=O,0.37037037037037035,CCCOC=O
CC(O)C1=CCCCO1,0.25806451612903225,CC(O)c1ccccc1
CCCCCCC(C)(C)C,0.5333333333333333,CCCCCCCC
CCC1=C(C)CC(C)CO1,0.23076923076923078,CCCCC1OC(=O)CC1C
CC1=CC(CC(C)O)CC(C)(C)C1,0.2972972972972973,CC1=CC(=O)CC(C)(C)C1
C=C(C)C(C)S,0.5,CC(=O)C(C)S
CCCC(=O)CC(C)C,0.631578947368421,CC(C)CC(=O)CC(C)C
CCCCC1=CC(CC)C=C1,0.3125,CCCCc1ccccc1
C=C(CCC)CCCC(C)CCC,0.45161290322580644,C=C(C)CCCC(C)CCO
C=C1CC(C)C(CCC(C)C)C(C)(N)C1,0.23809523809523808,C=C1CCC2C(C1)C2(C)C
C=C(C)CC1CC2COC1(C)C2(C)C,0.2619047619047619,C=C(C)C1CCC2(C)OC2C1
CC1=C(C)COC1,0.25925925925925924,CC1=CC2OCC(C)=C2CC1
C=C(C=CC)OC(S)CC(C)C,0.3333333333333333,CC=CC(=O)OCC(C)C
CC(C)C1CC(C)C(C)O1,0.25,CC1CCC(C(C)C)C(O)C1
C=C(CC)C(C)CCC(C)C,0.37037037037037035,CCC(=O)CCC(C)C
CC(C)Cc1ccccc1,0.6,CC(C)CC(O)Cc1ccccc1
CC1=NC2C=CCCC2O1,0.3225806451612903,CC1C=CCC1
C=C(CCCC)CCC1CCCCC1,0.5714285714285714,CCCCC1CCCCC1
CC(C)CC(C)CCC1C=CC=C1,0.3076923076923077,CC(C)CC(O)CC(C)C
CCCC=C(CO)c1ccccc1,0.3939393939393939,CCCC(=O)c1ccccc1
CCCC(C)CC(O)c1ccccc1,0.5517241379310345,CCC(O)c1ccccc1
CCCCCC(CCCC)Cc1ccccc1,0.4827586206896552,CCCCc1ccccc1
CCCCCCCCC(CC(C)O)C(=O)CC,0.5172413793103449,CCCCCCCC(C)O
C=C1CCC(CCCCC)=C1C,0.37142857142857144,CCCCCC1=C(C)CCC1=O
COC1C=CCCC1C,0.44,CC1C=CCC1
CC1=CNCC1,0.28,CC1=CC(=O)CC1
CC1=CC(OOC2CC(C)CC2C)C(C)C1,0.2222222222222222,CC(=O)OC1C=C(C)C2CC(=C(C)C)CC2C(C)C1
CC1OC(=O)C(=O)C1C,0.32142857142857145,CC1=C(O)C(=O)OC1C
CCCCCCC(CC)C(=O)CC,0.6071428571428571,CCCCCC(CC)C(=O)[O-]
COC1C=CC(C)CC1C,0.25,CC1C=CCC1
COC(C)CSC,0.47368421052631576,CCC(C)OC
CC1=NC(C)C(C)C1,0.25925925925925924,CC1CC(=O)C(=O)C1C
CC(CC=O)C1=CC(C(C)C)CC=C1,0.3333333333333333,Cc1ccc(C(C)CC=O)o1
CSCC1=CC=CC1C,0.2,CCSC
CCc1cc(C)c(C)o1,0.32142857142857145,CCc1ccco1
C=CCOC(C)C,0.4444444444444444,C=CCOC(=O)CC(C)C
C=CC=CC=CC,0.45,C=CC=CC=CCC
CC1=NC(C)N(C(C)C)CC1,0.23076923076923078,CC1=CC(=O)C(C(C)C)CC1
CC=CC1=CC(CC)C(SC)C(CC)C1,0.20512820512820512,CCC1CCC1O
CCCCNC,0.42857142857142855,CCCCC
C=CCCCCC(=C)C,0.5,C=CCCCCCCCC(=O)CCC(=O)CCCCC=C
CCCCCC(=O)NCCCC,0.5,CCCCCC(=O)CCCCC
CCNCC(C)CC,0.47058823529411764,CCC(C)CC
CCCCCCC=CO,1.0,CCCCCCC=CO
CC(O)C1CCC2CCC=CC21,0.3225806451612903,CC1C=CCC1
CCCSC1=CC(C)C(C)C1,0.25,CCCCC1OC(=O)CC1C
CCCCCC(O)C(C)N,0.5652173913043478,CCCCCC(C)O
C=CC1C=CC(C(C)C)=CC1,0.3055555555555556,CC1=CCC(C(C)C)C=C1
CCCCCCCC(CO)OC,0.4482758620689655,CCCCCCC(O)CCO
CC1CC(CO)C=CC1O,0.2222222222222222,C=C(C)C1CCC(C)C(O)C1
C=C(CC1C=CCC(C)=C1)CN1C=CCC=C1,0.20689655172413793,C=C(CCC=C(C)C)C1CC=C(C)CC1
C=C(CCCC)C(S)CCC,0.36666666666666664,C=CC(O)CCCC
C=CC1=C(CO)OCCO1,0.23529411764705882,C=CC(C)=CCCC(=C)C
CC1OC2C3=CC(=C2C1C)CN3C,0.1951219512195122,CC1OCC(=O)C1O
CCCC1=C(C)N=C(C)CO1,0.2222222222222222,CCCc1ccco1
CCCSCCC(C)O,0.5238095238095238,CCCC(C)O
CCCCC1C=CCC1C,0.3333333333333333,CCCCC1OC(=O)CC1C
CCCCCCCC(S)OC,0.48,CCCCCC([NH3+])S
CCCCCC(O)CCCC,1.0,CCCCCC(O)CCCC
CC(C)C=CCC(C)C,0.4,CC(C)CC=O
CCCCCC(=O)OC(CCCC)C(C)CCO,0.5588235294117647,CCCCCC(=O)OC(C)C
C=CC=CCCC,0.7,C=CC=CCCCC
CC(CCO)COc1ccccc1,0.5,OCCOc1ccccc1
C=CCCC(O)c1ccccc1O,0.40625,CC(C)c1ccccc1O
CCCCCC(C)C(C)CCCC,0.5789473684210527,CCCCCCCCCCCCCCCC(C)C
CCCCCCCCC(CC)C(C)O,0.5833333333333334,CCCCCCCC(C)O
CCC(C)C(C)c1ccccc1,0.5,CCC(O)c1ccccc1
CNC1C=CCC=C1S,0.1875,CC1C=CCC1
CC(C)CC(C)C(C)C(C)C,0.5,CCC(C)C(C)C(C)C
CCCC(C)OCC,0.47368421052631576,CCOC(C)OCC
CCCC(C)C(O)OCC,0.43478260869565216,CCCC(C)O
CCCCOC(C)C(C)C,0.4074074074074074,CCCCOC(=O)C(C)C
CCOCC(=O)CC,0.5,CCC(=O)CC
CCC(CC)CCc1ccccc1,0.5,CCCCc1ccccc1
CCCCCCC(C)CC,0.7777777777777778,CCCCC(C)CC
Cc1cccc(C)c1,1.0,Cc1cccc(C)c1
CC(C)CCCC(C)CC(C)(C)C,0.5416666666666666,CC(CCO)CC(C)(C)C
CC1=CC(C)CC1,0.4642857142857143,CC1=CC(C)C(C=O)CC1
CC1=CCC(CCO)C=C1,0.4411764705882353,C=C(C)C1C=CC(C)=CC1
CCC1=CC=C(C(C)O)CO1,0.2571428571428571,CC1=CC=C(C(C)C)CC1
CCCCNN,0.4,CCCCC
CC1CCC(CC=O)C1(C)C,0.2777777777777778,CC1(C)C2CCC(C=O)C1C2
CCOC1=CCCC=C1O,0.28205128205128205,CCOc1cc(C=O)ccc1O
CCC(CCO)COC,0.4,CCC(C)CCO
CC(C)CCOC(C)S,0.4,CC(C)CCOC=O
CC(=O)CCC1C=CCC=C1,0.3333333333333333,CCCC(C)=O
CC1COC(O)O1,0.27586206896551724,CC1OCC(=O)C1O
CC(C)CCC(O)c1ccccc1,0.5769230769230769,CCC(O)c1ccccc1
Cc1ccccc1CC(C)C,0.5416666666666666,CCc1ccccc1C
CCC(CC)CCC1CCC(C)C1(C)C,0.23255813953488372,CC1CCC2C(C)(C)C3CC12CCC3(C)O
CCC1OCCC(C)O1,0.3125,CCC1OCCC1=O
CC(O)C(=O)c1ccccc1,0.5769230769230769,O=C(c1ccccc1)C(O)c1ccccc1
CCC(C)CCC1CCC(C)C1(C)C,0.3125,CCC(C)CCO
CC1C=C2COCC2=CC1,0.23076923076923078,CC1=CC2OCC(C)C2CC1
CC(C)=CCNC(=O)C(C)C,0.3611111111111111,COC(=O)CC(C)CCC=C(C)C
CC(c1ccccc1)C(O)C1C=CC=CC1,0.38235294117647056,CC(O)c1ccccc1
C=CC(=CCCC)CC,0.36,C=CC(=O)CC
C=C(OC)C(C)C,0.4,COC(=O)C(C)C
O=CCCCCc1ccccc1,0.7083333333333334,O=CCCc1ccccc1
CC(C)C1=CC=COC1C,0.20588235294117646,CC1=CC=C(C(C)C)CC1
C=C(CCC(CCCCC)Cc1ccccc1)CC(C)C,0.36363636363636365,CC(C)CC(O)Cc1ccccc1
CC=C(C)C(O)CCC,0.42857142857142855,CCCC(O)CCC
CCC(O)CCc1ccccc1,0.4642857142857143,CCCCc1ccccc1
CCCCCNCCCC(O)CCC,0.64,CCCCCCCCCCC(O)CCC
CCCCCCCCCOC(C)c1ccncc1,0.3888888888888889,CCOC(C)c1ccccc1
CCCC(C)CC=C(CC)CC,0.4074074074074074,CCCC(C)CC(C)O
CC1CCC2C(C3C(C)CCC13)C2(C)C,0.5625,CC1CCC2C1C1C(CCC2(C)O)C1(C)C
CCOC(C)CCOC,0.4090909090909091,CCOC(C)OCC
CCC1CC(C)C(C)C1,0.42105263157894735,CCC1CCC1
CCC(CC)CCC(C)O,0.5294117647058824,CCC(C)O
CCCCCC(CC)CC=O,0.4482758620689655,CCCCCCCCCC(C)C=O
CC(C=O)CCC1C(C)CCCC1(C)N,0.3157894736842105,CCCC(C)C=O
C1=CCCN=C1,0.21052631578947367,C1=CCCCC1
CC=C(C)C(C)CC,0.47619047619047616,CCC(C)C(C)=O
CCCC1=COC=CC1,0.2647058823529412,CCCc1ccco1
CSC(C)C,0.5,CSC(C)S
C=C(C)C1CCC(C)C(C)C1,0.68,C=C(C)C1CCC(C)C(O)C1
C=C(C)C1CCCC1C,0.42857142857142855,C=C(C)C1CCC(C)CC1O
CCc1cccc(SC)c1O,0.4482758620689655,CCc1ccccc1O
CC(C)C(C)CCC1CCC(C)C1(C)C,0.24242424242424243,C=CCC(C)C(C)C
C=C(CC(C)c1ccccc1)C(C)C,0.5357142857142857,CC(CO)c1ccccc1
CC(=O)C1=CC=CCC1,0.3448275862068966,CC(C)=C1CCC=CCCC=CCC1
COC(C)C1CC1c1ccccc1,0.2972972972972973,COC(CO)c1ccccc1
CC1=CC(Oc2ccccc2)CC=C1,0.3125,COc1ccccc1
CCCCC1C=CC(O)CC1,0.3870967741935484,CC(C)(C)C1C=CC(O)CC1
CCCCCCCC(O)CCC(C)C,0.6956521739130435,CCCCCCCCCCC(O)CCC
CCCCCCCCCCS,1.0,CCCCCCS
CC(C)CCCCCO,1.0,CC(C)CCCCCCCCCCCCO
CC(C)C1CCC(C)(O)CC1=O,0.4444444444444444,CC(C)C1CCC2(C)OC2C1=O
CC(O)C1CCCC1C,0.3333333333333333,CC1CCC(C(C)C)C(O)C1
C=C(CCC)CCC(C)O,0.5,CCCC(C)O
CCCC(CC(C)C)OC(C)c1ccc(C)c(C)c1,0.3488372093023256,CCOc1cc(C(C)C)ccc1C
CC1=CC(C)C=C1,0.32142857142857145,CC1=CCC(C(C)C)C=C1
CC1CCC(c2ccccc2)C1,0.2962962962962963,CC1=C(C)C2CCC1C2
