SMILES,MaxSimilarity,NearestNeighbor
CCCc1cccc(C)c1,1.0,CCCc1cccc(C)c1
C=CC(C)CCC=C(C)S,0.41935483870967744,CC(C)=CCCC(C)C=O
CCCCCCC1C=CC(=O)C1,0.43243243243243246,CCCCCC1C=CC(=O)O1
CC(N)c1cccc(C(C)CC=O)c1,0.39473684210526316,Cc1ccc(C(C)CC=O)o1
CCCCSCCCCCCCC=O,0.6521739130434783,CCCCCCCC=O
CSC(O)c1ccccc1,0.5217391304347826,CC(O)c1ccccc1
CC(=O)CC(C)CCC=C(C)CCCC(C)O,0.5,CC(=O)CCCC(C)CCC=C(C)C
C=C(C)C(C)OCC,0.42857142857142855,CCOC(C)OCC
CCC1CCC(C)O1,0.6842105263157895,CCC1CCC(CC)O1
CC1CNSC1,0.2631578947368421,CC1CCC(C)CC1
CC(C)C1CCCCC1,0.5263157894736842,CC1CCC(C(C)C)CC1
CC1CCNC1C,0.36363636363636365,CC1CCCCN1
C=CC(C)CCCCCC,0.6,CCCCCCC(C)C=O
O=CC1=CC(O)=CC1,0.2972972972972973,C=C(C)C1CC=C(C=O)CC1
CC(C)OC(O)C(C)C,0.375,CC(C)C(C)O
CCOC(O)C(S)CC,0.41379310344827586,CCOC(O)C(O)C(O)C(O)C(O)CO
CCC(C)OC1CC=CC=CCC1,0.29545454545454547,CC[C@@H](C)O[C@@H]1OC(C)[C@H](O)CC1O
C=C(C)C1CC(C(C)=O)=CC=N1,0.3,C=C(C)C1CCC(C)CC1=O
CCCCNC=CC=O,0.4444444444444444,CCCC/C=C/C=O
C=CCC1=CC2=C(CCC2)CC1CC,0.25,C=CCc1ccc(OC)cc1
CC=C(C)CCC(=O)C(C)CC,0.43333333333333335,C/C=C/C(=O)C(C)CC
OC(CCCCc1ccccc1)c1ccccc1,0.5172413793103449,OCCCCCc1ccccc1
COC1CC(C=O)CC=C1OC(C)C(C)C,0.2692307692307692,CC(C)=CCCC1=CCC(C=O)CC1
CC(=O)CCSCCCCO,0.6818181818181818,CC(=O)CCSCCC(C)=O
CC1CCCC(C)(C)CC1S,0.4642857142857143,CC1(C)CCCC(O)C1
C=C(C)C1(OC(C)=O)CCCCC1,0.6923076923076923,CC(=O)OC1(C(C)=O)CCCCC1
CCC(C)C(C)CCCCCO,0.5652173913043478,CC(C)CCCCCO
CCCCCC1C(C)CCC1C,0.4074074074074074,CCCCCC1OC(C)C(C)O1
CC(CC(C)(O)COC(=O)C1CC1)C1CCCC(C)(C)C1,0.3333333333333333,CCOC(=O)C1CCCCC1
CCCCN=CCO,0.37037037037037035,CCCCC/C=C/CO
CC(C)CCC(=O)C(C)C,0.5714285714285714,CC(C)CCC(=O)O
CC1CCC2C(C)CCC(C(C)C)C2C1,0.5,CC1CCC(C(C)C)C(O)C1
CC(C)SC(S)CC1CCCCC1,0.45161290322580644,CNC(C)CC1CCCC1.Cl
CCCCCC1CC(O)CC(C)C1C(O)CCC,0.3018867924528302,CCCCCC1OCC(O)C(C(O)C(O)CO)O1
COC1C=CC(C)C1,0.25,CO[C@H]1O[C@H](C)[C@@H](O)C[C@H]1O
CCC(C)C(C)CC,0.5,CCC(C)C(O)S
CC1CCC2=C(CCC2C)O1,0.42857142857142855,CC1CCC(=O)O1
CCCC(O)CCCc1ccccc1,0.6333333333333333,CCCC(O)Cc1ccccc1
CC(C)CC(C)(C)C,0.6428571428571429,CC(CC(C)(C)C)CC(C)(C)C
C=C1CCC(CCCCCC)CC1,0.4166666666666667,CCCCCCCC1CCC(=O)O1
CC(C)CCCCCC(C)O,0.65,CCCCCCCC(C)O
O=C1CCC2C=CCCC2O1,0.4117647058823529,O=C1CCC2CCCCC2O1
CSC(C)O,0.45454545454545453,CC(C)O
CC(S)C1CCCCC1,0.4074074074074074,CNCC(C)C1CCCCC1.Cl
CCCNCC1CCCC(=O)O1,0.6176470588235294,CCCC1CCCC(=O)O1
CCC(C)COc1ccco1,0.36363636363636365,CCc1ccco1
CC=CC1=CC(SC)C(CC)C(CC)=C1,0.19607843137254902,C/C=C/c1ccc(OCC)c(O)c1
COCCCCO,0.5,CCCCCCOC
CCCC(=O)CCC(C)C,0.631578947368421,CCCC(=O)CCC
CCC1C=CCC(O)C1,0.26666666666666666,CCC1CCC1O
CC(=O)OCC(C)CC(C)C,0.6521739130434783,CC(=O)OCC(C)C
CCCCCCCCCCCCC(C)O,1.0,CCCCCCCC(C)O
C=C1CC(C)CCC1C(C)(C)CC(C)O,0.35,CC1CCC(C(C)(C)S)C(=O)C1
CCCC(=O)OCCC(C)CCCC(C)S,0.6578947368421053,C=C(C)CCCC(C)CCOC(=O)CCC
C=C(C)OC(CS)CCC,0.34375,CCCC(C)OC(C)=O
CCC(C)Cc1ccc(CC(C)C)cc1,0.3870967741935484,CC(C)Cc1cccnc1
COC1=CC(C)=CCC1,0.42857142857142855,COC1=CCCCC1
CCCC(O)CC(C)CC,0.5714285714285714,CCCC(O)CC
CC(CC1C=COC=C1)c1ccccc1,0.4375,CC(CO)c1ccccc1
CC(C)CC(C)S,0.4666666666666667,CC(S)CS
CC=CC1=CC(OC)C(CC(C)O)C=C1,0.2542372881355932,C/C=C/c1ccc(OC(=O)Cc2ccccc2)c(OC)c1
C=C(O)C(=CC(C)O)CC(=O)O,0.3548387096774194,O=C(O)C=C(CC(=O)O)C(=O)O
CCCCC(C)CS,0.5217391304347826,CCCCC(CC)CS
C=COC(C)=CCC,0.37037037037037035,C=C(C)/C(=C/CC)CC
C=CCCCCCC(O)OC,0.45454545454545453,C=CCCCCCCCCC(=O)OC
COC1CC=CC=C1C(C)C,0.24242424242424243,CC1=CC=CCC1
C1CO1,1.0,C1CO1
CC1CCC2C(CCCC2(C)C)C1,0.3,C=C1C2CCC3C2C(C)(C)CCCC13C
CC1=C(OC(C)O)C(=O)C(C)O1,0.5806451612903226,COC1=C(C)OC(C)C1=O
Cc1ccc(C)c2c1CCC(C(C)(C)C)C2,0.3333333333333333,CC1=CCC(C(C)(C)O)CC1
CCCCC=C(C)C,0.48,CCCCC/C=C(\C)C=O
C=C(O)C(C)CC,0.5,CCC(C)C(=O)O
CNCC(C)Cc1ccccc1,0.5517241379310345,CN[C@@H](C)Cc1ccccc1.Cl
CC1=CC=C2C(CCCC2(C)C)C1,0.3333333333333333,CC1CCCC(C)(C)C1=O
CCCC1C=CC(O)C(OC)C1,0.32432432432432434,CO[C@H]1CO[C@H](O)C[C@@H]1O
C=C(CCCC=CCC)CCc1ccccc1,0.43243243243243246,CC/C=C\CCCC(=O)O
C=C(C)C(C)c1ccccc1,0.5,CC(O)c1ccccc1
CCOCCC1CCCCCCCCCCC1,0.5,CC(=O)OCCC1CCCCC1
CCCC=CCCN(O)CCCO,0.5769230769230769,CCC/C=C\CCCO
CCC1C=C(C)CCC1C,0.4117647058823529,CC1=C[C@@H]2OC[C@@H](C)[C@@H]2CC1
CC(=O)C(O)CCCC(C)C,0.6,CCCCCC(O)C(C)=O
c1ccccc1,0.3333333333333333,c1ccncc1
CC(C)CCCC(C)COCC(O)Cc1ccccc1,0.5,CC(C)CC(O)Cc1ccccc1
OC(=S)CCC1=CC=CCC1,0.34375,CC1=CC=CCC1
CCCCCCCCCSCC,0.5555555555555556,CCCCSCCCC
CCC(C)C(=O)OCC1=CC=CC1,0.45454545454545453,CCOC(=O)C(C)CC
CCc1ccc(C(C)CC)cc1,0.44,CCc1ccc(O)cc1
CCCCCSC,0.5789473684210527,CCCCCSSC
CC1=CC(C)C=CC1C,0.25806451612903225,CC1=CCC(C(C)C)C=C1
C=CCCSCC,0.43478260869565216,C=CCSCCC
CC(=O)C1=CCC=C1,0.30303030303030304,CC(=O)c1ncc(C)nc1C
CCCC(=O)CCSC,0.631578947368421,CCCC(=O)CCC
CCCCC1CC=CC=C1C,0.30952380952380953,CCCCCC1CC=CC(=O)O1
CCCCC(C)(C)C,0.42857142857142855,CCCCC
CC=CCOC,0.3181818181818182,C/C=C/CCC=O
CC(C)C1CCC(C)(C)C(C(C)O)O1,0.28205128205128205,CC(C)[C@@H]1C=C[C@](C)(O)CC1
CCC1C=CSC1C,0.23076923076923078,CCC1SSC(CC)S1
CC1=CC(CC(C)C)=CCC1CCC=O,0.30612244897959184,CC1=CCC(C(C)CC=O)CC1
C=CCCCC=C,0.5625,C=CCCCCO
CCN(C)CC(C)CCC=C(C)C,0.5161290322580645,CC(C)=CCC[C@H](C)CCO
CC1=CCC(OC(O)CC2C=CCCC2)C=C1,0.3617021276595745,CC1=CCC(C(C)(C)O)C=C1
CCCCCCCCC(C)CCCC,0.7368421052631579,CCCCCCCCCCCCC(C)CC
C=C(CCCC)C(C)(C)C,0.39285714285714285,C=C(CCCC)C(C)CCCC
CCCCCCCOC,1.0,CCCCCCOC
CCCCCCCC(O)OCC,0.52,CCCCCCCC(C)O
CCCNCOC(O)C(C)CC,0.3333333333333333,CCC(C)C(O)S
CCCCCCCOCCC(C)O,0.6521739130434783,CC(O)CCOCCC(C)O
CCC(CC(C)C)OC,0.375,CCOC(CC(C)C)OCC
C=C(C=O)C(C)CC(C)(C)O,0.34285714285714286,CC(CC=O)CCCC(C)(C)O
CC(CO)CC1CCC(C(C)C)CO1,0.358974358974359,CC(C)CC1OCC(CO)O1
COCOOCCCC(C)C,0.36,CC(C)CCCC(C)CCCC(C)CCCC(C)C
C1CCCC1,0.3333333333333333,C1CCNCC1
CCC(=O)C(C)CC1C(C)=CCCC1(C)C,0.5348837209302325,CC(=O)CCC1C(C)=CCCC1(C)C
CC(C)(C)CC(N)CCCC=O,0.3870967741935484,CC(CC=O)CC(C)(C)C
C=CC(C)CS,0.4117647058823529,CC(C)CS
C=C(CCC)C(C)(C)OC,0.3333333333333333,CCCC(=O)OC
CC1=c2ccccc2=NC1C,0.30434782608695654,Cc1ccccc1C
CCCOCCCO,0.65,CCOCCCO
C=CCC(C)C(=O)CCC,0.5555555555555556,C=CCC(C)C(=O)O
CC1=CCC=C1,0.55,CC1=CCCC=C1
CCC(C)c1ccc(C(C)C)cc1,0.5,Cc1ccc(C(C)C)cc1
CC=CC=CCCC(C)=O,0.5384615384615384,CCC/C=C/CCC(C)=O
CCC(C)CSC(C)O,0.4090909090909091,CCC(C)CO
CC(C)CC(O)C(C)C,0.5294117647058824,CC(C)CC(O)CC(C)C
C=C(CC(C)C)OCCC(C)C,0.5555555555555556,CC(C)CCOC(=O)CC(C)C
OCCCC1=CC=CC1,0.3333333333333333,OCCCc1ccccc1
CCCCCOCCCCC(C)CC,0.6956521739130435,CCCCCCCCCCCCC(C)CC
CCC1=CCCC1CC,0.28125,CCC1CC(C)C(=O)C1=O
C=CC1=CCC(OC)C(CC)C1,0.2391304347826087,C=CC1CC=C(/C=N/O)CC1
CC(O)O,0.7142857142857143,CC(C)O
C=C(C)C,0.35714285714285715,C=C(C)CCO
CCCC1=CCC=CC1C,0.25,CCCc1ccccc1
CCC=COCCCC(CC)OC,0.3157894736842105,CCCCCC(CC)OC=O
CC(C)CC(=O)C1=CCCC=C1N,0.34375,CC(=O)C(=O)CC(C)C
CCCCCCCCOC(C)Cc1ccccc1,0.5555555555555556,CCCCOC(C)OCCc1ccccc1
CC(C)=CCCC(C)CCCC(C)CC(C)C,0.6129032258064516,CC(=O)CCCC(C)CCC=C(C)C
CC(C)C1=CCC(O)C=C1,0.3333333333333333,CC1=CCC(C(C)C)C=C1
CCC(O)SCOCc1ccccc1,0.5,CCOCc1ccccc1
CC(C)CCCCC(=O)C1CC=CCC1C,0.42857142857142855,CC(C)CCCCC(=O)O
CCCCCOC(C)C,0.6666666666666666,CCCCCCOC(C)OCCCCCC
COc1cccnc1C(C)C,0.5172413793103449,COc1nccnc1C(C)C
CC(C)CC1CC(C)CC(C)C1,0.3448275862068966,CC(C)CC1OCC(C)O1
C=CCNCCO,0.3684210526315789,C=CCO
CCCCCCC(C)COC(C)C,0.56,CCCCCCCCCCCCC(C)CC
CCCCCCCCCC(C)C,1.0,CCCCCCCCCCCCC(C)C
CCCCCCCCCOCCC,0.6666666666666666,CCCCCCCOCCS
CC(C)CCCC(C)CCOC(O)C1=C(N)C=CCC1,0.325,CC(C)CCCC(C)CCCC(C)CCCC(C)C
C=CCCOC,0.4,C=CCCC(=O)OC
CCCCC(C)C(C)=O,0.6521739130434783,CCCCC(C)C(=O)O
CCCCOSCCC,0.391304347826087,CCCCSSCCC
CCCCCCCCN,1.0,CCCCCCN
CC1C=CC(C)C(C)C1,0.22580645161290322,CC1CCC2CC1SC2(C)C
CCC(C)CCC(C)CC,0.625,CCC(C)CCO
CC(C)C1CCC2CCC(O)COC2C1,0.4117647058823529,CC(C)[C@@H]1CC[C@@H](C)[C@H](O)C1
C=C(C)C(CC)CC=C(C)C,0.68,C=C(C)C(CO)CC=C(C)C
C=C(CCC)SC1CCCC1C1CCCC1,0.2857142857142857,CCCC(=O)OC1CCCCC1
NC=Cc1ccccc1,0.4782608695652174,O=C/C=C/c1ccccc1
CCCCCc1ccoc1C,0.46875,CCCCCc1ccco1
COCC(=O)C=O,0.35,CC(=O)C=O
CC1=CSC(C(C)C=O)C=C1,0.3170731707317073,CC1=CCC(C(C)C=O)CC1
CC1CSC(c2cccnc2)C1,0.3953488372093023,CN1CCC[C@H]1c1cccnc1
C=C(CCCCCCOCC)CC(CCCCCCCC)C(C)O,0.358974358974359,CCCCCCCC(C)O
CCC1C=CC(C(C)O)CC1,0.2631578947368421,CC(C)[C@@H]1C=C[C@](C)(O)CC1
CCC(C)C1=CCCCC1OC,0.2857142857142857,CCC(C)c1nccnc1OC
C=C(C)c1ccccc1N,0.6,CC(=O)c1ccccc1N
CC1=CC=C(C)OC1,0.4583333333333333,CC1=CC(=O)CO1
CC1CCC(CO)C(C)(C)C1,0.3333333333333333,CC1CCC(C(C)C)C2(C1)OCC(CO)O2
C=C(CC)CC1CC=CCC1,0.23684210526315788,C=C(C)C1CCC(C=O)CC1
C=CCCC(O)CCCCCC,0.5555555555555556,CCCCCCCC(O)CC
CCCCC1CC(C)CC(C)(C)C1,0.41935483870967744,CC1CC(O)CC(C)(C)C1
CC(CO)CCC(C)C(C)C,0.42857142857142855,CCC(C)CO
OCCC(O)C1C=CC=C1,0.36363636363636365,OCCC(O)C(O)CCO
CC(=O)C1=NCCO1,0.36666666666666664,CC(=O)C1=NCCC1
CC(O)CCC1=CC=CC(C)C1,0.35135135135135137,CC(O)CCc1ccccc1
C=C(CCCCC)CCCC(O)CCC,0.4642857142857143,CCCCCC(O)CC
OC1=CCCC1,0.4782608695652174,O=C1CCCC=C1O
CCC(C)C(O)O,0.5555555555555556,CCC(C)C(O)S
CC1=C(C)CS2(CCCCC2)C(C)C1,0.2222222222222222,CC1CCCCCCCCCCCCC(=O)C1
CCCCOC(C)CCC(=O)CCCCO,0.4375,CCCCCC(=O)CCCCC
CC(=O)C1CCCC1C,0.3103448275862069,CC(=O)OC1CCCCC1
CC(C)C(C)Sc1ccccc1,0.43478260869565216,CSc1ccccc1
COC(O)C1(C)CCCCC1,0.28125,CC(=O)OC1(C(C)=O)CCCCC1
CC(Cc1ccccc1)SO,0.5,CC(C)CC(O)Cc1ccccc1
CCCC(O)C1C=CCS1,0.3,CCCC(C)O
CCCCCC(=O)C1C=CC=CC1O,0.4,CCCCCC(=O)CCCCC
COc1ccccc1C(C)C,0.6,COc1ccccc1OC
CCC1CC(C)=C(O)C1C,0.36363636363636365,CCC1CC(C)=C(O)C1=O
CCC(O)(CC)C(C)N,0.3684210526315789,CCC(C)(C)O
CCOC(=O)C1CC2=CC1CC2,0.4146341463414634,CCOC(=O)C1CCC(=O)O1
CCCCCCCC(O)CCCCC,0.7894736842105263,CCCCCCCC(O)CC
CCCCOCCCCC(=O)O,0.6521739130434783,CCCCCC(=O)O
CCCC(O)CC(C)N,0.5,CCCC(O)CC
CC=CCSCCC,0.5217391304347826,C=CCSCCC
CC(=O)C(C)C(C)C(C)O,0.5882352941176471,CC(=O)C(C)O
CCC(C)C(O)CCCC(C)C,0.48,CCC(C)CCCC(C)CCCC(C)CCCC(C)C
CC(C)CC(O)C(C)O,0.7333333333333333,CC(O)C(O)CC(O)C(C)O
C=C1CCCCCSCC=CCOCCCC1,0.275,O=C1CCCCCCCCCOCCCCCO1
CC(C)C(O)CCC1=NCC=C1,0.3181818181818182,CC1=C(CCC(C)O)C(C)(C)CC=C1
CCCC1=CCC(C(C)C)C=C1,0.53125,CC1=CCC(C(C)C)C=C1
C=CCCCC(C)C(C)O,0.44,CCCC(C)C(C)O
CCOC(C)SCCCSC,0.4482758620689655,CCOC(CCSC)OCC
C=CC1(O)CCC(=O)O1,0.5333333333333333,C=CC1(C)CCC(=O)O1
CC(=O)OCC1CC=COC1C,0.36585365853658536,CC(=O)OCC1CCCO1
CCCCSCCCCCC=O,0.6521739130434783,CCCCCCCC=O
CSc1cc(C(C)C)ccc1C,0.5172413793103449,Cc1ccc(C(C)C)cc1O
CC1CC(=O)C(C)O1,0.4,CC1OCCC1=O
CC(C)=CCCC1(C)CCC(C)C1,0.4594594594594595,CC(C)=CCCC1(C)CC1C=O
CCCC(CC)CC,0.4444444444444444,CCCC(O)CC
C=C(OCc1ccccc1)C(C)CC,0.5294117647058824,CC(C)C(=O)OCc1ccccc1
C=CC1(C)CCC(C(C)(C)CCNC(C)C)S1,0.29411764705882354,C=CC1(C)CCC(C(C)C=O)O1
CCCCC(C)OCC(O)CC,0.5384615384615384,CCCCC(O)CC
C=Cc1ccc2c(c1)OCO2,0.6428571428571429,O=Cc1ccc2c(c1)OCO2
CC(O)CC(C)c1ccccc1,0.6,CC(CO)c1ccccc1
CC(C)=CCCC(C)CC=CC(C)C,0.6,CC(C)=CCCC(C)CC=O
CC(C)CCCC(C)CCCC(=S)Cc1ccccc1,0.4489795918367347,C=C(C)CCCC(C)CCOC(=O)Cc1ccccc1
CCC(CC(C)CCCC(C)C)OC,0.5185185185185185,CCC(C)CCCC(C)CCCC(C)CCCC(C)C
CC1CCC2C(C1)CC(O)C2C,0.4444444444444444,CC1CCC(O)C(C)C1
CCCCCC(C)CCC(C)CC,0.8421052631578947,CCCCCCCCCCCCC(C)CC
CCCC(O)C1=CC=CC1,0.32142857142857145,CCCC(C)O
C=CCCc1ccccc1,0.5833333333333334,O=CCCc1ccccc1
CC(C)C1CC=C(CO)CC1,0.5833333333333334,CC(C=O)CC1=CCC(C(C)C)CC1
C=C(C)C(=O)C(C)C,0.5555555555555556,CC(=O)C(=O)C(C)C
CCCC(O)C(C)C(C)O,0.5238095238095238,CCCC(C)C(C)O
COCCC1C=CC=C1,0.2777777777777778,COCCOC1O[C@H](CO)[C@@H](O)[C@H](O)[C@@H]1O
C=CC1=CCC(C)C(CC(C)C)C1,0.2682926829268293,CC(C)CC1OCC(C)O1
COC(C)CC1C=CCCC1,0.23809523809523808,CC(C)CC(=O)OC1CCCCC1
C=CNCC1C=CC(OC)CC1,0.2,C=CC/C=C/CCC(=O)OC
CCC1(CC)CCCCC1CO,0.32142857142857145,OCC1CCCCC1
CCCCCCCCCCCCC(O)O,0.65,CCCCCCCC(C)O
CC(=O)CC1CCC2C3CCC(C3)C12,0.27586206896551724,CC(=O)CS
CCCCc1ccccc1,0.8095238095238095,CCCCCCCCCCCCc1ccccc1
CCCC,0.5,CCCCC
CC(S)C=O,0.5384615384615384,CC(C)C=O
C=C(CC)OC(C)(C)C,0.2972972972972973,C=CC(C)(CCC=C(C)C)OC(=O)CC
C=C(OCC)C(C)(O)c1ccccc1,0.4,CCOC(=O)c1ccccc1
CCCOCCC,0.47368421052631576,CCCOCC(C)O
CCCCCCOC(C)CCCC,0.625,CCCCCCOC(C)OCCCCCC
CCCCCOCCCCOC(=O)Oc1ccc(C)cn1,0.3829787234042553,CCCCCOC(=O)c1ccccc1
CCC1=COC(CC)O1,0.29411764705882354,CCC1OC=C(CO)C1=O
Cc1ccc(C(C)C)c(C)n1,0.375,Cc1cccc(C)n1
C=CC(C)(C)C(=O)CC(C)C,0.40625,C=CCOC(=O)CC(C)C
CCC1OC(OC(C)C)CC1C,0.4864864864864865,CC(C)O[C@@H]1C[C@@H](O)[C@H](O)[C@@H](CO)O1
C=C(C)C1CC(CCCC)CC1O,0.42424242424242425,C=C(C)C1CCC(C)CC1O
C=CC1(C)CCC(O)C1,0.41379310344827586,CC1(C)CCCC(O)C1
C=CC(=C)CCCC(C)CC,0.4838709677419355,C=CC(=C)CCCC(C)(C)O
C=C(CC)CCC,0.4,CCCC(=O)CC
CCCCC(C)CCCC,0.5909090909090909,CCCCC(C)CCC(=O)O
CCC(Cc1ccccc1)NC,0.5517241379310345,CN[C@@H](C)Cc1ccccc1.Cl
C=C(C)C1CCC(C)CC1,0.52,C=C(C)C1CCC(C=O)CC1
CCCCOC,0.75,CCCCCCOC
COC(O)C1OC1c1ccccc1,0.375,CCOC(=O)C1OC1c1ccccc1
CCCC(C)CCC1C(C)CCCC1(C)C,0.3055555555555556,CCCC(C)CCO
CC1CCC(=O)C1,0.7142857142857143,CC1CCCC(=O)C1
Cc1cccc(C)c1C,0.6111111111111112,Cc1cccc(O)c1C
CC=CC(O)C1C(C)CC=CC1(O)O,0.2647058823529412,C/C=C/C(C)O
C=CCC,0.3888888888888889,C=CCCCCCC
CC(C)C(O)O,0.6,CC(C)C(C)O
CC(O)COc1ccccc1,0.48484848484848486,CC(C)C(=O)OCCOc1ccccc1
CCCCCCCC(C)OO,0.5714285714285714,CCCCCCC(C)OC(C)=O
CCCC(C)CC(C)OC,0.48148148148148145,CCC[C@@H](CCC(C)OC)C(C)C
CCC(=O)CCCCCCCCCSC,0.6,CCCCCCCC(=O)CC
CC(C)OCO,0.47058823529411764,CCOC(C)C
CCCCCC=N,0.5263157894736842,CCCCCCC=CCCCCCCCCC
CC(C)CCC(C)OCC(C)C,0.391304347826087,CC(C)CCOC(C)OCCC(C)C
COCCCCCCC=O,0.5217391304347826,CCCCCCCC=O
CC1CCOC1C,0.5238095238095238,CC1OCCC1S
CC1CC=C2N(CCCC2(C)C)C1,0.28205128205128205,CC1CCCC(C)(C)C1=O
CCCCC1CCC2(CCCC2)O1,0.39473684210526316,CCCCC1CCCC(=O)O1
CCCCCN1C(C)CCC1C,0.35,CCCCCC
CCC1=CC(OC)C(O)CC1,0.2826086956521739,CC(C)=CCCC1=CCC(C=O)CC1
CCCSOC1C=CC=C1C,0.23333333333333334,CCCSCCC
CCCCCCCCOC(C)O,0.6521739130434783,CCCCCCOC(C)OCCCCCC
C=CC(CCCCC)Cc1ccccc1,0.4444444444444444,CCCC(O)Cc1ccccc1
COC(C)(C)CC(C)O,0.5,CC(O)CC(C)(C)S
CCNC(=O)C1=C(CC)C(C)CCC1(C)C,0.3023255813953488,CCC1=C(O)C(=O)CC1C
CCC(C)CCN,0.5555555555555556,CCC(C)CN
CC=Cc1ccc(OC(C)CCC)c(OC)c1,0.6111111111111112,C/C=C/c1ccc(OC)c(OC)c1
CCC(=O)C1=COC=CC1CC(C)C,0.275,CCC(=O)c1ccccc1
CCCC(=O)CC1=CC=C(C)CC1,0.3793103448275862,CCCC(=O)CCC
CCSC(C)(C)C1CCC(C)CC1,0.4444444444444444,CC1CCC(C(C)(C)O)CC1
CCCC1CCC2CC1C2(C)C,0.3055555555555556,CC1C(=O)CC2CC1C2(C)C
CCCC(C)CCC(C)(CCC)COC,0.3548387096774194,CCCC(C)CCO
CC(C)C1(C)CCS23CC1C(C)(O)C2CCC3C,0.2727272727272727,CC1CCCC2(C)CCCCC12O
CC(=O)C1C=CC(C)=CC1C,0.2777777777777778,CC1=CCC(C(C)C)C=C1
CC(=O)CCCC(C)(C)C,0.5,CCCCC(C)=O
CC=C(C)C(O)CCC(C)C,0.34782608695652173,CC(C)CC(O)CC(C)C
CC1OC(C)(O)C(C)CC1(C)C,0.3225806451612903,C[C@H]1OC(C)(O)[C@H](O)[C@@H](O)[C@H]1O
CC1CC(C)CC(C(C)C)C1,0.5,CC1CCC(C(C)C)CC1
CCCC(=O)CCCCCCOC,0.5217391304347826,CCCC(=O)CCC
CCC1CC=CO1,0.375,CCC1CCC(CC)O1
CCC1=CCC(C(C)CC)C=C1,0.4,CC1=CCC(C(C)C)C=C1
CC1CCCC2(C)CCC(C(C)(C)S)CC12,0.3404255319148936,C=C1CCC[C@]2(C)CC[C@@H](C(C)(C)O)C[C@@H]12
CC(C)OC1C(=O)CCC1C,0.35294117647058826,CC1CCC(C(C)C)C(=O)C1
CCC(C)=CCCC(C)=CCO,0.7083333333333334,CC(C)=CCC/C(C)=C/CC/C(C)=C/CO
CCCOCOC(=O)c1ccccc1,0.7333333333333333,CCCOC(=O)c1ccccc1
CCC(C)C1C=CC=C1,0.2857142857142857,CCC(C)O
CS(=O)C(O)CS,0.3076923076923077,O=C(CO)C[C@H](O)[C@H](O)CO
CC(C)C(C)OCCC1=CCCCC1,0.3333333333333333,COC1=CCCCC1
CCCc1ncccc1C,0.5357142857142857,CCCc1nccnc1C
CCOC(O)C(C)CC(C)C,0.5,CCOC(CC(C)C)OCC
CCCCCC(C)OC,0.5652173913043478,CCCCCCCCCC(OC)OC
CC1OCC(C2=CC3SCOC3C=C2)O1,0.28205128205128205,CC1COC(C)O1
CCC1CC(C(C)NC)CC1C,0.2558139534883721,CC[C@@H](C)O[C@@H]1OC(C)[C@H](O)CC1O
CCCC(CC)CC=O,0.5416666666666666,CCCC(C)CC=O
CCCCC(=O)C(C)S,0.6521739130434783,CCCCC(=O)C(C)C
CCC(C)CC(O)C=C(C)C,0.38461538461538464,C=CC(O)CC
CC1CCC(CNc2ccccc2)O1,0.325,CC1COC(c2ccccc2)O1
CCCCOCC,0.5789473684210527,CCOCCCO
CCCOC,0.5294117647058824,CCCCCCOC
C=C1C(C)OC(CC)C1O,0.3548387096774194,CC[C@H]1O[C@H](O)[C@H](O)[C@@H](O)[C@H]1O
CCCC(C)C1C(C=C(C)C)C1(C)C,0.3125,CCCC(C)C(C)O
CC(C)CCCCc1ccccc1,0.5666666666666667,CC(C)CCOCCc1ccccc1
COC1CC=CO1,0.2727272727272727,COC1CC(O)C(O)C(C)O1
CC(C)CCSC(N)C(C)C,0.4,CSSCCC(C)C
CC1CCCCC1C,0.5,CC1CCCCC1
C=C(CCC)OCC,0.4782608695652174,CCCC(=O)OCC
C1=CCC=C1,0.19047619047619047,CC1=CC=CCC1
CCOC1CC(C(C)C)C=CC1C,0.3170731707317073,CCO[C@H]1C[C@H](OCC)[C@@H](O)[C@H](C)O1
CCC=CCCCCCC,0.8235294117647058,CCCCCCC=CCCCCCCCCC
CC(C)C1CCC(=O)OC1,0.36666666666666664,CC1CCC(=O)O1
C=C(CCCC=CCC)C(C)O,0.4838709677419355,CC/C=C\CCCC(=O)O
C=CCC(C)C1CCCC(C)(C)C1,0.37142857142857144,CC1(C)CCCC(O)C1
C=C1CCCC1,0.3333333333333333,O=C1CCCC1
CC1=NCCC1,0.4,CC(=O)C1=NCCC1
CC(CO)CCC1CCC(C)C1(C)C,0.2894736842105263,C=C(C)CCCC(C)CO
CC1CCC(C(C)C(C)(C)C)C(C)C1,0.41935483870967744,CC1CCC(C(C)C)C(O)C1
C1COSC1,0.23529411764705882,C1CCSC1
CCC(=O)NCC(C)(C)CC(C)C1CCCC(C)(C)C1,0.30434782608695654,CC1(C)CCCC(O)C1
CSCO,0.5,CSCCO
CC(C)CC1CCCS1,0.2903225806451613,CC(C)CC1SC(C)NC(C)S1
CC1CC(C)(C)CC(C)C1O,0.4782608695652174,CC1CC(O)CC(C)(C)C1
CCCCCOCCS,0.9473684210526315,CCCCCCCOCCS
CC(C)CCCC(=O)CCC(C)CCCC(C)C,0.6666666666666666,CC(=O)CCCC(C)CCCC(C)CCCC(C)C
CCC1CCC(OC)C1,0.36,CCC1CCCCC1
CC(=CC(=O)O)CCCC(C)C,0.6153846153846154,CC(=O)CCCC(C)C
CC(=O)C(C)CC(C)C,0.5714285714285714,CC(=O)C(O)CC(C)C
CC1CCC2C(CC(=O)C2O)C1,0.3783783783783784,CC1CCC2C(C1)OC(=O)C2C
Cc1cc(CCO)ccn1,0.4642857142857143,Cc1ccnc(C)c1
C=C(O)C(C)CC(C)C,0.4,CC(C)CC(O)CC(C)C
CCCCCC1=CC(C)C=C1,0.3333333333333333,CCCCCCCCCCCCc1ccccc1
CC1=CC(C(C)C)C(C)=C1,0.3125,CC1=CC(=O)CC(C(C)C)C1
CCCC(CC)OC,0.37037037037037035,CCC[C@@H](CCC(C)OC)C(C)C
C=C(O)C1CC=CCC1,0.2631578947368421,C=C(C)[C@@H]1C/C=C(\C)CC/C=C(\C)CC1
O=C(O)C=CC(O)O,0.55,CC(C)/C=C/C(=O)O
C1COCOC1,0.5,C1CCOC1
CCC(C)C(CC)OC(C)=O,0.4642857142857143,CCCC(C)OC(C)=O
COCCC(C)CCC(C)=O,0.45161290322580644,CC(=O)CCCC(C)CCCC(C)CCCC(C)C
CCC(C)C(=O)C(O)CC,0.5,CCC(C)C(=O)O
CC1CCC(C(C)C)C(C)C1,0.6,CC1CCC(C(C)C)C(O)C1
CCCCC1CCCCC(=O)C1,0.4864864864864865,CCCCC1CCCCC(=O)O1
CC(C)C(C)C(C)CCc1ccccc1,0.5714285714285714,CC(O)CCc1ccccc1
CCC(O)CCOCCCO,0.5,CCOCCCO
CC(C)CC(O)Cc1ccccn1,0.6666666666666666,CC(C)Cc1ccccn1
CC(C)CCCC(C)COOC(C)C1=CC=CCC1,0.3157894736842105,CC(C)CCCC(C)CCCC(C)CCCC(C)C
CC1=CCCC(C)CCC(C)(C)CCC1,0.37209302325581395,C=C1CC/C=C(\C)CC[C@@H]2[C@@H]1CC2(C)C
CCC(C)CCCC(C)CCOC(C)CC,0.5384615384615384,CCC(C)CCCC(C)CCCC(C)CCCC(C)C
CCCCCCCC(O)C(CC)CC,0.5833333333333334,CCCCCCCC(O)CC
CCC(O)CCC(CC)CCNC,0.44,CCCC(O)CC
CCOCCC1=C(C)COC1C,0.2926829268292683,CCOC1=C(C)OC(C)C1=O
CCCCCCCCCCOCCCC,0.7,CCCCCCCOCCS
CCC=CCCCC(=O)C(C)O,0.5862068965517241,CC/C=C\CCCC(=O)O
CC(=O)C1CC(C)CC1C,0.35294117647058826,C=C(C)[C@@H]1CC[C@@H](C)C[C@H]1OC(C)=O
CCCCCC(C)CCO,0.6666666666666666,CCCC(C)CCO
CC1COC(O)CC1C,0.4782608695652174,O[C@@H]1C[C@@H](O)[C@@H](O)CO1
C=C(C)CCCC(C)CCCC(C)C,0.6923076923076923,C=C(C)CCC[C@H](C)CCO
CCC(O)OCC(C)C,0.4,CCC(C)O
CCCCCCC1CC(C)C(C)O1,0.5,CCCCCCC1OC(C)C(C)O1
Cc1cccc(Sc2ccccc2)c1,0.5,Cc1cccc(C)c1
C=CCCCCCC(=C)C,0.64,C=CCCCCCC(C)=O
CCC1CCCC=N1,0.3333333333333333,CC(=O)C1CCC=N1
Cc1cc(CC(C)C)c(C)o1,0.41935483870967744,Cc1nc(CC(C)C)oc1C
OCCCCCCCOCC1=CONC=C1,0.2631578947368421,CCOCCCO
CCCC(C)CCc1ccco1,0.5806451612903226,CCCCc1ccco1
CC1C=CCC1,0.2777777777777778,CC1CCC(C)CC1
C=CC(CCC)c1ccccc1,0.5483870967741935,C=CC(CC=O)c1ccccc1
CC1CCSNC1,0.3,CC1CCC(C)CC1
C=C(CCCCCCC)CCCCCCC,0.5,CCCCCCCC
CCCCCCCC(=O)Cc1ccccc1,0.5833333333333334,CCCCCCCCOC(=O)Cc1ccccc1
O=C(O)CCC(O)O,0.55,CC(C)CCC(=O)O
CC1C=C2C(C)(C)CCCC2(C)C1C,0.35294117647058826,CC1CCCC(C)(C)C1=O
CC=Cc1ccc(CC(C)OCC)c(CC)c1,0.4,C/C=C/c1ccc(OCC)c(O)c1
CCCCCC1C=CCCCCCCCCC1,0.32558139534883723,CCCCCCC1CCCCC(=O)O1
CC1OCC=C1CCCC1CCCC1,0.2826086956521739,c1ccc(CCCC2CCCO2)cc1
CCCCCCCC(C)OC(C)C,0.5217391304347826,CCCCCCCCCCCCC(C)C
C=CCCCCCC(C)=N,0.6153846153846154,C=CCCCCCC(C)=O
CCCC1CCC2CC1C2(C)S,0.2702702702702703,CC1(S)CCC2CC1C2(C)C
COC(C)C(O)CC(C)C,0.42857142857142855,CC(C)CC(O)CC(C)C
CC(C)CC(C)CCC1=CC=C(O)CC1,0.25,CC(C)CC(O)CC(C)C
C=C(CO)C1CC=C(C)CS1,0.5,C=C(CO)C1CC=C(C)CC1
C=C(C)CCCCCCCC,0.5454545454545454,CCCCCCC(C)=O
CC(C)CCC(C)C1C=CC=CC1C,0.25,CC(C)CCN
CCc1cccc(CO)c1O,0.42857142857142855,CCc1cccc(C)c1C
CCC1=CC=C(OC)CO1,0.2727272727272727,COC1=CCCCC1
CCC=CC(C)CCONCCC,0.2972972972972973,CC/C=C\CCOC(C)OCC/C=C\CC
CC1=CC=C(C(C)CC=O)C1,0.4166666666666667,Cc1ccc(C(C)CC=O)o1
CCCC(C)OC(C)C,0.44,CCCC(C)OC(C)=O
CC(=O)C=C(C)CCCC(C)C,0.64,CC(=O)CCCC(C)C
C=C(CC)C1CCC(C)CS1,0.3142857142857143,C=C(C)C1CCC(C)CC1O
C=CCCOCCCC,0.5,C=CCCCCCC
CC1CCC(C)C1C,0.38461538461538464,CC1CCC(C)CC1
CCCc1ccc(O)c(CC)c1,0.5625,CCCc1ccc(O)c(OC)c1
CC(C)=CCCC1CCCC(C)(C=O)C1,0.40476190476190477,CC(C)=CCCC1(C)CC1C=O
CC(=O)C(C)C1=CCCC1,0.34375,O=C1CCCC=C1O
CC1CCSC1C,0.3684210526315789,CC1SCCS1
CCCCCCCCCCCC(C)COCC,0.56,CCCCCCCCCCCCC(C)CC
CCCOC1OCC(C)O1,0.42424242424242425,CCCCC1OCC(C)O1
CC1(C)CCCC1=O,0.42857142857142855,CC1=C(C=O)C(C)(C)CCC1
CCCCOCCCCCC(C)CC,0.6666666666666666,CCCCCCCCCCCCC(C)CC
CCCCCCC(CC)CC(O)O,0.5384615384615384,CCCCCCCCC(CO)CCCCCC
CC1OC2(CC1=O)C(C)CC=CC2(C)C,0.2857142857142857,CC1(C)CC(=O)C2OC2(C)C1=O
CCCC1=CC(c2ccccc2)C=C1,0.3870967741935484,CCCc1ccccc1
CCOc1ccc2c(C)cc(C)cc2c1,0.5151515151515151,CCOc1ccc2ccccc2c1
CCCCCCCOC(O)CCCCC,0.6153846153846154,CCCCCCOC(CCCCC)OCCCCCC
CCCC(C)(O)O,0.625,CCCC(C)(C)O
COCC1=CC=C(OC)CC1,0.3125,COC1=CCCCC1
NC1=CC=CC1,0.34782608695652173,CC1=CC=CCC1
CSCC(C=O)CC(C)C,0.375,CCC(C=O)CC
CCOC(CC)CC,0.5,CCOC(C)CC
CCCC(=O)C(S)CCO,0.4642857142857143,CCCC(=O)C(O)CCC
CCCC(CCO)OC,0.4583333333333333,CCCC(C)CCO
CC=CC(O)CO,0.5,C/C=C/C(O)CCCC
C=COCCC1CCCCN1,0.3125,CC1CCCCN1
CC(=O)c1ccc(N)cc1,0.5909090909090909,CC(=O)c1ccc(O)cc1
CCCC(C)CCOC(O)CCC,0.46153846153846156,CCCC(C)CCO
CC(C)OC(C)CCc1ccccc1,0.5757575757575758,CC(=O)OC(C)CCc1ccccc1
C=CC=CCC,0.7647058823529411,C=C/C=C/C=C/CC
CC1=C(O)C=CCS1,0.2413793103448276,CC1=CCCC=C1
CCCCC(C)C(C)CCC,0.5,CCCCC(C)O
CC(C)NC(O)(CC(O)O)C(=O)O,0.2962962962962963,CC(O)C(=O)O
CCCC1CC=CCC1,0.3142857142857143,CCCC1CC(=O)C=C(C)C1
CCCC(C)CC=C(C)C,0.52,CCCC(C)CC=O
CCC(C)CCCOC,0.5,CCC(C)CCCC(C)CCCC(C)CCCC(C)C
CC(=O)CC(C)C1CCC(C)C1(C)C,0.3548387096774194,CC(=O)CC(C)C
CCC(CC(C)CCC=C(C)C)OC,0.4864864864864865,COC(=O)CC(C)CCC=C(C)C
CC1=NC(C(C)C)C=C1,0.3125,CC1=CCC(C(C)C)C=C1
CCC1=CC(C(C)(C)C)C(OC)C=C1,0.22727272727272727,CCCCCC1C=CC(=O)O1
CC(=O)OC1=C(C(C)C)CC=C(C)C1,0.3404255319148936,CC(=O)OCC(C)C1CC=C(C)CC1
CC1=CCCC(C)(S)CC1C,0.34146341463414637,C/C=C/C(=O)C1C(C)=CCCC1(C)C
Cc1ccc(C(C)CCCC(C)C)cc1,0.5151515151515151,CC(C)=CCCC(C)c1ccc(C)cc1
CC(=S)C=O,0.5,CC(=O)C=O
CCC=CCCCC(CC)CC,0.48,CC/C=C\CCCO
CCCCC1C2CCC(C2)C1C,0.3235294117647059,CCCCC1OCC(C)O1
CC1CCC(C)(C(C)C)N1,0.2857142857142857,CC1CCCCN1
CC=CCOCC,0.43478260869565216,CCOCC=C(C)C
CC(C)C(=O)CCCCc1ccccc1,0.5714285714285714,CC(C)C(=O)OCCCc1ccccc1
CC1CC(C)C(C)C(C(C)O)C1,0.3125,CC1CCC(C(C)C)C(O)C1
CCCCCCC(N)CCCc1ccccc1,0.6551724137931034,CCCCCCCCCCCCc1ccccc1
CCCCCC(CC)OC(C)C,0.5357142857142857,CCCCCC(CC)OC=O
OCOCCC1CCCCN1,0.3225806451612903,CC1CCCCN1
CC1(C)C2CCC(C=O)C1C2,0.35294117647058826,CC1C(=O)CC2CC1C2(C)C
CC1CCCC1O,0.45454545454545453,CC1CCC(O)C(C)C1
CCC(O)C(CC)CC,0.45,CCC(O)C(O)C(O)CO
C=C(CCCC)NCC,0.3793103448275862,C=C(CCCC)C(C)CCCC
Cc1ccc(CN)cc1,0.5238095238095238,Cc1ccc(CO)cc1
CCCCCC(O)CC(C)C,0.6086956521739131,CCCCCC(O)CC
C=CC(=C)CCC,0.5,C=CC(=O)CCC
C=CCCOCS,0.3684210526315789,C=CCS
CC=CCCCCC(C)=O,0.6,C=CCCCCC(C)=O
CC(N)CS,0.5384615384615384,CC(C)CS
CCC(O)CCC1C(C)SOCC1(C)C,0.3055555555555556,CCCC(O)CC
CC1CC2C(CC3=COC=CN32)C(C)O1,0.275,CC1CC(S)C(C)O1
CCC(C)C1=CC(C)CC=C1C,0.2727272727272727,CC1=CCC(C(C)C)c2cc(C)ccc21
C=C(C)C1=CC=CC2CCCCC12,0.2727272727272727,C=C(C)[C@H]1C=C2[C@H](C)CC[C@@H]2[C@H](C)CC1
CCCCCCCC(C)C(C)C,0.6,CCCCCCCCCCCCC(C)C
CCCc1ccccc1,1.0,CCCc1ccccc1
C=C=CCCC1C=CCC=C1,0.17073170731707318,C=C=CC(C)C(=O)OCC
CCCC=CC(C)CC,0.48,CCC/C=C/C(OC)OC
CCC(C)C1C=CCCC1,0.32432432432432434,CCC(C)C1CCCCC1=O
C=CC(C)CCCC(C)COC(C)C,0.42424242424242425,C=CC(C)CCCC(C)(C)O
C=CCCSCC(O)C(C)(C)C,0.2903225806451613,C=CCC(C)O
CCCCCC(C)C(C)C,0.55,CCCCCCCCCCCCC(C)C
C=CCC(CC)c1ccccn1,0.37142857142857144,CCc1ccccn1
CC(=N)Cc1ccccc1C,0.391304347826087,Cc1ccccc1C
CCC(C)(O)OC,0.47058823529411764,CCC(C)(C)O
NCCCS,0.5,SCCCS
CCCCCCCCC(C)CCCc1ccccc1,0.6785714285714286,CCCCCCCCCCCCc1ccccc1
CCC(C)C(O)CCC1CCCO1,0.4117647058823529,OCC1CCCO1
CCCCCCCCCC(C)CC,1.0,CCCCCCCCCCCCC(C)CC
OC1CCC2=C1OCCC2,0.3103448275862069,O=C1CCCO1
C1CCSCC1,0.8888888888888888,C1CCSC1
CC=CCCC(CCC)CCC,0.4166666666666667,C/C=C/CCC=O
CC1CCCC1C1CCCC1,0.3333333333333333,CC1CCCCC1
C=C(COC)c1ccccc1,0.41379310344827586,COC(=O)c1ccccc1
CCCCCCOC(O)C(C)CC,0.5555555555555556,CCCCCCOC(C)OCCCCCC
CCCCSNSCC,0.43478260869565216,CCCCSSCC
C=C(CCCCCCC)OC(C)C,0.5862068965517241,CCCCCCCCCCCCCC(=O)OC(C)C
CCCCCCC1=C(C)CC(C)O1,0.38461538461538464,CCCCCCC1OC(=O)CC1C
CCCC(O)CC(O)CC,0.7222222222222222,CCCC(O)CC
CC1CC(C)CC(C=O)C1,0.32142857142857145,C=C(C)C1CCC(C=O)CC1
OC(OCCC1C=CC=CC1)C1=CCC=CN1,0.2,CC(=O)OCCC1CC=C(C)C1(C)C
CC(C)CCC(O)C(C)O,0.5789473684210527,CC(O)C(O)CCO
CCC1C=NC=CC1CCCCOC,0.3235294117647059,CCCCCCOC
CC(=O)OCCC(C)(C)O,0.64,CC(=O)OCCC(C)(C)S
CC(C)C1C=CN(C(C)(C)C)C=C1,0.2,CC1=CCC(C(C)C)C=C1
CC(O)C(=O)Cc1ccccc1,0.5666666666666667,CC(C)CC(=O)Cc1ccccc1
CC(O)C(C)CO,0.5333333333333333,CC(O)CO
CCC(O)C(C)C,0.5333333333333333,CCC(C)O
CCC1CC2CC1OC2CC,0.2857142857142857,CCC1CCC(CC)O1
CCCCCCCCC,1.0,CCCCCCCC
CC(=O)CC(C)c1ccccc1,0.6551724137931034,CC(CC(=O)c1ccccc1)c1ccccc1
CCC1NC(C)C(O)C1C,0.25806451612903225,CC[C@H]1O[C@H](O)[C@H](O)[C@@H](O)[C@H]1O
C1=CCCCC1,0.47058823529411764,O=C1CCCCCCC/C=C\CCCCCCC1
CCc1cc(C)co1,0.37037037037037035,CCc1ccco1
CCCCCCCC(O)CCCc1ccccc1,0.6551724137931034,CCCCCCCCCCCCc1ccccc1
C=CCCC(O)OCC,0.375,C=CCCC(=O)OCC
CC1C=CCC(C)N1C,0.20588235294117646,CC1=CCC(C(C)C)C=C1
CCC1=C(O)C=CCC1,0.3548387096774194,CCC1=C(O)C(=O)CC1
CCC(C)c1cccs1,0.40625,CCC(C)c1nccs1
C=C(CC)CCCOc1ccccc1,0.42105263157894735,CC(C)C(=O)OCCOc1ccccc1
CCCC=C1CC2C(CC1O)C2(C)C,0.275,C=C1CCC2C(C1)C2(C)C
CCC1CCCC(C)(C)S12COC(C)C2,0.23404255319148937,CC1CCC2(O1)C(C)(C)CCCC2(C)O
CC1CC=CC1(C)SC1=CCCC1O,0.2692307692307692,C=C(C)C1CCC2=CCCC(C)C2(C)C1
CSc1c[nH]cc1C,0.32142857142857145,CSc1ccoc1C
CC1CCCCO1,0.3888888888888889,CC1CO1
C=C(CC)CC(O)C=C(C)C,0.3333333333333333,C=C(C)/C(=C/CC)CC
CC=Cc1ccc(O)c(OC)c1CC,0.4,C/C=C/c1ccc(O)c(OC)c1
CC(C)CC1C=CC=NC1C,0.30303030303030304,CC(C)CC1SC(C)NC(C)S1
C=C(CC)CC,0.3333333333333333,CCO
CC1CC=COC1,0.2857142857142857,CC1CO1
CC(C)C1CCC(C)(C)CC1,0.45454545454545453,CC1CCC(C(C)C)CC1
CNC=CCCCC(C)=O,0.43333333333333335,C=CCCCCC(C)=O
CCOC1C=CC(C=O)C=C1,0.3076923076923077,CCOC=O
CCC=CCOC(=O)CCC,0.75,CC/C=C\COC(=O)CCCCC
CCc1ccc(C)cc1,0.55,Cc1ccc(CO)cc1
CC1C=CCO1,0.3157894736842105,CC1CO1
NCOCCCO,0.5238095238095238,CCOCCCO
CC(C)CCCC(OCCC(C)C)C(C)C,0.5652173913043478,CC(C)CCOC(C)OCCC(C)C
CCC(=O)C1CCCN1,0.5555555555555556,O=C(O)[C@H]1CCCN1
CC(C)=CCC(C)(C)C(C)C(C)C,0.5357142857142857,COC(OC)C(C)(C)CC=C(C)C
CC(C)CCCC(N)CC(C)C,0.47619047619047616,CC(C)CCCC(C)CCCC(C)CCCC(C)C
CC(C)C(C)C(=O)O,0.5333333333333333,CC(C)C(=O)O
C=C1CC(C)CCC(C(C)C)C1,0.52,CC1CCC(C(C)C)CC1
C=CC1CC(CC)C(O)C(OC)C1,0.34146341463414637,COC1CC(O)OC(CO)C1O
CC1CCC2C=C1C2(C)C,0.2727272727272727,CC1CCCC(C)(C)C1=O
CCCCCCCOC(C)CC(C)C,0.6,CCCCCCOC(C)OCCCCCC
CCCC(C)CC1C(C)CCC1C,0.4074074074074074,CCCC(C)CCO
CC(O)COC(C)C,0.43478260869565216,CCCOCC(C)O
COC(C)CCC1=CCC(C)C=C1,0.2682926829268293,CCC[C@@H](CCC(C)OC)C(C)C
CC1C=CC(C(C)C)C(C)C1,0.28125,CC(C)[C@@H]1CC[C@@H](C)[C@H](O)C1
CCCCC(C)CC(C)C,0.4782608695652174,CCCCCCCCCCCCC(C)CC
CC(C)OC(C)(C)C,0.2777777777777778,CC(CC(C)(C)C)CC(C)(C)C
CCCCCCCCCC1CCCC(=O)C1,0.5,CCCCCCCC1CCCC(=O)O1
CNC1=CCC(CCC(C)C)=CS1,0.2727272727272727,Cc1cnc(C)c(CCC(C)C)n1
CC(C)CC(C)(C)c1ccccc1,0.38235294117647056,CC(C)C(=O)OC(C)(C)c1ccccc1
CC1C=CC(C(C)(C)C)C(O)C1,0.3333333333333333,CC1CCC(C(C)(C)O)C(O)C1
CCCC(C)CC(C)CCCC(C)C,0.6,CC(C)CCCC(C)CCCC(C)CCCC(C)C
CC(C)=CCCC(C)CCCC=O,0.6551724137931034,CC(C)=CCCC(C)CC=O
CCCC(C)OCC1C=CCC1,0.2894736842105263,CCCC(C)OC(C)=O
C=C(CCC)C(Cc1ccccc1)C(C)=O,0.5789473684210527,CCOC(=O)C(Cc1ccccc1)C(C)=O
CC(C)=CCCC(C)CC(C)OC(C)O,0.5,CC(C)=CCC[C@H](C)CCO
CCC1=CC=C(C(O)CC)CO1,0.3235294117647059,CCC(O)c1ccccc1
CCCCCC(C)OC(C)OCC,0.5357142857142857,CCOC(C)OCC(C)OC(C)OCC
CC1=C(C)CC(C)C(C)C1,0.3181818181818182,CC1CC(=O)C(=O)C1C
CC1=COC=C(C)C1,0.28,CC1=CC(=O)CO1
C=C(CCC)C(=O)CC(C)CC,0.4642857142857143,CCC(C)CC(=O)O
CC1C(C)(C)CCCC1(C)C,0.3125,CC1(C)CCCC2(C)C1CCC1(C)OCCC12
CCCC(O)CCCC(C)CCCCS,0.4,CCCCCC(O)CC
CCCCC(=O)c1ccccc1N,0.5833333333333334,CCCCOC(=O)c1ccccc1N
CCC1=CC=CC1C(C)=O,0.2702702702702703,CCc1nccnc1C(C)=O
C=C(C)OCCCCCC=CCC,0.6451612903225806,CC/C=C\CCCCOC(C)=O
CC(O)C1CCC(O)=CO1,0.2564102564102564,CC1=CC(O)C(C(C)C)CC1
COCC1C=CC=C1,0.26666666666666666,COCC1OC(O)C(O)C(O)C1O
CC=CC(=O)C(C)C(C)C(C)C,0.48148148148148145,C/C=C/C(=O)C(C)CC
CCC(O)C(C)(C)C,0.4117647058823529,CCC(C)O
C=C(CCCCC)CCC(C)C,0.48,CCCCCCCCCCCCC(C)C
CCCC(C)CC,0.5789473684210527,CCCCCCCCCCCCC(C)CC
CCc1ccc(C)c(CC)c1,0.41379310344827586,CCc1ccc(OC)c(OC)c1
CC(C)C1CCC(C(C)O)OC1,0.35714285714285715,CC1CCC(C(C)C)CC1
C=C(C)C=CCC(C)C,0.5833333333333334,CC(=O)/C=C/CC(C)C
CCCCCCCCC(=O)CCc1ccccc1,0.6216216216216216,CCCCCCCCCC(=O)OCCc1ccccc1
CCC1=C(S)CCC=C1,0.2727272727272727,CCCCC1OC(=O)C2=C1CCC=C2
CC=CC(O)OCCC,0.41379310344827586,C/C=C/C(O)CCCC
CC=CC(=O)CCC=C(C)CCCC(C)C,0.46511627906976744,CC(=O)OC/C=C(\C)CCC[C@H](C)CCC[C@H](C)CCCC(C)C
CCC1=C(CC(O)C(C)C)CC=C(C=O)C1,0.26666666666666666,CC(C)C1=CC=C(C=O)CC1
CC=CCCCCCO,0.7894736842105263,C/C=C/CCCO
CSC(=O)C1C=CCC1,0.2692307692307692,CSC(C)=O
CCC(N)S,0.5,CCC(C)N
CCc1ccoc1,0.4666666666666667,CC(C)=CCCc1ccoc1
CCCC(C)c1ccc(C(C)(C)C)cc1,0.3793103448275862,CC(C)(C)c1ccc(O)cc1
C=C(C)CC(C)O,0.3888888888888889,CC(O)CO
CCCC(=O)CCCCc1ccccn1,0.6470588235294118,CCCCCc1ccccn1
COC(C)C1=COC2CCC=CC2C1,0.2037037037037037,C=C1/C=C/[C@H](C(C)C)CC/C(C)=C/CC1
CC1=CC2C3CCC(C3)C2CC1C,0.2558139534883721,CC1=C[C@@H]2[C@H](CC1)C(C)=CC[C@H]2C(C)C
O=C1CCC2CCCCC2C1,0.4838709677419355,CC(C)C1CCC2CC(=O)CCC2C1
CC(C)OCC(C)c1ccccc1,0.5483870967741935,CC(C)C(=O)OCC(C)c1ccccc1
CCCCC(C)C=Cc1ccccc1,0.5,CC(O)C=Cc1ccccc1
CCCCCC1CCCC1,0.45454545454545453,CCC1CCCCC1
CCC1=NC(C=O)=CC1,0.30303030303030304,CCc1ccc(C=O)cc1
CCC(C)CNCC(C)(C)O,0.34615384615384615,CCC(C)CO
CC(=O)CCC(C)CCC(C)C,0.6153846153846154,CC(=O)CCCC(C)CCCC(C)CCCC(C)C
C=C(CCC)OCCC(C)CCC=C(C)C,0.6842105263157895,CCCC(=O)OCCC(C)CCC=C(C)C
C=C(C)C1CCC(C)(S)C(C)C1,0.5,C=C(C)C1CCC2(C)OC2C1
COC1=CCC=CC1C1=CCCC=C1,0.3142857142857143,CC1=CCCC=C1
CCCCCCOC(C)C(C)C,0.6521739130434783,CCCCCCOC(C)OCCCCCC
C=C(O)CCCCCCCCC,0.5454545454545454,CCCCCCCC(=O)O
C=CC(CCCCC)CC(C)CC,0.5,CCCCCCCCCCCCC(C)CC
C=C(C)CC(O)C(O)O,0.3181818181818182,C=C(C)CCO
CCCCC(CC)C(C)C,0.45454545454545453,CCCCC(C)O
C=C(C)C1C2CC(C(=O)OC)C(C)(C2)C1C,0.2765957446808511,C=C(C)C1CCC(C)C(OC(C)=O)C1
CCCC(=O)C1=CC=C(C)C(SC)C1,0.325,CCCC(=O)c1ccccc1
CCCCC1CC(C)CO1,0.4375,CCCCC1OCC(C)O1
CC=CC(=O)CC(C)C1=CCCCC1,0.32432432432432434,C/C=C/C(=O)CC
CC1=CC(O)C(C(C)C)=CO1,0.2631578947368421,CC1=CC(O)C(C(C)C)CC1
CCC(C)CC(C)O,0.5625,CCC(C)O
CCCCCC(C)CC=O,0.6956521739130435,CCCC(C)CC=O
CC(C)CC1C=COC1C,0.3225806451612903,CC(C)CC1SC(C)NC(C)S1
CC1=C(CCC2=CCC=C2)CC=CO1,0.23076923076923078,CC1=CCC(=O)O1
CCCCCC1OC1CO,0.5517241379310345,CCCCC[C@@H]1O[C@@H](O)[C@@H](O)[C@H](O)[C@@H]1O
CCC(C)C(O)CC,0.5263157894736842,CCC(C)C(O)S
CC1=CC2CCCC=C2CC1C,0.26666666666666666,CC1=C[C@H]2[C@@H](CC1)C(C)=CCCC2(C)C
CC(C)C1C=CC=CO1,0.20588235294117646,CC1=CCC(C(C)C)C=C1
CCC(C)CCC(C)=O,0.48,CC(=O)CCCC(C)C
C=CC(C)CCC(C)(C)C(NC)C(C)C,0.4411764705882353,C=CC(C)CCCC(C)(C)O
CCC(=O)C1=CCCC=C1NCC1CCC(CCCC(C)(C)O)CC1,0.24193548387096775,CCC(=O)OC(C)(C)C1CC=C(C)CC1
CC1=CC(C)=C(C(C)C)CC1,0.44,CC1=CC(=O)CC1
CC(C=O)C(C)CC(C)(C)O,0.36363636363636365,CC(CC=O)CCCC(C)(C)O
Cc1ccn(C)c1,0.3333333333333333,Cc1ccc(C)cc1
CCC(C)CCC(=O)C1=CC=CCC1C,0.28205128205128205,CCC(C)CCO
CC(=O)C(C)OCC(C)C,0.5,CC(=O)OCC(C)C
C=CCC(C)CC,0.47619047619047616,C=CCC(C)O
CC(C)CCC(C)(C)C(C)C(C)C,0.35714285714285715,CCC(C)(O)CCCC(C)C
CC(=O)C1(C)CCC(C)CC1,0.36363636363636365,CC(=O)C1(C)CC=C(C)CC1
CCC=CCCN,0.5,CC/C=C\CCO
CCC(C)C1CCCCC1CCC1CCC(C)CC1C,0.325,CC1CCC(C(C)C)C(O)C1
CCC(C1=CC=CCC1)C(C)C,0.3870967741935484,CC1=CC=CCC1
CCCCCCCCCCC(O)CCC,0.7142857142857143,CCCCCCCC(O)CC
C=CC(CC)CCCCC,0.5384615384615384,C=CC(O)CCCCC
CC1=CC(OC=O)C(C(C)C)CC1,0.5,CC1=CC(O)C(C(C)C)CC1
C=C(C)C1C(C)CC(C)C1C,0.36666666666666664,C=C(C)C1CCC(C)C(O)C1
CCC1C=COC=C1,0.27586206896551724,CCC1C=CC(=O)O1
C=CC(CC)c1ccc(C)o1,0.42857142857142855,Cc1ccc(C(C)CC=O)o1
CC(c1ccccc1)C1C=C2CC=CC=C2CC1,0.34782608695652173,CC1COC(C(C)c2ccccc2)O1
CC(C)C1OC(C)C2C=CC=CC21,0.2564102564102564,CCC(C)O[C@@H]1OC(C)[C@H](O)[C@H](O)C1O
OC(CCc1ccccc1)C1C=CCC1,0.4444444444444444,CC(O)CCc1ccccc1
CC(C)CCCC(C)CCNC(N)C(C)C,0.52,CC(C)CCCC(C)CCCC(C)CCCC(C)C
COSC(=O)CC(C)C,0.5416666666666666,CSC(=O)CC(C)C
CCOC(C)CC(C)O,0.5238095238095238,CCOC(C)CC
CCCCCC1CCCC(CCC)C1,0.35135135135135137,CCCCCC1CCCC(=O)O1
CC=CCCC(O)C(C)CCC,0.4444444444444444,CCCC(C)C(C)O
CCSCC1=CC=CC1,0.30434782608695654,CCSCC
C=CC(C)(CCC=C(C)CC)OC(C)C,0.4878048780487805,C=CC(C)(CCC=C(C)C)OC(=O)CC
CCCCC(CO)OC,0.46153846153846156,CCCCC(CC)CO
CC(CCc1ccccc1)CCc1ccccc1,0.6666666666666666,CC(O)CCc1ccccc1
CC(C)C1=CC=CC(C(C)C)C1O,0.25,CC(C)[C@@H]1CC[C@@H](C)[C@H](O)C1
CCC=CCCC(C)C,0.52,CC/C=C\CCC(OCC)OCC
C=CC(=C)CCCC(C)CCCC(C)CC,0.4827586206896552,CCC(C)CCCC(C)CCCC(C)CCCC(C)C
CCCCC=CCC(O)C(C)CCC,0.4838709677419355,CCCC/C=C/C(C)O
CC(=O)C1C=CC2=CC=CCC21,0.2619047619047619,CC(=O)C1CC=C(C)CC1
CCCCCC1CC1C(C)O,0.3793103448275862,CCCCCC(C)O
C1=c2ccccc2=CC1,0.3125,c1ccc2ccccc2c1
CC(C)C1=c2ccccc2=CC1,0.3333333333333333,Cc1ccccc1C(C)C
CC(C)CC(=O)CCCC(C)(C)N,0.46153846153846156,CC(C)CC(=O)CC(C)C
COC1C=C(C(C)C)C=CC1O,0.2564102564102564,CC1=CC(O)C(C(C)C)CC1
CCCC(C)CCCC(C)=O,0.6923076923076923,CC(=O)CCCC(C)CCCC(C)CCCC(C)C
CCCCCCC(CCCCC)CCCCC,0.6842105263157895,CCCCCCCCC(CO)CCCCCC
SC1=CCC=C1,0.24,CC1=CCCC=C1
CCCCCCCC,1.0,CCCCCCCC
CCC1CC=CN=C1C(C)C,0.25,CCC1CC(C)C(=O)C1=O
CCCN(C)C(C)CCC(C)C,0.34615384615384615,CCCCCCCCCCCCC(C)C
CCCC(CC)CCC,0.4444444444444444,CCCC(O)CC
C=C(CC)C(C)CC,0.4090909090909091,CCC(C)C(=O)O
CC1=CC(O)CC(C)(S)C1(S)CCNO,0.26666666666666666,CC(C)=CCCC1(C)CC1C=O
CCC=CC(=O)CCC,0.7083333333333334,CCC=CC(=O)CCCCC
CCC1C=CC(C)O1,0.3448275862068966,CCC1C=CC(=O)O1
O=C(Cc1ccccc1)OCC1=CCC=C1,0.6,O=C(Cc1ccccc1)OCc1ccccc1
CC1CCC(C(C)C)C2(CCC(C)C2)C1,0.41025641025641024,CC1CCC(C(C)C)C2(C1)OC(=O)C(C)O2
O=CCO,0.38461538461538464,CCC=O
CCCC(C=O)CC,0.6666666666666666,CCC(C=O)CC
CC(C)=CCCC(C)CCCCCO,0.7037037037037037,CC(C)=CCC[C@H](C)CCO
CC1=CCC=CC1C,0.2564102564102564,CC1=CC[C@@]23C[C@@H]1C(C)(C)[C@@H]2CC[C@H]3C
CC1=CC(C=CC=O)CC1,0.358974358974359,CC1=CC2OC(=O)C(C)C2CC1
COC1C=C(C(O)O)C=CC1C,0.2571428571428571,CC1C=CC(=O)O1
COCSCOC,0.2777777777777778,COC(=O)CC(=O)OC
CCC1C(C)CCCC1(C)C,0.30303030303030304,CC1CCCC(C)(C)C1=O
CCC1CC(C=O)=COO1,0.2972972972972973,CCC1CCC(=O)O1
CCC(C)COC(C)O,0.46153846153846156,CCC(C)COC(C)=O
OCS,0.42857142857142855,SCS
CC(O)C1=CCCC1,0.3448275862068966,O=C1CCCC=C1O
OCCC(O)O,0.5714285714285714,OCCC(O)C(O)CCO
C=C(CCCCO)OCCC,0.4482758620689655,CCCOC(=O)CCCCC(=O)OCCC
CC1=CC2CC=CC=C2O1,0.2727272727272727,CC1=CC=CCC1
CCOC(C)C1C=CCO1,0.32142857142857145,CCOC(C)OCC
CC(C)=CCN,0.47058823529411764,CC(C)=CCO
Cc1cccc(Cc2ccccc2)c1,0.5555555555555556,CCCc1cccc(C)c1
CCCCCCCCC1CCC(C)C1,0.3870967741935484,CCCCCCC1OC(C)C(C)O1
CCC(O)C(C)=CC1(C)CC2CCC1C2,0.2962962962962963,CCOC(=O)C1(c2ccccc2)CC2CCC1C2
CC1COC(C)C1,0.6,CC1CO1
CCC(c1ccccc1)C1CC=CCC1,0.3611111111111111,CCC(O)c1ccccc1
CCCC(=O)C(C)(C)C,0.47368421052631576,CCCC(=O)CCC
CCC=CC1CC1CCC,0.25,CC/C=C\CO
CC(C)CC(C)Cc1ccccc1,0.6296296296296297,CC(C)CC(O)Cc1ccccc1
O=C(CCC=CC1C=CC=CC1)c1ccccc1,0.38095238095238093,CCCC(=O)c1ccccc1
CC(C)(C)C1C=CC(CO)=CC1,0.42857142857142855,CC1=CCC(C(C)(C)O)C=C1
CC(C)=C1CCC(C)CC1,0.48148148148148145,CC(C)=C1CCC(C)C2=C(C1)C(C)CC2
CC(=O)CC1(C(C)C)CC=CCC1,0.2826086956521739,CC(=O)CCC1C(C)=CCCC1(C)C
CCC1C=CCC1CC(C)C,0.2647058823529412,CC(C)CC1SC(C)NC(C)S1
CCCC(C)C(C)CCOC,0.4444444444444444,CCCC[C@H](S)CCOC
CCC(C)CC(C)COC,0.35714285714285715,CCC(C)COC(C)=O
CC1CC=C(C(C)C)CC1,0.5161290322580645,CC(C)C1=CCC(C(=O)O)CC1
C=C(CCCCC)CCCCCCC,0.5,CCCCCCCC
O=C1CCCCC1O,0.5,CC1CCCCC1=O
CC(C)CC1CCCC(C)(C)C1,0.43333333333333335,CC1(C)CCCC(O)C1
CCCOC(CCC)CCCNC,0.30303030303030304,CCCCOC(CCCC)OCCCC
CCC(C)C(C)OC(C)C,0.34782608695652173,CCC(C)C(O)S
CCCCC(C)C(O)=S,0.5833333333333334,CCCCC(C)C(=O)O
CCCC(=O)C=C(C)C,0.5217391304347826,C=CC(=O)CCC
CC1=CC(C(C)C)SC1,0.3333333333333333,CC1=CC(O)C(C(C)C)CC1
CSC1=C(C(C)(C)C)CC(C(=O)O)C(C)C1C(C)O,0.22641509433962265,CC(=O)SC(C)(C)C1CCC(C)CC1=O
CC=CC=CCCC(=O)O,0.7272727272727273,C/C=C/CCC(=O)O
CCCC(O)OC1C=C2CCC1(C)C2(C)C,0.25,CCCC(C)C(C)O
C=C(C)C1OC=CC1C,0.2777777777777778,C=C(C)[C@H]1C=C[C@](C)(O)CC1
CCNCCCCCCC(C)CC(C)C,0.36666666666666664,CCCCCCCCCCCCC(C)CC
CC1=C(O)C=CCC1,0.34615384615384615,CC1=CCCC=C1
CCNCCCCCCO,0.47619047619047616,CCCCCCCCO
CCCCCC(=O)CCCC(C)C,0.6818181818181818,CCCCCC(=O)CCCCC
CC1CC(C)NC(OO)C1,0.25925925925925924,CC1CCCC(C)N1
CCC(C)OCCC(C)CCCC(C)C,0.5769230769230769,CCC(C)CCCC(C)CCCC(C)CCCC(C)C
CCNCC1CC(C)CC(C)O1,0.2727272727272727,CC1CC(S)C(C)O1
CC1=CC(O)CC(C)(C)C1(C)C=CC(O)O,0.30612244897959184,CC1=CC(=O)CC(C)(C)[C@@]1(O)/C=C/[C@@H](C)O
COC(O)C1CCCC1,0.32142857142857145,COC(=O)C1CCCCC1
CC(C)CC(C)CNC1C(C)CCCC1(C)C,0.23255813953488372,CC1CCCC(C)(C)C1=O
CC(C)=CCCC(C)(C)C1CS1,0.45714285714285713,CC(C)=CCCC(C)(O)C1CO1
CC(C)C(C)C(C)(C)C,0.3125,CC(CC(C)(C)C)CC(C)(C)C
CCCCCCNC(C)CCC1=CC=CCC1,0.2857142857142857,CC1=CC=CCC1
CC(O)c1ccccc1O,0.6818181818181818,CC(C)c1ccccc1O
C=CCCSOOC,0.3333333333333333,C=CCCC(=O)OC
CCC(O)C(CC)CC(C)=O,0.4166666666666667,CC(=O)CC(C)C
C=C(CC(C)C)CC(C)S,0.4166666666666667,CC(=O)CC(C)S
CC(C)COCC(C)c1ccccc1,0.53125,CC(C)C(=O)OCC(C)c1ccccc1
CCCCCCCCSCC(O)OC,0.3870967741935484,CCCCCCCCCC(OC)OC
CC1CCC(C(C)(C)C)OC1,0.3333333333333333,CC1CCC(C)CC1
CCC1=C(C)N=CC(C)C1,0.2647058823529412,CCc1cnc(C)cn1
C=C(O)C1NC1CCCCC,0.30303030303030304,CCCCCC1OC(C)C(C)O1
C=C1CCC(C)C1CCCCC,0.3684210526315789,CCCCCC1CCC(=O)O1
C=C(C=CCC)OCCCCCC,0.4722222222222222,CCC/C=C/C(=O)OCCCCCC
CC1=CC=CC(C)C1,0.3333333333333333,CC1=CC=CCC1
CCC1C=CC(O)O1,0.3333333333333333,CCC1C=CC(=O)O1
C=CC(C)(C)CCC1C(C)(O)CC=C2C(C)(C)C=CCC21C,0.30158730158730157,C=CC(C)(O)CCC1C(C)(O)CCC2C(C)(C)CCCC21C
CC(C)CCCC(C)CCC(C)C,0.8666666666666667,CC(C)CCCC(C)CCCC(C)CCCC(C)C
COc1cc(C2CC(C)C(C)O2)ccc1O,0.6153846153846154,COc1cc(C2OC(C)C(C)O2)ccc1O
CC=CC(=O)CC1CCCCC1,0.5,O=C(O)CC1CCCCC1
COC(C)(C)CC(C)C,0.3684210526315789,CC(CC(C)(C)C)CC(C)(C)C
CC1OC(C)C(C)C1=O,0.3333333333333333,CC1=CC(=O)C(C)O1
CCCCC1CC=C(CC)N1,0.3076923076923077,CCCC[C@H]1OC(=O)C[C@H]1C
C=C(C)OC1C(=O)CCC1C,0.35135135135135137,C=C(C)[C@@H]1CC[C@@H](C)C(=O)C1
CC1(C)CCCC2(C)C(C)(C)C3CCC12C3,0.4375,CC1(C)[C@@H]2CC[C@@]1(C)[C@](C)(O)C2
CCCC(=O)C1CCCCC1CC,0.4,CCCC(=O)OC1CCCCC1
CC1CCCCC1C1CCCCC1,0.4,CC1CCCCC1
CC=CC(C)CCCC,0.56,C/C=C/C(O)CCCC
CC(C)CC(C)OCCCCOCO,0.3142857142857143,CC(=O)OCCCCC(C)C
C=C(C)C(C)CO,0.4117647058823529,CC(C)CO
CCCCCCCCCCCC(C)C1=C(N)CC=CC1,0.375,CCCCCCCCCCCCC(C)C
CC1=C(C(O)CCCCc2ccccc2)CCC=C1,0.3902439024390244,CC(O)CCc1ccccc1
CCCCCCCCC(CCC)CCC,0.6190476190476191,CCCCCCCCC(CO)CCCCCC
CCCC1OC=CC=C1C,0.2631578947368421,CCCC1CC(=O)C=C(C)C1
CCC1CCC(C=C(C)CCNC(C)C)C1,0.2631578947368421,CCC1CCCCC1
CCCC1=C(C)CCC1,0.4642857142857143,C/C=C\CC1=C(C)CCC1
CCCCCC(C)OCCCC,0.5384615384615384,CCCCCCOC(CCCCC)OCCCCCC
CCc1coc(C)c1,0.32,CCc1ccccc1
C=CCCCC(C)C(=O)O,0.5555555555555556,CCCCC(C)C(=O)O
C=C(CCC)CCCCCC,0.46153846153846156,C=C(CCCCC)C(C)=O
CCCC(C)CC(=CC(C)=O)C(C)C,0.3870967741935484,CCCC(C)CC=O
CCC(C)=CCCC(C)CCO,0.6666666666666666,CC(C)=CCC[C@H](C)CCO
C=CCOC(C)CC,0.5,CCOC(C)CC
CCCCCCOC(=O)O,0.6666666666666666,CCCCCCCOC(C)=O
COC(=O)C1CC1c1ccc(C)cc1,0.3333333333333333,CC(=O)Oc1ccc(C)cc1
CCCOCCCCCCC=CCO,0.6296296296296297,CCCCCCCCC/C=C/CO
CC1=CCC2C3CC(C2C1)C1(C3)CC1C,0.3684210526315789,CC1=CCC2C(C1)C2(C)C
CCCCCc1ccccc1,0.95,CCCCCCCCCCCCc1ccccc1
CCOC(=O)C(CC1=CC=CCC1)C(C)C,0.34210526315789475,CCOC(=O)C(C)C
CC1CCC2CCC(C)C2C1,0.4,CC1CCC(O)C(C)C1
CCC1=COC(CC)CC1,0.40625,CCC1CCC(=O)O1
OCCC1CCC=C1S,0.2972972972972973,CC1=CCC(CCO)C1(C)C
CCCC1CCCC1,0.5263157894736842,CCC1CCCCC1
C1=Cc2ccccc2C1,0.27586206896551724,c1ccc2c(c1)CCO2
C=C1CCC2C=CCCC2C1,0.3142857142857143,C=C1CCC2C(C1)C2(C)C
CCC1OCC(=O)C1S,0.29411764705882354,CCC1CCC(=O)O1
CC1=C(C)CCC=C1,0.375,CC1=CCCC=C1
CCC1=CCC(C)=C1,0.3103448275862069,CC1=CCC(C(C)C)=CC1
c1ccc(CCCc2ccccc2)cc1,0.6842105263157895,OCCCc1ccccc1
CCCCCCCC(=O)CCCCC,0.9375,CCCCCC(=O)CCCCC
CCC1(CC)CCCC1,0.22727272727272727,CCC1CCCCC1
CCC(C)CC(C)SC,0.38095238095238093,CCC(C)SSC(C)CC
CCCC(=O)OC1C=CC=CC1,0.43243243243243246,CCCC(=O)OC1CCCCC1
CCC1=NC=C(C)CC1C,0.2702702702702703,CCC1=C(O)C(=O)CC1C
CCCCC1CC(C(C)C)C(=O)O1,0.4594594594594595,CCCCC1CCC(=O)O1
Cc1ncoc1CCCC(C)C,0.3684210526315789,Cc1cnc(C)c(CCC(C)C)n1
CCCC(O)CC(C)C,0.6111111111111112,CC(C)CC(O)CC(C)C
CC1=CC=CC1C,0.2222222222222222,CC1=CC=CCC1
CCSCNC1CCCCC1C(C)CC,0.3170731707317073,CCC(C)C1CCCCC1=O
C=C(CCO)C(=CC)OCC,0.3548387096774194,CCOC(=O)CCCO
C=C(C)CCC(C)C,0.48,C=C(C)CCCC(C)CO
CSCC1=CC=CC1,0.32142857142857145,CSCc1ccccc1
C=COC(C)C,0.4444444444444444,CC(C)OC=O
CCC=CCCCCCOC(C)O,0.5,CC/C=C\CCCCOC(C)=O
C=C(CC)CCCc1ccccc1,0.5142857142857142,CCOC(=O)CCCc1ccccc1
CC1(C)C=COCC1,0.25,CC12C=CC(CC1)C(C)(C)O2
CCCC1C=C(OC)C(O)C(OC)C1,0.325,CO[C@H]1CO[C@H](O)C[C@@H]1O
CCC(O)CC1C=CC(C(C)(C)C)CC1,0.3,CCC(O)CC
CCCC(C)C(S)OC,0.45454545454545453,CCCC(C)S
CCCCCCC1CCCC1C,0.3888888888888889,CCCCCCC1OC(=O)CC1C
CC1=CCC=CC1O,0.2857142857142857,C=C(C)C1CC=C(C)C(O)C1
C=C(CC)OC(C)c1ccccc1,0.625,CCC(=O)OC(C)c1ccccc1
COC1=CC=C(C)ON1C,0.23333333333333334,COc1ccc(C)cc1
Cc1ccc(CC(=O)C(C)C)cc1,0.45161290322580644,CC(=O)CCc1ccc(C)cc1
CCCC(C)CCc1ccc(OC)cc1,0.6206896551724138,CCCc1ccc(OC)cc1
COC(O)CO,0.5,COC(C(O)CO)C(O)CO
CCNC(C)OC=O,0.43478260869565216,CC(C)OC=O
CCCCCC(CCCC)OCCCC,0.5833333333333334,CCCCOC(CCCC)OCCCC
Cc1cc(CC(C)C)oc1C,0.375,Cc1nc(CC(C)C)oc1C
CCC1CC(C)CCC1C,0.38461538461538464,CC1CCC(O)C(C)C1
CC(O)CCOCCOO,0.75,CC(O)CCOCCC(C)O
CC(C)CCCC=O,0.8,CC(C)CCCCCCCCCCC=O
C=CC(=CC)CCC,0.5,C=CC(=O)CCC
CCC1C=C(CC=N)C=CC1O,0.23076923076923078,CCC1C=CC(=O)O1
CCC(C)CC1(C)CCCCC1(C)C,0.2857142857142857,CCC(C)CN
CC1=C(CC(C)C)CC(C)C1,0.2777777777777778,Cc1cnc(CC(C)C)c(C)n1
CC1CC2C3CCC(C3)C2CC1C,0.29411764705882354,CC1C2CC(CC2C2CCCC(O)C2)C1(C)C
CCCCCCCCCCC(C(C)O)C(C)OCC,0.5555555555555556,CCCCCCCC(C)O
COC(=O)C1CCCC1,0.9473684210526315,COC(=O)C1CCCCC1
CCCC(=O)C1C(C)OCCC1(C)C,0.3404255319148936,CCCC1CC(C)(OC(C)=O)CCO1
C=C1C=C(C)OC1,0.5,CC1=CC(=O)CO1
CCC(C)CC(C)(C)C1CCC(C)CC1,0.4,CC1CCC(C(C)(C)O)CC1
CCCCCCC(CC)CO,0.8095238095238095,CCCCC(CC)CO
CC=Cc1ccc(OCO)c(OC)c1,0.7352941176470589,C/C=C/c1ccc(OCC)c(OC)c1
CCC1=CCCC(O)=C1,0.2727272727272727,CCC1=C(O)C(=O)CC1
CCCCCC(C)CCC(C)=O,0.7037037037037037,CCCCCC(C)CCC(=O)O
CCCCCCCCC1CCCC1=O,0.5833333333333334,CCCCC/C=C/CC1CCCC1=O
CC(C)(C)CCOCO,0.2916666666666667,CC(C)(S)CCO
CC=COO,0.25,C/C=C/C(=O)O
CCCC(=O)C(CO)CCC,0.5384615384615384,CCCC(=O)C(O)CCC
CCC=CCCCC=CC=O,0.8095238095238095,CC/C=C/CC/C=C/C=O
CC(=O)C=CC1C=C(C)CC(C)C1C,0.38461538461538464,CC1=CC(C)C(C=O)C(C)C1
CC(C)C=CN,0.3684210526315789,CC(C)/C=C\C=O
CCCCCCCCCC(=O)CC,1.0,CCCCCCCC(=O)CC
CC(C)C1CCC(CCCO)CC1,0.4074074074074074,CC1CCC(C(C)C)CC1
CC(=O)C1CCCCO1,0.38235294117647056,CC(=O)OCC1CCCO1
CC(C)CCC1(C)CCCCCC1,0.2857142857142857,CCC1(CCC(C)C)C(=O)NC(=O)NC1=O
CC(O)c1ccco1,0.4166666666666667,Cc1ccco1
CCCC(C)SCC,0.6190476190476191,CCSC(C)CCO
C=C(C)CC,0.4375,C=C(C)CCO
CCCCCCCCC(=O)CC,1.0,CCCCCCCC(=O)CC
CCC(C)CCCC(C)CCCC(C)C,1.0,CCC(C)CCCC(C)CCCC(C)CCCC(C)C
CC1CC2CC1(C)CC2(C)C,0.28125,CC12CCC(C1)C(C)(C)C2O
CC(=O)C=CC1C(C)CCCC1(C)C,0.4634146341463415,C=C1CCCC(C)(C)C1/C=C/C(C)=O
CCCCCCCCCCCCCCCCN,1.0,CCCCCCN
C=C(CC(C)NC)OC,0.32142857142857145,COC(=O)CC(C)C
COCSCCCC(=O)CCCC1C=COC1C,0.25,COC(=O)CCCSC
CCCC1CC(C)=CC(O)C1,0.45714285714285713,CCCC1CC(=O)C=C(C)C1
CCCCCCCCCCCC(O)CCCCCCC,0.7894736842105263,CCCCCCCC(O)CC
C=CCCCCCCC(=O)S,0.64,C=CCCCCCCCCC(=O)O
CC1CCCCCCC=CCCCCCCC1C,0.4,CC1CCCCC1
O=C(CCO)OCCCc1ccccc1,0.6944444444444444,CCCCCC(=O)OCCCc1ccccc1
C=CCCCCC=CO,0.5238095238095238,C=CCCCCO
CCC(C)C(C)C(C)COC,0.3225806451612903,CC[C@@H](C)[C@@H](N)C(=O)OC.Cl
CCC(CC)CC1=CCCC=C1,0.3793103448275862,CC1=CCCC=C1
C=C(CCC)C(CC)CC(C)C,0.34375,C=C(CCCC)C(C)CCCC
CCCCCCC1=CCC=CS1,0.34285714285714286,CCCCCCCCCCCCc1ccccc1
CC1=CCCC=N1,0.32,CC1=CCCC=C1
C=C(C)COCC,0.4074074074074074,C=C(C)COC(=O)CCC
C=C(C)CCCC(C)CCC,0.6923076923076923,C=C(C)CCC[C@H](C)CCO
CCCCCC1CCCC(C)C1,0.35135135135135137,CCCCCC1CCOC(C)O1
C=CCCC(=O)C(C)CC,0.45161290322580644,C=CCCC(=O)OCC
CCCC(C)NCC,0.38095238095238093,CCCC(C)O
CCNC,0.45454545454545453,CCNCC
CCCCC1OC(O)CC1C,0.4473684210526316,CCCC[C@H]1O[C@H](OC)C[C@@H](O)[C@@H]1O
CCCCCCCC(C)C,1.0,CCCCCCCCCCCCC(C)C
Cc1ccc(CC(C)C)o1,0.5384615384615384,Cc1ccc(CS)o1
CC(=O)CCCC1=CCC=CO1,0.3333333333333333,CCCCC(C)=O
Cc1occc1OC(C)O,0.38461538461538464,Cc1occc(=O)c1OC(=O)C(C)C
CCCCCCC(=O)CCC1=CCC=C1,0.46875,CCCCCC(=O)CCCCC
C=C(CCC)CCC,0.4117647058823529,CCCC(=O)CCC
CCCC=CCC(C)C,0.45454545454545453,CCC/C=C/CO
C=CC1C(C)CCCC1(C)C,0.29411764705882354,CC1CCCC(C)(C)C1=O
CCC(C)C1=CC=CCC1,0.41379310344827586,CC1=CC=CCC1
C=C(CC(C)C)C(=O)O,0.5454545454545454,CC(C)CC(=O)C(=O)O
CCCC1=CSC=CO1,0.25806451612903225,CCCc1ccccc1
CCC=Cc1ccccc1,0.5833333333333334,OC/C=C\c1ccccc1
CSCC(SCO)C1C=CC2CCCC2=C1,0.22,CC1=CC(O)C(C(C)C)CC1
CCCC=CCCCC,0.6470588235294118,CCCCCCC=CCCCCCCCCC
C=CC(=O)C(C)CC(C)(C)C,0.375,CC(CC(C)(C)C)CC(C)(C)C
CC=C(C)C(C)CCC(C)CC,0.44,CCC(C)CCO
CCCC(O)C(=O)C(C)CO,0.4642857142857143,CCCC(=O)C(O)CCC
CC1=CC(C)CC(C)C1C,0.28205128205128205,CC1=CC(O)CC(C)C2CC(=C(C)C)CC12
C=CC1(C)CCC(C(C)(C)O)C1,0.5,CC1(O)CCC(C(C)(C)O)CC1
CCc1ccc(C2CC=C(C)O2)nc1,0.43243243243243246,CCc1ccc(C)nc1
CCCCCOC(O)C1OC=CC=C1C,0.3333333333333333,CCCCCCOC(C)OCCCCCC
CC(=O)CCCCCOCC(C)O,0.4666666666666667,CCCOCC(C)O
CCCCCC(CC)CC,0.5714285714285714,CCCCC(CC)CO
CC(C)C1CCC(C)C23CCC(C)C2C13,0.5,C=C1CC[C@@]23[C@@H]([C@@H]12)[C@H](C(C)C)CC[C@H]3C
CCCCCC(C)CC(C)=O,0.5517241379310345,CCCCCC(C)CCC(=O)O
C=C=NCCCC,0.5454545454545454,CCCCN=C=S
CC(O)CCCCCC(C)O,0.7647058823529411,CCCCCCCC(C)O
CC(C)OCC(CO)OC(C)C,0.3333333333333333,CCOC(C)C
CCCCCCCC(=O)C1=CCC(CC)C=C1,0.35714285714285715,CCCCC(=O)c1ccccc1
C=CCC1C=CC(O)C=C1,0.2727272727272727,C=CCO
CCCCC(CCC(C)C)CCC(C)C,0.5238095238095238,CCCCCCCCCCCCC(C)C
CCCCCOOCOCC,0.4,CCCCCCOC
C=C(C)C=Cc1ccccc1,0.6153846153846154,CC(=O)/C=C/c1ccccc1
C=C(CC)CCC1CCCC1,0.45454545454545453,CCOC(=O)CCC1CCCCC1
C=CC(=C)CCCC(C)(C)C,0.72,C=CC(=C)CCCC(C)(C)O
CCCC(C)CCCCC1CCCCC1,0.3793103448275862,CCC1CCCCC1
CCCC(CCC)CCS,0.4375,CCCS
CCCCC1=CC(C)C(C)O1,0.35135135135135137,CCCCCC1=CCC(=O)O1
CCC1C=CC(CS)=CN1,0.24324324324324326,CCC1C=CC(=O)O1
CCC1CCC(OO)C1,0.34615384615384615,CCC1CCCCC1
CCC1NC=CCC1OC,0.23076923076923078,COC1CC(C)CCC1C(C)C
CCC1=CC=CCC1C=O,0.25,CCc1ccc(C=O)cc1
CCCC(=O)CCCC(C)CCCC(C)C,0.6206896551724138,CC(=O)CCCC(C)CCCC(C)CCCC(C)C
CCCc1ccc(C)c(OC)c1,0.6451612903225806,CCCc1ccc(O)c(OC)c1
CC=CCCC,0.47368421052631576,C/C=C/CCC=O
CCC(C)C1=CCC(C)CC1,0.3888888888888889,CC1CC=C(C(C)(C)O)CC1
CC1C=CC=CC1C=O,0.3125,CC1=CC(C)C(C=O)C(C)C1
CCCC(CCC)c1ccccc1,0.46153846153846156,CCC(O)c1ccccc1
c1ccc(Cc2ccncc2)cc1,0.41935483870967744,Cl.c1ccc(CC2=NCCN2)cc1
C=CC1CC(C)CCC1C,0.37037037037037035,CC1CCC(O)C(C)C1
CC(C)C(=O)CO,0.5555555555555556,CCC(=O)C(C)C
CC(=CCCC(C)Cc1ccccc1)CCCC(C)C,0.4523809523809524,CC(=CCO)CCCC(C)CCCC(C)CCCC(C)C
CCCCCCOCCCCCC(C)O,0.7391304347826086,CCCCCCCC(C)O
OC1=CC=CCC1O,0.2413793103448276,CC1=CC=CCC1
CCOC(=O)C1=C(O)C=CCC1,0.42857142857142855,CCOC(=O)c1ccccc1C(=O)OCC
CCCCC1CCOS1,0.38235294117647056,CCCC1CCOC(C)S1
CC1=CCC2C(C1)OC(C)C2C,0.34285714285714286,CC1=CCC2C(C1)C2(C)C
CC1=C(O)C(C)CC(C)(C)C1,0.3870967741935484,CC1=C(O)C(=O)CC(C)(C)C1
CC1=CC(O)C(C(O)CCS)CC1,0.6176470588235294,CC1=CC(O)C(C(C)C)CC1
CC1=C(C(=O)OC2CCCCC2)C=COC1,0.39473684210526316,CC(=O)OC1CCCCC1
CSC(O)CC(C)O,0.42105263157894735,CC(O)CN
CCCC(CCC)C(C)C,0.6190476190476191,CCC[C@@H](CCC(C)OC)C(C)C
CC1=S(CCO)C=CO1,0.21875,OCCc1ccccc1
CCCC(O)C(C)Cc1ccccc1,0.6333333333333333,CCCC(O)Cc1ccccc1
CCCCCCCCCCCC(=O)CC(C)C,0.6086956521739131,CCCCCC(=O)CCCCC
CC1CC(C(C)C)CC(C)S1,0.391304347826087,CC1CCC(C(C)C)CC1
CC1C=CC=CC1,0.21621621621621623,CC1=CCC(C)C(C)C12C=CC(C)O2
CCC(C)c1ccc(C)c(C)c1C,0.37142857142857144,CCOc1cc(C(C)C)ccc1C
CCSCCC(C)C,0.45454545454545453,CSSCCC(C)C
CCCC(=O)OC1(C)CC(C)CO1,0.375,CCCC(=O)OC1CCCCC1
CSCCC1CCC(C)O1,0.32142857142857145,CCC1CCC(CC)O1
CC(C)CCCC(C)CCC(C)CO,0.6842105263157895,CC(C)CCCC(C)CCCC(C)CCCC(C)C
C=C1CCC2CCC(C)CC2C1,0.36363636363636365,C=C1CCC2C(C1)C2(C)C
CCC(O)C1OC(C)C(O)C1O,0.5625,CC[C@H](O)[C@H]1O[C@H](OC)[C@H](O)[C@@H](O)[C@@H]1O
CC(C)C1CC(=O)CO1,0.4375,CC1CCC(C(C)C)OC(=O)C1
CCNCC(C)(C)C,0.4666666666666667,CCNCC
CC(C)CC(O)CCc1ccccc1,0.6551724137931034,CC(C)CC(O)Cc1ccccc1
CCCCCCCCC(O)C=O,0.6153846153846154,C=CC(O)CCCCCC
COC(C)C1CCCC=C1CC(C)O,0.26666666666666666,CC(C)CC(=O)OC1CCCCC1
CCCC1C=CC=C1,0.25,CCCC1CC(=O)C=C(C)C1
CC(C)CC1CCCC(C)C1,0.3548387096774194,CNC(C)CC1CCCC1.Cl
C=CCOC(O)C(C)C,0.4,C=CCC(C)O
CCC(C)C(O)Cc1ccccc1,0.5161290322580645,CCCC(O)Cc1ccccc1
CC=C(C)C(O)CC,0.47619047619047616,CCC(O)C(C)=O
c1ccc(CCCC2CCCC2)cc1,0.5588235294117647,c1ccc(CCCC2CCCO2)cc1
CC1CCC2(C1)C(C)CCCC2(C)C,0.35294117647058826,CC1CCCC2(C)CCCCC12O
CCCCOCCC(O)C1=CCC=C1,0.3170731707317073,CCCCOCCOC(C)=O
CC(=O)C(C)C(C)O,0.5625,CC(=O)C(C)O
O=C(CCC1=CC=CCC1)OCCCc1ccccc1,0.5319148936170213,CCCCCC(=O)OCCCc1ccccc1
CCCCCC1CCCC(C)N1,0.46153846153846156,CC1CCCC(C)N1
CCC(CC)CCC1CC=C(C)C1(C)O,0.47368421052631576,CC1=CCC(CCO)C1(C)C
COC1CC=CCC1,0.23529411764705882,COC1CC(C)CCC1C(C)C
CCCCCCCCCC(O)CC(CCCCCOCO)C(C)C,0.4166666666666667,CCCCCCCC(O)CC
CCC1C=CC(O)=CC1,0.29411764705882354,CCC1C=CC(=O)O1
CC(C)CC(C)(C)O,0.44,CCCCCC(C)(O)CC(C)C
CC(CN(C)O)c1ccccc1,0.5555555555555556,CC(CO)c1ccccc1
CC(C)OC(=O)CC1CCCCC1,0.5294117647058824,C=CCOC(=O)CC1CCCCC1
CC1=NC(CC(C)C)CCC1O,0.35135135135135137,CC1=NC(CC(C)C)SC1C
C=CC(C)(C)CC(C)=O,0.4782608695652174,CC(=O)CC(C)(C)O
CCCC(C)C(C)C,0.5555555555555556,CCCC(C)C(C)O
CCC(=O)CC(C)C,0.7058823529411765,CC(C)CC(=O)CC(C)C
CC(C)CCCC(C)CCNC(O)CC(C)C,0.5,CC(C)CCCC(C)CCCC(C)CCCC(C)C
CC1CCC(C(C)c2ccccc2)O1,0.5277777777777778,CC1COC(C(C)c2ccccc2)O1
CCCC1CC=CO1,0.35135135135135137,CCCCCC1CC=CC(=O)O1
CC(C)CCC1=CONC=C1,0.2682926829268293,Cc1cnc(C)c(CCC(C)C)n1
CCCCCCCC(C)CC(C)C,0.6363636363636364,CCCCCCCCCCCCC(C)CC
CCC=C(C)C(C)CCC,0.4230769230769231,CCCC(C)C(=O)O
CCCCC(C)CCC,0.55,CCCC(C)CCO
CCCCC1CCC(CC)C1,0.36,CCC1CCCCC1
CCCC(CCC)CNC,0.3181818181818182,CCCC(C)O
OCC1=CCC=N1,0.25,CC1(C)C2CC=C(CO)C1C2
CC(=O)C1C(C)OC(C)C1C,0.30303030303030304,CC(=O)OC1C(C)OC(O)C(OC(C)=O)C1OC(C)=O
CCCCCCCCCC(C)OCC,0.5217391304347826,CCCCCCCCCCCCC(C)C
CCCCCCOCCC(C)CC(C)C,0.4666666666666667,CCCCCCCOCCS
CCC(=O)CC1(C)CCCCC1(C)C,0.36,CCC(=O)CC
CCCN1C=CC(OC)=CO1,0.23684210526315788,CCCc1ccc(OC)cc1
CCCC(=O)CC(C)CCC,0.5,CCCC(=O)CCC
CCC1=CC(C)C(C)O1,0.3125,CCC1=C(O)C(=O)C(C)O1
C=Cc1ccc(C)cc1,0.5238095238095238,Cc1ccc(C=O)cc1
OCN1C=CC2=C(C1)OCC2,0.20512820512820512,c1ccc2c(c1)CCO2
CNC1C=CC=CC1C,0.175,C/C=C/C(=O)C1C(C)C=CCC1(C)C
CCCCCCC1CCC(C)N1,0.375,CCCCCCC1OC(C)C(C)O1
C=CCCCCCC(=O)CCC,0.6071428571428571,C=CCCCCCC(C)=O
C=CCCC(=O)C(C)=O,0.5217391304347826,C=CCCC(=O)O
CC(C)CCCCC1C=CC=CC1,0.3548387096774194,CCCCCCCCCCCCC(C)C
CCCC(C)CCC1=CC=CCC1,0.35294117647058826,CC1=CC=CCC1
C=C(C)C1CCC(C)CC1C,0.6666666666666666,C=C(C)C1CCC(C)CC1O
CCC(C)(C)C,0.5,CCC(C)(C)O
COc1cc(C(C)O)ccc1O,0.6363636363636364,COc1cc([C@H](O)C(=O)O)ccc1O
CCCCCN(CC)OC,0.3684210526315789,CCCCCC
CC1CC(S)CO1,0.5294117647058824,CC1CO1
CC1CCCC(C)(C)C1CC=O,0.3055555555555556,CC1CCCC(C)(C)C1=O
COC1C=CC(C=O)C(O)C1,0.2631578947368421,CO[C@H]1O[C@H](C)[C@@H](O)C[C@H]1O
CCCCCC(=O)CCCC,0.9375,CCCCCC(=O)CCCCC
CC1=CC(N)C(C(C)S)S1,0.21428571428571427,CSC(C)S
COC(C)C1CCCC1,0.35714285714285715,CNCC(C)C1CCCCC1.Cl
CCCCCCCc1ccccc1,1.0,CCCCCCCCCCCCc1ccccc1
COC(C)CCCc1ccccc1,0.4838709677419355,CC(O)CCc1ccccc1
CCCCCC1CCC(=O)C1,0.45714285714285713,CCCCCC1CCC(=O)O1
C=C(CCCCCCCOCCCCCC)OC,0.4666666666666667,CCCCCCCOCCS
CC1=CC(C=O)CC=C1,0.3055555555555556,CC1=CC(C)C(C=O)C(C)C1
CCC(=O)C(O)O,0.6111111111111112,CCC(=O)C(C)O
CCCC(C)CCCC(C)C,0.7647058823529411,CC(C)CCCC(C)CCCC(C)CCCC(C)C
CCc1cc(C)cnc1C,0.41379310344827586,CCc1cnc(C)c(C)n1
CCCC(C)(C)c1ccccc1,0.38461538461538464,CCCc1ccccc1
C=C(O)C(O)Cc1ccccc1,0.5714285714285714,CC(=O)C(O)Cc1ccccc1
CCCCCCC(C)CC(C)=O,0.5384615384615384,CCCCCCCCCCCCC(C)CC
CCCCC1N=CC(C)CC1C,0.3076923076923077,CCCC[C@H]1OC(=O)C[C@H]1C
CCOC(=O)OCSc1ccccc1,0.47058823529411764,CCOC(=O)c1ccccc1
CCCCSCC=C=O,0.4782608695652174,CCCCSCCCC
CCC(=O)C(C)CC1C(C)=CCOC1(C)C,0.34,CC(=O)CCC1C(C)=CCCC1(C)C
CCCOC(=O)CCCc1ccccc1,0.7714285714285715,CCCCCC(=O)OCCCc1ccccc1
COCCCCc1ccco1,0.6333333333333333,CCCCCc1ccco1
CCC(C)C1N=CCO1,0.2631578947368421,CCC(C)C1N=C(C)C(C)S1
CCCCC(=O)CCC(C)CC,0.6086956521739131,CCCCC(=O)CCCC
CC(S)CC(=O)CCc1ccccc1,0.5161290322580645,O=C(O)CCc1ccccc1
CCC=CCCCC(O)C(CC)CC,0.4642857142857143,CC/C=C\CCCO
CCCCC(O)O,0.6111111111111112,CCCCC(C)O
C=C(CC(C)S)CC(C)(C)C1CCC(C)CC1,0.37142857142857144,CC1CCC(C(C)(C)O)CC1
CCC1=CC=CCC1,0.48,CC1=CC=CCC1
CCCC(CC)CCCC(C)C,0.5,CCC(C)CCCC(C)CCCC(C)CCCC(C)C
CC12C=CC(CC1)C(C)(N)C2,0.38235294117647056,CC12C=CC(CC1)C(C)(C)O2
CC(=O)CCCC(C)S,0.6521739130434783,CC(=O)CCCC(C)C
CC(=O)OCC=C(C)OCCC(C)C,0.6428571428571429,CC(=O)OCCC(C)C
c1ccc(CCCCc2ccccc2)cc1,0.7,CCCCCCCCCCCCc1ccccc1
Cc1ccc2c(c1)C(C)OC2C,0.42424242424242425,Cc1ccc2c(c1)OC(=O)C2C
CCC1=COC(C)C=C1,0.3333333333333333,CC1C=CC(=O)O1
CCC1C=CC=N1,0.21875,CCC1C=CC(=O)O1
CC(C)CCC(CCC(C)C)CC(C)C,0.3684210526315789,CC(C)CCN
CC=CC1=CC(OC)C(CCC)C=C1,0.2608695652173913,CCCCCC1C=CC(=O)O1
CSC1=CCC(C)C=N1,0.24242424242424243,CC1=NC(C)OC1
CC(C)CC(C)C1C=CC=CC1C,0.25925925925925924,CC(C)CC(O)CC(C)C
CC(C)=CC1=CC(C)CCO1,0.28205128205128205,CC(C)=CC1CC(C)CCO1
O=c1cccco1,0.36,O=Cc1ccco1
C=C(C)C1=CCC(C)C=C1,0.3333333333333333,C=C(C)C1CC=C(C)CC1
CON(O)CCc1ccccc1,0.4827586206896552,COCCc1ccccc1
CCCCc1ccc(C)cc1,0.5,CCCCCCCCCCCCc1ccccc1
CC1CC=CC1,0.35714285714285715,CC1CCC(C)CC1
CC1C=CC(CO)=CN1,0.23529411764705882,CC(C)c1ccc(CO)cc1
CCC(C=O)CO,0.6666666666666666,CCC(C=O)CC
CCC(=O)C1CCCC=C1CC,0.3157894736842105,CCC(=O)OC1CCCCC1
CC=CC(=O)CCCC(C)CCCC(C)C,0.5806451612903226,CC(=O)CCCC(C)CCCC(C)CCCC(C)C
CCCC(S)Cc1ccccc1,0.5862068965517241,CCCC(O)Cc1ccccc1
C=CC(C)CCCC(C)CC,0.6153846153846154,CCC(C)CCCC(C)C=O
CSc1ccccc1S,0.5,CSc1ccccc1O
CC(C)=CCC1C=CC=C1C,0.3157894736842105,CC(C)=CCc1occc1C
CC(=O)OC(C)CCCO,0.6923076923076923,CC(=O)OC(C)CCCC(C)C
CCCC(C)CCC(C)C,0.55,CCCC(C)CCO
CCOCCCCCCC=CC(C)C,0.36666666666666664,CCOCCCO
C=CCCC(O)CCCC,0.52,CCCCC(O)CC
CC(C)CCCCCCCCCCCO,1.0,CC(C)CCCCCO
CCC(C)CCC1CCCCC1C(C)(C)C,0.30303030303030304,CCC(C)CCO
CC(C)CCC1CCCC1C,0.25925925925925924,CC(C)CCN
C=CC1=CCCC1C,0.2558139534883721,C=C(C)C1CCC2=CCCC(C)C2(C)C1
CC1C=CCC1O,0.2702702702702703,C/C=C/C(=O)C1C(C)C=CCC1(C)C
C=CCC1CCC(CC=C)C(CC)C1,0.3225806451612903,CCC1CCC1O
CCC1C=C(C=O)C=CC1,0.38461538461538464,CCCCCC1CC=CC(=O)O1
CC(=O)c1cccc(C)c1,0.5416666666666666,CC(=O)c1ccccc1
CCCCCC(=O)CCC(C)C,0.6818181818181818,CCCCCC(=O)CCCCC
CC(C)C(=O)CCCS,0.6086956521739131,CCCCC(=O)C(C)C
CCCC1=CC2NCOC2C=C1,0.21739130434782608,CCCc1ccc2c(c1)OCO2
CC(C)CCC1(O)C(C)CC(O)CC1(C)S,0.3076923076923077,CC1CC(O)CC(C)(C)C1
O=C(CC1=COCC=C1)C1CCC=CC1O,0.21052631578947367,C=CCC1(C2C=CCC2)C(=O)NC(=O)NC1=O
C=C(C)CC(=O)C=CCCC,0.5925925925925926,CCCC=CC(=O)CC
CC(O)C1C=CCC1,0.29411764705882354,CC(C)[C@@H]1C=C[C@](C)(O)CC1
CCCC(C)C(C)(C)C(O)CCC,0.43478260869565216,CCCC(C)O
CC(=O)C1C=CCCC1C(C)C,0.3170731707317073,CC(=O)OC1CC(C)CCC1C(C)C
C=CC(C)(CC)Cc1ccccc1,0.4666666666666667,CC(C)(O)Cc1ccccc1
CSc1ccc(C(O)O)cc1,0.43478260869565216,CSc1ccccc1
C=C(CCC)C(C)O,0.4074074074074074,C=C(CCCC)C(C)CCCC
CCCC(C)OC=O,0.4583333333333333,CCCC(C)C=O
CCCCC1CC(=O)C2CCCSC12,0.34,CCCCC1OC(=O)C2=CCCCC21
CCC(C)C1=CC=CCC1NCCCc1ccccc1,0.32608695652173914,CCCCCCCCCCCCc1ccccc1
CCCCC1CC1C=O,0.3333333333333333,CCCCC=O
CCC(C)(C)CC(C)=O,0.5238095238095238,CC(=O)CC(C)(C)O
CCCCCC(=N)C(C)O,0.5,CCCCCC(C)O
C=CC(C)=CCCCCC,0.6153846153846154,CCCCC/C=C(\C)C=O
CCC(O)CCCCCCCCC(=O)OC,0.5862068965517241,CCCCCCC(=O)OC
C=CCC1C=CC(OC)C=C1,0.2571428571428571,C=CCc1ccc(OC)cc1
CCCC(C)CCCC(C)(C)O,0.68,CC(CCO)CCCC(C)(C)O
C=CC(C)(CCCC(C)S)CC(C)OOC,0.34146341463414637,C=CC(C)(O)CCCC(C)C
CC(C)(C)CCCC(N)CC=O,0.45454545454545453,CC(CC=O)CCCC(C)(C)O
CC(=O)CCCC(C)OCC=C(C)C,0.5428571428571428,CC(=O)CCCC(C)CCC=C(C)C
CNC1=CCCCC1C(=O)CC(C)C,0.3488372093023256,CC(C)CC(=O)OC1CCCCC1
CC1CC(C)C(NC(C)O)C1,0.3,CC1CCC(O)C(C)C1
CCC1=CC=C(C(CC)CC)CC1,0.3125,CC1=CC=C(C(C)C)CC1
CCCCCOCCCCCCC(O)CCC,0.5555555555555556,CCCCCCCC(O)CC
COC1CCCCC1O,0.3793103448275862,CO[C@H]1CO[C@H](O)C[C@@H]1O
CC(C)=CCCC(C)CCCC(C)CCCC(C)CCCCC(C)CCCC(C)CCCC(C)CCCC(C)C,0.6129032258064516,CC(=O)CCCC(C)CCC=C(C)C
CC1CCC(C(C)O)C2(C1)OC(C)C(C)O2,0.4523809523809524,CC1CCC(C(C)C)C2(C1)OCC(CO)O2
CCCCCCCC(=O)CCCC,0.8823529411764706,CCCCCC(=O)CCCCC
CC=CCCC(C)C,0.48,CC(=O)/C=C/CCC(C)C
CC(C)C1=CC=CCC1,0.48,CC1=CC=CCC1
CC1=CN=CC1,0.35,Cc1cnc(C)cn1
C=C(CCC)C(C)C(C)CC(C)=O,0.4074074074074074,CCCC(C)=O
CCOC,0.35294117647058826,CCCCCCOC
CC(C)C(S)C(C)C,0.5454545454545454,CC(C)C(C)S
CCCCCCCCCCCCC,1.0,CCCCCCCC
CC(O)OC(C)C1CCC(C)C1(C)C,0.2619047619047619,C[C@@H]1CC[C@H]2C(C)(C)[C@H]3C[C@@]12CC[C@@]3(C)O
CCC(O)OC1CCCCCCC1,0.41935483870967744,CCC(=O)OC1CCCCC1
CCCCCC(C)OCOC,0.4375,CCCCCCC(C)OC(C)=O
CCCCCCCCC1COC(C)C1,0.5151515151515151,CCCCCCC1OCC(C)O1
CCOSC,0.3333333333333333,CCSC
COC(C)C,0.5454545454545454,COC(C)OC
CC1=CCC(C(C)C)C(O)=C1,0.3939393939393939,CC1=CCC(C(C)C)C=C1
CCCSCCCCCCOC(C)O,0.41935483870967744,CCCCCCOC(C)OCCCCCC
CCC1C=C(OC)C(CC)CC1,0.25,CCC1CC(C)C(=O)C1=O
C=C(C)C(C)CCCC(C)O,0.4583333333333333,CCCCC(C)O
CCCCOCCCNC,0.41379310344827586,CCCCOCCOC(C)=O
CC(C)CCCC(C)CCCC(C)CCCC(C)CCCC(C)O,0.7222222222222222,CC(C)CCCC(C)CCCC(C)CCCC(C)C
C=C(C=Cc1ccccc1)CC,0.5,CCOC(=O)/C=C/c1ccccc1
CCCCCCCC=CNC,0.6190476190476191,CCCCCCC=CCCCCCCCCC
COC1CCCCC1C(=O)CC(C)C,0.43243243243243246,CC(C)CC(=O)OC1CCCCC1
O=C1CCC(S)C1O,0.27586206896551724,CC1CCCCC1=O
CC(=O)C1CCCCN1,0.5384615384615384,O=C(O)[C@H]1CCCN1
CC(=O)c1ccc(C)nc1C,0.45161290322580644,CC(=O)c1ncc(C)nc1C
CC(S)OCCC(O)O,0.375,CC(C)CCOC(C)OCCC(C)C
CCSc1cc(C2CCC(C)C2)ccc1O,0.3090909090909091,CCOc1cc(C2OCC(C)O2)ccc1O
CCC(C)C1CCCC1,0.5,CNCC(C)C1CCCCC1.Cl
OC1CCC=C1S,0.22857142857142856,C=C(C)C1CC=C(C)C(O)C1
C=CCC(CCCCC)CC(C)C,0.42857142857142855,CCCCCCCCCCCCC(C)C
C=CC1CC(C)CC(C)C1C,0.27586206896551724,CC1CCC(O)C(C)C1
CCCC(C)CCC=C(C)C,0.68,CC(C)=CCC[C@H](C)CCO
CC(=O)CCCCc1ccccc1,0.5625,CC(=O)OCCCc1ccccc1
CCC(C)(CCCC(C)C)OC(C)O,0.5357142857142857,CCC(C)(O)CCCC(C)C
CCCCCCCCC(=O)CC(C)C,0.6086956521739131,CCCCCC(=O)CCCCC
CC1C=CC(CO)S1,0.23076923076923078,CC1NC(C)SC(C)S1
CC1=CCC(OC(C)C)C=C1,0.5161290322580645,CC1=CCC(C(C)C)C=C1
C=C(C)C=C(C)C,0.4117647058823529,CC(=O)C=C(C)C
CC1C=CSC1OC1NC1(C)C,0.19148936170212766,C/C=C/C(=O)C1C(C)C=CCC1(C)C
CC(=O)CCC1CCC(C(C)S)CC1,0.34375,CC(=O)CC(C)S
CCCCC1OCCS1,0.36363636363636365,CCCCC1OCC(C)O1
CC1C(O)C(O)CC1C(O)CN,0.3157894736842105,OC[C@H](O)[C@H]1O[C@H](O)C[C@@H](O)[C@@H]1O
CSC1(C)CCCCCCCCCNC1,0.3333333333333333,C1CCNCC1
CCC1CCCC=C1C,0.3023255813953488,CCCCC1OC(=O)C2=CCCCC21
CCC1=C(C(C)=O)C=CCC1,0.3170731707317073,CCc1cc2c(cc1C(C)=O)C(C)(C)CCC2(C)C
CCCCCCCOCC=O,0.5384615384615384,CCCCCCCOC=O
OCC1=CC=CC1,0.3076923076923077,CC1=CC=CCC1
C=Cc1cccc(CC)c1,0.4827586206896552,CCc1cccc(O)c1
C=C1C(C)CC23CC1C(C)(C)C2CCC3C,0.7142857142857143,C=C1C(O)CC23CC1C(C)(C)C2CCC3C
CCCCCCCC(=O)CCCc1ccccc1,0.6551724137931034,CCCCCCCCCCCCc1ccccc1
NC1=C(C(=O)CCc2ccccc2)C=CCC1,0.43243243243243246,O=C(O)CCc1ccccc1
CC(O)C1C=CS2=CC=CC=C2N1,0.175,CC(O)c1ccccc1
CCC1C=CC(CC)C=C1,0.28,CCC1C=CC(=O)O1
CCC1(C)CCC(C)C1,0.3235294117647059,CCC1(O)C2(C)CCC(C2)C1(C)C
C=CCC1=CC=C(O)CC1,0.3548387096774194,C=CCc1ccc(O)cc1
C=C(Cc1ccccc1)c1ccccc1C,0.41935483870967744,CC(=O)c1ccccc1C
CC=Cc1ccc(NC(C)CC(C)C)c(CC)c1,0.3409090909090909,C/C=C/c1ccc2c(c1)OCO2
CCCCCCCOCCCCS,0.8095238095238095,CCCCCCCOCCS
CC(CCCCO)c1ccccc1,0.5925925925925926,CC(CO)c1ccccc1
COC1CCCCC1OC,0.34615384615384615,COC1CCC(O)OC1C
CC(O)CCC1CCCCC1,0.40625,CC(=O)OCCC1CCCCC1
CCC(C)C(O)OCc1ccccc1,0.4594594594594595,CC(C)CC(=O)OCc1ccccc1
CCCCCC(C)OC(O)CC(C)C,0.4642857142857143,CCCCCC(C)O
CCCCC(C)CCC(C)C,0.5789473684210527,CC(C)CCCC(C)CCCC(C)CCCC(C)C
COC(=O)CCCCNCO,0.6521739130434783,COC(=O)CCCCC(=O)OC
CCC1CCCC1,0.9285714285714286,CCC1CCCCC1
C=C(CC)CCCC(C)C=O,0.5,CCCCCCC(C)C=O
CCOCCC(C)O,0.7368421052631579,CC(O)CCOCCC(C)O
CCC1CC(C)=CC(C)S1,0.2972972972972973,CC1=CC(C)C(C=O)C(C)C1
CC(C)(C)c1ccccc1,0.5,CC(C)(C)c1ccc(O)cc1
CCCC1CCC(CO)C=C1OC,0.2558139534883721,CCCC1CCOC(C)S1
CC(=O)C1=CC(C)CC=N1,0.2857142857142857,CC(=O)C1CCC=N1
CCOC(O)C1=CCCC=C1CO,0.28205128205128205,CCOC(OCC)C(O)C(O)C(O)C(O)CO
COC1C=C(C(C)=O)C=CC1OO,0.2702702702702703,COc1ccc(C(C)=O)cc1
CCC(C)C1=CC(C)=C(C)CC1,0.30303030303030304,CC1=CC=C(C(C)C)CC1
CC(C)CNN,0.5,CC(C)CNCC(C)C
CCOC(=O)C1C=CC(O)C(C)=C1,0.35714285714285715,CCOC(=O)C1OC1c1ccccc1
C=C(C)C1CCC(C)(O)C(C)C1,0.6666666666666666,C=C(C)C1CCC(C)(O)C(O)C1
CC(C)C1CCCC(O)C1,0.4642857142857143,CC(C)[C@@H]1CC[C@@H](C)[C@H](O)C1
CCC1CC=C(O)CC1,0.32142857142857145,CCC1CCCCC1
CCC=C(C)C(C)OCCCCCC,0.5,CCCCCCOC(C)OCCCCCC
CC1C=C2C(C)CC(C)C2CO1,0.3170731707317073,C=C(C)[C@H]1C=C2[C@H](C)CC[C@@H]2[C@H](C)CC1
C=CCCOCCSCCCC,0.46153846153846156,CCCCSCCCC
CCCCC1CCCC1,0.47619047619047616,CCC1CCCCC1
CCC(C)CCS,0.5555555555555556,CCC(C)CS
CSN1C=NC=CO1,0.16,CSCCSC
CC(C)CC1=NC2C=CC=CC2C=C1,0.2564102564102564,Cc1nccnc1CC(C)C
CC(=O)C1C=C2CCCCC2O1,0.2926829268292683,CC(=O)C1CC=C(C)CC1
CC(=O)CC(C)C(C)NCO,0.44,CC(=O)CC(C)C
CCCCCCCC(CC)CC,0.6190476190476191,CCCCCCCCC(CO)CCCCCC
OC(O)C1CCCCC1,0.3888888888888889,OC1CCCCC1
CC1CCC(C(C)(C)N)C(C)C1,0.43333333333333335,CC1CCC(C(C)(C)O)C(O)C1
CC(C)C(O)CC(C)(C)Cc1ccccc1,0.5,CC(C)(O)Cc1ccccc1
CCCCCC(C)(C)CC(C)C,0.6153846153846154,CCCCCC(C)(O)CC(C)C
C=CCCC(=O)CCO,0.5217391304347826,C=CCCC(=O)O
CC1CCC(C(C)CO)CC1,0.5217391304347826,CC1CCC(C(C)C)CC1
C=CCCC(=O)CCC1C=CNC=C1,0.36363636363636365,C=CCCC(=O)O
CCC1CSC(CC)S1,0.391304347826087,CCC1SSC(CC)S1
CC1CCC(C(C)(C)OC=O)OC1,0.3488372093023256,CC1=CCC(C(C)(C)OC=O)CC1
CCC(C)c1ccccc1,0.6086956521739131,CC(CO)c1ccccc1
CCC(C)C1CC(C)C(CC)O1,0.2857142857142857,CC[C@@H](C)O[C@@H]1OC(C)[C@H](O)CC1O
CC(C)SC(C)C(C)O,0.55,CC(O)C(C)SC(C)C(C)S
COC1=CCNCC1,0.42857142857142855,COC1=CCCCC1
c1ccc(Cc2ccccn2)cc1,0.6071428571428571,c1ccc(CCCc2ccccn2)cc1
CCS1(C)CC(=O)C(C)=C(C)C1C,0.2777777777777778,CC1=C(O)C(=O)CC1C
C=C(C=CC)C1C(C)CCCC1(C)C,0.3111111111111111,C/C=C/C(=O)C1C(C)C=CCC1(C)C
CCCC(O)C(C)C(C)C,0.5,CCCC(C)O
CC(O)COC(=O)c1ccccc1O,0.78125,CC(C)COC(=O)c1ccccc1O
CCCCCC(C)CCCC(O)CCC1CCC(C)(C)C1,0.35,CCCCCC(O)CC
CC(C)CCCC(C)CC1CCCO1,0.41379310344827586,CC(C)CCCC(C)CCCC(C)CCCC(C)C
CCC(Cc1ccccc1)OC,0.6153846153846154,COC(Cc1ccccc1)OC
CCCC(C)C(C)CC,0.5263157894736842,CCCC(C)C(C)O
CCCCCCCCC(CC(C)C)C(=O)OC,0.45454545454545453,COC(=O)C(O)CC(C)C
CCC1C(OC)=CCC=C1OC,0.25806451612903225,COC1=CCCCC1
C=C1C(C)COC1C,0.35,CC1CO1
CCCC1CCC(C)C1(C)C,0.2857142857142857,CCCC1CCOC(C)S1
CC1CC(C)(C)OC(c2ccccc2)S1,0.35714285714285715,CC1CC(C)(c2ccccc2)OC(C)O1
CC=CC(O)OC1CCCCC1,0.34375,CC(=O)OC1CCCCC1
CC,0.25,CS
CC1CCCC(C(C)(C)O)C1O,0.41935483870967744,CC1CCC(C(C)(C)O)C(O)C1
CC(CO)CCc1ccccc1,0.6296296296296297,CC(O)CCc1ccccc1
COC1C=NCCC1,0.2692307692307692,C1=NCCC1
C=CC(C)(CCC)CCCC(C)C,0.5666666666666667,C=CC(C)(O)CCCC(C)C
CCCC(=O)CCCCC(C)CCC,0.5161290322580645,CCCCCC(C)CCC(=O)O
COC(C)C(C)C,0.42857142857142855,COC(C)OC
COCCCCC(=O)CC(C)C,0.48,CC(C)CC(=O)CC(C)C
CCC(C)(C)C1CCC(C)CC1,0.5,CC1CCC(C(C)(C)O)CC1
OCC1C=CCC=C1,0.25,OCC1CCCCC1
C=C1C(C)CC(C)C1OC,0.25925925925925924,CC1CC(C)C(=O)C1=O
CCCC(=Cc1ccccc1)CO,0.7666666666666667,CCCCC/C(=C/c1ccccc1)CO
COC(C)CCC(=O)CC(C)C,0.5,CC(C)CC(=O)CC(C)C
CCCC(O)CC(C)=O,0.5769230769230769,CCCC(O)CC(=O)OC
CCCC(C)CC(CC)c1ccccc1,0.40625,CCC(O)c1ccccc1
CC(N)CC(C)O,0.5,CC(O)CC(O)C(O)CO
CCC=CCCCC(C)CCCC=CCC,0.5,CC/C=C\CCCO
CCCCCC(CCC=O)Cc1ccccc1,0.5,CCCCC(CC)CCC=O
C=CCCCC(O)CCC,0.46153846153846156,C=CCCCCCC
CCOC(C)C(C)NC,0.42857142857142855,CCOC(C)OCC
CCC1COC(C)C1,0.47368421052631576,CC1CO1
CCC(C)C(C)C(C)=O,0.45454545454545453,CCC(O)C(C)=O
CC(=O)OO,0.5454545454545454,CC(=O)C(C)=O
CC1=CC(C)CS1,0.24324324324324326,CC1=C2CCC(C)C=C2OC1=O
CC(C)OSC(C)C,0.3125,CC(C)SC(C)C
C=CCC1=CC(OC)C(C)C(OC)=C1,0.325,C=CCc1ccc(OC)cc1
CCC1CCCCC1C(C)=O,0.35714285714285715,CCC1CCC1O
C=C(CC)CSCCCC,0.5,CCCCSCCCC
CC1CCSCC1,0.5,CC1CCC(C)CC1
CCCCCCCC=CC(C)OC,0.52,CCCCCCC=CCCCCCCCCC
C=CCCC=CCC,0.5238095238095238,CCC=CCCC=CCO
CCCCc1ccc(CC)cc1,0.52,CCCCCCCCCCCCc1ccccc1
CCC(CC1CCOO1)c1ccccc1,0.34210526315789475,CCC(O)c1ccccc1
CSCC(=O)C1OC1C1C=CCCC1,0.275,CCC(=O)CSC
CC1CCCC2(C=CCCC2)C1,0.2857142857142857,CC1CCCCC1
CCc1ccc(C)cc1C,0.5,Cc1ccc(C)c(C)c1
CCCC(CCC)CCCCC(C)C,0.6,CCCCCCCCCCCCC(C)C
CCCCC(CC)CC,0.6842105263157895,CCCCC(CC)CO
CCC1C=CC=CC1C,0.24,CCC1CCCCC1
CCC1CC(C(C)O)=CC=C1O,0.3157894736842105,CCC1CC(C)=C(O)C1=O
COC1=CC2C=CC=CC2=CC1,0.2702702702702703,COC1=CCCCC1
COC(C)C1CCCCC1C,0.29411764705882354,COC1CC(C)CCC1C(C)C
CCCCCC(CCCOC)CCCSC,0.4482758620689655,CCCCCCOC
c1ccc2c(c1)CCC2,0.5454545454545454,O=C1CCCc2ccccc21
CCCC(C)OO,0.5,CCCC(C)OC(C)=O
COC(=O)OS,0.4117647058823529,COC(C)=O
C=CCCC(=O)CCCC(C)(C)CC,0.3888888888888889,C=CCCC(=O)OCC
CCC1CC(C(C)C)CCC1C,0.5172413793103449,CC(C)[C@@H]1CC[C@@H](C)[C@H](O)C1
CCC1CC(C)C(O)C1C,0.38461538461538464,CCC1CCC1O
CCCCCCCCCC(O)OCCCC,0.5555555555555556,CCCCCCOC(CCCCC)OCCCCCC
OCCCCCOCCCS,0.46153846153846156,CCCCCCCOCCS
CC(C)=S,0.3333333333333333,CC(C)=O
CC(C)C1CCCC(C(C)C)C1O,0.46153846153846156,CC1CCC(C(C)C)C(O)C1
CCCN1C=CCC(OC)C1C,0.24489795918367346,CCCCO[C@@H]1C[C@@H](OC)[C@H](O)[C@H](C)O1
CC1=CC2CCCOC2C=C1,0.2619047619047619,CC1=C[C@@H]2OC[C@@H](C)[C@@H]2CC1
CC(CO)CC1C=CCC=C1,0.3333333333333333,CCC(C)CO
CC1CCC(C(C)COC(C)C)CN1,0.2727272727272727,CC1CCC(C(C)C)CC1
C1=CC2OCOC2C=C1,0.21212121212121213,CC1=C[C@@H]2OC[C@@H](C)[C@@H]2CC1
C=CCOC1C=CC(C)C=C1C,0.23255813953488372,C=CCOC(=O)c1ccccc1
C=C(CCC)CC(C)SCC,0.41379310344827586,CCSC(C)CCO
CCCSCCCCCCC(C)O,0.6,CCCCCCCC(C)O
CC12CCN(CC1OCCO)C2(C)C,0.2653061224489796,CC1CO1.OCCOC1O[C@H](CO)[C@@H](O)[C@H](O)[C@H]1O
CC1=CCCC2(CCCCC2)C1,0.3333333333333333,CC1=CC(=O)C(C2(O)CCC=C(C)C2)CC1
OC1CCC(CS)CC1,0.35,OC1CCCCC1
CCC(C)C(C)C(C)O,0.5,CCC(C)C(O)S
CC1=C(C)OSC=C1,0.20833333333333334,Cc1ccc(C)o1
CCCCOC(C)C(C)CC,0.46153846153846156,CCCCCCOC(C)OCCCCCC
C=CCOC(C)CCCCC,0.41935483870967744,C=CC(O)CCCCC
CCCCCC1CCCO1,0.53125,CCCCCC1CCOC(CCCCC)O1
CCCCCC(CCC(C)C)OCC(C)C,0.5,CCCCCCCCCCCCC(C)C
CC(C)OC(C)C=Cc1ccccc1,0.5517241379310345,CC(O)C=Cc1ccccc1
CCCCNCCCC(C)O,0.6363636363636364,CCCCC(C)O
C=CCCCCCCOCC(=O)CCC=C(C)CCC=C(C)C,0.4523809523809524,C=CCCCCCCCCCOC(C)=O
CC(C)Cc1cccc2c1OCC=C2,0.2702702702702703,O=C1C=CCO1
CC=C(C)C(C)C,0.375,CC(=O)C(C)C
CC(C)CC1CCC(S)CC1,0.3333333333333333,CNC(C)CC1CCCC1.Cl
C=C(C)CCCC(C)CCOCC,0.6176470588235294,C=C(C)CCCC(C)CCOC(C)=O
CCC1CCC(C)C(C)C1,0.391304347826087,CCC1CCCCC1
CC(CO)Cc1ccccc1,0.5172413793103449,CC(C)CC(O)Cc1ccccc1
CC1=NC(CC(C)C)=CC1C,0.3235294117647059,Cc1nccnc1CC(C)C
CCCC1=CCCC1,0.3,O=C1CCCC=C1O
CCCCSCCC,0.8571428571428571,CCCCSCCCC
CC(O)CCC(=O)S,0.4166666666666667,CCCCC(=O)S
CC1C=CC2=C1SCC2,0.24242424242424243,CC1SCCC1=O
CCNC(O)CC(C)CC,0.375,CCC(C)CO
CCC(=O)COC(C)C,0.45,CCC(=O)CC
O=CCCCO,0.6,O=CCCCC=O
COC1=C(S)CCC=C1,0.28125,COC1=CCCCC1
CC1C=CC(C=O)C=C1,0.25,CC1=CC(C)C(C=O)C(C)C1
O=CC1=CC2C=CC=CC2=C1,0.22857142857142856,Cc1ccccc1C=O
CCC(C)C=CC1CCC(CC)NC1,0.2571428571428571,CCC(C)C=O
CCCCC(C)C1C(C)=CCCC1(C)C,0.4,CC1=CCCC(C)(C)C1/C=C/C(C)O
CCCCCCC(CC)C(=O)CO,0.5333333333333333,CCCCCC(CO)C(C)=O
C1CCCCCC2CCCC2CCCC1,0.4,CC1CCCCC1
CCCCCCCCCCCCCCCCCC(O)OC,0.5833333333333334,CCCCCCCCCC(OC)OC
CCCCC(CN)c1ccccc1,0.375,CCC(O)c1ccccc1
CCC(O)CC(C)OC,0.45,CCC(O)CC
CC=CC=CCCC(C)O,0.4444444444444444,CC(C)=CCCC(C)O
C=CCCOCC=C,0.3225806451612903,C=CCCCCCCCCC(=O)OCC=C
CC(C)CC(=O)C(C)C,0.631578947368421,CC(C)CC(=O)C(C)O
C=C(CC)CCCCCCC,0.5,CCCCCCCC(=O)CC
CC1CCC(C(C)(C)O)C(C)C1,0.6538461538461539,CC1CCC(C(C)(C)O)C(O)C1
Cc1ccsc1CCS,0.3448275862068966,Cc1sccc1S
OCC(O)SO,0.3888888888888889,OC[C@@H](O)[C@@H](O)[C@H](O)[C@@H](O)CO.[Na+]
CCc1ccc(CCC(O)C(C)C)cc1,0.45161290322580644,CC(O)CCc1ccccc1
C=CCCCCCC(S)CCC,0.5384615384615384,C=CCCCCCC
CCCCCc1ccc(CCC)cc1SC,0.38461538461538464,CCCc1ccc2c(c1)OCO2
C=C(C)C(CC(C)=O)CC(C)O,0.4642857142857143,C=C(C)C(CC(=O)O)CC(=O)O
Oc1ccc2c(c1)CCC2,0.35,Oc1ccc(O)cc1
C=C(CCC=O)CCCC(C)CC,0.4411764705882353,CCC(C)CCCC(C)C=O
COCCCCOC,0.6666666666666666,CCCCCCOC
CC=CCC=CC,0.3888888888888889,C/C=C/CCC=O
CCC(S)CCCC(C)CCCC(C)C,0.6521739130434783,CCC(C)CCCC(C)CCCC(C)CCCC(C)C
CCC(=O)C(C)CC(C)O,0.5454545454545454,CCC(=O)C(C)O
CCSCCCCOOC(=O)CC,0.38235294117647056,CCCCCOC(=O)CC
CC1CC(C)C2(C)CC(C(C)C)CCC2C1,0.3870967741935484,CC1CCC(C(C)C)CC1
CC(=O)C1C=CCC1,0.3793103448275862,CC(=O)C1CCC=N1
CC1=CCC(C)=C1,0.36,CC1=CCC(C(C)C)=CC1
OCOCCCc1ccccc1,0.5769230769230769,OCCCc1ccccc1
Cc1ccc(C)c(C)c1C,0.5625,Cc1ccc(C)c(O)c1C
CCCOC(CC)C(=O)OCCc1ccccc1,0.631578947368421,CCC(C)C(=O)OCCc1ccccc1
COCCCC(CO)COC,0.39285714285714285,CCCCC(CC)CO
C=CC(=C)CCCC(C)C=O,0.46875,C=CC(=C)CCCC(C)(C)O
CC1CCC(CC=S)C1(C)C,0.25,C[C@@H]1CC[C@H]2C(C)(C)[C@H]3C[C@@]12CC[C@@]3(C)O
C1CC1,0.3333333333333333,C1CCNCC1
CC1=CC(C=CC=O)C=C1,0.29411764705882354,Cc1ccc(/C=C/C=O)cc1
CCC1C=CC=C1C,0.25,CCC1C=CC(=O)O1
C=CC(C)(C)C(N)CC(C)C,0.34375,C=CC(C)(O)CCCC(C)C
CCCC1=CCC(CC)C=C1,0.2564102564102564,CC1=CCC(C(C)(C)O)C=C1
CC1C=CCC(C)C1=O,0.32,CC1CC(C)C(=O)C1=O
CCCC1CCC2CCCCC2C1,0.3333333333333333,CCC1CCCCC1
COc1ccc(C)nc1C,0.39285714285714285,COc1ccc(C)cc1C
CCCC(O)C1=CC=C(CC)CC1,0.29411764705882354,C=CC(O)CCC
CCCC(CCC)OCC,0.42105263157894735,CCOC(C)OCC
C1=COCCC1,0.26666666666666666,O=C1CCCCC=CCCCCCCCCCO1
CCc1ccccc1C(C)S,0.5384615384615384,CCc1ccccc1S
CCCC1SC=C(C)C=C1C,0.2894736842105263,CCCC1CC(=O)C=C(C)C1
C=C(O)CCCCCCCCCCOCCCCCC,0.5,CCCCCCCOCCS
CC=CC1=CC=CCC1,0.4444444444444444,CC1=CC=CCC1
CCCC(C)OCCC(C)C,0.5454545454545454,CC(C)CCOC(C)OCCC(C)C
C=C1CC(N)C2CC1C2(C)C,0.40625,C=C1CC2CCC1C2(C)C
CCOC(=O)C1(c2ccncc2)CC1CS,0.4423076923076923,CCOC(=O)C1(c2ccccc2)CC2CCC1C2
CCC1C=CCC(C)C1,0.28125,CCC1CC(C)C(=O)C1=O
CCCc1ccccc1C,0.56,CCCc1ccccc1O
COC1=CCC(C(C)O)C=C1,0.4,CC1=CCC(C(C)C)C=C1
CC(C)C(O)OC(C)(C)CCC1=CCCC=C1,0.275,CC1=CCCC=C1
C=CCC1CC(C(=C)C)CCC1C,0.5151515151515151,C=C(C)C1CCC(C)C(O)C1
CCC1=CC=C(C)ON1,0.25,CCC1=C(C)C(=O)NC1=O
CCC(C)C(O)C(S)C(C)CO,0.52,CCC(S)C(C)CO
CCCC(=O)CCCCCCCCC(O)CCC,0.48148148148148145,CCCCCC(=O)CCCCC
CCC1CC(C)CCC1C(C)C,0.5172413793103449,CC1CCC(C(C)C)C(O)C1
CCCC(=O)CCCCCCC(C)C,0.5555555555555556,CC(C)CCCCC(=O)O
C=C(CCC)OCCCCCCCC,0.5714285714285714,CCCCCCOC(=O)CCC
OCC1C=CCO1,0.27586206896551724,OCC1CCCO1
COC(=O)C1C(C)CCCC1(C)C,0.3939393939393939,COC(=O)C1CCCCC1
CCCCCCCC(C)CCCCSCC,0.5384615384615384,CCCCCCCCCCCCC(C)CC
CN(C)C1(C)CC(C)(CCC2C=CC=C2)C(O)O1,0.24074074074074073,C[C@@H]1CC[C@@]2(O[C@H](CCO)C[C@@H](O)[C@@H]2O)O1
COC1CC(C=O)C=CC1C,0.2972972972972973,COC1CC(C)CCC1C(C)C
CC1CCCC(c2cccnc2)C1,0.4634146341463415,CN1CCC[C@H]1c1cccnc1
C=C(C(C)C)C(C)C,0.3333333333333333,CC(C)O
CC(C)CCC(C)C1C=CC=C1,0.2916666666666667,CC(C)CCN
CCC1=CCCC=C1,0.4583333333333333,CC1=CCCC=C1
CCCCCC=C(C)C,0.5833333333333334,CCCCC/C=C(\C)C=O
C=CC(C)(C)CCCC(C)CCCCCC(=C)C,0.5,C=C(C)CCC[C@H](C)CCO
CCCC(C)CCCC(O)CCC,0.5,CCCC(C)CCO
CC(C)CC1(C)CCCCS1,0.24242424242424243,CC(C)C12CCC(C)(CC1)O2
C1CNCOC1,0.35294117647058826,C1CCOC1
CC1CC2CCC(C)(C)CC2CC1C,0.3333333333333333,CC1(C)CCCC(O)C1
CC(C)C(O)Cc1ccccc1,0.5714285714285714,CC(C)CC(O)Cc1ccccc1
CCCC(C)OCCC(C)CCCC(C)C,0.52,CC(C)CCCC(C)CCCC(C)CCCC(C)C
C=C(OC)C(=O)C(C)CC,0.6153846153846154,CCC(C)C(=O)C(=O)OC
CC1(C)C2CCC3(C2)C1CCCC3(C)C,0.35294117647058826,CC12CCC(C1)C(C)(C)C2O
CCCC1C=C(CC)N=C1NC,0.21052631578947367,CCc1ccccn1
CCC(C)(O)CC(C)C,0.56,CCCCCC(C)(O)CC(C)C
CCC=CCCNCCO,0.5652173913043478,CC/C=C\CCO
CCC=CCCCCCCCCCC,0.8235294117647058,CCCCCCC=CCCCCCCCCC
CCCC(=O)C(CC)C(C)O,0.48148148148148145,CCCC(=O)C(O)CCC
C=C(O)C1=CCCC=C1O,0.3103448275862069,O=C1CCCC=C1O
CCCC(C)CCOC(C)=O,0.6206896551724138,CCCC(S)CCOC(C)=O
CC1=CC(C)C(C)C=C1,0.3,CC1=CCC(C(C)C)C=C1
C=CC(C)(CCCC(C)C)CC(=O)Cc1ccccc1,0.47619047619047616,CC(C)CC(=O)Cc1ccccc1
CCCCCCOC(C)CCC,0.625,CCCCCCOC(C)OCCCCCC
OC1=CC2C=CCSC2CC1,0.18604651162790697,CC1=CC(O)C(C(C)C)CC1
CC(C)C1CCCC(c2ccccc2)C1,0.2972972972972973,CC(C)[C@@H]1CC[C@@H](C)[C@H](O)C1
CCCc1ccccc1CO,0.6666666666666666,CCCc1ccccc1O
CCC1OC(C)C(O)C1O,0.5833333333333334,CC[C@H]1O[C@H](O)[C@H](O)[C@@H](O)[C@H]1O
CC(C)C1CCSS1,0.3076923076923077,CC1SCCSS1
CC(C)CCC(CCC(C)C)C(C)C,0.4166666666666667,CCC[C@@H](CCC(C)OC)C(C)C
CCC1CC2CCC1(C)C2(C)C,0.5172413793103449,CC1(C)C2CCC1(C)C(O)C2
CCOC(C)CC(C)C,0.6,CCOC(CC(C)C)OCC
C1=CN=CCC1,0.23809523809523808,C1=NCCC1
C=C(C)C(C)C(C)(C)c1ccccc1,0.3888888888888889,CC(C)C(=O)OC(C)(C)c1ccccc1
CCCC(CC)CCCSC,0.39285714285714285,CCCCC(CC)CO
CC(C)C1C=CC=C2C=CCCC21,0.2682926829268293,C=C1C=CC(C(C)C)CC1
CCCC(C=S)c1ccccc1,0.3870967741935484,CCC(O)c1ccccc1
CCCCCC(C)(C)C,0.5,CCCCCC
CC(O)CC(C)CCOC(C)C,0.38461538461538464,CC(O)CCOCCC(C)O
C=CCCCCCCCCCCC,1.0,C=CCCCCCC
CCOCC(C=O)Cc1ccccn1,0.47368421052631576,CC(C)Cc1ccccn1
C=CC(C)(C=O)CCC(C)C,0.45161290322580644,C=CC(C)(O)CCCC(C)C
CC1CCC2C(CC(=O)C2C)C1,0.4411764705882353,CC1CCC2C(C1)OC(=O)C2C
CC1=CCCO1,0.3333333333333333,CC1=CCCC=C1
C=CC(S)CCCC(C)(O)O,0.45161290322580644,C=CC(C)CCCC(C)(C)O
C=CC(C)C(S)CC,0.5652173913043478,CCC(S)C(C)C=O
CCC1(C)OCC(O)O1,0.3888888888888889,CC(C)=CCCC1(C)OCC(C)O1
CCCOC(C)OCCS,0.48,CCCCCCOC(C)OCCCCCC
CC(C)C1CCCC1,0.5555555555555556,CC1CCC(C(C)C)CC1
CC1CC(c2ccccc2)CCN1,0.32432432432432434,CC1COC(c2ccccc2)O1
CCCC(=S)CCC,0.4117647058823529,CCCC(=O)CCC
CC(C)=CCCC1=CSCC(C=O)C1,0.5348837209302325,CC(C)=CCCC1=CCC(C=O)CC1
CCCC(=O)C=Cc1cccnc1,0.3953488372093023,CCN(CC)C(=O)c1cccnc1
CCCCC(CCC)OCO,0.41935483870967744,CCCCC(CC)OC(C)=O
C=C(O)CCC(=O)C(CC(O)CCC(N)C(C)=O)C(C)C,0.2857142857142857,CC(C)C[C@H](N)C(=O)O
CCC1CCC(C)=CC1C,0.3611111111111111,CC1=C[C@@H]2OC[C@@H](C)[C@@H]2CC1
CCC1CCCC(C)S1,0.3076923076923077,CCC1CCCCC1
OCCC1CCCCO1,0.56,OCC1CCCO1
CCOC(O)C1=CCC=C1,0.2777777777777778,CCOC(Cc1ccccc1)OCC
CC1=CCC(CO)=C1,0.3055555555555556,C=C(C)C1CC=C(CO)CC1
CC1CCC(=O)CC1C,0.5,CC1CCC(=O)CC1
CCCCCC(CCCCC)CC(C)C,0.5714285714285714,CCCCCCCCCCCCC(C)C
C=C(CCCC)CCCCCCC,0.48,C=C(CCCCC)C(C)=O
CCCCCC(CCC)CCC,0.5714285714285714,CCCCCCCCC(CO)CCCCCC
CC=CC(O)C1CCC(C)(C)CC1C,0.3055555555555556,CC1(C)CCCC(O)C1
CCCCNC(C)CCCC(C)C,0.48,CCCCCCCCCCCCC(C)C
CCCCCCc1ccccc1,1.0,CCCCCCCCCCCCc1ccccc1
CC1CCC2CCC(=O)CC2C1,0.5,CC(C)C1CCC2CC(=O)CCC2C1
CC1CCCC(C)C1C,0.3888888888888889,CC1CCCC(C)N1
C=CCC(C)CCc1ccccc1,0.5161290322580645,CC(O)CCc1ccccc1
CCCC(C)CC1=C(C)CCN1,0.30303030303030304,CCCC(C)CCO
CC(Cc1ccccc1)C(N)=O,0.5333333333333333,NC(Cc1ccccc1)C(=O)O
CCC(CCCCO)Cc1ccccc1,0.45714285714285713,CCCC(O)Cc1ccccc1
CC1CCC=C(C(C)(C)C)C1,0.35294117647058826,CC1CC=C(C(C)(C)O)CC1
CC1=CCC(NS)C=C1,0.45161290322580644,CC1=CCC(C(C)C)C=C1
COC1CCC(C=O)=CC1O,0.36585365853658536,C=C(C)C1CC=C(C=O)CC1
CC1CCC2C(=CC(C)N2C)C1,0.3142857142857143,CC1CCC(C(C)C)C(=O)C1
Cc1ccc(O)c(C(C)C)c1,0.68,Cc1ccc(C(C)C)c(O)c1
CCCCCC(C)C1CC=CC=C1N,0.3055555555555556,CCCCCCCCCCCCC(C)C
CCC1(C)C(C)C(C)CC(C)C1C,0.30303030303030304,CCC1(C)C(C)C(=O)C=C(C)C1C
C=C1CCCC(C)(C)C1C=CC(C)C,0.5945945945945946,C=C1CCCC(C)(C)C1/C=C/C(C)=O
CCCC(=O)CC(CC(N)=O)C(N)=O,0.4642857142857143,CCCC(CCC)C(N)=O
CCCOC(C)(CS)CCC,0.3103448275862069,CCCC(C)(S)CO
CCCCC1=C(C)CCC=C1,0.3488372093023256,CCCCC1OC(=O)C2=C1CCC=C2
C=C1CCC(C)CC1,0.5,CC1CCC(=O)CC1
C=C1CCC2CCOCC2O1,0.3055555555555556,O=C1CCC2CCCCC2O1
CCCCCC(CC)Cc1ccccc1,0.48484848484848486,CCCC(O)Cc1ccccc1
CC1C(=O)C(O)C(C)C1C,0.27586206896551724,CC1=C(O)C(=O)OC1C
CCCCCCCN,1.0,CCCCCCN
OC(CSCC1C=C2C=CC=CC2C1)CC1=CC2CCCCC2CC1,0.18309859154929578,C=C1C=CC(C(C)CCC=C(C)C)CC1
CC(=O)CCC(C)C1CCC(C)CC1,0.41379310344827586,CC1CCC(C(C)C)CC1
C=C(C)OCCCCCCC,0.6,CCCCCCCOC(C)=O
CC=CC(=O)C1C(C)OCCC1(C)C,0.4634146341463415,C/C=C/C(=O)C1C(C)C=CCC1(C)C
C=C(C)C(C)C(C)C,0.3125,CC(C)C(C)O
C=C(C)C1C=CC(C(C)C)C=C1,0.25,C=C(C)[C@H]1C=C[C@](C)(O)CC1
CCCC(=O)CS,0.6470588235294118,CCCC(=O)CCC
CCC(C)Cc1ccccc1,0.5185185185185185,CCOC(Cc1ccccc1)OCC
CCC(C)CCC(C)O,0.55,CCC(C)CCO
COCCSC,0.4666666666666667,CSCCSC
CCCC(CCC)c1ccc(C)cc1,0.4583333333333333,Cc1ccc(C(C)C)cc1
CCC(=O)C1CCCC1,0.48148148148148145,CCOC(=O)C1CCCCC1
C=CCCC=C=O,0.45,C=CCCC=O
CCC(O)C(C)(C(C)C)C(C)C,0.42105263157894735,CCC(C)O
C=C(CC)CCC(C)CC,0.4583333333333333,CCC(C)CCO
CC(O)C1CCC(O)C(O)C1,0.48148148148148145,CC(C)[C@@H]1CC[C@@H](C)[C@H](O)C1
CC(CO)CC1C=CC2OCOC2O1,0.32558139534883723,CC(C)CC1OCC(CO)O1
CCC(C)C(O)OC,0.45454545454545453,CCC(C)C(O)S
CC1CCOC1,0.35294117647058826,CC1CCC(C)CC1
CC(C)CCCC(=O)C=Cc1ccccc1,0.575,CC(C)CCOC(=O)/C=C/c1ccccc1
CCCC(O)CCCCO,0.5909090909090909,OCCCCC(O)CO
C1=COCC(C2CC=CCC2)=C1,0.18604651162790697,O=C1CCCCC=CCCCCCCCCCO1
CCCCCOCCCCCC(OCC)OCC,0.6923076923076923,CCCCCCOC(CCCCC)OCCCCCC
C=C(C)C(C)CC(C)=O,0.5238095238095238,CC(=O)CC(C)C
CCCOCSCCC,0.47368421052631576,CCCSCCC
CCC1=C(OC)C=CC(C(C)O)C1,0.2926829268292683,CC1=CCC(C(C)C)C=C1
CC(C)CC1C=CC=C1,0.34615384615384615,CC(C)CC1SC(C)NC(C)S1
CCCCCCCC=CC(C)=O,1.0,CCCCCC/C=C/C(C)=O
C=CC(C)CCCC,0.5416666666666666,C=CC(O)CCCC
CCC(=O)CCCOc1ccccc1,0.5,CC(C)C(=O)OCCOc1ccccc1
C=CCCCCCCOC,0.5357142857142857,C=CCCCCCCCCCOC(C)=O
O=C(CC1CCCCC1)c1ccccc1O,0.42424242424242425,O=C(O)c1ccccc1O
CC1(C)CCC2CC1C2(C)C,0.6,CC1(S)CCC2CC1C2(C)C
C=C(C)CC(=O)OOC(C)C,0.4230769230769231,C=C(C)CC(C)=O
CC(C)CC(=O)c1ccccc1,0.6785714285714286,CC(CC(=O)c1ccccc1)c1ccccc1
CC(CC=O)C1C=CC(C(C)(C)C)=CC1,0.4,CC1=CCC(C(C)CC=O)CC1
CCCOCC(C)OC1CCCCC1,0.40625,CCCOCC(C)O
CC1C=CSC1C,0.21739130434782608,CC1NC(C)SC(C)S1
CCOCC(C)CC,0.44,CCC(C)COC(C)=O
CC1(C)CCCC2CCC(C=O)CC21,0.2894736842105263,C=C(C)C1CCC(C=O)CC1
CCCC(C)CC(=O)CC,0.44,CCCC(C)CCO
CCC=CC(O)O,0.4,C=CC(O)CC=CCC
CCCCC(CCC)CCC,0.5238095238095238,CCCCC(CC)CO
CCC(C)COC(C)C(C)O,0.42857142857142855,CCC(C)COC(C)=O
COC1C=CC(CS)C=C1,0.2,CCC1OC(OC)C(O)C(O)C1O
CCCC(C)OC,0.6363636363636364,CCC[C@@H](CCC(C)OC)C(C)C
CCC1=CCC(OC)=C(C)C1,0.2619047619047619,COCC1=CCC(/C=N\O)=CC1
C=C(C)C1CC2CCC1C2,0.4,C=C(C)C1CCC(C)CC1O
O=C(O)C1CCCS1,0.36,O=C(O)C1CCCCC1
CCC(C)C(O)CC(C)S,0.5454545454545454,CCC(C)C(O)S
C=CC(C)(C)CCC=C(C)C,0.6538461538461539,C=CC(C)(O)CCC=C(C)C
c1ccc(CCCC2CCCCC2)cc1,0.5428571428571428,c1ccc(CCCC2CCCO2)cc1
CC=CCCC(O)CCCCCCC,0.5357142857142857,CCCCCCCC(O)CC
C=C(C=CC)C(N)C(C)C(C)C,0.32142857142857145,CC(C)C(N)C(=O)O
CCCC1=CC(CC)C(CC)C1,0.25,CCCc1ccccc1
CCCCCCC(C)CCC=C(C)C,0.59375,CC(=O)CCCC(C)CCC=C(C)C
CCCC(CC(C)C)CC(O)C1C=C(C)C(C)CC1,0.2564102564102564,CCCC(C)O
CCCCC(=O)CCCOCC,0.6363636363636364,CCCCC(=O)CCCC
CCC=CC(O)CCC,0.5,C=CC(O)CCC
CCOC1C=CCCC1CC,0.28125,CCC1CCC1O
CC1=C(C)C(C)C(C)(C)C1,0.25806451612903225,CC1=C(O)C(=O)CC(C)(C)C1
C=CC(C)CCC,0.5238095238095238,CCCC(C)C=O
CC=CCCCSC,0.5217391304347826,CSCCCC=O
C=CCCC(O)CCC,0.48,C=CC(O)CCC
CCC1=C(C)CCC1,0.5,C/C=C\CC1=C(C)CCC1
Cc1cccc(C(C)O)n1,0.5217391304347826,Cc1cccc(C)n1
CCCC(=O)C(CC)C(C)C,0.4444444444444444,CCCC(=O)C(O)CCC
CCC1=C(C)COC=C1,0.24242424242424243,CCc1cnc(C)cn1
C=C(O)CC(C)CCCC(C)C,0.5454545454545454,CC(C)CCCC(C)CCCC(C)CCCC(C)C
C=C(C)C1CC(C(C)C)C=CO1,0.2926829268292683,C=CC1(C)CCC(C(=C)C)O1
CCCCCC(C)CCC,0.65,CCCCCCCCCCCCC(C)CC
CC(C)=CCCC(C)CC(C)(C)C,0.7407407407407407,CC(C)=CCCC(C)CC(C)(C)O
CCCCCCCC(C)CC,1.0,CCCCCCCCCCCCC(C)CC
C=CCCC(C)CCc1ccccc1,0.5,CC(O)CCc1ccccc1
COC1C=CC(C)=N1,0.22580645161290322,COc1nccnc1C
CCC(C)C1=CCCS1,0.3142857142857143,CCC(C)c1nccs1
COCC=O,0.375,CCC=O
CC1(C)CCOCC1,0.3125,C1CCOC1
CCCCCC(=O)CCCC(C)O,0.6521739130434783,CCCCCC(=O)CCCCC
C=C(CC)C1OC1(C)CCC1C(C)=CCCC1(C)C,0.48936170212765956,CC(=O)CCC1C(C)=CCCC1(C)C
CCCCCCCCCCCOCC(C)=O,0.5555555555555556,CCCCCCCOC(C)=O
CC(C)CC(O)CCC(C)N,0.55,CC(C)CC(O)CC(C)C
CC(C)CCCC1CCCCC1,0.4,CCC1CCCCC1
CC=CC1C=CC(CC(C)NCC)=C(OC)C1,0.20689655172413793,CC(Cc1ccccc1)NCCC#N.Cl
CC(O)CC(C)(C)C,0.5789473684210527,CC(O)CC(C)(C)S
CCOCCC1=CCCC1,0.29411764705882354,COC1=CCCCC1
CCCCC(CCCC)COCC,0.4230769230769231,CCCCC(CC)CO
CCC1C=CC=CC1,0.23076923076923078,CCCCCC1CC=CC(=O)O1
c1ccc(CCC2CCCC2)cc1,0.45714285714285713,c1ccc(CCCC2CCCO2)cc1
C=C(CCC)CCC(C)c1ccccc1,0.48717948717948717,CCCC(=O)OCC(C)c1ccccc1
CCCOCCCCC(C)C,0.5217391304347826,CCCCCCCCCCCCC(C)C
C=C1CC(C)(CC)CO1,0.22857142857142856,CC1(C)COC(=O)[C@@H]1O
C=CC(=C)CC,0.45,C=CC(=O)CC
CCCC(=O)CC(O)OCC,0.4583333333333333,CCCC(=O)CCC
C=CCC=CCCC(O)CC,0.4166666666666667,C=CC/C=C/CCC(=O)OCC
CC(=O)CC1CCC2C(C)(C)C3CC12CCC3C,0.36,CC(=O)OC1(C)CCC23CC1C(C)(C)C2CCC3C
CCC1CCCS1,0.3333333333333333,CCC1CCCCC1
CCCCCC1CCCOC1O,0.43243243243243246,CCCCCC1CCOC(CCCCC)O1
C=CC=C(C)CCC=C(C)CC,0.4375,CC(C)=CCC/C(C)=C/CC/C(C)=C/C=O
CCc1ccc2ccccc2c1,0.5,CCOc1ccc2ccccc2c1
CCCC(O)CCC(C)C,0.55,CCCC(O)CC
C=C(OCCC(C)C)C(C)C,0.56,CC(C)CCOC(=O)C(C)C
CCCCCC(C)CO,0.5909090909090909,CCCCCCCCCCCCC(C)CC
CC(C)CCCN,0.7333333333333333,CC(C)CCN
C=CC(C)CCCCC,0.56,C=CC(O)CCCCC
CCCCCC(C)Cc1ccccc1,0.5,CCCCCCCCCCCCc1ccccc1
CCCC(C)CC(CC)CCCO,0.5185185185185185,CCC(C)CCCO
CC=CCC,0.4117647058823529,CC/C=C\CO
CC(C)CC1CC(CC(C)C)NC(CC(C)C)C1,0.3448275862068966,CC(C)CC1SC(C)NC(C)S1
CC1CC(CS)C(=O)C1O,0.29411764705882354,CCC1CC(C)C(=O)C1=O
CCCOCCCCCCCCCCCCCCCC(C)=O,0.6,CCCCCCC(C)=O
C=CCOC(O)CC,0.4482758620689655,C=CCOC(=O)C(CC)CC
CCC1=CC=CC1,0.3076923076923077,CC1=CC=CCC1
C=C(CC)C(O)c1ccccc1,0.5,CCC(O)c1ccccc1
CC(C)CCCC1CCC(C)(CO)CC1,0.3333333333333333,CC(C)CCCCCO
Cc1cccc(CCC(C)C)c1,0.6071428571428571,CCCc1cccc(C)c1
CCC(C)CC(=O)OC,0.64,CCOC(=O)CC(C)CC
CCCCC1=CC=CC1,0.3055555555555556,CCCCCC1=CCC(=O)O1
C=C1CCCC(C)(C)C1C(=O)CC,0.4634146341463415,C=C1CCCC(C)(C)C1/C=C/C(C)=O
CC(O)OCCCc1ccccc1,0.5882352941176471,CC(C)C(=O)OCCCc1ccccc1
C=CCCCOCCCCCCCCCC,0.6521739130434783,C=CCCCCCC
CCC(CC)C(C)C,0.4,CCC(C)O
CCC(C)C1=C(C)OCCC1,0.3125,CC1=C(S)CCO1
CCC(C)CC1CCCC1,0.48148148148148145,CNC(C)CC1CCCC1.Cl
CCCC(C)N,0.5333333333333333,CCC(C)N
CCc1cccc(C)c1,0.6666666666666666,CCCc1cccc(C)c1
C=CCC1=CC(OC)C(OC)=CC1,0.325,C=CCc1ccc(OC)cc1
CC1CCCC(C)(C)C1C=O,0.3333333333333333,CC1CCCC(C)(C)C1=O
CCOC(C)CC1(C)CCC(C)C1,0.34375,CCOC(C)CC
CC(C)=CCCc1ccco1,0.5483870967741935,CCCCc1ccco1
CC(Cc1ccccc1)OCc1ccccc1,0.5517241379310345,CC(C)COC(Cc1ccccc1)OCC(C)C
CCC1CCc2ccccc21,0.2857142857142857,O=C1CCCc2ccccc21
CSCOSC,0.3125,CCSC
CCCCCCCCCCC1CCC(C)O1,0.5625,CCCCCC1CCOC(C)O1
CCC(C)C(C)S,0.5555555555555556,CCC(C)C(O)S
CCC(O)C(C)S,0.5,CCC(C)C(O)S
CC1=CC(C)C(C=CC(C)O)C(C)C1,0.5588235294117647,CC1=CC(C)C(C=O)C(C)C1
CCCCCCCCC(C)C,1.0,CCCCCCCCCCCCC(C)C
CCCOC1C=CCC1,0.3157894736842105,CCCO[C@H]1[C@H](O)COC(O)[C@@H]1O
CC=CC(C)OC(C)(C)Cc1ccccc1,0.4878048780487805,C/C=C/C(=O)OC(C)(C)Cc1ccccc1
CC(=O)CCC1CCC(C)CC1C,0.3870967741935484,CC1CCC(O)C(C)C1
CC(C)OCCC(C)c1ccccc1,0.4827586206896552,CC(CO)c1ccccc1
CCCCCCCOC(O)CCc1ccccc1,0.5384615384615384,CCCCOC(C)OCCc1ccccc1
CCc1ccc(CO)cc1OC,0.6129032258064516,COc1cc(CO)ccc1O
CC1C=CCC(C)C1,0.25,CC1CCC(C)CC1
C=CCCCCCCCC(=O)CCC,0.6071428571428571,C=CCCCCCC(C)=O
CSC=CC(C)C,0.3333333333333333,CC(C)/C=C\C=O
C1CSCCSC1,0.7,C1CCSC1
C=CCCNCCSCC=C,0.4444444444444444,C=CCSCCC
CCCCC(O)C1=CC=CC1,0.3793103448275862,CCCCC(C)O
CC(=O)CCC(=O)C(C)CCOO,0.3870967741935484,CC(=O)CCCC(C)C
CCC(C)C,0.5,CCC(C)O
CCC(C)CC(C)C(C)O,0.45454545454545453,CCCC(C)C(C)O
CCC(C)C1CCC(C)C(C)=N1,0.42857142857142855,CCC(C)C1N=C(C)C(C)S1
CC=CCCCC,0.65,C/C=C/C=C/CCCC
CCC(C)CCC(C)C1=CCC=CC1C,0.2777777777777778,CCC(C)CCO
C=CCC(C)c1ccccc1,0.5333333333333333,C=CCC(C=O)c1ccccc1
C=C(CCCCCC)OCC=O,0.4857142857142857,C=CCOC(=O)CCCCCC
CC(C)CCCC(C)CC1CC(C)CC(C)(C)C1,0.375,CC(C)CCCC(C)CCCC(C)CCCC(C)C
C=C(CC)CCCC(C)C,0.46153846153846156,CC(C)CCCC(=O)O
CCCC(C)C(=O)CC,0.5909090909090909,CCCC(C)C(=O)O
CC(O)S,0.6363636363636364,CC(O)C(C)S
CCC(C)CCCC(C)OCC=C(C)C,0.40625,CCC(C)CCCC(C)CCCC(C)CCCC(C)C
CCC(C)(C=O)SC1C=CC=C1,0.24242424242424243,CSSC(C)(C)C=O
C=CCCCC1CCCC(=O)C1,0.37142857142857144,CC1CCCC(=O)C1
COC1C=C(C(C)C)C=CC1C,0.2647058823529412,CC1C=CC(=O)O1
CCCCC(O)CCCc1ccccc1,0.5862068965517241,CCCCCCCCCCCCc1ccccc1
CCCCC1CCC(C)O1,0.5,CCCCCC1CCOC(C)O1
COC(C)C1CCCC=C1NCC1CCC(C)CC1C,0.25,CC(=O)CC(=O)O[C@H]1C[C@@H](C)CC[C@@H]1C(C)C
CNC(C)CC(C)O,0.4090909090909091,CC(O)CC(O)CO
CC1C=CC2=CC=CCC21,0.24242424242424243,CC1=CC=CCC1
CC(C)C1CCC(C)(C)CC1C,0.325,C=C1CC[C@@H]2[C@H]1[C@H]1[C@H](C(C)C)CC[C@]12C
C=C(CC)CCCCC,0.48,C=C(CCCCC)C(C)=O
CC1CCC(CCCCCO)OC1,0.35,CCCCCCC1OCC(CO)O1
CCCCC(CCC)C(C)C,0.52,CCC[C@@H](CCC(C)OC)C(C)C
CC(OCC=Cc1ccccc1)c1cccnc1,0.4444444444444444,CC(C)C(=O)OCC=Cc1ccccc1
CCCC(O)C(CC)CCC,0.47619047619047616,CCCC(O)CC
CC(C)=CCCC(C)C(C)C,0.6086956521739131,CC(C)=CCCC(C)O
CCCOC(O)CC,0.4,CCCOCC(C)O
C=CC1=NC=CNC1,0.2571428571428571,C=Cc1ncc(C)nc1C
CC1Cc2ccccc2CC1C,0.3,Cc1ccccc1C
CCC=CCCCC(=O)C1C=CC=CC1C,0.4722222222222222,CC/C=C\CCCC(=O)O
C=C(CCCCCCCC)OC,0.5384615384615384,CCCCCCC(=O)OC
C=C(COOC(C)=N)c1ccccc1,0.3333333333333333,CC(=O)c1ccccc1
CC(C)C(O)OCCCc1ccccc1,0.5555555555555556,CC(C)C(=O)OCCCc1ccccc1
C=C(CCOCCCC)OCCC(C)C,0.5,CCCCC(=O)OCCC(C)C
C=C1C(O)C(C)CCC1C(C)C,0.3939393939393939,CC1CCC(C(C)C)C(=O)C1
CCCCCCCCCC(C)CCC,0.7,CCCCCCCCCCCCC(C)CC
C=CC(C)=N,0.3181818181818182,C=C/C(C)=C/CC=C(C)C
CCCCCCCCCOC(C)C,0.7142857142857143,CCCCCCOC(C)OCCCCCC
C=C(CCC)CCSC,0.42857142857142855,CCCSC
CCC(=O)C(C)CC,0.5789473684210527,CCC(=O)C(C)C
CCCC1CCC(O)O1,0.4444444444444444,CC1OC(O)CCC1O
CCCC(CCC)C1=CCC=CN1,0.23076923076923078,CCCC(O)Cc1ccccc1
COC(O)CCC(C)C,0.38461538461538464,COC(=O)CCC(C)C
CCCC=CC(CC)CO,0.44,CCC/C=C/CO
C=C(O)CC(C)CCC,0.4583333333333333,CCCC(C)CCO
CC(=O)C1CCCC1,0.5263157894736842,O=C(C1CCCCC1)C1CCCCC1
CC(C)CCCCCS,0.5555555555555556,CC(C)CCS
CSC=CCC1NCC(=O)C1C,0.29411764705882354,CC/C=C/SC
CCC(=O)CCSOC(=O)OC,0.39285714285714285,CCCC(=O)CC
C=C(C)C(C)C,0.42857142857142855,CC(=O)C(C)C
CCCCC(S)CC,0.5416666666666666,CCCC[C@H](S)CCOC
CC(C)CCC(CO)CC(C)O,0.4583333333333333,CC(O)CC(O)CO
CCOCCCCC(C)CC,0.52,CCCCCCCCCCCCC(C)CC
CCOC(O)CC(C)CCCC(C)C,0.46153846153846156,CC(C)CCCC(C)CCCC(C)CCCC(C)C
C=C(C)C=CC1C(C)CCOC1(C)C,0.27906976744186046,C=CC1(C)CCC(C(=C)C)O1
SC(Cc1ccccc1)OCCc1ccccc1,0.5,CCCOC(C)OCCc1ccccc1
NCCCCCCC=CCO,0.5833333333333334,CCCCCCCCC/C=C/CO
CCSC(O)C(C)OCO,0.3793103448275862,CCSC(C)CCO
CCCN(C)CCC(C)O,0.5,CCCC(C)O
CCCSCC(C)C,0.5294117647058824,CCCSCCC
C=CC(C)(CCC=C(C)C)CC(=O)c1ccccc1,0.5869565217391305,C=CC(C)(CCC=C(C)C)OC(=O)c1ccccc1
C=C(C)C(=O)CCC(C)C,0.5,CC(C)CCC(=O)O
CC1CCC2C=CC=CC12,0.25,C=C(C)C1CCC(C)C(O)C1
CCCC(CCC)CCC,0.4375,CCCC(C)O
C=C(OCC)C(C)CCC(C)CCC,0.45161290322580644,CCCC(C)C(=O)OCC
CCCC(=O)C(C)C1C=CC=CC1,0.32432432432432434,CCCC(=O)C(O)CCC
CC1=C(O)CC(C(C)C)=CC1,0.4482758620689655,CC1=CCC(C(C)C)=CC1
CCCCC(C)C(C)CC,0.47619047619047616,CCCCC(C)O
C=C(O)CCC,0.4444444444444444,CCCC(=O)O
C=CC1=CC(CC)C=C1,0.2571428571428571,CCC1C=CC(=O)O1
CNC1CC=CS1,0.15789473684210525,CC1=CCC(CCO)C1(C)C
C=C(CCC)CCC1=CC=S(C)OC1,0.22,CCCC(=O)OCCc1ccccc1
CC(C)C(O)COCc1ccccc1,0.5185185185185185,c1ccc(COCc2ccccc2)cc1
CCC1C=C(CO)CC1,0.3888888888888889,C=C(C)C1CC=C(CO)CC1
CCC1C=NC(C)=C(C)O1,0.3333333333333333,CCC1C=CC(=O)O1
CCCCOCC(CC)CC(C)=O,0.4411764705882353,CCCCOCCOC(C)=O
CC1CCC2(CC1)C(C)CCC2C(C)(C)C,0.2916666666666667,CC1CCC(C)CC1
CCCCC(O)C(C)CC(C)(C)CC,0.42857142857142855,CCCCC(C)O
NCC1C=CC(C=O)C1,0.1951219512195122,CC=O.OC[C@H]1O[C@H](O)C[C@@H](O)[C@@H]1O
CCCCCCCCCC(=O)CCC,0.8333333333333334,CCCCCC(=O)CCCCC
CCC(C)C1CCC(C)(C)C1,0.3125,CC1(C)CCCC(O)C1
CC(C)C1(C)CCC23CC1C(C)(C)C2CCC3C,0.6,C[C@@H]1CC[C@H]2C(C)(C)[C@H]3C[C@@]12CC[C@@]3(C)O
CCCCCC=CCCC(CCC)CCC,0.5909090909090909,CCCCCCC=CCCCCCCCCC
CCCOC(C)CCC1CC=CCC1,0.2608695652173913,CCCOC(C)OCCc1ccccc1
CC1=CC=CC1CS,0.21875,Cc1ccc(CS)o1
CCC(=O)CCc1ccco1,0.6774193548387096,CC(=O)CCc1ccco1
CCC(CCC1C(C)CCCC1(C)C)CC(C)=O,0.25925925925925924,CC(=O)CCC1C(C)=CCCC1(C)C
CCCCCCC1CC(CS)CO1,0.4878048780487805,CCCCCCC1CC(OC(C)=O)CO1
C=C(CCC)CCCO,0.45,CCCCO
CCC(=O)CCCCCOOC,0.5555555555555556,CCCCCCCC(=O)CC
CCCCCOC(C)C(C)CC,0.56,CCCCCCOC(C)OCCCCCC
CC(C)COC(C)Oc1ccccc1,0.5161290322580645,CC(C)COC(Cc1ccccc1)OCC(C)C
CCCOCC,0.47368421052631576,CCOCCCO
CCC1=COC(C)O1,0.2727272727272727,CCC1=C(O)C(=O)C(C)O1
CC1CC(C)OC(C)C1,0.42857142857142855,CC1CC(S)C(C)O1
CCCCC(CC)CCC(O)C(CC)CCCC,0.5,CCCCC(CC)CO
CSCC1OCC(C)CC1C,0.2692307692307692,CC1CO1
CC1CC(C)C(C)C1,0.42105263157894735,CC1CCC(O)C(C)C1
CCC1(C)C2(C)CCCC1(C)CC2,0.2727272727272727,CCC1(O)C2(C)CCC(C2)C1(C)C
CCCCC(C)CCO,0.7,CCCC(C)CCO
CCCCCC(C)CCCC(S)CCC,0.52,CCCCCC(C)S
COC1=CC(C=O)=CCC1CC(=O)C(C)C,0.28846153846153844,COc1cc(C=O)ccc1OC(=O)C(C)C
CCCOCCC(=O)CO,0.4166666666666667,CCC(=O)CO
COCCC(O)C(C)O,0.5,CC(O)C(O)CCO
COC(O)C1=C(C)CCOC1,0.22857142857142856,CC1=C(S)CCO1
CCCC=CCCC(C)C,0.46153846153846156,CC(=O)/C=C/CCC(C)C
CCCCCCCC1SC1CC,0.4,CCCCCCCC
CC1=CCCC1,0.44,C/C1=C/C=C\CC/C(C)=C\CC1
COC(C)C1=C(C=CC2CCC(CCC=C(C)C)CC2)CCC=C1,0.296875,C=C1C=CC(C(C)CCC=C(C)C)CC1
C1=CCC(CC2=CCCCC2)C=C1,0.2631578947368421,COC1=CCCCC1
CCC(C)CCC(C)OCCC(C)C,0.48,CC(C)CCOC(C)OCCC(C)C
CCCCSCC(C)OC,0.4782608695652174,CCCCSCCCC
CCCCOC(C)CCC(C)CC,0.48148148148148145,CCCCCCCCCCCCC(C)CC
CC1CCC=CC1C=O,0.2777777777777778,C=C(C)[C@H]1CC[C@@H](C)[C@H]1C=O
CC(C)CC1CCC(S)CO1,0.3611111111111111,CC(C)CC1OCC(CO)O1
CCc1ccc(C=CC(C)C)cc1,0.5,CCc1ccc(C=O)cc1
C=CCC1C=C(O)C(OC)CC1,0.27906976744186046,C=CCc1cc(OC)c(O)c(OC)c1
CC(C)CCC(=O)CCC(C)O,0.5217391304347826,CC(C)CCC(=O)O
C=C(O)C1C=C(O)C(S)=CC1,0.24390243902439024,C=C(C)C1CC=C(C)C(=O)C1
CC(CO)CCC1C(C)CCCC1(C)C,0.2926829268292683,CC1CCCC2(C)CCCCC12O
CCCCCC1CCC(=O)C1C,0.4878048780487805,CCCCCC1C(=O)CCC1CC(=O)OC
CCOC1CC=CC=C1CC,0.23076923076923078,CCOc1ccc2ccccc2c1
CCCC=C1CC2C(CC1C)C2(C)C,0.28205128205128205,C=C1CCC2C(C1)C2(C)C
CCCC(=O)C(=O)OCC,0.5652173913043478,CCCC(=O)OCC
Cc1ccc(C(C)C)nc1,0.5,Cc1cnc(C(C)C)cn1
CC(C)CC(O)O,0.6,CC(C)CC(O)CC(C)C
C=C1C=C(C)C(=C)C(C)(C)C1,0.3548387096774194,CC1=CC(=O)CC(C)(C)C1=O
CCC(C)(OO)C(C)C,0.3333333333333333,CCC(C)(C)O
CCCCOC(C)CCCOC,0.4642857142857143,CCCCOC(CCCC)OCCCC
CCCCOC(C)CCc1ccccc1,0.6764705882352942,CCCCOC(C)OCCc1ccccc1
CCCc1cc(C=O)ccc1O,0.5333333333333333,O=Cc1ccc(O)c(O)c1
CCCOCOCCCCCCC(C)C,0.52,CCCCCCCCCCCCC(C)C
CCC(=O)C(C)CCC1C=CC=C1,0.3793103448275862,CCC(=O)C(C)C
CCC1CCC(C)CC1(C)C,0.3181818181818182,CC1CCC(C)CC1
CC(C)CCCc1ccccc1,0.5862068965517241,CC(C)CCOCCc1ccccc1
CCCC(C)C(C)NC(C)COC,0.3448275862068966,CCCC(C)C(C)O
C=C(CCCCC)OC(C)C,0.5714285714285714,CCCCCC(=O)OC(C)C
C=CCCC(=C)C(C)C,0.4,C=CCCC(=O)O
CCCCCCCOC(=O)OC(C)C,0.6206896551724138,CCCCCCOC(=O)C(C)C
CC(=O)OC1=CC2CC1C1CCCC21,0.3076923076923077,CC(=O)OC1C=C(C)C2CC(=C(C)C)CC2C(C)C1
O=C1CCCCCO1,1.0,O=C1CCCCCCCCCCCCCCO1
CC(=O)C(S)CC(=O)O,0.5454545454545454,CCC(S)C(C)=O
CC1=CC(O)CC1,0.5,CC1=CC(O)C(C(C)C)CC1
CC1CCCC2(C)CCC(C(C)(C)O)CC12,0.5,C=C1CCC[C@]2(C)CC[C@@H](C(C)(C)O)C[C@@H]12
CCOC(=O)C1=CC=C(C)CC1C,0.3888888888888889,CCOC(=O)c1ccccc1C(=O)OCC
CC(CO)C(C)CS,0.5263157894736842,CC(S)C(C)CO
OCCc1ncco1,0.3333333333333333,Cc1ncsc1CCO
CC(O)CC(C)(C)Cc1ccccc1,0.5172413793103449,CC(C)(O)Cc1ccccc1
CCCCC(CC=N)SC,0.6428571428571429,CCCCC(CC=O)SC
CC1CCC(C)N1,0.7142857142857143,CC1CCCC(C)N1
CCC1CCOC1C,0.44,CC1OCCC1S
C=CCCC(C)C(C)CC,0.34615384615384615,C=CCCCCCC
CC1CC(=O)C(O)C1C,0.3333333333333333,CC1CC(=O)C(=O)C1C
CCCC(C)SCC(=O)C(C)CCC,0.4642857142857143,CCCC(C)C(=O)O
CC1=C(N)C(N)C(O)C(C(O)CC2CCCCC2C)=C1S,0.1935483870967742,CC(C)[C@@H](C(=O)O)[C@@H](O)[C@H](O)[C@@H](N)CC1CCCCC1
CCC(C)(CCc1ccccc1)CC(C)C,0.5294117647058824,CCC(C)(O)CCc1ccccc1
CC(C)CCCC1C=CCC=C1,0.3333333333333333,CC(C)CCCC(C)CCCC(C)CCCC(C)C
CC(C)CCC(C(C)C)C(C)CC(C)C,0.34782608695652173,CC(C)CCCC(C)CCCC(C)CCCC(C)C
CC(=O)C1=CC(C)=CC1,0.3103448275862069,CC(=O)c1ccc(C)cc1
C=CC(C)C1CCC(C)CC1,0.5217391304347826,CC1CCC(C(C)C)CC1
C=C(C)C(C)CC,0.42857142857142855,CCC(C)C(=O)O
CCC1CC(C)CC(C)C1,0.38095238095238093,CCC1CCCCC1
CCC(C)C(S)CCCC(C)C,0.48,CCC(C)CCCC(C)CCCC(C)CCCC(C)C
Cc1cc2c(cc1C(C)C)C(C)(C)CC(C)C2(C)C,0.5609756097560976,CC(=O)c1cc2c(cc1C)C(C)(C)C(C)CC2(C)C
C=C(C=CO)NCCc1ccccc1,0.3870967741935484,OCCc1ccccc1
C=CCC(CC)CCC,0.38461538461538464,C=CC(O)CCC
CC(C)=CCCC(C)CCCC(=O)c1ccccc1,0.6052631578947368,CC(=O)CCCC(C)CCC=C(C)C
CCCCC(CC)C1CCCO1,0.30303030303030304,CCCCC(O)CC
COCCCCC(C)=O,0.5217391304347826,CCCCCC(C)=O
CCCC(C)CCc1ccccc1,0.5714285714285714,CC(O)CCc1ccccc1
C=CCCC(C)C(C)C,0.3333333333333333,C=CCC(C)O
CCC1CCC(C)N1O,0.2857142857142857,CCC1CCC1O
CCNCCCCCC(O)CC(C)C,0.4074074074074074,CC(C)CC(O)CC(C)C
C=CC(=O)CCO,0.5714285714285714,C=CC(=O)CCC
CC(N)CCC1C=CC(C)CC1,0.2413793103448276,CCC(C)N
CCCCCC1C(C)CCC1CC(=O)OC,0.5454545454545454,CCCCCC1C(=O)CCC1CC(=O)OC
CC(O)CC1CCCCCCOCCCC1,0.3939393939393939,CNC(C)CC1CCCC1.Cl
OCOC1CCCCS1,0.2857142857142857,OCC1CCCCC1
CCCOCCCCCC(C)CC,0.6,CCCCCCCCCCCCC(C)CC
CC(CC1CCCCC1)CN1C=CCC=C1,0.35135135135135137,CNC(C)CC1CCCC1.Cl
CCSCCCCCCO,0.5,CSCCCCO
CC1CCC(C(C)O)C1,0.4782608695652174,CC1CCC(C(C)C)CC1
CC(C)CC(O)CCO,0.6111111111111112,CC(C)CC(O)CC(C)C
CC(O)OC1CCCC1C,0.2727272727272727,CC(C)O
CCC1CC(C)CC=C1C(C)C,0.3235294117647059,CCC1CC(C)C(=O)C1=O
CC(C)CC(O)c1ccccc1,0.6,CCC(O)c1ccccc1
C=CC1CCC(OCC)C(OC)C1,0.325,CCOC1CCC(O)OC1C
CCC1CCC(C)C1,0.4090909090909091,CCC1CCCCC1
CC1CCC2CCC(S)CC2C1,0.3333333333333333,CC1CCC(C)CC1
CC1=CC2COCC2C=C1,0.29411764705882354,CC1=CCC(C(C)C)C=C1
CCC1C=CC(C)CC1,0.2692307692307692,CCC1CCCCC1
CCCCCCCCCC(C)C(CCC)CCC,0.5454545454545454,CCCCCCCCCCCCC(C)C
CC1CCCC(C)C1,0.5333333333333333,CC1CCCCC1
CCCC(O)CCOC,0.5,CCCC(O)CC
CC=C(C)C(=O)OCCCc1ccccc1,0.8181818181818182,C/C=C(\C)C(=O)OCCc1ccccc1
C=CC(C)CCCC(C)CCCC(C)C,0.6190476190476191,CC(C)CCCC(C)CCCC(C)CCCC(C)C
C=C(CCCCCCCCC)CC(C)=O,0.6,CCCCCCC(C)=O
CC(CO)CCCC(C)CCC=O,0.43333333333333335,CC(C)CCCC(C)CC=O
C=C1C(C)=CCCC1C(C)C,0.34146341463414637,C=C1/C=C/[C@H](C(C)C)CC/C(C)=C/CC1
CCSC1=C(C)CCC(OC)C1,0.27906976744186046,C=C(C)C1CCC(C)=C(OO)C1
CCC(=O)C1C=CC=C1,0.3333333333333333,CCC(=O)O
CCc1ccccc1OC,0.5714285714285714,COc1ccccc1OC
CCCCCCCCOC(=O)CCc1ccccc1,0.7777777777777778,CCCCCCCCCC(=O)OCCc1ccccc1
CC1CCSC(C2C=CCCC2)O1,0.21052631578947367,CC1SCCSS1
CC1(C)C2CCC(C2)C1(C)C,0.4166666666666667,CC1(C)C2CCC1(C)C(O)C2
C=C1CC(CC)C(C)C1O,0.3448275862068966,CCC1CCC1O
CSOC(C)C(C)CCO,0.375,CC(C)CCO
C=CCC1=CC(CC)C(CC(=O)CC(C)C)C=C1,0.3103448275862069,C=CCc1ccc(OC(=O)CC(C)C)c(OC)c1
CC(C)COC=Cc1ccccc1,0.5277777777777778,CC(C)COC(=O)/C=C/c1ccccc1
CC(C)C=CC(C)C,0.4666666666666667,CC(C)/C=C\C=O
CC(=O)CC1CC2CCC1(C)OC2(C)C,0.3611111111111111,CC12CCC(CC1)C(C)(C)O2
CCOCCC(=O)OC,0.5714285714285714,COC(=O)CCC(=O)OC
C=CC=CC=C,0.5833333333333334,C=C/C=C\C=O
CCCC(C=O)CC(C)CC,0.46153846153846156,CCCC(C)C=O
CCCC(CCC)SC,0.7368421052631579,CCCC(CCO)SC
CCc1ccc2c(c1)OCC2,0.45161290322580644,c1ccc2c(c1)CCO2
O=CC1=CCC2OCCC2=C1,0.2857142857142857,CC1OCCC1=O
CC1OCC2CC1C2(C)C,0.375,CC1C(=O)CC2CC1C2(C)C
CCCC(O)CC(CC)CCC(C)C,0.48,CCCC(O)CC
CCC(C)C(O)CCC(C)C,0.43478260869565216,CCC(C)C(O)S
CC(=O)Cc1ccc(CCC(C)O)cc1,0.5862068965517241,CC(O)CCc1ccccc1
CC(C)CC1CCCCC1C,0.3225806451612903,CNC(C)CC1CCCC1.Cl
C=CC(C)(C)OCC=C(C)C,0.41935483870967744,C=CC(C)(O)CCC=C(C)C
CC1CCC(C)(C(C)C)CC1,0.375,CC1CCC(C(C)C)CC1
CCCCCCC(O)OO,0.5416666666666666,CCCCCCCC(C)O
C=C=CCC=C,0.2857142857142857,C=CCCC=O
CCC1C=CC=C1,0.25925925925925924,CCC1C=CC(=O)O1
CC(=CCCC=O)CCCC(C)C,0.5294117647058824,CC(=CCO)CCCC(C)CCCC(C)CCCC(C)C
CCC(S)C(O)OCCc1ccccc1,0.5135135135135135,CCCOC(C)OCCc1ccccc1
CC1OCCC(C)(C)C1C=O,0.28125,CC1OCCC1S
CC1CC(C)(C)CC(=O)C1O,0.3125,CC1CC(O)CC(C)(C)C1
CCCCCCCC(=O)C(C)C,0.8095238095238095,CCCCC(=O)C(C)C
CCOC(N)C(C)C,0.47368421052631576,CCOC(C)OCC
CC(C)C1CCC(OO)CC1,0.4782608695652174,CC1CCC(C(C)C)CC1
CC1=CC=CC(O)C1C,0.2647058823529412,CC1=CC(O)C2CC1C2(C)C
NCCC1C=CC(O)=CO1,0.25,CCC1C=CC(=O)O1
CC(C)OC(C)S,0.38461538461538464,CC(C)S
CCCC(C)C(C)SC,0.45454545454545453,CCCC(C)C(C)O
CCCCCCCCC(C)CC,1.0,CCCCCCCCCCCCC(C)CC
CCCCC1=CC=CCC1,0.41379310344827586,CC1=CC=CCC1
CCCCSC1=CCC=C1C,0.3333333333333333,CCCCSCCCC
CCCCOCCC(=O)CCC,0.5454545454545454,CCCC(=O)CCC
CCC(C)C(S)CC,0.631578947368421,CCC(S)C(C)CO
C=CC(C)(C)CCCC(C)C,0.6538461538461539,C=CC(C)(O)CCCC(C)C
OCCCCCCCO,1.0,OCCCCCO
CCCC1=C(C(=O)CC)C=CCC1,0.3,CCC(=O)C1=NCCC1
C=CCCCCCCCC(C)O,0.52,CCCCCCCC(C)O
C=C(OC(CC)CCCCC)C(C)=CC,0.6571428571428571,C/C=C(\C)C(=O)OC(CC)CCCCC
O=CC1C=CCC1,0.28205128205128205,C=CCC1(C2C=CCC2)C(=O)NC(=O)NC1=O
CC(O)CC(O)OC1CC(C)CCC1C(C)C,0.5609756097560976,CC(O)CC(=O)O[C@@H]1C[C@H](C)CC[C@H]1C(C)C
CCOCCCCCC(O)C(C)CC,0.4,CCOCCCO
CC1CC(C)NC(C)C1,0.4444444444444444,CC1CCCC(C)N1
CCC(C)C1CCCCCCCCCCO1,0.3888888888888889,OC(OC1CCCCO1)C1CCCCO1
COCO,0.36363636363636365,CCO
C=C(CC)CCCCCCCCC,0.5,CCCCCCCC(=O)CC
CCC(C)CCCCCCCCCCCCCO,0.8,CCC(C)CCCO
CCCCC(CC)CCCO,0.6818181818181818,CCCCC(CC)CO
Cc1ccn(C(C)C)c1,0.3076923076923077,Cc1ccc(C(C)C)cc1
C=CCCC(C)C(CC)CC,0.3333333333333333,C=CCCCCCC
C=CCCCNC,0.43478260869565216,C=CCCCCCC
CC(C)CCCC(CCCC(C)C)CC(C)C,0.5263157894736842,CC(C)CCCC(C)CCCC(C)CCCC(C)C
C=C(CC)C(C)CCCCCC,0.5925925925925926,C=C(CCCC)C(C)CCCC
CCCC(C)CCC(C)CC,0.55,CCCC(C)CCO
CCCCCCCCC(=O)CCC,0.8333333333333334,CCCCCC(=O)CCCCC
COC(O)C=C(C)C,0.3333333333333333,C=CC(C)(C)C(O)C=C(C)C
CCC(C)CC1C=CC2C3C=C(CC3)C12,0.23404255319148937,CCC(C)C1CCCCC1=O
CCCCCCCCC(CC(C)=O)C(C)CCC,0.45714285714285713,CCCCCCC(C)OC(C)=O
CCCCCCCCCCCCCCCC(C)O,1.0,CCCCCCCC(C)O
CCC(CC)CCCCCCSC,0.4074074074074074,CSCCCCC#N
C=Cc1cccnc1,0.4782608695652174,C=Cc1ccccc1
c1ccc2c(c1)CCCC2,0.4782608695652174,O=C1CCCc2ccccc21
CCCCCCCCCC(O)CC,1.0,CCCCCCCC(O)CC
CCC1=C(C)C(OC)CC(C(C)C)=C1,0.2682926829268293,CC1=CCC(C(C)C)C=C1
CCCC1=COCO1,0.35294117647058826,CCCc1ccc2c(c1)OCO2
CCC1C=CC(C)=CC1CC,0.28125,CCC1C=CC(=O)O1
CCC(O)SCC1C(C)CCCC1(C)C,0.2558139534883721,CC1CCCC2(C)CCCCC12O
CCCCCCCCC(C)C1C=CC=CC1,0.375,CCCCCCCCCCCCC(C)C
CCCC(C)OCC(C)C,0.4074074074074074,CCCC(C)OC(C)=O
CC(C)CCCC(C)CCCC(C)C,1.0,CC(C)CCCC(C)CCCC(C)CCCC(C)C
OC1CCCCCCCCC1,1.0,OC1CCCCC1
CCCC=C(C)CCCC(C)C,0.5625,CC(=CCO)CCCC(C)CCCC(C)CCCC(C)C
CCC1=CC(OS)C(CC)CC1,0.2571428571428571,CCC1CCC1O
CC(C)C1CC(c2ccccc2)CCO1,0.325,CC1COC(c2ccccc2)O1
CCOC1C=CCC=C1CC,0.21621621621621623,CCOC1C(O)OC(O)C(OCC)C1OCC
CCCC(CCC)SS,0.44,CCCC(CC=O)SC
CCC(C)(O)CCCC(C)C(C)O,0.6538461538461539,CCC(C)(O)CCCC(C)C
CCCC=CCC(C)O,0.4782608695652174,CCC/C=C/CO
CC1C=C(O)C(C(C)C)=CC1,0.28125,CC(C)c1ccccc1O
CC(=O)NCC(C)C,0.4090909090909091,CC(=O)CC(C)C
C=CCCc1ccc(C)cc1,0.4444444444444444,Cc1ccc(CC=O)cc1
CCC(=O)C(C)(C)C,0.4117647058823529,CCC(=O)O
C=C(CCC)CNc1ccccc1O,0.3611111111111111,CCCc1ccccc1O
CCCC1CC=C(C)N1,0.2972972972972973,CCCC1CC(=O)C=C(C)C1
CCCCCCCC(C)C(C)O,0.6363636363636364,CCCCCCCC(C)O
CCC(CC)OC,0.3333333333333333,COC(C(O)CO)C(O)CO
CCCCCC1CCC(C)C1,0.37142857142857144,CCCCCC1CCOC(C)O1
CC1CCC(C(C)C)CC(C)C1,0.6190476190476191,CC1CCC(C(C)C)CC1
COC1C=CC=CC1,0.19444444444444445,CC1=CCC(C(C)(C)O)C=C1
C=C(C)CCCC,0.5,CCCCC(C)=O
CC(O)OC1CCC(C(C)(C)C)CC1,0.4838709677419355,CC(=O)OC1CCC(C(C)(C)C)CC1
CC1OC(C)C(O)C1=O,0.32142857142857145,CC1=CC(=O)C(C)O1
COC1C=CC(OC)C(C(C)(C)C)C1,0.23809523809523808,CO[C@H]1C[C@H](OC(C)(C)C)O[C@@H](C)[C@@H]1O
CCCC1CCOC(C)C1,0.42424242424242425,CCCC1CCOC(C)S1
CCCCCC(O)OCOC,0.4444444444444444,CCCCCC(C)O
C=C(CCC=CC1C=CC=CC1)C(C)CC,0.2608695652173913,C=C(CCCC)C(C)CCCC
CCOCC(C)OC(C)C,0.4074074074074074,CCOC(C)OCC(C)OC(C)OCC
CCCCCCCCCCCCCCS,1.0,CCCCCCS
CC(=O)C1(CC(C)C)CCCCC1,0.375,CC(=O)OC1(C(C)=O)CCCCC1
C=CC(C)SCCC(C)CCCC(C)C,0.5,CC(C)CCCC(C)CCCC(C)CCCC(C)C
CCCCCCCCCSC(C)CC(C)C,0.4230769230769231,CCCCCCCCCCCCC(C)C
CCCC1C=CSO1,0.2702702702702703,CCCCCC1C=CC(=O)O1
CC(C)CCCCC(O)O,0.55,CC(C)CCCCCO
C=CCCC(C)C,0.38461538461538464,CC(=O)/C=C/CCC(C)C
CCCCCC(C)C,0.9333333333333333,CCCCCCCCCCCCC(C)C
CCCCCCCCCCCOC(C)O,0.6521739130434783,CCCCCCOC(C)OCCCCCC
C=CCCOSCOSCC=C,0.3076923076923077,C=CCSCC=C
CC1=CCC(C(C)C)CC1,0.6333333333333333,CC1=CCC(C(C)CO)CC1
O=C(CCc1ccccc1)OCO,0.7,CCOC(=O)CCc1ccccc1
CC(C)(C)C1CCC(O)OC1,0.3333333333333333,CC(=O)OC1CCC(C(C)(C)C)CC1
CCCC(C)CCCC(C)CCCC(C)C,0.7647058823529411,CC(C)CCCC(C)CCCC(C)CCCC(C)C
CCC(O)C1C=CC=C1,0.3333333333333333,CCC(C)O
CCCCCCCCCOC(O)CC(C)C,0.5555555555555556,CCCCCCOC(C)OCCCCCC
CC=CCCC(O)CC(C)C,0.4782608695652174,CC(C)CC(O)CC(C)C
CC(C)CC1CCCN1,0.3333333333333333,CC1CCCCN1
CC(C)C1CC=C2OCCCC2C1,0.2978723404255319,CC(C=O)CC1=CCC(C(C)C)CC1
CCCC=CCCCCCC,0.875,CCCCCCC=CCCCCCCCCC
CC1C=CC(C(C)O)=CC1,0.3142857142857143,CC1=CCC(C(C)C)C=C1
CC1CCC(O)C1C,0.45454545454545453,CC1CCC(O)C(C)C1
CC(C)CCN(C)O,0.4,CC(C)CCO
CCC(C)C1NC(C)C(C)O1,0.28205128205128205,CCC(C)O[C@@H]1OC(C)[C@H](O)[C@H](O)C1O
CC(=O)C1CCC=C1C,0.3939393939393939,CC(=O)C1CC=C(C)CC1
COC(C)OC(C)=O,0.55,CC(=O)OC(C)C
Cc1cc(C(C)(C)C)c(C)c(S(C)(C)C)c1,0.48148148148148145,Cc1cc(C(C)(C)C)c(O)c(C(C)(C)C)c1
CCC=C1C2CCC(C2)C1(C)C,0.4838709677419355,C=C1C2CCC(C2)C1(C)C
CC(C)(C)OCc1ccccc1,0.5416666666666666,COCc1ccccc1
CCC1CCCC(OC)C1,0.44,CCC1CCCCC1
CC(C)C1C=CC=CC1,0.4642857142857143,CC1=CCC(C(C)C)C=C1
CC1CCCCCCCCCC=CCCCO1,0.3142857142857143,O=C1CCCCC=CCCCCCCCCCO1
CCC(CC)CCC(C)C,0.4090909090909091,CCC(C)CCCC(C)CCCC(C)CCCC(C)C
CCCCOC=CCC=CCCCCCCCC(=O)O,0.7142857142857143,CCCCC/C=C\C/C=C\CCCCCCCC(=O)O
C=C(C)CCC(C)CCC(C)C,0.5,C=C(C)CCC[C@H](C)CCO
CC=CCCC(C)CC,0.4166666666666667,CCC(C)CCO
CCCCCOCC(S)CCC1=COC=CC1,0.2826086956521739,CCCCCCCOCCS
CCC1C=C(C)CC1C,0.40625,CC1=CC(C)C(C=O)C(C)C1
CCOC1C=C(OC)C(OC)=CC1,0.24390243902439024,CCOC(=O)c1ccc(OC)cc1
CCCOO,0.4,CCCOC(C)=O
CCC1N=C(C)C(C)O1,0.52,CC1=NC(C)OC1C
CCCC(C=O)c1ccccc1,0.5483870967741935,C=CCC(C=O)c1ccccc1
CCCCC1C=CNC=C1,0.30303030303030304,CCCCC1OCC(C)O1
CC1=CC(C)CC(C)=C1,0.3125,CC1=CC(=O)CC(C(C)C)C1
CCCCCC(CCC)OCC,0.43333333333333335,CCCCCC(CC)OC=O
CC(O)C(=O)CCC1=CCC=CC1,0.3235294117647059,CCC(=O)C(C)O
COC(C)C(C)CCCCCCCO,0.52,CC(C)CCCCCO
CCCCC1C=CC(C)C=C1,0.3548387096774194,CCCCC1OCC(C)O1
C=C(CC)CC1CCCC1,0.4166666666666667,CCC1CCCCC1
CCCCCCSCC=O,0.48,CCCCCCCC=O
CSCCC(C)C,0.5789473684210527,CSSCCC(C)C
CC(C)OC1C=CC2CCCCC2C1,0.23809523809523808,CC(C)O[C@@H]1OC(C)[C@H](O)CC1O
C=C(C)O,0.4,CC(=O)O
C=CCCCCOCC=C,0.43333333333333335,C=CCCCCCCCCCOC(C)=O
CCCCC1C=CC=C1,0.3333333333333333,CCCCC
C=CC1CCN(C)CC1,0.25,C=CC1CC=C(/C=N/O)CC1
CC1=CC(O)C2CC1C2(C)S,0.6551724137931034,CC1=CC(O)C2CC1C2(C)C
CC=C(C)C(O)CNCC=CCC,0.3142857142857143,C=CC(O)CC=CCC
CCCCCC1CCC(C)O1,0.5806451612903226,CCCCCC1CCOC(C)O1
CCCC=CC(C)CCC,0.48,CCC/C=C/C(OC)OC
CC(C)C(S)CCCC1CCCCC1,0.3448275862068966,CCC1CCCCC1
CC1(S)C2CCC(CO)C1C2,0.2857142857142857,C/C(=C/CCC1(C)C2CC3C(C2)C31C)CO
CCCC(OCC)C(C)CC,0.45454545454545453,CCOC(C)OCC
CC(C)=CCCC(C)CC(C)C,0.64,CC(C)=CCC[C@H](C)CCO
CC(C)CCCC(CC(C)C)OCC(C)C,0.4,CC(C)CCCC(C)CCCC(C)CCCC(C)C
CC1C=CC=C(O)C1,0.25,CC1=C(O)C(=O)CC1C
CCCCC(=O)CCCCCC1CCCCC1,0.5,CCCCC(=O)CCCC
CCCC1C=CC(O)CC1,0.26666666666666666,CCC1CCC1O
CC(C)CCCCCCC(C)C,0.7333333333333333,CCCCCCCCCCCCC(C)C
CC(C)=CC(=O)CC(C)C,0.5,CC(=O)CC(C)C
CCC(C)(C)Cc1ccccc1,0.56,CC(C)(O)Cc1ccccc1
C=CCCC(C)CC,0.43478260869565216,CCC(C)CCO
CCC(O)CC(C)C,0.6875,CC(C)CC(O)CC(C)C
CC(N)C(C)c1ccccc1,0.52,COC(OC)C(C)c1ccccc1
CCC1=C(OC(O)C(C)C)C=CC(CC)C1,0.21739130434782608,CC1=CCC(C(C)C)C=C1
C=C(C)C1(O)CCC(C)CC1,0.3793103448275862,C=C(C)C1CCC(C)(O)CC1
CCCCCCOC(C)CC,0.6521739130434783,CCCCCCOC(C)OCCCCCC
CCC(C)CCCC(C)=CCO,0.7,CC(=CCO)CCCC(C)CCCC(C)CCCC(C)C
COC1C=CC(C)O1,0.3333333333333333,COC1CCC(O)OC1C
CC(CC(C)C(C)C)c1ccccc1,0.56,CC(CO)c1ccccc1
CC(C)c1ccccc1,0.5789473684210527,CC(O)c1ccccc1
CC(C)CC(O)C1=CCCC=C1N,0.3103448275862069,CC(C)CC(O)CC(C)C
CCC(O)C1=NC=CC1,0.3548387096774194,CCC(O)c1ccccc1
CC1CCCC(c2ccccc2)C1,0.3333333333333333,CC1COC(c2ccccc2)O1
CCC1C=CC(C2CCC(C)O2)=CC1,0.24324324324324326,CCC1CCC(CC)O1
CC(C)C1C=CCC1,0.41379310344827586,C=C1C=CC(C(C)C)CC1
C=C1CC(C)C2CC13C(=CCC3C)C2(C)C,0.275,CC1=CCC2C(C1)C2(C)C
CCCCCOC,0.9333333333333333,CCCCCCOC
CC(C)CC(C)(C)C1CCCC1,0.2916666666666667,CC(CC(C)(C)C)CC(C)(C)C
CCC(C)C1=CC(C)CO1,0.2631578947368421,CCC(C)c1nccs1
CCC(C)CC(C)C(C)C,0.4,CCC(C)CN
CCCCCCC(C)CCC,0.7,CCCCCCCCCCCCC(C)CC
Cc1ccc(C=O)cc1C,0.5217391304347826,Cc1ccc(C=O)cc1
CC1CCCC1C,0.4375,CC1CCCC(C)N1
CC(C)CCC1CCCC1,0.39285714285714285,CNC(C)CC1CCCC1.Cl
CCC(C=O)=CC1C=CCC=C1,0.38235294117647056,CCCC/C=C(/C=O)CC
OC1C=Cc2ccccc2O1,0.25,O=C1CC(c2ccccc2)Oc2ccccc21
OC1C=CC2=CCC=CC2C1,0.1951219512195122,CC1=CCC(C(C)(C)O)C=C1
CCC(C)C(C)C1=CC=CCC1,0.3870967741935484,CC1=CC=CCC1
CNC1CCCC1C,0.30434782608695654,CC1CCCC(C)N1
CC(C)CCC1C(C)CCCC1(C)C,0.2894736842105263,CC1CCCC2(C)CCCCC12O
CCCC(=O)C1N(C)CCCC1(C)C,0.3170731707317073,CCCC(=O)OC1CCCCC1
CC1CC(C)C(O)C1,0.6,CC1CCC(O)C(C)C1
CC(C)=CCCC(C)CCOCO,0.6666666666666666,CC(C)=CCCC(C)CCOCC=O
CCSC=CCCS(=O)OO,0.23076923076923078,CCC/C=C/C(=O)OC
CC(=O)C1CCCCC1,0.5789473684210527,O=C(C1CCCCC1)C1CCCCC1
CC1=CC(C)CC(CCC(C)C)C1,0.2926829268292683,CCCC1CC(=O)C=C(C)C1
COC1=CC(C)C=C1,0.25,COc1ccc(OC)cc1
O=C1C=CC=CC1,0.3333333333333333,O=C1C=CCO1
CC(=O)C1C=C(C)OC1C,0.3142857142857143,CC(=O)C1=C(C)OC(C)C1=O
CCC1=CCC(C)O1,0.3333333333333333,CCC1=CCC(=O)O1
CCCCCCOC(C)O,0.6521739130434783,CCCCCCOC(C)OCCCCCC
CCCC1C=CC(OC)C=C1,0.23684210526315788,CCC1OC(CCC2OC(OC)C(O)C(O)C2O)C(O)C(O)C1O
CC1=CCC(c2ccccc2)C=C1,0.42424242424242425,CC1=CCC(C(C)C)C=C1
CCCC(=O)CC1=CSCO1,0.36666666666666664,CCCC(=O)CCC
CC(O)CCCC(=O)CCCC1=CCC=C1,0.30612244897959184,CC1=C(CCC(C)O)C(C)(C)CC=C1
CC1=CCC(C)C(C(C)O)C1,0.40540540540540543,CC1=CC[C@H]2C(C)=CC[C@@H](C(C)C)[C@@H]2C1
CC1CCOO1,0.3333333333333333,CC1CO1
CCCCCC1CC(C)C(C)C1,0.4074074074074074,CCCCCC1OC(C)C(C)O1
CCCCC(CNCC)CC(C)C,0.3548387096774194,CCCCC(CC)CO
CC=CC(C)CCC1=CCCN1,0.2558139534883721,CC(C=O)CCc1ccccc1
O=C(O)CCCCO,0.7333333333333333,O=C(O)CCCCC(=O)O
CCCCC(=O)OCCCC1C=CC=CC1,0.5277777777777778,CCCCOC(=O)CCCC
CCC(C)CC(C)CC,0.5,CCC(C)CN
CC(O)C(=O)c1cccnc1,0.6,CC(=O)c1cccnc1
C=CC(CCCCC)CC(O)C(C)O,0.5161290322580645,C=CC(O)CCCCC
CC(CC=O)CC1=CC=CC1C,0.35294117647058826,CCCC(C)CC=O
CCOCC(C)C,0.375,CCC(=O)OCC(C)C
CCCCCCCCCCC(C(C)O)C(O)OCC,0.5555555555555556,CCCCCCCC(C)O
CCCCCCNC(=O)CCCC,0.4482758620689655,CCCCCCC(=O)OC
CCCC(=O)CCCC(C)C,0.5714285714285714,CCCC(=O)CCC
COC1C=CC=C(C)C1,0.3,CC1=CC=CCC1
CCCCCCC1C(C)CCC1C(=O)CS,0.34285714285714286,CCCCCC(=O)CCCCC
CCCCCCCC(C)CCc1ccccc1,0.6206896551724138,CCCCCCCCCCCCc1ccccc1
C1=CC2(CC1)CC1CC2C2=CSCC21,0.18181818181818182,C/C1=C\CCC2(C)O[C@@H]2CC(C)(C)/C=C/C1
CCCCCC(C)CCCC(C)C,0.7368421052631579,CCCCCCCCCCCCC(C)C
CC(C)C,0.42857142857142855,CC(C)O
C=C(C)C(C)C(C)C(C)C(C)(C)C,0.25,CC(C)C(C)(O)C(C)C
CCC1C=C(C)CC1,0.375,CC1=CC(O)C(C(C)C)CC1
CC(C)OC(C)c1ccccc1,0.5185185185185185,CC(OC=O)c1ccccc1
CC(C)(O)CC=O,0.39285714285714285,CC(CC=O)CCCC(C)(C)O
CCCC(O)CCc1ccccc1,0.6785714285714286,CCCC(O)Cc1ccccc1
CC(C)=CCOC(C)C,0.5,CC(C)=CCOC(=O)C(C)C
CCCCCCNCC1CCCC(=O)O1,0.6578947368421053,CCCCCCCC1CCCC(=O)O1
CC(C)CC(=O)C(O)C(C)O,0.6190476190476191,CC(C)CC(=O)C(C)O
CC1CC=C(O)C(OCO)C1,0.275,CC1CC=C(C(C)(C)O)CC1
COC(=O)C1CC=CCC1C,0.3548387096774194,COC(=O)C1CCCCC1
CCCC(CS)CC=O,0.5,CCCC(C)CC=O
C=C(O)C(C)CCC,0.5454545454545454,CCCC(C)C(=O)O
COCSC,0.3333333333333333,CCSC
CCCCC1CC(C)CCO1,0.5,CCCCCC1CCOC(C)O1
CCCC(C)OCc1ccccc1,0.4857142857142857,COCCOC(C)OCc1ccccc1
CC(=O)CCCC1CCC(C)C1(C)C,0.375,CCCCCC(C)=O
CC(=O)CCCC(C)COCC(C)C,0.6,CC(=O)CCCC(C)CCCC(C)CCCC(C)C
COCCCC1C=CC(CC(C)C)C=C1,0.2903225806451613,CCCCCCOC
CCC1=CC(CC)NC1C,0.20689655172413793,CCC1SSC(CC)S1
CCC1C=CC(CC2C=C2)C=C1,0.25,CCC1C=CC(=O)O1
CC(O)C=CC(C)O,0.6428571428571429,C/C=C/C(C)O
CS(C)(N)O,0.45454545454545453,NS(=O)(=O)O
CCCC(C)CC(=O)OCC,0.6923076923076923,CCOC(=O)CC(C)CC
CCCCC(C)CC(C)CCCC,0.5238095238095238,CCCCCCCCCCCCC(C)CC
CC=CC(C)S,0.4444444444444444,C/C=C/C(C)O
CCCCCCCCCCC(=O)CC,1.0,CCCCCCCC(=O)CC
CCC1C=CC=C(C=O)C1,0.2894736842105263,CC(C)C1=CC=C(C=O)CC1
CC(C)C1=CCC(CO)C=C1,0.3111111111111111,CC(C)=CCC[C@H](C)[C@@H]1C=CC(C)=CC1
C=CC1=CCC(C(=C)C)CC1,0.71875,C=C(C)C1CC=C(C=O)CC1
C=CCCC1CCC(C)(C)C23CC4C=C2C13C4(C)C,0.23809523809523808,C=CCCC(=O)/C=C/C1C(C)=CCCC1(C)C
CCCCC(C)CCCC(C)N,0.4642857142857143,CCCCC(C)CCC(=O)O
CC(C)C(C)CC(C)C(C)O,0.4375,CC(C)C(C)O
CCC1CCC(O)O1,0.65,CCC1CCC(CC)O1
CCC(O)Oc1ccc(C)cc1,0.4074074074074074,COc1ccc(C)cc1
C=C(OCC(C)C)C(C)CCC,0.43333333333333335,CCCC(C)C(=O)OCC
C=C(C1=CCC=C1)C(C)C,0.22580645161290322,CC1=CCCC=C1
C=CCCC(=O)CCC,0.6,CCCC(=O)CCC
CCCCCC1=CCCC1,0.3611111111111111,CCCCCC1=CCC(=O)O1
CC=CC1=CC(O)C(OCC)CC1,0.32558139534883723,CCOC1CCC(O)OC1C
CC(C)C1CCCCC1(C)C,0.29411764705882354,CC(C)[C@@H]1C=C[C@](C)(O)CC1
O=C(CCC1C=CC=CC1)C1=C(S)CCC=C1,0.2413793103448276,CCCCC1OC(=O)C2=C1CCC=C2
CC1=CC=CC1CCCC=O,0.3225806451612903,CCCCC=O
COC1=CC2C=CCCC2=N1,0.23684210526315788,COC1=CCCCC1
CCC1=NCCCC1,0.3793103448275862,CC(=O)C1=NCCCC1
CC1CCCC(C)(C)C1CCC(O)O,0.3157894736842105,CC1CCCC2(C)CCCCC12O
CC(C)C(C)c1ccccc1,0.5652173913043478,COC(OC)C(C)c1ccccc1
CCC(C)OC(C)(C)C1CCC(C)CC1,0.42857142857142855,CC(=O)OC(C)(C)C1CCC(C)CC1
CCC(=O)CCc1ccccc1,0.6153846153846154,O=C(O)CCc1ccccc1
CCC1=CC=C(CCC(C)O)CC1CC,0.358974358974359,CC(O)CCc1ccccc1
CC12C=CC3(CCC1)C1(C)CC1CCC23C,0.3157894736842105,CC1(C)[C@@H]2CC[C@@]1(C)[C@](C)(O)C2
CCC(O)SC,0.4117647058823529,CCC(C)O
C=C1CC(C)C(CCNCCC)O1,0.41025641025641024,CCCC[C@H]1OC(=O)C[C@H]1C
C=C(CCC1C=CC(CC)C(OC)C1)OCCc1ccc(CC)c(OC)n1,0.2028985507246377,CCCC(=O)OCCc1ccccc1
CC1CC(C)(C)CC(C)C1C,0.375,CC1CC(O)CC(C)(C)C1
CCC1=CC=C(C)CC1,0.4074074074074074,CC1=CC=C(C(C)C)CC1
CCCCCCCC(=O)c1ccccc1,0.8461538461538461,CCCCC(=O)c1ccccc1
CCOC(C)Cc1ccccc1,0.72,CCOC(Cc1ccccc1)OCC
CC=CC1C=CC(OCc2ccccc2)=C(NC)C1,0.32727272727272727,C/C=C/c1ccc(OCc2ccccc2)c(OC)c1
C1=Cc2ccccc2CC1,0.3,c1ccc2c(c1)CCO2
CCC(CC)C(=O)CCOC,0.4074074074074074,CCOC(=O)C(CC)CC
CCCOOOC,0.30434782608695654,CCCOC=O
CC(=O)C1=CC(C)CC1,0.35135135135135137,CC1=C2CCC(C)C=C2OC1=O
CCCC1=CCCO1,0.3142857142857143,CCCc1ccc2c(c1)OCO2
CC(C1C=CCC=C1)N(C)C,0.22580645161290322,C[C@H](c1ccccc1)N(C)C
CCC=CCCCCCCO,1.0,CC/C=C\CCCCCO
CCC1C=C=C(C)O1,0.3548387096774194,CCC1C=CC(=O)O1
CCCC(=O)CCC(C)CC(O)CCC,0.46153846153846156,CCCC(=O)CCC
C=C(CCC)OCCCC,0.5384615384615384,CCCCOC(=O)CCC
OCC1=CCC=C1,0.23076923076923078,OCc1ccccc1
SCCC1=CCCC=N1,0.26666666666666666,SCCc1ccccc1
OC1CCC(CCS)C1,0.24,OC1CCCCC1
Cc1ccoc1C,0.5238095238095238,Cc1occc1S
CCCCCCC(O)O,0.65,CCCCCCCC(C)O
CC=CCC(=O)OCCOC,0.45454545454545453,CC/C=C\CCOC(=O)C/C=C\CC
CC(O)C1CCC=N1,0.41379310344827586,CC(=O)C1CCC=N1
CCCC(C)CC(C)O,0.5789473684210527,CCCC(C)O
CC=CCCCCCCC(C)CCC(C)C,0.4482758620689655,C/C=C/CCCCCCCC=O
CC(=O)C1C(C)=CC(C(C)(C)O)=CC1C,0.2777777777777778,Cc1ccc(C(C)(C)O)cc1
CCC1CC(C)C(O)C1O,0.4,CCC1CCC1O
CC(C)CCC(O)CC(C)C,0.6470588235294118,CC(C)CC(O)CC(C)C
CCC1CCCC(CC)C1OC,0.34615384615384615,CCC1CCC1O
C=C1CC2CNC1C2(C)C,0.41935483870967744,C=C1CC2CCC1C2(C)C
CCCCC(CCC)CC(=O)OCC,0.5806451612903226,CCCC(O)CC(=O)OCC
CCCOC(C)C,0.5294117647058824,CCOC(C)C
O=CCCCSC1CCCCS1,0.35294117647058826,CSCCCC=O
CCCCC(=O)C(C)(C)O,0.5,CCCCC(=O)CCCC
COC(=O)CC(C)OC,0.6363636363636364,COC(=O)CC(C)C
CCCCCCOCC,0.5909090909090909,CCCCCCCOCCS
CC1=NC(C)SC(C)C1,0.3103448275862069,CC1=NC(C)OC1
CCCC(CC(C)=O)CC(C)CC,0.4,CCCC(C)C(=O)O
CC1=CCC(C)(C)CCCC(C)CCC1,0.3902439024390244,C=C1CCCC(C)(C)[C@@]12CC=C(C)CC2
CC1CCC(C)C1,0.6363636363636364,CC1CCC(C)CC1
CCCCCCCCSCC,0.5555555555555556,CCCCSCCCC
CC(=O)C1CC(C)OC1C,0.4074074074074074,CC1CC(S)C(C)O1
CC(C)C(C)CO,0.5294117647058824,CC(S)C(C)CO
CCC(CC)CN(C)C,0.28,CCCCC(CC)CO
CC=CC=CC(C)OCCCCCC,0.5,CCCCCCOC(C)OCCCCCC
CCCCCC1CCC(C(C)C)CC1,0.4074074074074074,CC1CCC(C(C)C)CC1
CCOC(CCC(C)C)C(C)C,0.47619047619047616,CCOC(C)OCC
C=CCC(C)C(C)O,0.6,C=CCC(C)O
CC(C)C(C)Cc1ccccc1,0.52,COC(Cc1ccccc1)OC
CCCCOCCCCC(C)C,0.5909090909090909,CCCCCCCCCCCCC(C)C
C=C(OCC(C)C)C(C)C,0.5217391304347826,CC(C)COC(=O)C(C)C
CNCC(C)C(C)CC(C)=O,0.4583333333333333,CC(=O)CC(C)C
CCCC=CC(=O)CCCC,0.64,CCCC=CC(=O)CC
CC1(S)C=CC2(CCCCC2)OC1,0.21951219512195122,CC1(C)CCCC2(C)OC(=O)C=C12
CCCCC=CCC(C)OCC,0.41935483870967744,CCCC/C=C/C(C)O
CCNCCC(C)CCCC(C)C,0.5909090909090909,CC(C)CCCC(C)CCCC(C)CCCC(C)C
C=C(C)CCCC(C)O,0.6,C=C(C)CCCC(C)CO
CC(=O)OCO,0.5555555555555556,CCOC(C)=O
C=C(C=C1CCOC1)CC,0.2222222222222222,C=C(C)/C(=C/CC)CC
CC1OCCC1CCO,0.4444444444444444,CC1OCCC1S
CCCC(=O)CCC1CCCCC1,0.5625,CCOC(=O)CCC1CCCCC1
CCC(C)C=C(C)C,0.42857142857142855,CCC(C)C=O
C=C(O)CCCCCCCCCCCCCC,0.5454545454545454,CCCCCCCC(=O)O
CCC1C(=O)C(C)CC1C,0.41379310344827586,CCC1CC(C)C(=O)C1=O
COCCCCCCCCC(C)C,0.5,CCCCCCCCCCCCC(C)C
Cc1ccc(C)c(C)c1,1.0,Cc1ccc(C)c(C)c1
C=C(C=CCCC)CC,0.52,CCCC=CC(=O)CC
CC(C)c1ccccc1C(C)C,0.6666666666666666,Cc1ccccc1C(C)C
CC(C)CCCC(C)CCCC(C)O,0.7222222222222222,CC(C)CCCC(C)CCCC(C)CCCC(C)C
CC(C)=CCCC(C)CC1CCCC1,0.5,CC(C)=CCC[C@H](C)CCO
CCCC(C)C1CC=C(C)CC1,0.6666666666666666,CC1=CCC(C(C)CO)CC1
CCOC(C)C(C)(C)CC,0.42857142857142855,CCOC(C)OCC
CC1=CC=CC2CC(C)C(C)C12,0.23076923076923078,CC1=CC(=O)C2CC1C2(C)C
C=C(CCC)C1C(C)CCCC1(C)C,0.275,CC1CCCC2(C)CCCCC12O
CC1=CC(CC(C)CC(C)C)C(C)=C1,0.22580645161290322,CC(C)CC(O)CC(C)C
C=C(CCC)CC(O)C(C)OCO,0.2777777777777778,CCCC(=O)OC(C)C
CCCCCCCCCC(=O)COCC,0.5833333333333334,CCCCCC(=O)CCCCC
CCC1=C(O)NC=C(CSC)C1,0.2631578947368421,CCC1=C(O)C(=O)CC1
CCCOC(=O)COC(C)CC,0.5333333333333333,CCCOC(=O)CC(C)C
OC1=CC(C(O)S)=CC1,0.19230769230769232,CC(O)C(C)S
CC1C=CC(OCCO)=CC1,0.2727272727272727,CC(C)(C)CC(C)(C)c1ccc(OCCO)cc1
CCC1CCCC1CC,0.45,CCC1CCC1O
CC1CCC2=C(N1)C(C)OC2C,0.24390243902439024,CC1=C2CC[C@@H](C)C[C@H]2OC1=O
C=C(CC)CC(C)(C)C,0.3,CCC(C)(C)O
C=CC(C)=CC,0.42857142857142855,C=C/C(C)=C/CC=C(C)C
CNCC1CCCC=C1O,0.25,O=C1CCCC=C1O
CC(C)=CCCC(C)CCCC(CCCC(C)CCCC(C)C)Cc1ccccc1,0.5,CC(C)=CCCC(C)CCOC(=O)Cc1ccccc1
CSCCCC1=CC=C(C)C1,0.3,CSCCCO
C=CC1=CC(CC)C(O)C(OC)=C1,0.25,C=Cc1ccc(OC)cc1
CC1CCC2CC1CC2(C)C,0.3870967741935484,CC1CCC2CC1SC2(C)C
O=CCCCCCCCO,0.5294117647058824,O=CCCCC=O
CC1CCCCCCCCCCOCCCC1,0.6470588235294118,CC1CCCCC1
CCc1ccc(NC)cc1O,0.3,CCOc1ccc(NC(=O)NC)cc1
CCCCCCCC(O)CCC(C)=O,0.59375,CCCCCCC(O)CCOC(C)=O
CC(C)C1CCC(C)C23CCC(O)(S)C2C13,0.4523809523809524,C=C1CC[C@@]23[C@@H]([C@@H]12)[C@H](C(C)C)CC[C@H]3C
C=CCC(C)C(O)O,0.6,C=CCC(C)O
CCCC(CCO)CC(C)C,0.5,CCCC(C)CCO
CC(C)CCCC(C)CC(C)C,0.7058823529411765,CC(C)CCCC(C)CCCC(C)CCCC(C)C
C1=CC(CCCC2=CCCCC2)=COC1,0.23880597014925373,COC(=O)[C@@H](Cc1ccccc1)NC(=O)CCC(=O)NCCC1=CCCCC1
CCC(C)CC(C)C,0.4444444444444444,CCC(C)CN
C=C(CC=CCC)OCCCCCC,0.45714285714285713,C=CC(=O)OCCCCCCCCCCCCCCC
CC1CCC2CCCNC12,0.38461538461538464,CC1CCCCN1
CCC(CC(S)CCCC(C)C)OC,0.3870967741935484,CCC(C)CCCC(C)CCCC(C)CCCC(C)C
C=CC(C)CCC1OC1(C)C,0.35294117647058826,C=CC(C)CCCC(C)(C)O
CCC1=CC2CCCC2C=C1,0.22580645161290322,CCC1CCCCC1
OCCCCO,0.875,OCCCCCO
CCC(O)C(C)O,0.5625,CC(O)C(O)CC(O)C(C)O
CCCCC(C)CC(C)=O,0.5357142857142857,CCCCC(C)CCC(=O)O
CCCC(O)C(C)(O)c1ccccc1,0.4411764705882353,CCCC(O)Cc1ccccc1
CC1SCCC(C)(C)S1,0.42857142857142855,CC1SCCS1
CC1CCC2C(C)CCC2C1,0.38461538461538464,CC1CCC(O)C(C)C1
CCC(C)C(=O)CCCC(C)CCC=C(C)C,0.696969696969697,CC(=O)CCCC(C)CCC=C(C)C
CC1CC=CC2=C1C(C)C(=O)O2,0.2926829268292683,Cc1ccc2c(c1)OC(=O)C2C
CC(C)(N)C1CCC(CC(O)CS)CC1,0.2708333333333333,CC(C)[C@@H](C(=O)O)[C@@H](O)[C@H](O)[C@@H](N)CC1CCCCC1
CC(CCS)OCc1ccccc1,0.4722222222222222,COCCOC(C)OCc1ccccc1
CC1=CCC(C(C)C)C(C)C1,0.59375,CC1=CC[C@H]2C(C)=CC[C@@H](C(C)C)[C@@H]2C1
CC1=C(C(=O)CCC=O)CC=CC1,0.2647058823529412,C/C=C/CCC=O
CCCC(OSC)C1C=CC2CCOC2=C1,0.19047619047619047,CCCC(CCC)NC(=O)c1ccc2c(c1)OCO2
CCCCCC(O)C(C)CCCC,0.5652173913043478,CCCCCC(C)O
CCCC(C)SC,0.4166666666666667,CCCC(CCO)SC
C=C1CCC(C)C1,0.46153846153846156,C=C1CCC2C(C1)C2(C)C
CCC(C)OCCS(C)(C)C,0.4782608695652174,CCOC(C)CC
C=C(CCC)CCCCCCCC,0.46153846153846156,C=C(CCCCC)C(C)=O
CCC1CCCCC1,1.0,CCC1CCCCC1
C=CC1(C)CCC(C(C)C=O)C1,0.47368421052631576,C=CC1(C)CCC(C(C)C=O)O1
CCCC(CC=O)OC,0.5,CCCC(C)CC=O
CC(C)C1=CC(C)C(C)C1,0.3,CC1=CCC(C(C)C)=CC1
C=C1CC(C(C)C)CCC1C,0.5714285714285714,CC1CCC(C(C)C)CC1=O
CCC=CCCCCCCCO,1.0,CC/C=C\CCCCCO
CC1SC2(CC1N)C(C)CCCC2(C)C,0.3076923076923077,CC1CCCC2(C)CCCCC12O
CC1C=CCCC1O,0.2857142857142857,CC1CCC(O)C(C)C1
CCC1CCCOC1(CC)CC,0.27586206896551724,CCC1CCCCC1
CC(C)C(=O)C1CCCC1,0.45454545454545453,O=C(C1CCCCC1)C1CCCCC1
CCCC(=O)CC(C)O,0.55,CCCC(=O)CCC
Sc1ccoc1,0.42857142857142855,Cc1ccoc1
C=CC(C)C,0.38461538461538464,CC(C)C=O
CC(=O)CCC1=CCC=C1,0.41025641025641024,CC(=O)CCC1=C(C)C=CCC1(C)C
COC(C)C1CCC(C)CC1,0.5714285714285714,CC1CCC(C(C)C)CC1
CCCC(=O)CCC(O)C(C)CCC,0.5,CCCC(=O)CCC
CCCC1C=CC(C)CC1,0.2857142857142857,CCCC1CCOC(C)S1
CCC(C)CC1C=CC=C1,0.3333333333333333,CCC(C)CN
CCCCCCCCC(C)O,1.0,CCCCCCCC(C)O
CC1CCC2=CCCCC21,0.29545454545454547,CCCCC1OC(=O)C2=CCCCC21
CCCCCCC(=O)NOCCC,0.5161290322580645,CCCCCCC(=O)OCCC
CCC(=O)CC(O)C=C(C)C,0.391304347826087,CCC(=O)CC
OC1CCCC1C1CCCC1,0.3333333333333333,OC1CCCCC1
CCCCCC(C)CC,0.9411764705882353,CCCCCCCCCCCCC(C)CC
CCOC1C=CC(C=O)=CO1,0.28205128205128205,CCOc1ccc(C=O)cc1
C=C(C)CC1CCCCC1,0.48,O=C(O)CC1CCCCC1
CC=CCCCCCCCCC,0.7222222222222222,CCCCCCC=CCCCCCCCCC
C=C(CCC)CCC1=CC=CC1,0.23076923076923078,CCCC(=O)c1ccccc1
CCCCCC(C)CC(C)C,0.5909090909090909,CCCCCCCCCCCCC(C)CC
C=C1C(C(C)C)CCC2(C)NC12,0.358974358974359,CC(C)C1CCC(C)(S)CC1=O
CCCCCCCCC(=O)C(O)CC(=C(C)C)C(C)CC,0.4594594594594595,CCCCCC(=O)C(C)C(C)=O
CCCC(S)CCC1CCCO1,0.3939393939393939,OCC1CCCO1
CCCCOCCC,0.5,CCCCOCCOC(C)=O
CCOC1CCC=CC1C,0.3611111111111111,CCOC1CCC(O)OC1C
C=CC(C)(O)CC(C)=CCC,0.6071428571428571,C=C/C=C(\C)CC(C)(O)C=C
CC1CCCC(C)(Sc2ccccc2)C1O,0.2857142857142857,CSc1ccccc1
CC1=CC(S)SC1,0.23529411764705882,CC1=CC2OCC(C)=C2CC1
CCC(C)C(C)CC(C)C,0.38095238095238093,CCC(C)C(O)S
CC(=O)CC1CCNC1,0.3055555555555556,CC(=O)OCCC1CCCCC1
CCCC(C)c1ccccc1,0.56,CC(CO)c1ccccc1
CC(C)CC(=O)CCC=O,0.5454545454545454,CC(C)CC(=O)CC(C)C
CC(C)CCCC(C)CO,0.6666666666666666,CC(C)CCCC(C)CCO
CCC(C)c1c(C)cc(O)c(C)c1C,0.3142857142857143,Cc1ccc(C(C)C)cc1O
C=CCC1=CCCC(SC)=C1O,0.30952380952380953,C=CCc1cc(OC)c(O)c(OC)c1
COC1=NC=CCC1,0.2903225806451613,COC1=CCCCC1
CCCCCCCCCOO,0.55,CCCCCCOC
CCSCC(=O)C(C)CC(C)(C)CC,0.2857142857142857,CCC(C)C(=O)SC
CC(C)CC1CC(C)C(C)O1,0.375,CC(C)CC1OCC(C)O1
CCCCC(CCC(C)C)OCC(C)C,0.4074074074074074,CCCCCCCCCCCCC(C)C
CCCC(CC(=O)CC)OC(C)O,0.37142857142857144,CCCC(O)CC(=O)OC
C=CC1CC(C)OC1C,0.4230769230769231,CC1CC(S)C(C)O1
CCCC(C)C(S)CC,0.5454545454545454,CCC(S)C(C)CO
CC1CCC2C(C1)C(C(C)C)CCC2(C)C,0.4,CC1CCC(C(C)C)C(O)C1
CC(O)C1CCCS1,0.24,CC1SCCS1
COCCCCCCCC(C)O,0.5416666666666666,CCCCCCCC(C)O
CCCCCCCCOC(C)CC(C)C,0.6,CCCCCCOC(C)OCCCCCC
CC1CC=C(C(C)O)C(C)C1,0.2972972972972973,CC1CC=C(C(C)(C)O)CC1
CC1CC(C)C(O)C1C,0.3333333333333333,CC1CCC(O)C(C)C1
CCCC1CC(C)C(N)C1,0.2777777777777778,CCCC1CC(=O)C=C(C)C1
COC(C)C1CC=CC=C1C,0.2647058823529412,CC1=CC=CCC1
CCCCCCCCCCCCSC(C)C(C)C,0.4,CCCCCCCC
Oc1ccccc1C(O)CCCCc1ccccc1,0.45454545454545453,OCCCCCc1ccccc1
CC1(C)C2=CC1CCC21CC1,0.29411764705882354,CC12C=CC(CC1)C(C)(C)O2
COC1=CCC(C)C=C1C,0.23809523809523808,CC1=CCC(C)C(C)C12C=CC(C)O2
C1=NC=C(CCCc2ccccc2)C1,0.4166666666666667,c1ccc(CCCc2ccccn2)cc1
CC1CC2CCC1C2(C)C,0.36666666666666664,CC1CCC2CC1SC2(C)C
CCCOc1ccccc1,0.5625,CCCOc1ccc(NC(=O)Nc2ccccc2)cc1
CC(=O)CCCC1(C)CCC(C(C)C)C1,0.3888888888888889,CC(=O)CCCC(C)C
C=CCC=C=O,0.2727272727272727,C=CCCC=O
CCC(CO)CCC1CCC(C)C1(C)C,0.37142857142857144,CCCCC(CC)CO
CCCCCCC1CCC(O)C1,0.3888888888888889,CCCCCC1CCOC(CCCCC)O1
CCCCCOCC(C)C,0.48,CCCCCCOC(C)OCCCCCC
CC1C2CCC3C2C(C)(C)CCCC13C,0.38461538461538464,C=C1C2CCC3C2C(C)(C)CCCC13C
CCC1CCCCC1CN,0.391304347826087,CCC1CCCCC1
CCCCCCCC(O)c1ccccc1,0.5925925925925926,CCC(O)c1ccccc1
CCCC1CCCC(C)S1,0.4838709677419355,CCCC1CCOC(C)S1
CC(C)CCOC(CCC(C)O)C(C)C,0.52,CC(C)CCOC(C)OCCC(C)C
CCOC1CCCC=C1CC,0.2857142857142857,COC1=CCCCC1
CSC1=S(C(C)C)C=CCC1,0.23529411764705882,CC1=CC=CCC1
CC1CCCCCCCCCCCCCC=CO1,0.32,CC1CCCCC1
C=CCCC1CC2CC1C1CCCC21,0.21739130434782608,C=CCOC(=O)CCC1CCCCC1
CC(O)CC1C2(C)C=C(CC2)C1(C)C,0.2826086956521739,CC1=C(CCC(C)O)C(C)(C)CCC1
C=C(CC)C(C)=CCC,0.5,C=C(C)/C(=C/CC)CC
CC1=CCCC(C)CCCC(C)CCC1C(C)C,0.3888888888888889,CC1CCC(C(C)C)C(=O)C1
CC(C)CCCC1C=CC=C1,0.375,CC(C)CCCC(C)CCCC(C)CCCC(C)C
CCCC1CC=C(C)C1(C)C,0.6896551724137931,CC1=CCC(CCO)C1(C)C
CC(C)CCCC(C)O,0.5789473684210527,CCCCC(C)O
CCCOCC(C)=O,0.4782608695652174,CCCOC(C)=O
CC12CCCC(C)(CC1)C2=CO,0.46153846153846156,CC12CCCC(C)(CC1)C2=NO
OCCCc1ccoc1,0.5,CC(C)=CCCc1ccoc1
CCCCC(C)C(C)(C)CC(O)CC(C)C,0.4,CCCCC(C)O
C1CN1,0.8333333333333334,C1CNCCN1
CCC(C)CCC(C)C,0.631578947368421,CCC(C)CCCC(C)CCCC(C)CCCC(C)C
CCC=CCC(C)CC,0.4230769230769231,C=CC(O)CC=CCC
C=C(O)CCCC(C)C,0.5652173913043478,CC(C)CCCC(=O)O
CCC1=C(CO)C=CCC1,0.29411764705882354,CCC1=C(O)C(=O)CC1
CCC(C)CC(C)c1ccccc1,0.5185185185185185,CC(CO)c1ccccc1
C=CCc1ccc2c(c1)CCC2,0.45714285714285713,C=CCc1ccc2c(c1)OCO2
CNSCC1CC=CO1,0.22727272727272727,CCCCCC1CC=CC(=O)O1
CCC(C)C1C=CCC1,0.3055555555555556,CCC(C)C1CCCCC1=O
CCCC(CC)COC(C)C,0.391304347826087,CCOC(C)C
CC(C)OC(C)C(C)C,0.2631578947368421,CCOC(C)C
COC1=C(O)C=CC(C(O)C(C)O)C1,0.3,CC1=CCC(C(C)C)C=C1
CCCC(=O)CCCCC1CCCCC1,0.475,C=CCOC(=O)CCCCC1CCCCC1
CCCCC(C)CC,0.7777777777777778,CCCCCCCCCCCCC(C)CC
CCCCCCCOC(O)CC,0.56,CCCCCCOC(C)OCCCCCC
CCCCCCC(=O)c1ccccc1N,0.5526315789473685,CCCCOC(=O)c1ccccc1N
C=C(C)C(CC)CCCC,0.4827586206896552,CCCCC(CC)C(=O)OCC
CC1=CC(C)C(C(C)(C)S)CC1,0.45454545454545453,CC1=CCC(C(C)(C)S)CC1
CCCC=CC1CCC(C)OO1,0.4444444444444444,CCCC=CC1OCC(C)O1
Cc1cccc(CO)c1,0.5769230769230769,CCCc1cccc(C)c1
CCC(C)C1CCC(C)CC1,0.5454545454545454,CC1CCC(C(C)C)CC1
Cc1ccc(C(C)O)nc1C,0.3448275862068966,Cc1ccc(C(C)O)cc1
CC1CSC(C(C)C)C1,0.3076923076923077,CC1CCC(C(C)C)CC1
CC(C)CC1=CCC=C1,0.2857142857142857,Cc1cnc(CC(C)C)c(C)n1
OC(CCc1ccccc1)C1C=CC=C1,0.5161290322580645,CC(O)CCc1ccccc1
CCC1(C)CCC(C)(S)C(C(C)C)C1,0.2682926829268293,CC(C)C1CCC(C)(S)CC1=O
COC1C=C(C)CC=C1O,0.2647058823529412,CC1=CCC(C(C)C)=CC1
CC1CSC(C)C1,0.3,CC1SCCS1
CCC1C=C(C)C=C1C,0.2571428571428571,CCC1(C)C(C)C(=O)C=C(C)C1C
COC1C=C(CCC=O)CN=C1O,0.2692307692307692,CC(C)=CCCC1=CCC(C=O)CC1
C=C1CCCC(C)O1,0.5384615384615384,CC1CCCC(=O)O1
CCCCCCC(O)Cc1ccccc1,0.7241379310344828,CCCC(O)Cc1ccccc1
CCCC(C)(C)C,0.5,CCCC(C)(C)O
C=C1CCC(C(C)C)CC1,0.43478260869565216,CC1CCC(C(C)C)CC1
CC(O)C1C=CCCC1,0.2777777777777778,CC(C)[C@@H]1C=C[C@](C)(O)CC1
CCC1=CCC(C(C)C)CC1,0.6,CC(C=O)CC1=CCC(C(C)C)CC1
CC1CC2CC(C1C)C2(C)C,0.4,CC1C(=O)CC2CC1C2(C)C
OC=CCCCCOS,0.36363636363636365,CC/C=C\CCCCOC(C)=O
O=CCC(O)CCc1ccccc1,0.5161290322580645,CC(O)CCc1ccccc1
C=C(C)C1CC(C(C)C)CCC1(C)CC,0.3409090909090909,C=C[C@]1(C)CC[C@@H](C(=C)C)C[C@H]1C(=C)C
CC1CC(C)OC(C)O1,0.5,CC1OC(C)OC(C)O1
CCN1C=NCCC1OC,0.18604651162790697,COC1CCC(O)C(CO)O1
CC1C=CC=C(O)C1C,0.1951219512195122,C/C=C/C(=O)C1C(C)C=CCC1(C)C
CC1C=CC(C)C1,0.26666666666666666,CC1CCC(C)CC1
CCCCCCCCCC(C)CCCC,0.7368421052631579,CCCCCCCCCCCCC(C)CC
COC1CCC=CC1CCC(O)O,0.23809523809523808,COC1CCC(O)OC1C
C1COSOCO1,0.3333333333333333,C1CO1
CNc1cccc(CO)c1,0.4230769230769231,OCc1ccccc1
O=C(CCCc1ccccc1)C1C=CCO1,0.42857142857142855,COC(=O)CCCc1ccccc1
CC(C)C1C=CC=C1O,0.2413793103448276,CC(C)c1ccc(O)cc1
CC(C)=CCCC(C)CC(C)CC(C)C,0.5925925925925926,CC(C)=CCC[C@H](C)CCO
C=C(C)N1C=COC=C1,0.21428571428571427,C=C(C)c1ccc(C)cc1
CCCCCCC(O)CCC,0.7142857142857143,CCCCCCCC(O)CC
CC(C)CCCCCc1ccccc1,0.5925925925925926,CCCCCCCCCCCCc1ccccc1
C=CC(S)CCCC,0.52,C=CC(O)CCCC
C=C(C)C1=CC(CC)NN=N1,0.2564102564102564,C=C(C)c1cnccn1
CCC(CC)SC,0.4090909090909091,CCCC(CCO)SC
Cc1ccc(C)cc1,1.0,Cc1ccc(C)cc1
CC=CCCCCC(C)C(C)C,0.4444444444444444,C/C=C/CCCCCCCC=O
CCc1ccc(OC)c(C(C)(C)C)c1,0.6206896551724138,CCc1ccc(OC)c(OC)c1
O=C1C=CCC1,0.6842105263157895,O=C1C=CCCC1
CC1CCOS1,0.2692307692307692,CC1OCCC1S
CCCCCOCCCC(=O)O,0.6521739130434783,CCCCCC(=O)O
CCC(C)(S)CCC=C(C)C,0.4666666666666667,C=CC(C)(O)CCC=C(C)C
CCCCCC1=CC=C(C)C1,0.34375,CCCCCCCCCCCCc1ccccc1
CC(C)CCSC(O)C(C)C,0.4,CSSCCC(C)C
Cc1occc1CC(C)C,0.39285714285714285,Cc1occc1S
CC(O)OC1CC(C(C)C)CCC1C,0.5161290322580645,CC(C)[C@@H]1CC[C@@H](C)[C@H](O)C1
CCCCCC(Cc1ccccc1)C(CS)OC,0.43243243243243246,COC(Cc1ccccc1)OC
CC1C=CC(CC(C)C)=C1,0.2647058823529412,Cc1nccnc1CC(C)C
CCCCCCC1=CCCC=C1,0.36666666666666664,CC1=CCCC=C1
O=CCCC1=CCOC=C1,0.3333333333333333,O=CCCc1ccccc1
C=C(C)C1CCC(C)C(OC(=O)CC(C)C)C1,0.6486486486486487,C=C(C)C1CCC(C)C(OC(C)=O)C1
CCCCCCCCOCCCCOC(C)O,0.5769230769230769,CCCCCCOC(C)OCCCCCC
C=CCOC1=CCC(C)C=C1,0.2708333333333333,C=CCOC1=NS(=O)(=O)c2ccccc21
Cc1ccccc1CCC(C)O,0.6071428571428571,CC(O)CCc1ccccc1
CCCC(C)(C)CCC,0.5,CCCC(C)(C)O
CC(C)CC(C)OCCCO,0.37037037037037035,CCOCCCO
COC(C)CC(C)C,0.4166666666666667,COC(=O)C(O)CC(C)C
CC1COC(O)C1,0.5,O[C@@H]1C[C@@H](O)[C@@H](O)CO1
CCCCCCC1=CC(C)CC=C1,0.38095238095238093,CCCCCCCC1CC=CC(=O)O1
CC1CC(CC(O)C2CCCC2C)CC(C)(C)C1,0.358974358974359,CC1CC(O)CC(C)(C)C1
CCOC(=O)C1(CN)CC1(C)c1ccccc1,0.46,CCOC(=O)C1(c2ccccc2)CC2CCC1C2
CCC(CC)CC(C)CCC=C(C)C,0.5517241379310345,CC(C)=CCC[C@H](C)CCO
Oc1ccccc1C(O)O,0.5909090909090909,CC(C)c1ccccc1O
CC1CCC(C(C)C)C(C=O)C1,0.5172413793103449,CC1CCC(C(C)C)C(O)C1
CCC=CCCCC(C)C(C)O,0.48148148148148145,CC/C=C\CCCO
CCCOc1ccc(C)cc1,0.5161290322580645,CCCOc1ccc(NC(=O)Nc2ccc(OCCC)cc2)cc1
CCNC(O)C1OC=CO1,0.23076923076923078,CCC(C)O
CCCC(=S)CC,0.4,CCCC(=O)CC
CCC(C)CC(C)CCCOC,0.39285714285714285,CCC(C)CCCC(C)CCCC(C)CCCC(C)C
CC1CCC(S)C1,0.4375,CC1CCC(C)CC1
CCC1C=CC(OC)CC1,0.2413793103448276,CCC1CCCCC1
CCC(OC)c1ccccc1,0.52,COC(OC)c1ccccc1
CC1CC=CO1,0.3157894736842105,CC1CO1
CC(C)CCC(C)C,0.5384615384615384,CC(C)CCN
CC(CCCCc1ccccn1)CCc1ccccc1,0.6285714285714286,c1ccc(CCCc2ccccn2)cc1
CCC1CCC=C1C,0.30303030303030304,CCC1CC(C)=C(O)C1=O
C=C(C)CCCC(C)CCCC(C)CC,0.6666666666666666,C=C(C)CCC[C@H](C)CCO
CCC(O)S,0.5294117647058824,CCC(C)C(O)S
CC(=O)CC(C)(O)O,0.6666666666666666,CC(=O)CC(C)(C)O
CCCCCCCCCCC(=O)C(C)C,0.8095238095238095,CCCCC(=O)C(C)C
CC=CCCC(CCC)OOC,0.3142857142857143,CC/C=C\CCC(OCC)OCC
C=CC1(C)CCC(C(C)(C)CCC=C(C)C)C1,0.4,C=CC(C)(O)CCC=C(C)C
CC1CC(C(C)O)CCS1,0.3076923076923077,CC1SCCS1
CC1C=CC2(C1)C(C)CCCC2(C)C,0.32432432432432434,CC1CCCC2(C)CCCCC12O
CCCCCCCCCCC(O)CCCCCCCC,0.7894736842105263,CCCCCCCC(O)CC
CCC=C(C)C,0.5,CC(C)=CCO
CC1CC(c2ccccc2)CO1,0.5,CC1COC(c2ccccc2)O1
CCC1CC(CC(C)C)CC1C,0.2857142857142857,CC(C)CC1OCC(C)O1
COC1CCC(CS)CC1OC,0.29411764705882354,COC1CCC(O)OC1C
CCOCCCCCC1CCCC(O)C1,0.35294117647058826,CCOCCCO
COC(C)(C)C1CCC(C)CC1,0.5555555555555556,CC(=O)OC(C)(C)C1CCC(C)CC1
CCC1=NC=COC1OCS,0.1951219512195122,CCc1cnc(CC)s1
CCCCCC(O)CC=O,0.56,CCCCCC(O)CC
CCOC(C)CCC(C)=O,0.4482758620689655,CCOC(C)OC(C)=O
CC(C)SCO,0.375,CC(C)CO
C=C1CCC(C(=O)O)C1,0.38461538461538464,O=C(O)C1CCCCC1
CC(C)=CCCC(=O)CC(C)C,0.5428571428571428,CC(C)=CCC/C(C)=C/COC(=O)CC(C)C
C=CCCCCC,0.9375,C=CCCCCCC
CSNc1ccccc1,0.4090909090909091,CSc1ccccc1
CC(O)CC(C)CC(C)(C)C,0.6111111111111112,CC(CC(C)(C)C)CC(C)(C)C
CCCCCCOCCCC,0.7,CCCCCCCOCCS
CCCCCC(=O)C(C)C,0.85,CCCCC(=O)C(C)C
CC1CC(O)CC1=O,0.391304347826087,CC1CC(C)C(=O)C1=O
CC1=CC(C)CCC1,0.36363636363636365,CC1=C[C@@H]2OC[C@@H](C)[C@@H]2CC1
CC1=C(OC(C)C)CC(CO)=CC1,0.2727272727272727,C=C(C)C1CC=C(CO)CC1
C=C=NC(C)C,0.4444444444444444,CC(C)N=C=S
CC1COC(C)(C)C1,0.36,CC1COC(C)(C)O1
CCCC(OC)c1ccccc1,0.48148148148148145,COC(OC)c1ccccc1
C=CCc1ccc(C)cc1,0.6086956521739131,Cc1ccc(CC=O)cc1
CC1CCCC1CS,0.2916666666666667,CC1CCCC(C)N1
CC(C)C(=O)OC1C(C)CCCC1C,0.375,CC(C)C(=O)O[C@H]1C[C@@H]2CC[C@@]1(C)C2(C)C
CCC1CCC(OC)C(OC)C1,0.34615384615384615,CCC1CCCCC1
C=C(CN)CCCCCCCCC=S,0.30303030303030304,C=CCCCCCCCCC(=O)O
CCc1ccccc1,1.0,CCc1ccccc1
CCC(C)c1ccccc1OC,0.5625,CCC(NC)c1ccccc1OC.Cl
CCCCCC(C(C)=O)C(S)CCC,0.5,CCCCCC(O)C(C)=O
CCCCCC(C=O)CC(C)C(C)C,0.5,CCCCCCC(C)C=O
CC(C)C(C)CCC1=CCCC1,0.2711864406779661,COC(=O)[C@@H](Cc1ccccc1)NC(=O)CCC(=O)NCCC1=CCCCC1
OC1COC2=C(OOCC2)S1,0.19047619047619047,OC(O)C1(O)OC[C@@H](O)[C@H](O)[C@@H]1O
CCCC=CCNC(=O)C(C)CC,0.5142857142857142,CCC/C=C/COC(=O)C(C)CC
CCCCCCCC(O)Cc1ccccc1,0.7241379310344828,CCCC(O)Cc1ccccc1
CCCCCC=C=N,0.45454545454545453,CCCCCCC=CCCCCCCCCC
CCC=C(S)C(C)=O,0.4583333333333333,CC/C=C(\C)C(=O)O
CCCCCCCCC(=O)CCCCC,0.9375,CCCCCC(=O)CCCCC
C=CCCCC,0.7647058823529411,C=CCCCCCC
COC(O)c1ccccn1,0.3793103448275862,Cc1ccccn1
CCCC(=O)C(C)CS,0.4444444444444444,CCCC(=O)C(O)CCC
C=C(CCCCCCCCCCC)OCC(C)C,0.6129032258064516,CCCCCCC(=O)OCC(C)C
CCCCCCCCC(CCC)CSC,0.5,CCCCCCCCC(CO)CCCCCC
CCCCC(C)c1ccccc1C,0.5,Cc1ccccc1C(C)C
CCCC(O)C(CC)Cc1ccccc1,0.6129032258064516,CCCC(O)Cc1ccccc1
C=C(CC)c1ccccc1,0.52,CCC(=O)c1ccccc1
C=C(C)CC(C)OC(C)C(C)C,0.2727272727272727,C=C(C)CCCC(C)CO
C=CCSCSCCC,0.7619047619047619,C=CCSCCC
CCCC(C)C(C)C(C)S,0.5,CCCC(C)S
CCOC(=O)CO,0.631578947368421,CCOC(=O)CC
CCC1=CCC=C1C,0.3103448275862069,CCc1ncc(C)nc1CC
CC1CCCC(C)COC(C)(C)CCC1,0.4166666666666667,CC1CCCCC1
CC1=CC(CC(C)(C)CS)=CCC1,0.2894736842105263,C/C1=C/C=C\CC/C(C)=C\CC1
C=CCCC,0.5555555555555556,C=CCCCCCC
CCCCC(O)CCC1CCCCC1,0.4482758620689655,CCCCC(O)CC
CC(C)C1=CC=C(O)CC1,0.56,CC1=CC=C(C(C)C)CC1
CCC1C=CC(COC(O)Cc2ccccc2)=CC1,0.35555555555555557,CCOC(Cc1ccccc1)OCC
C=C1CC2CCC1(C)C2(C)C,0.5925925925925926,CC12CCC(CC1=O)C2(C)C
CC1CC(=O)C(C)(C)C12CCCCCC2,0.3235294117647059,CC1CCCC(C)(C)C1=O
CC(=O)C1CCC(=O)C1,0.45161290322580644,CC(=O)C1CC=C(C)CC1
CC1=NC=COC1,0.27586206896551724,CC1=NC(C)OC1
CCOC(=O)C1=CC(OC)=C(O)CC1,0.4,CCOC(=O)c1ccc(OC)cc1
CCC1C=CC=C(NC)C1CC,0.21052631578947367,CCC1C=CC(=O)O1
CCCCCCCCCC(=O)CCC(C)C,0.6521739130434783,CCCCCC(=O)CCCCC
CC(C)=CCCC(C)CCCCO,0.7307692307692307,CC(C)=CCC[C@H](C)CCO
CCCCCCCCCCC(C)C,1.0,CCCCCCCCCCCCC(C)C
CCCCCCC1CNC(CC)C1,0.35294117647058826,CCCCCCC1OC(C)C(C)O1
C=C1CCCC(C)(C)C1CSC(C)=O,0.46511627906976744,C=C1CCCC(C)(C)C1/C=C/C(C)=O
CCCC(C)CCCc1ccccc1,0.5517241379310345,CCCCCCCCCCCCc1ccccc1
CCCCCC(=O)C1C=CC=C1,0.46153846153846156,CCCCCC(=O)CCCCC
CC(O)CCCCCC(O)S,0.5909090909090909,CCCCCCCC(C)O
CCC1=CC(C)C(C)=C1,0.2857142857142857,CCC1(C)C(C)C(=O)C=C(C)C1C
CCC1CCC(C(C)=O)CC1,0.4166666666666667,CCC1CCCCC1
CCCCCC(O)CCOC,0.5806451612903226,CCCCCCC(O)CCOC(C)=O
CCC(C=O)CCN,0.6,CCC(C=O)CC
C=CCCC(C)CCCC(C)C=C,0.45161290322580644,C=CC(C)CCCC(C)(C)O
C=C(C)C(O)CCCCC,0.6666666666666666,CCCCCC(O)C(C)=O
CSC(O)CCC1CCCC=C1C(C)(C)C,0.2545454545454545,CCCCC1OC(=O)C2=CCCCC21
C=CC(C)CC,0.47368421052631576,CCC(C)C=O
CC1=CCCN=C1C,0.2608695652173913,Cc1cnc(C)cn1
CCC(C)C1OCCC1C,0.3055555555555556,CCCC1CCOC(C)S1
CC(C)C1C=CC(CC=N)=CC1,0.5151515151515151,CC1=CCC(C(C)C)C=C1
CCCC1CCCC(C)O1,0.42424242424242425,CCCC1CCCC(=O)O1
CC(CCO)CCO,0.75,CCCC(C)CCO
CCCC(C)COCCCCCCCCS,0.45161290322580644,CCCCCCCOCCS
CCCC(O)C=C(C)CCC=C(C)O,0.45454545454545453,CC(C)=CCC/C(C)=C/C(C)O
CCCC(C)CC(C)C,0.47619047619047616,CCCC(C)CCO
CCCCCC=CCCCC=CC=O,0.9090909090909091,CCCCC/C=C\CC/C=C/C=O
CC(C)C(C)C,0.4444444444444444,CC(C)C(C)O
CCC(C)(C)OC,0.35294117647058826,CCC(C)(C)O
C=C(NC)C(C)CS,0.3333333333333333,CC(C)CS
CC1CC1,0.875,CC1CCC(C)CC1
CCCCC(C)OC1=CC=CCC1,0.3333333333333333,CC1=CC=CCC1
CCCCCCCC(=O)C(CC)CC,0.5357142857142857,CCCCCC(=O)C(C)C(C)=O
COC1=CC(C2CCC(C)C2)C=CC1O,0.2972972972972973,CC1CCC(O)C(C)C1
CC(C)CC(=O)C1CC=CCC1N,0.3333333333333333,CC(C)CC(=O)CC(C)C
CCCC(O)CC1C(C)CCC(C)C1C,0.3793103448275862,CCCC(O)CC
CCCCC(C)C,0.75,CCCCCCCCCCCCC(C)C
CC1CC(C)SC(C)O1,0.34615384615384615,CC1CC(S)C(C)O1
CCC1CCC2=NC=CNC21,0.25,CCC1CCC1O
C=CC(C)(C)CCCC(C)CC,0.48484848484848486,C=CC(C)(O)CCCC(C)CCCC(C)CCCC(C)C
C=CCCC(C)c1ccccc1,0.4827586206896552,CC(CO)c1ccccc1
CCCCCC(C)OCCc1ccccc1,0.6571428571428571,CCCCOC(C)OCCc1ccccc1
CCCC(=O)CCC1(C)CCC(C)C1,0.4,CCCC(=O)CCC
CCCC(O)c1ccccc1C,0.5,Cc1ccccc1C(O)O.OCC(O)CO
CCCC(=O)CC(C)CC1C=CCC=C1,0.34375,CCCC(=O)CCC
CCC(C)OO,0.47368421052631576,CCOC(C)CC
CCCC(C)CC(C)c1ccccc1,0.4827586206896552,CC(CO)c1ccccc1
CCCC(C)C(=N)O,0.5454545454545454,CCCC(C)C(=O)O
CC(C)CC(C)CC(C)C,0.4666666666666667,CC(C)CC(O)CC(C)C
Cc1ccc[nH]1,0.4,CC(=O)c1ccc[nH]1
CC(C)CCC1CCC(C)(C)C23CC4CC2C13C4(C)C,0.26666666666666666,CC1(C)C2CCC1(C)C(O)C2
CSCCC(C)O,0.45,CC(O)CCO
CCCC(C)CCS,0.5238095238095238,CCCC(C)CCO
C=C(C)OC1CC(C)CC(C)(C)C1,0.45161290322580644,CC1CC(O)CC(C)(C)C1
COC1C=C(C)CC1C,0.45161290322580644,CC1=CC(C)C(C=O)C(C)C1
CC(=O)CCC1CCCC(C)C1(C)C,0.3409090909090909,CC(=O)CCC1C(C)=CCCC1(C)C
CC1CC(C)(C)C(O)C2(C)CC12,0.3548387096774194,CC1(C)CC2C(C1)C1(C)CCCC2(C)C1O
CCC(S)CCC(O)C1=C(C)CC=CC1,0.2647058823529412,CCC(S)CS
CCCCCCC(=O)Cc1ccccc1,0.5833333333333334,CCCCCCCCOC(=O)Cc1ccccc1
CCC(C)OC,0.5,CCOC(C)CC
C=CC(C)(C)C=CC1=C(C)CCCC1(C)C,0.5142857142857142,CC1=C(C=O)C(C)(C)CCC1
CC1=CC(=O)CC(C)(C)C12C=CC(C)C2,0.38636363636363635,CC1=CCC2(O1)C(C)=CC(=O)CC2(C)C
CC(C)(O)Oc1ccccc1,0.43478260869565216,COc1ccccc1
CCC(C)C(=O)CC1CC2C=CC1(C)C2(C)C,0.32075471698113206,CCC(C)C(=O)OC1CC2CCC1(C)C2(C)C
C=C(C)C1CCC2CC(=O)CN(C)C2(C)C1,0.5454545454545454,C=C(C)[C@@H]1CC[C@H]2CC(=O)C[C@@H](C)[C@]2(C)C1
C=C(CCCCC)CCC(C)CCC,0.46875,CCCCCC(C)CCC(=O)O
CC1=CC(C)C(C)=C1,0.25,CC1=CC(=O)C(C)O1
CCCCCCCCCCC(=O)CCC,0.8333333333333334,CCCCCC(=O)CCCCC
COc1nc(C)ccc1C,0.4642857142857143,COc1nc(C)cnc1C
CC(O)CCN,0.5625,CC(O)CN
CC1(C)CCCC(C)(O)C1O,0.3793103448275862,CC1(C)CC2C(C1)C1(C)CCCC2(C)C1O
CCC1CCC(C)CO1,0.4782608695652174,CCC1CCC(CC)O1
CC=C(C=O)COC,0.44,C/C=C(/C=O)CSC
C=C(C)OCCC(=O)c1ccccc1,0.53125,CCCC(=O)c1ccccc1
CC(=O)C1CCC(C)CC1=O,0.6785714285714286,C=C(C)C1CCC(C)CC1=O
CCCCC(=O)CCC,0.875,CCCCC(=O)CCCC
CCCC(O)CCN,0.55,CCCC(O)CC
CC(=O)C1CC(C)C=C1C,0.3055555555555556,CC(=O)C1CC=C(C)CC1
CC(C)C(C)C(C)O,0.5833333333333334,CC(C)C(C)O
COCCCCC1CCCC(C)O1,0.35,CCCCCC1CCOC(C)O1
OCC1C=CCCC1,0.3076923076923077,OCC1CCCCC1
CC1CCC(O)C1,0.5238095238095238,CC1CCC(O)C(C)C1
CC1CCC2(O1)C(C)C=CCC2(C)C,0.43902439024390244,C=C1C=CCC(C)(C)C12CCC(C)O2
CCCC(=O)OC(C)(CCC)CCC,0.48,CCCC(=O)OC(=O)CCC
CCN(C)c1ccc(C)cc1,0.42105263157894735,Cc1ccc(C)cc1
C=C(C)C1C2CC(C)(C(C(=O)OC)O2)C1C,0.29310344827586204,C=C(C)C1C2CC3(C)C4(CO4)C4OC4C3(O)C1C(=O)O2
CCC1CC=CC1,0.4,CCC1CCCCC1
CCCC(C)C(CC)Cc1ccccc1,0.53125,CCCC(O)Cc1ccccc1
C=CC(CC)CCCC,0.52,C=CC(O)CCCC
CC1CCCCCCCCCCCCCCC1,1.0,CC1CCCCC1
CC(=O)OC1=CCC(CCC(C)C)C=C1,0.3170731707317073,CC(=O)OCCC(C)C
CC1CCC(O)C1O,0.45454545454545453,CC1CCC(O)C(C)C1
C=CC(C)NCCC(C)CCCC(C)S,0.3333333333333333,CCCCCC(C)S
CCC=CCC=CCCCCCCCCCCC(C)N,0.4857142857142857,CC/C=C\C/C=C\C/C=C\CCCCCCCC(=O)O
C=CCC1=CC(C2CC(CCC)CC=C2O)C(C)CC1,0.24193548387096775,CC(C)=CCCC1=CCC(C=O)CC1
CCCC=C(C)CCC=C(C)C,0.7619047619047619,CC(C)=CCC/C(C)=C\CC/C(C)=C/CC/C=C(\C)CC/C=C(\C)CCC=C(C)C
C=C(CC)CCCC(C)(C)CC,0.3333333333333333,C=CC(=C)CCCC(C)(C)O
CC1COC(c2ccc3c(c2)NCC3)O1,0.475,CC1COC(c2ccccc2)O1
C=C(CC)CCCC,0.45454545454545453,CCCCC(=O)CC
C=CC1=CC=CCC1,0.4230769230769231,CC1=CC=CCC1
CCc1ccoc1CC,0.5357142857142857,CCc1occc(=O)c1O
C=C1CC(C)CO1,0.2857142857142857,CC1CO1
CCC1=NC(CC)C=C1,0.3125,CCC1C=CC(=O)O1
CCCCCCCCCCCCCC1CCCC(C)O1,0.5294117647058824,CCCCCC1CCOC(C)O1
CC(C)=CCCCO,0.48,CC(C)=CCC[C@H](C)CCO
C=C(CCCCCCCC)OCCO,0.4375,CCCCCCCC(=O)OCCCC
CC(C)CC=CCCC1C=CC=CC1,0.2564102564102564,CC(=O)/C=C/CC(C)C
CCC(OC(C)O)C1=CCC(OC(C)=O)CC1,0.3541666666666667,CC(C)C1=CCC(C(=O)O)CC1
CCC(=O)C1=C(CCCCc2ccccc2)CCC=C1,0.41304347826086957,CCC(=O)OCCCc1ccccc1
C=CC=CCCCCCCC,0.782608695652174,C=C/C=C/C=C\CCCCC
CCOc1ccccc1CC,0.4444444444444444,CCc1ccccc1S
COC1COC=CC1CO,0.3333333333333333,COC1CC(O)OC(CO)C1O
CCNC(=O)CCc1ccccc1C,0.37142857142857144,CCc1cccc(C)c1C
CCC(=O)c1ccccc1NCCCCCCCCO,0.4090909090909091,CCNc1ccccc1C(=O)OCC
C=C(CCOC)c1cnccc1N,0.27906976744186046,COC(=O)c1ccccc1N
Cc1cccn1CCc1ccoc1O,0.27906976744186046,CCn1cccc1C(C)=O
OC1CCCCO1,0.4,OC1OCC[C@@H]1OC1CCCCO1
CCCC1CCCC(C)(CC(C)C)C1,0.2647058823529412,CCC1CCCCC1
CC1C=CC(C(C)C)CS1,0.30303030303030304,CC1=CCC(C(C)C)C=C1
C=C(C)CCC(C)CCC,0.5,CCCC(C)CCO
COC(O)C(C)(O)O,0.3333333333333333,CC(O)(O)C(O)C(O)CO
C=CC1CCCC(CCCC(C)C)C1,0.3,C=CC(C)(O)CCCC(C)C
CC(C)CCCC(C)OCOC=O,0.4827586206896552,CC(C)CCOC=O
CCCCCC1C=CC=C1,0.3888888888888889,CCCCCC
CCC=C(C)C(C)CCCCC,0.4827586206896552,CCCCCC(C)C(=O)O
CCCCCC(O)CCCCC,0.7777777777777778,CCCCCC(O)CC
C=CCCC1C=CCC1,0.34146341463414637,C=CCC1(C2C=CCC2)C(=O)NC(=O)NC1=O
CCCC(O)C(=O)OCC,0.6538461538461539,CCOC(=O)CCC(O)C(=O)OCC
CCCCC(CC)C(O)CCC,0.5,CCCCC(O)CC
C=CCCOCC(C)C,0.4117647058823529,C=CCCCCCCCCC(=O)OCC(C)C
CC1CCC(c2ccccc2)S1,0.35294117647058826,CC1COC(c2ccccc2)O1
CCSC1=CCC=C1C,0.22580645161290322,CC1=CCOC1=O
C=CC1C=C(CC)C(O)=C(OC)C1,0.29545454545454547,C=CCc1cc(OC)c(O)c(OC)c1
CC(C)(C)C,0.42857142857142855,CC(C)(C)O
C=CCOCOOOCCCC,0.35135135135135137,C=CCOC(=O)CCCC
CCCC1=CC(OC)C(OC)C(CC)C1,0.25,CCCc1ccc(OC)cc1
C=CC(CCCC)Cc1ccccc1,0.45714285714285713,CCCC(O)Cc1ccccc1
C=C(CCCCC)CC(C)C,0.41379310344827586,C=C(CCCCC)C(C)=O
C1CCC2OCCCC2C1,0.39285714285714285,O=C1CCC2CCCCC2O1
CC1C=CC(c2ccccc2)CC1,0.34285714285714286,CC1COC(c2ccccc2)O1
CCc1ccc(C2CCc3ccc(O)cc3C2)cc1O,0.36,Oc1ccc([C@H]2COc3cc(O)ccc3C2)cc1
CC(C)=CC1CCCC(C)C1,0.4375,CC(C)=CC1CC(C)CCO1
CCOC1=CC=C(C)CC1,0.36666666666666664,CC1=CC=C(C(C)C)CC1
CCCCCC(O)OCC,0.5,CCCCCC(C)O
CCCc1ccc(CC)cc1,0.6190476190476191,CCCc1ccc(O)cc1
COC1CC(C)=CC1C,0.40625,CC1=CC(C)C(C=O)C(C)C1
CC1=C(C)C(O)C(C)C=C1,0.26666666666666666,CC1C=CC(=O)O1
CCC1=CC=C(O)CC1,0.2903225806451613,CCc1cccc(O)c1
CCC(O)CCCCCOC,0.6,CCCCCCCC(O)CC
CC1=COC(C(C)C)CC1,0.38235294117647056,CC1=CC(=O)C(C(C)C)CC1
CC(C)C1=CCCC(CCO)=C1,0.35,CC1=CCC(C(C)CO)CC1
COc1ccc(C(=O)CCO)cc1,0.5517241379310345,COc1ccc(C(C)=O)cc1
CCCC1CCCC=C1CC,0.3409090909090909,CCCCC1OC(=O)C2=CCCCC21
CC(C)C1CC2C(C)CC1CC2CO,0.3023255813953488,CC(C)[C@@H]1CC[C@@H](C)C[C@H]1OCCO
CC1=C(O)C(O)CC1C,0.3448275862068966,CC1=C(O)C(=O)CC1C
CC1=CC(C)=C(N)C(C)C1,0.3333333333333333,CC1=CC(=O)CC(C(C)C)C1
CC(C)C1=CC(O)C(C)CC1,0.3888888888888889,CC(C)C1=CCC(C(=O)O)CC1
CCCCCSCCCCCC=O,0.7272727272727273,CCCCCCCC=O
CCCC1CCOC1,0.3333333333333333,CCCC1CCOC(C)S1
C=CC=CCNCCCCCC,0.4375,C=C/C=C/C=C\CCCCC
CC1CCCC2=C1C=CCC2,0.3333333333333333,CC1CCCC(=O)C1=O
CC1CCOC(C)C1C,0.4782608695652174,CC1OCCC1S
CCCC(C)CCCC(C)(C)C,0.5,CCCC(C)CCO
Cc1cccc(CC(C)C)c1,0.5357142857142857,CCCc1cccc(C)c1
CCC(CC)CC(C)CCCC(C)C,0.6086956521739131,CCC(C)CCCC(C)CCCC(C)CCCC(C)C
C=C(C=CC)OCCC=CCC,0.625,C/C=C/C(=O)OCC/C=C\CC
C=Cc1cc(CC)c(C)c(OC)c1,0.47058823529411764,C=Cc1ccc(OC)c(OC)c1
CC1CCCC(C)(C)CC1=O,0.5172413793103449,CC1CCCC(C)(C)C1=O
C=CCCOC(C)CCCC(C)C,0.38235294117647056,CC(=O)OC(C)CCCC(C)C
CC(C)=CCCC(=O)C(C)C,0.5833333333333334,CC(=O)CCC=C(C)C
CCCCCCCC1CCCC1O,0.3793103448275862,CCC1CCC1O
CCCC(C)CC(C)C1CCCCC1,0.45161290322580644,CNCC(C)C1CCCCC1.Cl
CCC(C)CCCC(C)C,0.9411764705882353,CCC(C)CCCC(C)CCCC(C)CCCC(C)C
CC(O)CCCOc1ccccc1,0.5294117647058824,CC(C)C(=O)OCCOc1ccccc1
CCC(C)CCC=C(C)C,0.64,CC(C)=CCC[C@H](C)CCO
CC1CCNC1,0.35294117647058826,CC1CCC(C)CC1
CC1CCCC1CCCCCCS,0.3333333333333333,SCCCCCCS
CC(C)C1C=CC(CO)CC1,0.38235294117647056,CC(C)[C@@H]1C=C[C@](C)(O)CC1
COS1=CCC(C)C=C1,0.20588235294117646,COC(=O)C1CCCCC1
CC1CCC=C2C=CC=CC21,0.2222222222222222,C=C1/C=C/[C@H](C(C)C)CC/C(C)=C/CC1
CC(O)CC(C)C(O)O,0.45,CC(O)CC(O)CO
C=C(C)C(=O)CCCCC,0.6521739130434783,CCCCCC(=O)C(C)=O
CC1CCC=C1O,0.275,C=C(C)C1CCC2=CCCC(C)C2(C)C1
C=COCC(=O)c1ccccc1,0.4827586206896552,O=C(CO)c1ccccc1
Cc1ccccc1C(=O)CCCCCCCCCO,0.46875,CC(=O)c1ccccc1C
CC(C)C1CC=C2C=CCCC2C1,0.30434782608695654,CC(C=O)CC1=CCC(C(C)C)CC1
CC(N)OC1(C)OCCC(C)(C)C12COC(C)C2,0.2653061224489796,CC1CC(C)(c2ccccc2)CO1
CC(O)CCC(OC(C)C)c1ccccc1,0.46875,CC(O)CCc1ccccc1
C=C(CC(C)C)OCCC=CCC,0.6363636363636364,CC/C=C\CCOC(=O)CC(C)C
CCCCCCC1CCSC1,0.34210526315789475,CCCCCCCC1CCC(=O)O1
CCCCNC(O)CCCC,0.4782608695652174,CCCCC(C)O
C1CCOC1,1.0,C1CCOC1
CCCC1=CC(C)C(C)=C1,0.2727272727272727,CCCc1nccnc1C
CCC(C)C1CCCCC1(CC)CC(C)O,0.3023255813953488,CCC(C)C1CCCCC1=O
C=C1CCCC(CCCC)O1,0.6363636363636364,CCCCC1CCCC(=O)O1
CC(=O)C1=CC=CC1,0.3125,CC(=O)C1=CCCCN1
CC1C(C)(C)C2CCC3C=CC=CC3C2C1(C)C,0.30952380952380953,C[C@@H]1CC[C@H]2[C@@H]1C1[C@@H](CC[C@]2(C)O)C1(C)C
CC1CC=CCCCCCCCCC(C)C1,0.4166666666666667,CC1CCCCC1
CC1CCC2(C1)C(C)CCCC2(C)O,0.4117647058823529,CC1CCCC2(C)CCCCC12O
C=C(CC)C(CC)CC,0.38095238095238093,CCC(CC)C(=O)O
CC(O)CC(C)CCc1ccccc1,0.7037037037037037,CC(O)CCc1ccccc1
OC1C=CCCCC1,0.3181818181818182,OC1CCCCC1
CCCCCCC(C)CCCC(C)C,0.7894736842105263,CCCCCCCCCCCCC(C)C
CCCc1cc(CC)c(C)c(CC)c1,0.41379310344827586,CCCc1cccc(C)c1
CC1CCCC(C)CCC(C(C)C)CC1,0.8333333333333334,CC1CCC(C(C)C)CC1
O=C(OCC1C=CC=CC1)C1=C(O)CC=CC1,0.22448979591836735,CCCOC(=O)c1ccc(O)cc1
CCC1C=CCOC1O,0.28205128205128205,CCCO[C@H]1[C@H](O)COC(O)[C@@H]1O
C=CC(O)CS,0.5,C=CC(O)CC
CC1CC=C(C(C)(C)C)CC1,0.7037037037037037,CC1CC=C(C(C)(C)O)CC1
CC1=CC(C(C)O)CC(C)O1,0.2608695652173913,CC1O[C@@H](OC[C@H](O)C(C)O)CC(O)[C@@H]1O
CC(O)C1C(C)OC(C)C1O,0.3939393939393939,CC(C)O[C@H]1C[C@H](O)[C@H](O)[C@@H](C)O1
CCCC(C)CC(C)Cc1ccccc1,0.5483870967741935,CCCC(O)Cc1ccccc1
CCC(CC)CC(C)OCCC(C)C,0.48,CC(C)CCOC(C)OCCC(C)C
CCOCC1=CC(C)CC1,0.3333333333333333,CCOCc1ccccc1
CCC(C)=CCCC(C)(O)CC,0.43478260869565216,CCC(C)(O)CC
C=CCCCCCC(C)CCC,0.56,C=CCCCCCC
CC1=CCC2(C)CC1C2(C)C,0.45161290322580644,CC1=CCC2(C(C)C)CC12
OC1=CCCCC1O,0.3103448275862069,O=C1CCCC=C1O
CCCCCCCCC1CCC(=S)O1,0.6363636363636364,CCCCCCCC1CCC(=O)O1
C=C(C)CCc1ccccc1,0.5384615384615384,O=C(O)CCc1ccccc1
C=C(CC)OCCCCCCC(C)C,0.5161290322580645,CC(=O)OCCCCC(C)C
CCCCC(C)CCCC(C)C,0.7647058823529411,CC(C)CCCC(C)CCCC(C)CCCC(C)C
CCc1cc(C)cc(OC)c1O,0.6538461538461539,COc1cc(C)cc(OC)c1O
CCC(C)N1CCCC1,0.2857142857142857,CCC(C)O
C=CC(C)(CCCC(C)C)CC(C)CCC,0.5,C=CC(C)(O)CCCC(C)C
CC1=CC(C)=C(C(C)C)C1,0.3125,CC1=CC(=O)CC(C(C)C)C1
CCC1CC(CCC(C)CCSC2CCC(NC)C(OC)C2)=CC=C1OC,0.19047619047619047,COC1CC(C)CCC1C(C)C
CCCNC(=O)C(C)CC,0.4444444444444444,CCC(C)C(=O)OC
CCCC1(C(C)(C)C)C=CC(C)C1,0.20454545454545456,CCCCCCCC1(C)OCC(C)O1
C=CSCC(O)C1=C(N)CCC=C1,0.21951219512195122,C=C1C=CCCC1
CCC(C)CC(CC)CSC,0.3333333333333333,CCC(C)CN
CC(C)CC1CCCC1,0.5416666666666666,CNC(C)CC1CCCC1.Cl
C1=CC2CCCCC2CC1,0.21428571428571427,C=CCC1(C2C=CCC2)C(=O)NC(=O)NC1=O
CCCCOCCC(C)CCC,0.4230769230769231,CCCC(C)CCO
CCCCCC1=C(C)CCC1C,0.4,CCCCCC1=C(C)CCC1=O
CC(C)C1CCCNN1,0.25,CC1CCC(C(C)C)CC1
CCC(CCC(C)C)CCC(C)C,0.4444444444444444,CC(C)CCO
CC(C)C(O)CCC1C(C)CCCC1(C)C,0.2926829268292683,CC1CCCC2(C)CCCCC12O
C=C1CCCC(CCCCCCCCC)O1,0.6571428571428571,CCCCCCCC1CCCC(=O)O1
CCCC(C)C(C)O,1.0,CCCC(C)C(C)O
CC1CCC(S)CC1,0.6153846153846154,CC1CCC(C)CC1
Cc1cc2c(o1)=CCCC=2,0.32142857142857145,Cc1cc(S)c(C)o1
CCCCCCCC(=O)CCC(C)C,0.6521739130434783,CCCCCC(=O)CCCCC
CCc1cccc(OC)c1O,0.64,COc1cccc(OC)c1O
C=C(C)CC(C)CCC,0.4583333333333333,CCCC(C)CCO
CC(=O)C1=CCCO1,0.3333333333333333,CC(=O)C1=CCCCN1
CCCCCC1C=C(C)SC1,0.3157894736842105,CCCCCC1OCC(C)O1
CC(O)CCO,1.0,CC(O)CCO
C=C(C)C(O)CCC,0.44,CCCC(=O)C(O)CCC
CC(C)CCCCCCCC(C)C,0.7333333333333333,CCCCCCCCCCCCC(C)C
CCOCCCCC(C)OCC,0.44,CCOC(C)CC
CCCC1C=C(CC)C(C)C(CC)=C1,0.24324324324324326,CCCC1CC(=O)C=C(C)C1
CCOCOC(C)C(C)C,0.36363636363636365,CCOC(C)OCC
CC1=CC(C(C)C)=CC1C,0.2564102564102564,CC1=C[C@@H]2[C@H](CC1)C(C)=CC[C@H]2C(C)C
CCCC1(C(C)(C)C)CCC(C)C1,0.23529411764705882,CC1CCC(C(C)(C)O)CC1
COC=CCC1C=CCC1C,0.2702702702702703,CCCCCCCCC=COC
CC(C)C1CC2CC(C=O)C1CC2C,0.2972972972972973,CC1CCC(C(C)C)C(O)C1
COC(O)C(C)C,0.4,CC(C)C(C)O
C=C(CC)C(S)CC,0.43478260869565216,CCC(S)C(C)=O
C=C(CCCC)OCc1ccco1,0.6842105263157895,CCCCC(=O)OCc1ccco1
CC(C)C(C)SC(C)C(C)C,0.38461538461538464,CC(C)SC(C)C
CC(C)=CCCC(=O)C=C(C)C,0.6086956521739131,CC(=O)CCC=C(C)C
CC1CCC(O)C(O)C1S,0.38461538461538464,CC1CCC(O)C(C)C1
CC=CC1CC=C(NCC)C(OC)C1,0.22448979591836735,CC1(C)C2CC=C(C=O)C1C2
CCCCCCCSCCCC,0.8,CCCCSCCCC
CC(C)(C)C1=CCC(C=O)CC1,0.425,CC(C)=CCCC1=CCC(C=O)CC1
C=C(COCCC)C(C)=O,0.4482758620689655,C=C(CCCCC)C(C)=O
CCC=CCC(CCC)CCC,0.4074074074074074,C=CC(O)CC=CCC
C=C(CC)C1=CCC=C1,0.23404255319148937,C=C(C)C1CC=C(C)C(OC(=O)CC)C1
C=C(O)CCCCCC,0.5454545454545454,CCCCCCCC(=O)O
CC(=O)CC(CC(C)C)CC(C)O,0.5,CC(=O)CC(C)C
CC12C=CC(C1)C(C)(C)C2O,0.3235294117647059,CC12C=CC(CC1)C(C)(C)O2
CCC1CCCO1,0.5652173913043478,OCC1CCCO1
CCC=CCCCCCCC(C)=O,0.6333333333333333,CC/C=C\C/C=C\C/C=C\CCCCCCCC(=O)O
OCCCCCC1C=CC=CN1,0.32,OCCCCCO
CC(=O)C1=CC2C(C=C1C)C(C)(C)C(C)CC2(C)C,0.32,CC(=O)c1cc2c(cc1C)C(C)(C)C(C)CC2(C)C
CCCC(C)C(C)(C)O,0.42857142857142855,CCCC(C)O
C=C(CCC)C(C)C(C)C,0.39285714285714285,C=C(CCCC)C(C)CCCC
C=C(CCCC)C1C(C)CCCC1(C)C,0.3,CCCCC(=O)OC1CC2CCC1(C)C2(C)C
CCC(C)(C)COC,0.3157894736842105,CCC(C)(C)O
CCCCCC(O)CCC(O)S,0.5833333333333334,CCCCCC(O)CC
CCC(=O)CCCC(C)C,0.5833333333333334,CC(C)CCCC(=O)O
CCC(=O)C=C(C)C,0.47619047619047616,C=CC(=O)CC
CCCCCC(O)OCC(C)O,0.5833333333333334,CCCCCC(C)O
CCCCCCCCCC,1.0,CCCCCCCC
CCSC1CC=CNC1C(C)S,0.21621621621621623,CCC(C)C(O)S
CC(O)CC1(C)CCCC1C,0.38235294117647056,CC1CCCC2(C)CCCCC12O
C=C(C)CC1(CC)CCCCC1,0.30303030303030304,CC(=O)OC1(C(C)=O)CCCCC1
Cc1cocn1,0.35,Cc1cnc(C)cn1
CC=C(C)C(C)CCC1=CC=CCC1,0.32432432432432434,CC1=CC=CCC1
CC1COCC(O)C1,0.37037037037037035,CC1CC(O)CC(C)(C)C1
CCC(CC)C(O)OCCC(C)CCCC(C)C,0.5,CCC(C)CCCC(C)CCCC(C)CCCC(C)C
CC(=O)OC1=C(C)CC(C)C1,0.35135135135135137,CC(=O)OC1=C(C)OC(C)C1=O
COC1=CC(C)=COC1C,0.2857142857142857,COC1=C(C)OC(C)C1=O
C=CCC1=CC=C(OC)CC1,0.41025641025641024,C=CCc1cc2c(cc1OC)OCO2
CCCCC(CC(C)C)OCCC,0.41379310344827586,CCCCOC(CCCC)OCCCC
CC=CC(O)CC,0.5652173913043478,C/C=C/C(O)CCCC
CC1CC(C)C(C)S1,0.25,CC1SSC(C)S1
CCCCNCC,0.4666666666666667,CCNCC
CCCCC1CCCC(C)O1,0.47058823529411764,CCCCCC1CCOC(C)O1
CC1COC(C)C1O,0.41935483870967744,C[C@@H]1OC[C@H](O)[C@H](O[C@@H]2OC[C@@H](O)[C@H](O)[C@H]2O)[C@H]1O
CCCc1ccccc1NCC,0.5,CCCc1ccccc1O
CC(C)CCCC(O)C(C)C,0.5,CC(C)CCCC(C)CCCC(C)CCCC(C)C
C=COCCc1ccccc1,0.6296296296296297,O=COCCc1ccccc1
CC1CCCC(C)O1,0.375,CC1CO1
C=C1CC(C)CCC1C(C)C,0.5714285714285714,CC1CCC(C(C)C)C(=O)C1
C=CCCCCCCC,1.0,C=CCCCCCC
CCc1ccccc1C(=O)CCC(C)C,0.4146341463414634,CC(C)CCOC(=O)c1ccccc1O
CC1=CC(N)CC(C)(c2ccccc2)C1,0.41025641025641024,CC1CC(C)(c2ccccc2)CO1
CCCC(CC)CCOC(C)O,0.38461538461538464,CCCC(C)O
C=CC(C)CCCC(C)O,0.5555555555555556,C=CC(C)CCCC(C)(C)O
CC(C)CCCC(=O)C(C)C,0.6086956521739131,CC(C)CCCC(=O)O
COC1C=CC(C(C)C)C=C1,0.24242424242424243,COC1CC(C)CCC1C(C)C
O=CCCCC=CCCCO,0.5652173913043478,CC/C=C/CCCC=O
C=Cc1ccc(C)cc1C,0.6,Cc1ccc(C=O)c(C)c1
C1=COCC1,0.2,C1CO1
CCCC(=O)C(CC)CCC,0.56,CCCC(=O)C(O)CCC
CNCCC(C)Cc1ccccc1,0.5161290322580645,CN[C@@H](C)Cc1ccccc1.Cl
CCCCCCCCCN1C=CCC=C1C(=O)NC,0.2727272727272727,CCCCCCC(=O)OC
C=C=CCCCCC,0.4782608695652174,C=CCCCCCC
CCC(C)COCCCCC(C)C,0.48148148148148145,CCC(C)CCCC(C)CCCC(C)CCCC(C)C
CC(C)C1CC2CC(CN)C1CC2C,0.2631578947368421,CC1CCC(C(C)C)C(O)C1
CCCCCCC(C)OCC,0.5217391304347826,CCCCCCCCCCCCC(C)C
CC(C)CCC=COC(C)C,0.41379310344827586,CC(=O)/C=C/CCC(C)C
CCCCCCSCOCC(=O)CCCCCC,0.46875,CCCCCCCC(=O)CC
CCCC(=O)C(C)C(C)C,0.48,CCCC(=O)C(O)CCC
CC(O)C=O,0.5384615384615384,CC(C)C=O
C=CCOC(O)C(C)CC,0.40625,C=CCOC(=O)C(CC)CC
CC(=O)OC(C)CS,0.56,CC(=O)OCC(C)OC(C)=O
CCC(C)C(C)OCCCCOC,0.4230769230769231,CCCCCCOC
CC1CC(C)CC(C)C1,0.45454545454545453,CC1CCC(C)CC1
CCC1C=CCOC1C(C)=O,0.23684210526315788,CC(=O)C1CCC=N1
C=C(C=C(C)C)CCC=C(C)C,0.6666666666666666,C=CC(=C)CCC=C(C)C
CC(S)CC(C)OCCCc1ccccc1,0.48717948717948717,CC(C)C(=O)OCCCc1ccccc1
CC1C=CC(O)C1,0.2692307692307692,CC1CCC(O)C(C)C1
CC1C=CC(C(C)C)C1,0.3333333333333333,CC1=CCC(C(C)C)C=C1
Cc1ccc(CC(C)C)c(C)c1,0.44,Cc1ccc(C)c(C)c1
C=CCOSC,0.38095238095238093,C=CCSC
CCCCC(O)C1=CC=C(O)CC1,0.3548387096774194,CCCCC(C)O
CCOC1CCCC1,0.4074074074074074,CCC(=O)OC1CCCCC1
CC(C)C(C)CC1C(C)CCCC1(C)C,0.2631578947368421,CC1CCCC(C)(C)C1=O
CC(C)CCCCCC(C)C,0.7333333333333333,CCCCCCCCCCCCC(C)C
Cc1cc(O)c(C=O)cn1,0.4838709677419355,Cc1ccc(C=O)c(O)c1
C=C(C)OC(C)CCCCC,0.6206896551724138,CCCCCCC(C)OC(C)=O
CCC(C)(C)CCC1SC(C)CCC1C(C)C,0.2857142857142857,CCNC(=O)C1CC(C)CCC1C(C)C
CCCC(C)c1ccc(OC)cc1,0.4666666666666667,CCCc1ccc(OC)cc1
CC(C)C1=CC(O)CC=C1,0.2777777777777778,CC1=CC(O)C(C(C)C)CC1
Cc1cccc2c1CCC=C2,0.3103448275862069,Cc1cccc(C)c1O
C=CCCC(S)CC,0.391304347826087,CCC(S)CS
CCCc1ccccc1C(C)OCC,0.42424242424242425,CCCc1ccccc1O
CCC=CCC,0.6153846153846154,CC/C=C\CO
CC(O)C1CCCC1,0.37037037037037035,CNCC(C)C1CCCCC1.Cl
CCCCCC(C)CCC=Cc1ccccc1,0.4,CCCCC/C(=C\c1ccccc1)C(OC)OC
C=C(C)CCCc1ccccc1,0.5483870967741935,COC(=O)CCCc1ccccc1
CC=CC=CCCC(O)C(C)C,0.41379310344827586,C/C=C/C=C/CCCC
CCC(C)CC(C)SCCC(C)C,0.39285714285714285,CCC(C)CCCC(C)CCCC(C)CCCC(C)C
C=C(CC)C1C=CC=CC1,0.26666666666666666,CCC(=O)/C=C/C1C(C)C=CCC1(C)C
CCCCOCCCCCCCCC(C)O,0.6666666666666666,CCCCCCCC(C)O
CCC(C)C1=C(OC)C=CCC1,0.325,CCC(C)c1nccnc1OC
CC(=O)CC(C)(C)Cc1ccccc1,0.5454545454545454,CC(=O)OC(C)(C)Cc1ccccc1
CC1=CCCC(CCS)C1,0.3157894736842105,CCCC1CC(=O)C=C(C)C1
CC(C)C1CCC(CS)CC1,0.4782608695652174,CC1CCC(C(C)C)CC1
CCOC(O)CC(C)C,0.5454545454545454,CCOC(CC(C)C)OCC
CC(C)CCCOOCCC(C)C,0.45454545454545453,CC(C)CCOC(C)OCCC(C)C
C=C(O)CCCCCCCCCCCC,0.5454545454545454,CCCCCCCC(=O)O
CCc1cc(CO)cc(CC)c1O,0.36666666666666664,CCc1cc(OC)c(O)c(OC)c1
CC1CCC(C(C)C)C(CCC(S)CO)C1,0.43243243243243246,CC1CCC(C(C)C)C(O)C1
C=CCCCOO,0.5,C=CCCCOC(C)=O
CC=C(C)C(O)CCC=C(C)C,0.56,CC(C)=CCCC(C)O
CCCCCC(C)SCC,0.5416666666666666,CCSC(C)CCO
C=C(OCCC)C(C)(C)C,0.4,CCCOC(C)=O
OCCC(O)C1C=CC(O)C(O)C1,0.2894736842105263,OCC(O)[C@H]1O[C@@H](O)C[C@@H]1O
CCC1(O)CCC(C)(CO)CC1,0.2857142857142857,CCC1(O)C2(C)CCC(C2)C1(C)C
C=CCCOCO,0.391304347826087,C=CCCCCO
CCC1=CC=C(OC)CC1,0.3225806451612903,COC1=CCCCC1
CC1CCC(C(C)S)C(CC(=O)CCC(C)C(C)C)C1,0.35294117647058826,CCC(C)C(=O)OC1CC(C)CCC1C(C)C
C=COC(C)CC,0.4090909090909091,CCOC(C)CC
C=C(CCCC(C)C)CC1C=C(C)OCC1C(C)C,0.2727272727272727,CC(C)CCCC(=O)O
CC1=CCCCC1Cc1ccccc1,0.35135135135135137,CC1OC(Cc2ccccc2)OC1C
C=C(OCCC(C)CC)C(O)CC,0.4,C=C(C)CCCC(C)CCOC(=O)CC
CC1CCC2C1C1C(=CCC2(C)O)C1(C)C,0.4146341463414634,C[C@@H]1CC[C@H]2[C@@H]1C1[C@@H](CC[C@]2(C)O)C1(C)C
CCCC(C)C(C)C1CCCOC1,0.30303030303030304,CCCC(C)C(C)O
CCC(O)c1ccc(C)o1,0.43478260869565216,Cc1ccc(C)o1
C=C(C)OC,0.47058823529411764,C=C(C)C(=O)OC
CCC(C)C1CCCCC1,0.5384615384615384,CNCC(C)C1CCCCC1.Cl
CCCC(C)C(C)C(C)N,0.45454545454545453,CCCC(C)C(C)O
OOC1=CCCC(O)C1,0.24242424242424243,COC1=CCCCC1
CCC(O)C1C(C)CCCC1(C)C,0.2894736842105263,CC1CCCC2(C)CCCCC12O
CNC(O)COC,0.3333333333333333,COC[C@@H](O)[C@@H](O)[C@H](O)[C@@H](O)C=O
C=C(CCC=C(C)C)C1CCC(C=O)CC1,0.5454545454545454,C=C(C)C1CCC(C=O)CC1
CCCC(C)CCC,0.6875,CCCC(C)CCO
CCCCC1C=CC(C(C)(C)C)CC1,0.275,CCCCC1CCC(=O)O1
CC(O)C(O)Cc1ccccc1,0.5714285714285714,CC(C)CC(O)Cc1ccccc1
CCCNC(C)C(C)CC,0.32,CCC(C)C(O)S
CCC(C)ONC(C)=O,0.39285714285714285,CCC(C)C(=O)OC
CC(C)CC(C)C,0.5384615384615384,CC(C)CC(O)CC(C)C
C=C(C)CC(=O)CCCCC,0.6086956521739131,CCCCCC(=O)CCCCC
C=C(CCCC(C)C)C1CCC(C=O)OS1,0.30952380952380953,CC(C)CCCC(=O)O
C=C1C2=CC3CC1CC(C2CC(C)C)C3C,0.24444444444444444,CC(C)CC1OCC(C)O1
CC1CCCN1,0.8125,CC1CCCCN1
CCCCCCOC(C)C(C)(C)C,0.6,CCCCCCOC(C)OCCCCCC
CC1=C(C(C)C)CC(C)C1,0.28125,CC1CCC(C(C)C)C(=O)C1
C=C(C)C(=O)OCCC,0.5652173913043478,CCCOC(C)=O
CCCc1cccc(C(C)C)c1,0.5517241379310345,CCCc1cccc(C)c1
CC=CC(C)C1C(C)CCCC1(C)C,0.2564102564102564,CC1CCCC(C)(C)C1=O
CC1=C(C)CC2(CCCOC2)C(C)C1,0.24324324324324326,CC1OCCC1=O
CCCC(O)C=CCCCOCC,0.42424242424242425,CCCC/C=C/C(C)O
CCC=CCCOC(=O)CCC1C=CC=CC1,0.575,CC/C=C\CCOC(=O)CCC
CCC1CCC(O)C(CC)C1,0.6086956521739131,CCC1CCC1O
CCCCCCC(C)C(C)CN,0.5217391304347826,CCCCCCCCCCCCC(C)C
C=CCCCCCCCC,1.0,C=CCCCCCC
C=CCC1(O)C(C)(C)CC=CCC1(C)C,0.25,C=CCC1(C2C=CCC2)C(=O)NC(=O)NC1=O
CCCCCCCCC(C)CCC,0.7,CCCCCCCCCCCCC(C)CC
CCCCCCCCC(C)C(C)=O,0.64,CCCCCC(C)C(=O)O
C=CC(C)CCCC(C)(C)CC(=C)C,0.5806451612903226,C=CC(C)CCCC(C)(C)O
CC(C)CCCCCCCCC(C)O,0.65,CCCCCCCC(C)O
CCCCCC(C)CCCCC,0.7222222222222222,CCCCCCCCCCCCC(C)CC
CCC(C)(C)CC,0.46153846153846156,CCC(C)(C)O
CC(S)C(=O)CCC1C=CC=CC1,0.34285714285714286,CCC(=O)C(C)S
COC1CCCCC1CC1=CC1,0.2564102564102564,OC[C@@H]1CCCN2CCCC[C@H]12
CCC(CC)CC(C)C,0.3888888888888889,CC(C)CC(O)CC(C)C
CCOC(C)C1(c2ccccc2)CC1(C)CC,0.358974358974359,CCOC(Cc1ccccc1)OCC
C=C1OC(CC)C(C)C1O,0.3125,CC[C@H]1O[C@H](O)[C@H](O)[C@@H](O)[C@H]1O
Cc1cocc1C,0.3684210526315789,Cc1ccoc1
CCOC(O)C(C)C(C)CC,0.4166666666666667,CCOC(C)CC
CC1=CC=CN2C=CC=CC12,0.18181818181818182,CC1=CC=CCC1
CCCCCC1C=CC(CC)=CC1,0.38461538461538464,CCCCCC1C=CC(=O)O1
CC1CC(C)C2(CC(C)(C)CC(C)(O)C2)C1(C)C,0.2702702702702703,CC1CCCC2(C)CCCCC12O
CCCCCC(=O)C(C)CCC,0.5714285714285714,CCCCCC(=O)C(C)C(C)=O
CC1CNC(C)N1,0.3333333333333333,CC1CCCC(C)N1
CCOC(C)C1(c2ccccc2)CC1CC,0.3684210526315789,CCOC(Cc1ccccc1)OCC
C=CCCCCc1ccccn1,0.59375,CCCCCc1ccccn1
CCC1C=CCCC1C,0.2962962962962963,CCC1CCCCC1
CCCC1CC(C(C)C)C=CC1C,0.2631578947368421,CC1=CCC(C(C)C)C=C1
CCCOCCCCCC=CC(C)=O,0.6666666666666666,CCCCCC/C=C/C(C)=O
CCCC(C)CC(O)CCC,0.5238095238095238,CCCC(O)CC
CCSC(C)(C)CO,0.32,CCCC(C)(S)CO
CCCOC(C)CCC(C)O,0.4782608695652174,CCCC(C)O
CCCCCNC(=O)CCC,0.44,CCCCCC(=O)CCCCC
C=C(O)CC,0.42857142857142855,CCC(=O)O
COC1C=CC(CO)CC1,0.32432432432432434,COC1C(O)CC(O)OC1CO
CC1=CC=CC(CO)C1,0.2903225806451613,CC1=CC=CCC1
CC(C)CCC(C)CCCC(C)S,0.6,CC(C)CCCC(C)CCCC(C)CCCC(C)C
CC(C)CCCC(O)C1OC=COC1O,0.375,CCCC[C@H](O)[C@H]1OC(O)[C@H](O)[C@@H](O)[C@@H]1O
CC1CCC(C)(c2ccccc2)C1,0.5,CC1CC(C)(c2ccccc2)CO1
CCC1CC(C)CO1,0.375,CCC1CCC(CC)O1
CCCC(C)(CCC)c1ccccc1,0.38461538461538464,CCCc1ccccc1
CC1=CCC(C)C=C1C(C)(C)C,0.2702702702702703,CC1=CCC(C(C)(C)O)CC1
C1CSSCSN1,0.2631578947368421,C1CSSC1
CC1=C(C)C2=CC=CCC2O1,0.2727272727272727,CC1=CC=CCC1
CCC(CO)c1ccccc1,0.5384615384615384,CCC(O)c1ccccc1
C=C(CCCCC)C(C)CCC,0.72,C=C(CCCC)C(C)CCCC
CCCC1=NCC=C1,0.29411764705882354,CCCc1nc(C)cnc1C
CC1=CC(=O)CC(C)=C1,0.4166666666666667,CC1=CC(=O)CC1
CCCCC1C=CCC1,0.3055555555555556,CCCCC1CCC(=O)O1
CC1=CC2CCCC2=CO1,0.25,CC1CCCC(=O)O1
C=C(C)CCCC(C)(S)CC,0.3333333333333333,C=C(C)CCO
CC(C)CC=C(CS)C1C=CCC=C1,0.2894736842105263,CC(C)C/C=C(/C=O)C(C)C
CC1CCC(C(C)(C)C)CC2C(C)CCC12,0.3103448275862069,CC1CCC(C(C)(C)O)CC1
OC1C=CC2CCOC2=C1,0.23076923076923078,CC1=CC(O)C(C(C)C)CC1
CCCC1C=CC(NC(C)=O)=C(OC)C1,0.3111111111111111,COc1ccc(NC(C)=O)cc1
CCC(C)CC(C)(C)C,0.7333333333333333,CC(CC(C)(C)C)CC(C)(C)C
CCCC(C)N(C)CCC,0.34782608695652173,CCCC(C)O
CC(C)C1CCC(C)C(O)C1=O,0.4838709677419355,CC1CCC(C(C)C)C(=O)C1
CCCC=CC(C)O,0.7272727272727273,CCCC/C=C/C(C)O
CCCOCCCCO,0.5454545454545454,CCOCCCO
CCCCCC,1.0,CCCCCC
CC1C=CC(CO)C(C)C1,0.22580645161290322,CC1CCC(O)C(C)C1
CCCC(C)CCCC(C)CCCC(C)CCCC(C)C,0.7647058823529411,CC(C)CCCC(C)CCCC(C)CCCC(C)C
CCCCCOCC,0.55,CCOCCCO
CC1CCC(C(C)(C)CC(=O)C(C)C)CN1,0.2777777777777778,CCC(=O)C(C)C
CCCCC(C)CC(C)CCC,0.4782608695652174,CCCCCCCCCCCCC(C)CC
Cc1ccccc1C(C)C,1.0,Cc1ccccc1C(C)C
C=CCCOSSCCC,0.4482758620689655,C=CCSSCCC
CC(C)=CCCC1CCCC(CO)C1,0.36666666666666664,OCC1CCCCC1
CCCC(CCCC(C)=O)CC(C)C,0.5714285714285714,CC(=O)CCCC(C)C
CC1C=COC1,0.3157894736842105,CC1CO1
CC(C)CCC(C)O,0.5294117647058824,CC(O)CCO
CC1CCCC1,0.9090909090909091,CC1CCCCC1
C=C(O)C(C)O,0.4666666666666667,CC(O)C(=O)O
COCCCC(C)C,0.45,CC(C)CCCC(C)CCCC(C)CCCC(C)C
C=C(C=CC(=O)CCC)CCC,0.56,C/C=C/C(=O)CCC
COCCCC=CO,0.375,CCCCC/C=C\CCCOC(C)=O
CSCCC1=NCC=C1,0.28,CSCCSC
CCC(CO)CO,0.5789473684210527,CCCCC(CC)CO
C=C(OSC)C(C)OC(O)CC,0.2857142857142857,CCC(C)O
CC1CCC(C(C)(C)OC(C)C)C(=O)C1,0.5588235294117647,CC1CCC(C(C)(C)S)C(=O)C1
C=CCC(C)(O)C1C2=CCC(C2)C1(C)C,0.2978723404255319,CC1(C)C2CC=C(CO)C1C2
CC(C)=CCCC(C)CC1CC=C(C)O1,0.4375,CC(C)=CCC[C@H](C)[C@@H]1C=CC(C)=CC1
CCOC(C)C=O,0.47368421052631576,CCOC(C)OCC
CC(C)CC1CCC(C)O1,0.43333333333333335,CC(C)CC1OCC(C)O1
CC=C1CC2CC(CC(C)C)C1C2,0.21951219512195122,CC(C)CC1OCC(C)O1
C=C(CCC)CCOC,0.36,CCCCCCOC
CC(O)CC1=CC(C)CCC1C(C)C,0.3157894736842105,CC1CCC(C(C)C)C(=O)C1
CCC1=C(C=O)CCC1,0.34375,C/C=C\CC1=C(C)CCC1
CC(C)C(C)CS,0.5,CC(C)CS
CCCCCCCC(C)CCC,0.7,CCCCCCCCCCCCC(C)CC
CCCCC(CC)CC(C)=O,0.5517241379310345,CCCCC(CC)CCC(=O)O
CCCC1CCCN1,0.34615384615384615,CC1CCCCN1
CC(C)C(O)C(=O)O,0.6,O=C(O)C(O)C(O)C(=O)O
COC(C)CC(C)CCC=C(C)C,0.5333333333333333,CC(C)=CCC[C@H](C)CCO
C=C(OCC)C(C)C,0.5,CCOC(=O)C(C)C
CCCCCCCC(O)O,0.65,CCCCCCCC(C)O
CC(O)C(C)c1ccccc1,0.6190476190476191,CC(O)c1ccccc1
COCCCCCCCC(O)S,0.44,CCCCCCOC
C=C(C)C1C=C(C(C)C)N=CC1,0.30434782608695654,C=CC1(C)CCC(C(C)C)=CC1C(=C)C
CC(C)CCCC(C)CSCC(O)C(C)C,0.46153846153846156,CC(C)CCCC(C)CCCC(C)CCCC(C)C
CC1CC=CCC1OCC1C=CC=C1,0.19047619047619047,CCOC1CCC(O)OC1C
CCCCCCC1CCCO1,0.5151515151515151,CCCCCC1CCOC(CCCCC)O1
CCC(C)C(=O)OC(C)CCC(O)C(C)CC,0.5161290322580645,CCC(C)C(=O)OC(C)C
C=C1COCCC1C,0.25,CC1CCC(=O)OC1C
CCCC=CCCCCCO,0.8095238095238095,CCCCCCCC/C=C\CCCCCCCCO
C=CCCOCCCCCC(=C)O,0.40625,C=CCCCCCCCCC(=O)O
CCC1=C(S)CCCC1,0.3103448275862069,CCC1=C(O)C(=O)CC1
CCCC(CC(C)O)CC(C)CC,0.4583333333333333,CCCC(C)O
CCC=CCCCC(=O)CC(C)=O,0.5862068965517241,CC/C=C\CCCC(=O)O
CCC(OC)C(C)C,0.35,CCOC(C)OCC
CCc1cccc(OC)c1,0.6086956521739131,COc1cccc(OC)c1
CCCCCOCCC,0.6190476190476191,CCCCCCCOCCS
C=C(C)CCC,0.5294117647058824,C=C(C)CCO
CCCCCCC(=O)CCC,0.8333333333333334,CCCCCC(=O)CCCCC
CNC1=CC=C(CO)CC1,0.28205128205128205,C=C(C)C1CC=C(CO)CC1
CCCC1CCC(O)CC1,0.3181818181818182,OC1CCCCC1
CCCCCCCCCC(C)CCCC1C=CN=C1C,0.3888888888888889,CCCCCCCCCCCCC(C)CC
CC1C=CC2(O1)C(C)CCC(C)C2C,0.375,CC1=CCC(C)C(C)C12C=CC(C)O2
CCCCCOC(C)O,0.6086956521739131,CCCCCCOC(C)OCCCCCC
CCCCCCc1ccc(C=CC(CC)CC)cc1,0.47058823529411764,CCCCCCCCCCCCc1ccccc1
C=C(C)CCC(O)CCCCC,0.5384615384615384,CCCCCC(O)CC
CCOC(C)C,1.0,CCOC(C)C
CSC1C=CCC=C1C(C)C,0.2702702702702703,CC1=CCC(C(C)C)C=C1
CCCC(=O)C(C)CC,0.5,CCC(C)C(=O)O
CCCCCC=CCCC(O)OCC,0.48148148148148145,CCCCCCC=CCCCCCCCCC
CCCCC1C=C(C)C=CC1,0.38461538461538464,CCCCCC1CC=CC(=O)O1
CCCOCCCCC(O)CCO,0.43333333333333335,OCCC(O)CO.OCCCCC(O)CO
CCOCC1CCC=CC1O,0.36585365853658536,CCOCC1OC(O)CCC1OCC
CCCC(C)CC(C)CC,0.45454545454545453,CCCC(C)CCO
CCC(CC)CC,0.38461538461538464,CCC(C)O
CC=CC=CCCCCCCC,0.8095238095238095,C/C=C/C=C/CCCC
OC(CS)SS,0.2916666666666667,Cl.N[C@@H](CS)C(=O)O
CCCC(CC)OCC,0.4090909090909091,CCOC(C)CC
CC(C)CC(C)C(=O)O,0.55,CCC(C)C(=O)O
CC(=O)C1C=CC=C(C)C1,0.3333333333333333,CC(=O)C1CC=C(C)CC1
CCC(O)CCCC(C)CC(C)S,0.48148148148148145,CCCCC(O)CC
CCCC(CNC)CC(C)CCCC(C)C,0.42857142857142855,CC(C)CCCC(C)CCCC(C)CCCC(C)C
CCCCCC=CCC=S,0.6190476190476191,CCCCCCC=CCCCCCCCCC
CSC1CC=C(C)O1,0.26666666666666666,CC1=CCC(=O)O1
CC(C)C(C)(C)CCC1CCC(C)C1(C)C,0.2222222222222222,C[C@@H]1CC[C@H]2C(C)(C)[C@H]3C[C@@]12CC[C@@]3(C)O
COCCCCOC(C)CCc1ccccn1,0.45,CCCCCc1ccccn1
CCONCCCCCCCCO,0.4166666666666667,CCCCCCCCO
CCCCCCCCCC(C)OCCC,0.5185185185185185,CCCCCCOC(CCCCC)OCCCCCC
COCCC(C)O,0.631578947368421,CC(O)CCOCCC(C)O
C=C1CCCCC1C(C)(C)C,0.325,C=C1CCC[C@]2(C)CC[C@@H](C(C)(C)O)C[C@@H]12
C=C(OC(C)CCC)C(C)C,0.5384615384615384,CCCC(C)OC(C)=O
CCOC(OCC)C1C=CCC1,0.2857142857142857,CCOC(C)OCC
CCC=CCC=COCCCC,0.42857142857142855,CCCCOC=O
CCCCC(=O)CCc1ccccc1,0.6,CCCCC(=O)OCCc1ccccc1
CC(C)(CC=O)c1ccccc1,0.4074074074074074,O=CCc1ccccc1
CCCC(=O)C(C)CCC,0.5833333333333334,CCCC(=O)C(O)CCC
CC=CC1C=CC(CC)C=C1,0.20833333333333334,CCC=O
CCCCCC1=C(C(C)CC)CCCC1,0.34375,CCCCCCCCCCCCC(C)CC
CCCC(C)C(C)C(S)C(=O)OCC,0.5333333333333333,CCCC(C)C(=O)OCC
CC1CC(C)SC(C)C1,0.3125,CC1CCC(C)CC1
CC1C=C2OC=CC=C2O1,0.24242424242424243,CC1C=CC(=O)O1
CC(O)C=CC1C=CC=C1,0.375,C/C=C/C(C)O
CC1CCCC1=O,0.8421052631578947,CC1CCCCC1=O
CCC1C=C(C=O)CC1,0.3684210526315789,C=C(C)C1CC=C(C=O)CC1
CCC(O)C1(c2ccccc2)CC1C,0.38235294117647056,CCC(O)c1ccccc1
CC(O)CC(C)C(C)O,0.5,CC(O)CC(O)C(O)CO
CCC(C)(C)CCC=C(C)C,0.5,C=CC(C)(O)CCC=C(C)C
CCCC(C)CCSCO,0.5416666666666666,CCCC(C)CCO
C=CC(C)CCCC(C)CCCC(C)C=O,0.6296296296296297,CCC(C)CCCC(C)C=O
CCC(CC)CCC(C)CCO,0.6190476190476191,CCC(C)CCO
C=CCOC(C)CCCC,0.4,C=CC(O)CCCC
CCCNCCC,0.38461538461538464,CCNCC
CCCCCCC(C=O)CCCC,0.6,CCCCCCC(C)C=O
CCCC1CC(C)CC(C)(C)C1,0.4482758620689655,CC1CC(O)CC(C)(C)C1
CCCCC1(CCCC)CCC(C)C1,0.2972972972972973,CCCCC1(CCCC)CCC(=O)O1
CC1CCCCC1C(C)(C)C,0.3333333333333333,CC1CCCCC1
CC1C=CC(C(C)C)CC1,0.4,C=C1C=CC(C(C)C)CC1
C=C1CC(C)C(=O)C(C)(C)C1,0.41935483870967744,CC1CCCC(C)(C)C1=O
CCCC(C)CC(C)=O,0.5,CC(=O)CC(C)C
CC1C=CC(=O)C1,0.41379310344827586,CC(C)C1C=CC(=O)CC1
C=CC=C(C)C,0.4117647058823529,CC(C)=CC=O
CCC=CCCCC(O)CCC,0.48148148148148145,CC/C=C\CCCO
C=C(O)C1C=CC(O)C(O)=C1,0.22580645161290322,C=C(Br)c1ccccc1
C=C(C)C1=CC(=O)C(C)CC1,0.35135135135135137,C=C(C)[C@@H]1CC[C@@H](C)C(=O)C1
CCCOSC,0.38095238095238093,CCCON=O
CCCC(C)CC(=O)OC,0.6296296296296297,CCCC(O)CC(=O)OC
CCC(C)CCC1CC=C(C)C1(C)C,0.5714285714285714,CC1=CCC(CCO)C1(C)C
CC1=CCC(C)C=C1,0.5185185185185185,CC1=CCC(C(C)C)C=C1
C=C(CCOCCC)C(C)C,0.42857142857142855,CCCOCC(C)O
C=C(CC(C)C)OC,0.4782608695652174,COC(=O)CC(C)C
C=C(CC)OCCCC,0.52,CCCCOC(=O)CC
CCCC(CC)CCC(C)C,0.391304347826087,CCCCCCCCCCCCC(C)C
CC(C)OC(C)O,0.38461538461538464,CC(C)O
CC(C)=CNCC(C)CCCCCC(C)CCCC(C)C,0.4642857142857143,CC(C)CCCC(C)CCCC(C)CCCC(C)C
CCCCC1=COCC=C1,0.3055555555555556,CCCCc1ccco1
O=C(C=Cc1ccccc1)NC1CCCCC1,0.55,O=C(/C=C/c1ccccc1)OC1CCCCC1
CCC1C=CC(CC)N=C1,0.20588235294117646,CCC1C=CC(=O)O1
C=Cc1occc1C,0.36363636363636365,CC(C)=CCc1occc1C
CCCCCCC(CC)CC,0.6190476190476191,CCCCCCCCC(CO)CCCCCC
CC1CCSC1,0.35294117647058826,CC1CCC(C)CC1
CCCCC(CC)C(C)CCC(C)CC,0.5,CCCCCCCCCCCCC(C)CC
CCCC(O)OC,0.45,CCCC(C)O
C=C(C)CCOC(C)C1(C)CCC(C)CC1,0.34210526315789475,C=C(C)CCOC(C)=O
CC(C)(C)C1C=CC=CN1,0.16216216216216217,CC1=CCC(C(C)(C)O)C=C1
CCCC(C)C(CC)CC,0.5,CCCC(C)C(C)O
CC1CCC2=C(CCC(O)C2)O1,0.375,CC1CCC(=O)O1
CCCC(C)C(Cc1ccccc1)C(C)=O,0.5142857142857142,CCCC(O)Cc1ccccc1
CC1=CC=COC1CC(C)C,0.2564102564102564,CC1=NC(CC(C)C)SC1C
CCCCCC(=O)c1ccccc1,0.88,CCCCC(=O)c1ccccc1
CC(C)CCCC1CCC(C)C1(C)C,0.3,CC(C)CCCC(C)CCCC(C)CCCC(C)C
CC1=C(O)C(=O)C(O)OC1,0.3939393939393939,CCC1CC(C)=C(O)C1=O
CC1=CC=CC1,0.55,CC1=CC=CCC1
CCC(C)C1C=C(C)C(C)C1,0.32432432432432434,CCC(C)C1N=C(C)C(C)S1
Cc1ccc(C(C)C)c(CC(C)O)c1,0.5161290322580645,Cc1ccc(C(C)C)c(O)c1
C=C(CCCCCCC)OCC,0.5555555555555556,CCCCCCC(=O)OCC
CCSCCCCO,0.5238095238095238,CSCCCCO
CCCC1C=CC(C)C=C1,0.25,CCCCC1OCC(C)O1
C=C(COC(C)c1ccccc1)C(C)C,0.45714285714285713,CC(C)C(=O)OC(C)c1ccccc1
CCCC(=O)CCCCc1ccccc1,0.5666666666666667,CCCCCCCCCCCCc1ccccc1
C=CCC1CCC(CC(=O)CC(C)C)C(CC)C1,0.3333333333333333,C=CCOC(=O)CC(C)C
C=CCCC1C(O)C(=O)CCC1(C)C,0.3148148148148148,C=CCCC(=O)/C=C/C1C(C)=CCCC1(C)C
CC1C=CC(CO)=CC1,0.3157894736842105,C=C(C)C1CC=C(CO)CC1
CC(C)=CCCC(C)CCCC(C)C,0.6333333333333333,CC(=O)CCCC(C)CCC=C(C)C
CC(C)CCOOCC(C)C,0.45454545454545453,CC(C)CCOC(C)OCCC(C)C
CCC(S)CO,0.5,CCC(S)CS
CC1CC(c2ccccc2)CC(C)(C)C1,0.40625,CC1CC(O)CC(C)(C)C1
C=C(N)CCC,0.47368421052631576,CCCC(N)=O
C=CC(C)(CCC=C(C)C)CC(C)OCC,0.4473684210526316,C=CC(C)(O)CCC=C(C)C
CC1(C)C2CCC1(C)C(CC(O)c1ccncc1)O2,0.23404255319148937,CCC(O)c1ccccc1
CC=CC(=O)CC(C)CC(C)C,0.4444444444444444,C/C=C/C(=O)CC
C=C1CCCCC1O,0.3181818181818182,OC1CCCCC1
CCCCCCC(=O)C1C=CCCC1O,0.3611111111111111,CCCCCCCC(=O)O
CCCc1cccc(C(C)N)c1,0.5161290322580645,CCCc1cccc(C)c1
CC(C)CC(C)(C)CCc1ccccn1,0.5294117647058824,CC(C)Cc1ccccn1
CC1=CC(C(C)C)OC1,0.3333333333333333,CC1=CC2OCC(C)=C2CC1
CC(C)C1CC23CC1(C)CC(C)C2CCC3C,0.29545454545454547,C[C@@H]1CC[C@H]2C(C)(C)[C@H]3C[C@@]12CC[C@@]3(C)O
CCC1CCCC(CC)O1,0.7647058823529411,CCC1CCC(CC)O1
OC1=CCC2C=CCCC2C1,0.21951219512195122,CC1=CCC(C(C)(C)O)C=C1
CC(C)=CCCC(C)(C)C1=CC1,0.42857142857142855,CC(C)=CCCC(C)(O)C1CC=C(C)CC1
SC(c1ccccc1)C1C=CCC=C1,0.3793103448275862,CC(S)c1ccccc1
CCC1=CCCC=C1C,0.3103448275862069,CCc1ncc(C)nc1CC
CC(Cc1ccccc1)OCCc1ccccn1,0.5135135135135135,c1ccc(CCCc2ccccn2)cc1
CC1OC(CCCCO)C(C)C1C,0.42857142857142855,CO[C@H]1O[C@H](CCCCO)[C@@H](OC)[C@H](OC)[C@H]1OC
C=C(OC)C1CC2(C(C)C)CCC1(C)CC2,0.3076923076923077,CC(C)C12CCC(C)(O)C1C2
CCCC1CCC(C)O1,0.4166666666666667,CCC1CCC(CC)O1
c1ccc(COc2ccccc2)cc1,0.5714285714285714,c1ccc(COCc2ccccc2)cc1
CCCC(=O)c1ccccc1O,0.5517241379310345,CCCC(=O)c1ccccc1
CC(=O)CSCC(C)CCCC(C)C,0.5483870967741935,CC(=O)CCCC(C)CCCC(C)CCCC(C)C
CC(C=O)C1CC=CCC1,0.5,CC1=CCC(C(C)C=O)CC1
COCCCC1CCCC1C,0.3,CCCCCCOC
C=CCC1C=CC(CC2OC(CC)C(O)C(O)C2O)C=C1,0.4166666666666667,CC[C@H]1O[C@H](O)[C@H](O)[C@@H](O)[C@H]1O
c1ccc(CCC2COCO2)cc1,0.4358974358974359,c1ccc(CCCC2CCCO2)cc1
C=C(CCC)CC(C)OCO,0.3142857142857143,CCCC(=O)OC(C)CCC
CCC(=O)CC1CC(C(C)C)CCC1C,0.45714285714285713,CC(C)[C@@H]1CC[C@@H](C)[C@H](O)C1
CC(CC(C)c1ccccc1)OO,0.5357142857142857,CC(CO)c1ccccc1
CCCC(=O)C1C=CC=CC1,0.3103448275862069,CCCC(=O)CCC
C=C(CCC)CCC1C=CC=C1,0.2571428571428571,CCCC(=O)c1ccccc1
C=C(C)C=CCC(O)CCC,0.4074074074074074,CCCC(O)CC
CCCC(O)OC1=C(C)OC(C)C1=O,0.5405405405405406,CCOC1=C(C)OC(C)C1=O
CC=CC=CCC,0.5263157894736842,C/C=C/C=C/CO
CCCCCCCCCCCC(=O)CC,1.0,CCCCCCCC(=O)CC
CCC1CCC(CC)C1,0.5,CCC1CCCCC1
CCC(S)C1CCCCC1(CC)CC(C)O,0.2647058823529412,CCC(C)O
CC12CCC(C1)C(C)(C)C2OCO,0.5588235294117647,CC(=O)OC1C2(C)CCC(C2)C1(C)C
CC1=CC2CC(C)C(C)C2CC1,0.45714285714285713,CC1=C[C@@H]2OC[C@@H](C)[C@@H]2CC1
CC1CC(O)C(C(C)O)O1,0.4642857142857143,CC1CC(O)C(O)C(O)O1
CCCCCC1CC(C)C(C)=C1C,0.4444444444444444,CCCCCCCC1CC(C)OC1=O
COCCCSC,0.48,CSCCCOC(C)=O
CCC=CCCCCC,0.7647058823529411,CCCCCCC=CCCCCCCCCC
CC(CC=O)CCC1CC1(C)S,0.4375,CCCC(C)CC=O
COCC(C)=O,0.5263157894736842,CC(=O)COC(C)=O
C=C1CCC(CC)C1C,0.32142857142857145,CCC1CCC1O
CCC(C)CC1=CC=CCC1,0.3870967741935484,CC1=CC=CCC1
CCCC1CCC(C)C1,0.35,CC1CCC(C)CC1
O=C1CCCCCCCCCCCC1,1.0,O=C1CCCCC1
CC1CC(C)(C)C(O)C1C,0.32142857142857145,CC1CC(O)CC(C)(C)C1
CCCC(=O)C1=C(CC)C=CCC1,0.35135135135135137,CCCC(=O)c1ccccc1
CCCCCC(C)CC(C)O,0.6363636363636364,CCCCCC(C)O
CCCCCC(C)OCCNCCC,0.3939393939393939,CCCCCCOC(CCCCC)OCCCCCC
C=C(C)COC(=C)CCC,0.6153846153846154,C=C(C)COC(=O)CCC
CCCCCCCC(O)CCC,0.7142857142857143,CCCCCCCC(O)CC
CSC1=CCCS1,0.2222222222222222,CSc1ccccc1
CC(CCCS)C(=O)CCC(O)O,0.3333333333333333,CCCCC(C)C(=O)O
CC1CCC2C(C1)CC(C)C2C,0.37037037037037035,CC1CCC(O)C(C)C1
CC1=CC(C)CC=C1O,0.2702702702702703,C=C(C)C1CC=C(C)C(=O)C1
CC(C)=CN(O)CCCC(C)CCCC(C)C,0.48148148148148145,CC(C)CCCC(C)CCCC(C)CCCC(C)C
CCCC(C)(S)CCC,0.6666666666666666,CCCC(C)(S)CO
C=C(CCC)C(C)C(CC)C(C)C,0.34375,C=C(CCCC)C(C)CCCC
CC1(C)CCCC2CC(CO)CCC21,0.3125,OCC1CCCCC1
CCC1OCC(C)CC1(C)C,0.28,CC1CO1
C=CCC(C)CC(C)(C)C=O,0.4482758620689655,CC(CC=O)CC(C)(C)C
C=CC(C)C(C)CC,0.4090909090909091,C=CC(O)CC
O=CC1CCCC1,0.4166666666666667,C=C(C)C1CCC(C=O)CC1
CCCC(O)CC(C)C1C=CCCC1,0.3142857142857143,CCCC(O)CC
CCCCCCCC(C)OC,0.6086956521739131,CCCCCCCCCC(OC)OC
CC(C)CCC(=O)CC(C)C,0.631578947368421,CC(C)CC(=O)CC(C)C
CCCC1CCSC(C)S1,0.46875,CCCC1CCOC(C)S1
CCC1=CC(C)C=C1,0.25,CCC1C=CC(=O)O1
C=C(C)C=CCC,0.46153846153846156,C=CC(C)(O)C/C=C/C(=C)C
CCC1CSOCC1(CC)CC,0.22580645161290322,CCC1CCC(CC)O1
CCC1=C(C(C)(C)C)CC(CC)C=C1,0.24390243902439024,CC1=CCC(C(C)(C)O)C=C1
CC(C)(O)O,0.7142857142857143,CC(C)(C)O
CC1=C(C)C(C)=C(C)CC1,0.35,CC1=C(O)C(=O)CC1
CC1CCC2C(C)(C)C=CCC2(C)O1,0.3488372093023256,C=C1C=CCC(C)(C)C12CCC(C)O2
CCC=CCCCSC1CCC(O)C1,0.37142857142857144,CC/C=C\CCCO
CCCC(O)C(O)C(C)O,0.6190476190476191,C[C@@H](O)[C@@H](O)[C@H](O)CCO
CCCCC(=O)CCCC(C)CCC=C(C)C,0.696969696969697,CC(=O)CCCC(C)CCC=C(C)C
C=C(NC)C(CC)CC,0.34782608695652173,CCC(CC)C(=O)O
CCC(C)(CCC1=CC=NCC1)CC(O)O,0.22448979591836735,CCC(C)(O)CCc1ccccc1
CCCCCNCCCCC(O)C(C)C,0.48148148148148145,CCCCCC(C)O
CCCc1ccc(C)cc1,0.5909090909090909,CCCc1ccc(O)cc1
C=C(CCC)C(C)NCC,0.3548387096774194,C=C(CCCC)C(C)CCCC
CCC(=O)CCCc1ccccc1,0.6060606060606061,CCOC(=O)CCCc1ccccc1
C=CC(CCC)OCC,0.4230769230769231,C=CC(O)CCC
C=CCCCOOC,0.4642857142857143,C=CCCCOC(C)=O
CC(C)CC1C=CC(C)C1,0.3448275862068966,CC(C)CC1SC(C)NC(C)S1
CCCCCC(=O)CCO,0.7894736842105263,CCCCCC(=O)CCCCC
CCC(C=O)OC,0.42857142857142855,CCC(C=O)CC
CCCCCCC1=CCC(=O)C1,0.4444444444444444,CCCCCC1=CCC(=O)O1
C=C(CC)C1=CCC(C)C(C)C1C,0.2653061224489796,C=C(C)C1CC=C(C)C(OC(=O)CC)C1
CC=CC(C)CCCCCC,0.5769230769230769,CCCCCCC(C)C=O
CCCCCCCCNC,0.5333333333333333,CCCCCCCC
CC1=NC(C)CC1C,0.3076923076923077,CC1=NC(C)OC1C
CCCCCCCCC(C)S,0.9411764705882353,CCCCCC(C)S
CCCCOC(C)C(C)(C)C,0.46153846153846156,CCCCCCOC(C)OCCCCCC
CCCCCCC1CCC(O)O1,0.5454545454545454,CCCCCC1CCOC(CCCCC)O1
CCCC1C=C(OC)C(OCC)=CC1,0.24390243902439024,CCOc1cnc(C)cn1
CC(C)C12CCC(C)(CC1)C2,0.2962962962962963,CC(C)C12CCC(C)(CC1)O2
CCCNCCC(=O)C(C)O,0.46153846153846156,CCC(=O)C(C)O
C1=CC2NCCC2=CC1,0.1875,Oc1ccc(CC2NCCc3cc(O)c(O)cc32)cc1
CC1CCC2OCCCC12,0.3,OCC1CCCO1
CC1=CSCC(C)=C1,0.26666666666666666,CC1=CC(=C(C)C)CCC1
CC(C)C1CCCN1,0.375,CC1CCCCN1
CC1C=CCC(C)O1,0.2857142857142857,CC1CO1
CC(C)C(C)(C)O,0.6153846153846154,CC(C)C(C)(O)C(C)C
CC1NOC(O)CS1,0.28,OC1CSC(O)CS1
CC1=C(OC(C)O)CCC1,0.3076923076923077,CC1=C(CCC(C)O)C(C)(C)CCC1
CCCC(C)CC(C)C(C)OCC,0.375,CCOC(C)OCC
CCC(=O)C1C=C(CC)C(O)C(OC)=C1,0.2608695652173913,CCC(=O)OCc1ccc(OC)cc1
CC(C)CCCC(C)CCCC(=O)C(C)C(C)C,0.6206896551724138,CC(=O)CCCC(C)CCCC(C)CCCC(C)C
CC(=O)CCC1C(C)CCC(C)C1(C)C,0.3409090909090909,CC(=O)CCC1C(C)=CCCC1(C)C
CC(=O)OCc1ccc(C)cc1O,0.5454545454545454,CC(=O)OCc1ccc(C)cc1
CC(=O)CC(C)(C)C,0.6111111111111112,CC(=O)CC(C)(C)O
CC(C)CCC(=O)C(C)S,0.5217391304347826,CC(C)CCC(=O)O
CCCC(C)(O)CCO,0.5,CCCC(C)(C)O
CC(O)CSC(CC(O)C(C)C)C(C)O,0.34615384615384615,CC(O)C(O)CC(O)C(C)O
O=C1CC=CC=N1,0.25,CC1=CCC(=O)O1
CCC1CC=C(C)CC1C,0.375,CC1=CCC2C(C1)C2(C)C
C=C1CCCCNCCCCCOO1,0.36,C1CCNCC1
CC1C=C(O)C(C)C1,0.2916666666666667,CC1CC(C)C(=O)C1=O
CC(S)CCC1C(C)CCCC1(C)C,0.275,CC1CCCC2(C)CCCCC12O
CC(CO)C(=O)O,0.5789473684210527,CCC(C)C(=O)O
CCCCCSOC,0.43478260869565216,CCCCCSSC
CCCCC1CCCC(C)C1CC(C)C,0.2857142857142857,CCCC[C@H]1OC(=O)C[C@H]1C
CCCC(CCC)C(C)c1ccccc1,0.4482758620689655,COC(OC)C(C)c1ccccc1
CCC(C)C(C)C,0.4444444444444444,CCC(C)C(O)S
CCCCC(=O)Cc1ccc(C)cc1,0.48148148148148145,CCCCC(=O)CCCC
C=C(O)CCCCCCC(C)C,0.56,CC(C)CCCCC(=O)O
CCCCCCCCCCOCCC,0.6666666666666666,CCCCCCCOCCS
CCCC(=O)C(C)C(O)CC(C)=O,0.43333333333333335,CCCC(=O)C(O)CCC
CCCC(C)CC(C)(C)C,0.6470588235294118,CC(CC(C)(C)C)CC(C)(C)C
CCOCCCc1ccccc1,0.5555555555555556,CCOCc1ccccc1
CNCCCC=O,0.5,O=CCCCC=O
CCCNCCO,0.4375,CCCO
COCCSC1=COC(C)C=C1,0.2631578947368421,CC1C=CC(=O)O1
CC(C)C1C=CCC1C,0.28125,CC1=CCC(C(C)C)C=C1
C=C(CCC)CCC=CCCC,0.5,CCC/C=C/CCC(C)=O
CCC(C)=Cc1ccccc1,0.5,C/C(C=O)=C/c1ccccc1
CCCCCC(CO)CO,0.8421052631578947,CCCCCCCCC(CO)CCCCCC
CCC=CCCCCCCC,0.8235294117647058,CCCCCCC=CCCCCCCCCC
CCC(C)C(C)OCc1ccccc1,0.4857142857142857,COCCOC(C)OCc1ccccc1
CCCC1=COC(O)CC1,0.28888888888888886,CC(C)=CCCC1=CCC(C=O)CC1
CC(C)CN=C=O,0.5238095238095238,CC(C)CN=C=S
CC(C)CCCC(=O)c1ccccc1N,0.5128205128205128,CC(C)COC(=O)c1ccccc1N
CC(C)C1CCC(C)C(C)C1,0.625,CC(C)[C@@H]1CC[C@@H](C)[C@H](O)C1
CCCC(=O)CCc1ccccc1,0.5925925925925926,O=C(O)CCc1ccccc1
CC(C)C1CN(C)CS1,0.20689655172413793,CC1CCC(C(C)C)CC1
CCCCC,1.0,CCCCC
CCCC1CC=CC=C1CNC,0.23404255319148937,CCCCCC1CC=CC(=O)O1
CCCCCCCC(O)CCc1ccccc1,0.6,CCCCCCCCCCCCc1ccccc1
CC1=CCCC=C1C(C)O,0.32142857142857145,Cc1ccc(C(C)O)cc1
CN(C)C1CCC(C)(C)CC1,0.2857142857142857,CC1(C)CCCC(O)C1
CCCC1C(C)OC(C)C1C,0.35714285714285715,CCCCCC1OC(C)C(C)O1
CCCC1C=CCO1,0.2857142857142857,CCCC1CCOC(C)S1
CCCC1=CC=C(C(OCC)SCC)CC1CC,0.23404255319148937,CCOC(Cc1ccccc1)OCC
CCC1C=CC(C=O)C1,0.2916666666666667,CCC=O
CCCC(S)C1CCCC1,0.375,CCCC(C)S
CCCc1cc(C)ccc1C,0.4583333333333333,Cc1ccc(C)c(C)c1
CCC1CCCC(C)C1,0.5,CCC1CCCCC1
CCCC(C)c1ccc(O)c(O)c1,0.3939393939393939,Cc1ccc(C(C)C)cc1O
CCC1=CC(C)C(C)S1,0.21875,CCc1nccs1
CCCC(=O)CCCCC1=CCC=C1,0.3939393939393939,CCCCCC(=O)CCCCC
C=C(C=CC)OC,0.34615384615384615,C/C=C/C=C/C(=O)OC
CCC(S)C(=O)O,0.6,CCC(S)C(C)=O
CC(=O)C1=CC(C)OC1C,0.3235294117647059,CC(=O)C1=C(C)OC(C)C1=O
CCCC(=O)SCC,0.5714285714285714,CCCC(=O)SC
CC1=CC2C(C=C1)COC2C,0.2682926829268293,CC1=C[C@@H]2OC[C@@H](C)[C@@H]2CC1
CCCCCOC(=O)O,0.6521739130434783,CCCCCOC(C)=O
C=C(C)CCC1CC=CC1,0.36,C=C(C)CCO
CCC(C)C(C)OCc1ccco1,0.5294117647058824,CCOCc1ccco1
C=C(C)C(C)(C)C,0.3333333333333333,CC(C)(C)O
C1CCSNSC1,0.35714285714285715,C1CCSC1
CC(C)C(=O)CCc1ccccc1,0.5925925925925926,O=C(O)CCc1ccccc1
CS(C)(O)O,0.3333333333333333,CS(C)(=O)=O
CCCCCC(C)C(C)=O,0.6666666666666666,CCCCCC(C)C(=O)O
C=CC1C=CC(C)C=C1,0.20833333333333334,C=CCSC
C=C(C=CCCC)NCCCCCO,0.4375,CCC/C=C\CCCO
CC1CCC(C(C)(C)C)CC1,0.6,CC1CCC(C(C)(C)O)CC1
CCC(C)CCC(=O)c1ccccc1,0.6,CCCC(=O)c1ccccc1
C=CCCCCC=CC,0.5217391304347826,C/C=C/CCCCCCCC=O
C1=CC(CCC2CCCC2)CC1,0.2972972972972973,CCOC(=O)CCC1CCCCC1
CC1=CC=C(C=CC=O)CC1,0.375,Cc1ccc(/C=C/C=O)cc1
CC(C)C1=C2C=CC=CC2CCC1,0.3076923076923077,C=C1C=CC(C(C)C)CC1
CC=CC=CCCC(C)C(C)C,0.4444444444444444,C/C=C/C=C/CCCC
CCC(C)CC,0.5714285714285714,CCC(C)CN
CSOCCc1ccoc1,0.4444444444444444,CC(C)=CCCc1ccoc1
C=C(CCS)C1CCCCC1,0.36,O=C(C1CCCCC1)C1CCCCC1
C=CC1CC(C)CC(C)C1,0.2631578947368421,CC1CCC(C)CC1
CCCC1=CC(NC)C(CCc2ccccc2)=CC1,0.40540540540540543,CCCc1ccccc1
CCCC(C)C,0.5294117647058824,CCCCCCCCCCCCC(C)C
CCCC(C)CCCC(C)O,0.6190476190476191,CCCCC(C)O
C=C(CC=CCCCC)C1=CCCC1,0.38461538461538464,CCCC/C=C/CC(=O)O
OCCCCCCCCCS,0.6153846153846154,OCCCCCO
CCCC(COC)C(C)Cc1ccc(C(C)C)cc1,0.4,CC(C=O)Cc1ccc(C(C)C)cc1
CCC(O)COC(C)C(C)CC,0.4090909090909091,CCC(O)CC
CC1C=CC2=C(C1)OCC(=O)OC2,0.2702702702702703,CC1CCC(=O)O1
CCOC(C)C(CC)CC,0.5,CCOC(C)CC
CCCC(=O)CCCCCCCSO,0.5217391304347826,CCCC(=O)CCC
C=CCC(O)CCCCC,0.56,CCCCCC(O)CC
C=C(C)CC(C)C(C)OCC,0.36,CCOC(C)OCC
O=C(OCCCCCCCO)C1=CC=CC1,0.3953488372093023,CC(C)CCCCCOC(=O)c1ccccc1C(=O)OCCCCCC(C)C
CCCCC(CC)OC,0.5185185185185185,CCCCC(CC)OC(C)=O
CCC(C)CC1=CCSC=C1,0.25,CCC(C)CN
C=CCC1=CC(SC)C(OC(C)N)C=C1,0.22916666666666666,C=CCc1ccc(OC)cc1
CCOC(C)C(C)OC(O)CC,0.4,CCOC(C)CC
CCCC(=O)OCC1=CC=C(OC)CC1,0.47619047619047616,CCCC(=O)OCc1ccc(OC)cc1
CCCCC(C)(CC)C(C)CCC,0.3548387096774194,CCC(C)(O)CCCC(C)C
CCCC1COCCC1O,0.3793103448275862,CCC1CCC1O
CCCCC(=O)CCC1C=CCCC1,0.4375,CCCCC(=O)CCCC
CCOc1ccccc1C,0.5416666666666666,COc1ccccc1C
CCCC(=O)CCCO,0.6666666666666666,CCCC(=O)CCC
CC1=CCC=C1C(C)O,0.32142857142857145,Cc1ccc(C(C)O)cc1
CC1CC(=O)C(C)C1C,0.4166666666666667,CC1CC(=O)C(=O)C1C
CCCCC(O)CCC(C)O,0.7,CCCCC(C)O
CCC(C)(CCC(C)C)C(C)O,0.4642857142857143,CCC(C)(O)CCCC(C)C
CCCc1cccc(CC)c1O,0.5555555555555556,CCCc1ccccc1O
CCC(C)COC(C)C(C)CC,0.4,CCC(C)COC(=O)CC(C)C
C=CC1=C(CC)CCCC1,0.28125,CCC1=C(O)C(=O)CC1
CCCC(C)C(O)O,0.6666666666666666,CCCC(C)C(C)O
CC1=CCC(CC(C)C)C=C1,0.5161290322580645,CC1=CCC(C(C)C)C=C1
CCCCCCC(C)CC(C)CCC,0.6363636363636364,CCCCCCCCCCCCC(C)CC
C=CCOC(O)CC(C)CC(C)(C)C,0.39285714285714285,CC(CC(C)(C)C)CC(C)(C)C
COC1=C(C)N=C(CC(C)C)CC1,0.3076923076923077,COc1nccnc1CC(C)C
CCCC1C=CC=CC1C(C)OC,0.23684210526315788,CCC[C@@H](CCC(C)OC)C(C)C
C=CCCC(=O)CC,0.5217391304347826,C=CCCC(=O)O
CC1SC(C)C(C)C1C,0.42857142857142855,CC1SSC(C)S1
CC1C=CC(C)C2CC(C(C)(C)O)=CCC12,0.45714285714285713,CC1CC=C(C(C)(C)O)CC1
CCC(C=O)c1ccccc1,0.5862068965517241,C=CCC(C=O)c1ccccc1
CC(C)CCC1C=CC(C(C)C)CC1,0.3611111111111111,CC(C)[C@@H]1C=C[C@](C)(O)CC1
CC(C)SC=C(C=O)C(C)C,0.42857142857142855,CC(C)C/C=C(/C=O)C(C)C
CCCCCC=CC(O)O,0.6,CCCC/C=C/C(C)O
CCCC(O)CCCCCO,0.5652173913043478,OCCCCC(O)CO
COC1=CCC(O)C=C1,0.2702702702702703,CC1=CCC(C(C)(C)O)C=C1
CCC(C)CCc1ccccc1,0.5925925925925926,CC(O)CCc1ccccc1
CCCC(=O)C1C(C)CCCC1(C)C,0.325,CCCC(=O)OC1CCCCC1
CC1=CC(C)C(S)C=C1O,0.24242424242424243,CC1=C(O)C(=O)C(C)O1
CC(=O)C1=CCC(C)=C1,0.36666666666666664,CC1=CCC(=C(C)C)CC1
CCCc1ccc2c(c1)=CC(=O)CC=2C,0.358974358974359,CCCc1cccc(C)c1
CCC(C)CNC(C)c1ccccc1,0.41935483870967744,CCC(O)c1ccccc1
CCC=CCCCC(=O)CC,0.6538461538461539,CC/C=C\CCCC(=O)O
CNc1ccccc1O,0.4482758620689655,CNc1ccccc1C(=O)OC
CC(C)CC1=COC=CC1,0.2702702702702703,CC(C)Cc1cccnc1
CC1CC(C)C(C)C(C)(C)C1,0.37037037037037035,CC1CC(O)CC(C)(C)C1
C=CCCCCOCCC,0.5416666666666666,C=CCCCCCC
CC1CC(C)N2CCCC2C1,0.3235294117647059,CC1SC(C)N2CCCC2S1
COC1CC(CC=O)=CC=C1O,0.3333333333333333,COc1cc(CC=O)ccc1O
CC1CCCC(C)(C)C1O,0.39285714285714285,CC1(C)CCCC(O)C1
CCSCSC,0.6428571428571429,CSCSCSC
CCCCCCCCCCCC(C)C,1.0,CCCCCCCCCCCCC(C)C
CCCCCCSCOCC(=O)OCC,0.5,CCCCCCC(=O)OCC
C=CCc1cc(CC)c(C)c(OC)c1,0.5882352941176471,C=CCc1cc(OC)c(OC)c(OC)c1
CCCC(C)CC(C)S,0.5789473684210527,CCCC(C)S
O=C(CO)CCCCC1CCCCC1,0.5135135135135135,C=CCOC(=O)CCCCC1CCCCC1
C=C(C)C(O)CC,0.5,CCC(O)C(C)=O
CCCCC(C)C(C)C,0.5,CCCCC(C)O
CC1CCC2C(C)(C)CCCC2(C)C1,0.3333333333333333,CC1(C)CCCC2(C)C1CCC1(C)OCCC12
CCOC(C)c1ccccc1,0.5161290322580645,CCC(=O)OC(C)c1ccccc1
C=C(CC)CCC(C)C,0.4166666666666667,CC(C)CCC(=O)O
CCC1=C(O)CCC(C=CC=O)=C1,0.28205128205128205,Cc1ccc(/C=C/C=O)cc1
CC1=CCOC1S,0.3235294117647059,CC(C)=CC1CC(C)=CCO1
C=C(CC)C1CCCO1,0.3783783783783784,CCC(=O)OCC1CCCO1
CCCOC(O)Cc1ccccc1,0.53125,CCCC(O)Cc1ccccc1
CC(C)=CCCC(N)CCCC(C)CCO,0.6666666666666666,CC(C)=CCC[C@H](C)CCO
CCCCCCCCCCCCC1CCC(O)O1,0.5454545454545454,CCCCCC1CCOC(CCCCC)O1
C=CC(C)(CCC=C(C)O)CC(O)SCCCCCC,0.375,C=CC(C)(CCC=C(C)C)OC(=O)CCCCCCC
CCCCCCCC(=O)CCCC(C)C,0.6521739130434783,CCCCCC(=O)CCCCC
CC(C)(S)C(O)OCc1ccccc1,0.42105263157894735,COCCOC(C)OCc1ccccc1
CCC(C)C(C)OC,0.36363636363636365,CCC(C)C(O)S
CCCCNCCC(N)CC(C)C,0.3333333333333333,CCCCCCCCCCCCC(C)C
CCCC(C)CNC,0.43478260869565216,CCCC(C)CCO
CCC=CCCC,0.5555555555555556,CC/C=C\CCO
CC1CCCCC1,1.0,CC1CCCCC1
CC(C)CCCC(=O)CCC(C)CCCC(C)O,0.5806451612903226,CC(=O)CCCC(C)CCCC(C)CCCC(C)C
CCC(CCC(C)C)C(C)COC,0.3333333333333333,CCC(C)C(=O)OCCC(C)C
CC(C)CCSC(C)C,0.47619047619047616,CSSCCC(C)C
CC(C)C(C)C(C)C,0.36363636363636365,CC(C)C(C)O
C1=CCC2OCCC2=C1,0.25,CC1OCCC1=O
CC(C)OCCC(O)CCC1=CC=CC1,0.2653061224489796,CC1=C(CCC(C)O)C(C)(C)CC=C1
C=CC=CC,0.375,C/C=C/C=O
CC(=O)OC1CC(C)OC1C,0.4166666666666667,C=C(C)C1CCC(C)C(OC(C)=O)C1
CC(C)OCc1ccco1,0.6071428571428571,COCc1ccco1
C=C1CCC(C)C1CC(C)CC,0.2727272727272727,C=C1CCC(C(C)C)C2C=C(C)CCC12
CC(C)CC(CC(C)C)OC(C)C,0.35,CC(C)CC(O)CC(C)C
CCC(C)C(C)C(C)C,0.4,CCC(C)C(O)S
CCCC(C)C(C)CCCO,0.5217391304347826,CCC(C)CCCO
CC(C)CC1CC(C)(C)CCO1,0.3181818181818182,CCCC1CC(C)(OC(C)=O)CCO1
CCCC(=O)C1CC1c1ccccc1,0.42857142857142855,CCCC(=O)c1ccccc1
CC(C)COCC(C)O,0.5454545454545454,CCCOCC(C)O
CC1CCCCS1,0.35,CC1CCCCC1
C=CC=CCCOCC,0.4,C=C/C=C/C=C\CCCCC
Cc1cnc(C(C)O)nc1,0.38461538461538464,Cc1ccc(C(C)O)cc1
CCCCC(CCC)OC,0.44,CCCCCCCCCC(OC)OC
O=C(CCC1CCCC1)Cc1ccccc1,0.5333333333333333,O=C(Cc1ccccc1)Cc1ccccc1
C=CCOCCC,0.39285714285714285,C=CCOC(=O)CCC
CNC1C=CC(CCC(C)=O)CC1,0.30434782608695654,CC(=O)CCC1C(C)=CCCC1(C)C
CCCCCCCCCCCCCCC(C)OC,0.6086956521739131,CCCCCCCCCC(OC)OC
CC1CCCC(C)(C)C1C=S,0.30303030303030304,CC1CCCC(C)(C)C1=O
CCCCCCCCC(O)CCCCCC,0.7894736842105263,CCCCCCCC(O)CC
CC(O)CC1CC(C)CCC1C(C)C,0.5161290322580645,CC1CCC(C(C)C)C(O)C1
CCCCCC(O)CC(C)C(=O)OCCCC,0.59375,CCCCOC(=O)C(C)CC
CCCC=CC(=O)COCC(C)C,0.5161290322580645,CCCC=CC(=O)CC
CCCCCCCC(=O)C(CC)CO,0.4838709677419355,CCCCCC(CO)C(C)=O
CCCCCCCCCOCCO,0.5833333333333334,CCCCCCCOCCS
CC=CC(C)CCCCC,0.5384615384615384,CCCCCCC(C)C=O
CCCCC(C)C1CCCC1,0.43333333333333335,CNCC(C)C1CCCCC1.Cl
C=CCOSCCO,0.3181818181818182,C=CCO
C=CCCCCCC(C)O,0.52,CCCCCCCC(C)O
CC(=O)COc1ccccc1,0.68,O=C(O)COc1ccccc1
CC(S)C(O)CCCCc1ccccc1,0.53125,CC(O)CCc1ccccc1
CCCOCCC(C)=O,0.5384615384615384,CCCOC(=O)CCC(C)=O
CC(=O)C(=S)CC(C)C,0.5454545454545454,CC(=O)C(=O)CC(C)C
CCCC1=CCC=CC1O,0.2647058823529412,CCCc1ccc(O)cc1
CCCC(C)SCCOC,0.34375,CCCC[C@H](S)CCOC
O=CC=CC1=CCC=C1,0.3333333333333333,O=C/C=C/c1ccccc1
COC1C=CC(CC(C)C=O)CC1,0.32608695652173914,CC(C=O)CC1=CCC(C(C)C)CC1
CCCOC(O)c1ccccc1,0.4827586206896552,CCC(O)c1ccccc1
CC(C)C(C)C1CCCCN1,0.44,CC1CCCCN1
CCCOC(O)CCC(C)C,0.39285714285714285,CCCOCC(C)O
CCOC(O)CCC1C=CCC1,0.2564102564102564,CCOC(CCSC)OCC
CC1CCCC2C1C(C)(C)C(C)C2(C)C,0.32432432432432434,C[C@@H]1CC[C@H]2[C@@H]1C1[C@@H](CC[C@]2(C)O)C1(C)C
C=C(CC)C1C=CC=CC1CCC(C)CC1=CCC(CC)C=C1,0.234375,CC(C)=CCC[C@H](C)[C@@H]1C=CC(C)=CC1
CCC=C1CC(C)c2ccccc21,0.3684210526315789,CC/C=C1\OC(=O)c2ccccc21
COCCC(C)(C)CO,0.4782608695652174,COCCC(C)(C)S
CCCCCCCC(O)CCCC,0.75,CCCCCCCC(O)CC
CCC(C)C1CC(C)C(CC)C1,0.2702702702702703,CCC(C)C1N=C(C)C(C)S1
CC1(C)CCCC2CCC(CN)CC21,0.24444444444444444,C=C1C2CCC3C2C(C)(C)CCCC13C
CC(C)C(=O)c1ccccc1,0.5384615384615384,O=C(c1ccccc1)C(O)c1ccccc1
CCC,0.42857142857142855,CCO
CCCCCCC1CCCC1O,0.3793103448275862,CCC1CCC1O
CCCC(=O)CCCCCCCC(C)CCC,0.5,CCCCCC(C)CCC(=O)O
C=CCC(C)C(C)=O,0.6521739130434783,C=CCC(C)C(=O)O
NCC(c1ccccc1)C1CCCCC1,0.3235294117647059,CC(CO)c1ccccc1
CCC(O)C1CCCCC1O,0.3333333333333333,CCC1CCC1O
CC1C=CC(CCO)=CC1,0.325,CC1(C)C2CC=C(CCO)C1C2
CC=COC,0.2916666666666667,CCCCCCCCC=COC
CCC(C)C1C=CC2CCCCC2=C1,0.4,CCC(C)C1CCCCC1=O
CCCC(=O)CC1=C(C)CC=CC1CC,0.3235294117647059,CCCC(=O)CCC
C=C(C)C1=CCC(C)CC1=O,0.40540540540540543,C=C(C)C1CC=C(C)C(=O)C1
OCc1ccccc1O,0.5416666666666666,CCCc1ccccc1O
CCCC(C)Cc1ccccc1,0.6071428571428571,CCCC(O)Cc1ccccc1
CCC(=O)C1=CCNO1,0.3333333333333333,CCC(=O)c1ccccc1
CCCCCCCCCC(=O)CC(C)C,0.6086956521739131,CCCCCC(=O)CCCCC
CCCCCCC(=O)C1=CCCO1,0.4146341463414634,CCCCCC(=O)c1ccco1
CCCCC(=O)Cc1ccc(O)cc1,0.48148148148148145,CCCCC(=O)CCCC
CC1CC(C)C2(CC(C)(C)CC(C)(C)C2)C1(C)O,0.29411764705882354,CC1CCCC2(C)CCCCC12O
CCC(C)(C)CCCC(C)C,0.625,CCC(C)(O)CCCC(C)C
CCCCCCOC(O)CCC(C)=O,0.5,CCCCCCC(C)=O
CCC=CCCCC(=O)CC=CCC,0.6296296296296297,CC/C=C\CCCC(=O)O
CCC(O)CCN,0.5789473684210527,CCCC(O)CC
CC1CCC(C)C(C=O)C1,0.375,C=C(C)[C@H]1CC[C@@H](C)[C@H]1C=O
CC1=CCCCC1OC(C)C,0.2857142857142857,CC(=O)OC(C)/C(C)=C/C1C(C)=CCCC1(C)C
CC(C)OC(C)(C=O)CCC1OC1(C)C,0.25,CC(CC=O)CC(C)(C)C
CCC1C=CC(C(C)C)=CC1,0.3142857142857143,CC1=CCC(C(C)C)C=C1
OC1=C(C(O)CC2CCCCC2)CCC=C1,0.2777777777777778,OCC1CCCCC1
CC(=O)CCc1cc(C)cc(C)c1C,0.45454545454545453,CC(=O)CCc1ccc(C)cc1
CCCC1=CC=CCC1,0.4444444444444444,CC1=CC=CCC1
CC(=O)CC(C)CC(C)C,0.6,CC(=O)CC(C)C
CCCCCCCCCCCCCCCCCCC,1.0,CCCCCCCC
CC1(C)CCCC(O)C1C=O,0.34375,CC1(C)CCCC(O)C1
CCC(C)c1ccccc1C,0.5833333333333334,Cc1ccccc1C(C)C
CCC(=O)C(CO)CCOC,0.36363636363636365,CCCCC(CO)C(C)=O
CCCCCC=CCCC(O)O,0.5909090909090909,CCCCCCC=CCCCCCCCCC
CCC(C)C(C)OC1C(C)CC=CC1(C)C,0.24489795918367346,CC[C@@H](C)O[C@@H]1OC(C)[C@H](O)CC1O
CCC(C)(CCCC(C)C)CC(C)O,0.5172413793103449,CCC(C)(O)CCCC(C)C
CCCCCCCCCCCCCC(C)O,1.0,CCCCCCCC(C)O
CCCCCCCCC(CC)CC,0.6190476190476191,CCCCCCCCC(CO)CCCCCC
CCCOC(C)CC1C=CC=CC1,0.27906976744186046,CCCOC(C)OCCc1ccccc1
CC(C)C1CCC(C)(C)C(C(C)C)C1,0.34375,CC(C)[C@@H]1CC[C@@H](C)[C@H](O)C1
CCCCC(CC)CCC(O)c1ccccc1O,0.3888888888888889,CC(C)c1ccccc1O
CCCOCC(O)C=O,0.5384615384615384,CCCOCC(C)O
CC(O)C1=CCCCO1,0.25806451612903225,CC(O)c1ccccc1
CCCCCCC(C)(C)C,0.5333333333333333,CCCCCCCC
CCC1=C(C)CC(C)CO1,0.2777777777777778,CCC1=C(O)C(=O)C(C)O1
CC1=CC(CC(C)O)CC(C)(C)C1,0.2972972972972973,CC1=CC(=O)CC(C)(C)C1
C=C(C)C(C)S,0.5,CC(=O)C(C)S
CCCC(=O)CC(C)C,0.631578947368421,CC(C)CC(=O)CC(C)C
CCCCC1=CC(CC)C=C1,0.28205128205128205,CCCCCC1C=CC(=O)O1
C=C(CCC)CCCC(C)CCC,0.45161290322580644,C=C(C)CCC[C@H](C)CCO
C=C1CC(C)C(CCC(C)C)C(C)(N)C1,0.23809523809523808,C=C1CCC2C(C1)C2(C)C
C=C(C)CC1CC2COC1(C)C2(C)C,0.2619047619047619,C=C(C)C1CCC2(C)OC2C1
CC1=C(C)COC1,0.2608695652173913,CC1=NC(C)OC1
C=C(C=CC)OC(S)CC(C)C,0.3333333333333333,CC=CC(=O)OCC(C)C
CC(C)C1CC(C)C(C)O1,0.3103448275862069,CC1COC(C(C)C)O1
C=C(CC)C(C)CCC(C)C,0.42857142857142855,C=C(CCCC)C(C)CCCC
CC(C)Cc1ccccc1,0.6,CC(C)CC(O)Cc1ccccc1
CC1=NC2C=CCCC2O1,0.22857142857142856,CC1=CC=CCC1
C=C(CCCC)CCC1CCCCC1,0.4444444444444444,CCOC(=O)CCC1CCCCC1
CC(C)CC(C)CCC1C=CC=C1,0.3076923076923077,CC(C)CC(O)CC(C)C
CCCC=C(CO)c1ccccc1,0.3939393939393939,CCCC(=O)c1ccccc1
CCCC(C)CC(O)c1ccccc1,0.5517241379310345,CCC(O)c1ccccc1
CCCCCC(CCCC)Cc1ccccc1,0.5,CCCCCCCCCCCCc1ccccc1
CCCCCCCCC(CC(C)O)C(=O)CC,0.5172413793103449,CCCCCCCC(C)O
C=C1CCC(CCCCC)=C1C,0.37142857142857144,CCCCCC1=C(C)CCC1=O
COC1C=CCCC1C,0.23255813953488372,C=CCC1(C2C=CCC2)C(=O)NC(=O)NC1=O
CC1=CNCC1,0.28,CC1=CC(=O)CC1
CC1=CC(OOC2CC(C)CC2C)C(C)C1,0.325,CC1=CC(C)C(C=O)C(C)C1
CC1OC(=O)C(=O)C1C,0.3448275862068966,COC1=C(C)OC(C)C1=O
CCCCCCC(CC)C(=O)CC,0.5,CCCCCC(CO)C(C)=O
COC1C=CC(C)CC1C,0.23529411764705882,CO[C@H]1O[C@H](C)[C@@H](O)C[C@H]1O
COC(C)CSC,0.4583333333333333,CSCC(C)OC(C)=O
CC1=NC(C)C(C)C1,0.34615384615384615,CC1=NC(C)OC1
CC(CC=O)C1=CC(C(C)C)CC=C1,0.3333333333333333,Cc1ccc(C(C)CC=O)o1
CSCC1=CC=CC1C,0.3,CSCc1ccccc1
CCc1cc(C)c(C)o1,0.32142857142857145,CCc1ccco1
C=CCOC(C)C,0.4444444444444444,C=CCOC(=O)CC(C)C
C=CC=CC=CC,0.45,C=C/C=C/C=C/CC
CC1=NC(C)N(C(C)C)CC1,0.2727272727272727,CC1=NC(C)OC1
CC=CC1=CC(CC)C(SC)C(CC)C1,0.20512820512820512,CCC1CCC1O
CCCCNC,0.42857142857142855,CCCCC
C=CCCCCC(=C)C,0.625,C=CCCCCC(C)=O
CCCCCC(=O)NCCCC,0.5,CCCCCC(=O)CCCCC
CCNCC(C)CC,0.4117647058823529,CCNCC
CCCCCCC=CO,0.6842105263157895,CCCCCCC=CCCCCCCCCC
CC(O)C1CCC2CCC=CC21,0.23684210526315788,CC1CCC(C(C)C)C(O)C1
CCCSC1=CC(C)C(C)C1,0.2564102564102564,CC1=CC(C)C(C=O)C(C)C1
CCCCCC(O)C(C)N,0.5652173913043478,CCCCCC(C)O
C=CC1C=CC(C(C)C)=CC1,0.3055555555555556,CC1=CCC(C(C)C)C=C1
CCCCCCCC(CO)OC,0.5384615384615384,CCCCCCCCCC(OC)OC
CC1CC(CO)C=CC1O,0.2647058823529412,OCC1OC(O)CC(O)C1O
C=C(CC1C=CCC(C)=C1)CN1C=CCC=C1,0.21153846153846154,C=C(CO)C1CC=C(C)CC1
C=C(CCCC)C(S)CCC,0.5357142857142857,C=C(CCCC)C(C)CCCC
C=CC1=C(CO)OCCO1,0.24,C=CCO
CC1OC2C3=CC(=C2C1C)CN3C,0.20930232558139536,COC1CC(O)C(O)C(C)O1
CCCC1=C(C)N=C(C)CO1,0.2857142857142857,CCCc1nc(C)c(C)o1
CCCSCCC(C)O,0.5263157894736842,CCCSCCC
CCCCC1C=CCC1C,0.3333333333333333,CCCC[C@H]1OC(=O)C[C@H]1C
CCCCCCCC(S)OC,0.5833333333333334,CCCCCCCCCC(OC)OC
CCCCCC(O)CCCC,0.7368421052631579,CCCCCC(O)CC
CC(C)C=CCC(C)C,0.4166666666666667,CC(=O)/C=C/CC(C)C
CCCCCC(=O)OC(CCCC)C(C)CCO,0.5588235294117647,CCCCCC(=O)OC(C)C
C=CC=CCCC,0.5416666666666666,C=C/C=C/C=C\CCCCC
CC(CCO)COc1ccccc1,0.43243243243243246,CC(C)C(=O)OCCOc1ccccc1
C=CCCC(O)c1ccccc1O,0.40625,CC(C)c1ccccc1O
CCCCCC(C)C(C)CCCC,0.5789473684210527,CCCCCCCCCCCCC(C)C
CCCCCCCCC(CC)C(C)O,0.5833333333333334,CCCCCCCC(C)O
CCC(C)C(C)c1ccccc1,0.5,CCC(O)c1ccccc1
CNC1C=CCC=C1S,0.18421052631578946,CC1=CCC(C(C)C)C=C1
CC(C)CC(C)C(C)C(C)C,0.3684210526315789,CC(C)CC(O)CC(C)C
CCCC(C)OCC,0.5789473684210527,CCOC(C)CC
CCCC(C)C(O)OCC,0.5217391304347826,CCCC(C)C(C)O
CCCCOC(C)C(C)C,0.5,CCCCCCOC(C)OCCCCCC
CCOCC(=O)CC,0.5,CCC(=O)CC
CCC(CC)CCc1ccccc1,0.5555555555555556,CC(O)CCc1ccccc1
CCCCCCC(C)CC,1.0,CCCCCCCCCCCCC(C)CC
Cc1cccc(C)c1,1.0,Cc1cccc(C)c1
CC(C)CCCC(C)CC(C)(C)C,0.6,CC(C)CCCC(C)CCCC(C)CCCC(C)C
CC1=CC(C)CC1,0.43333333333333335,CC1=C[C@@H]2OC[C@@H](C)[C@@H]2CC1
CC1=CCC(CCO)C=C1,0.4411764705882353,CC1=CCC(C(C)(C)O)C=C1
CCC1=CC=C(C(C)O)CO1,0.2571428571428571,CC1=CC=C(C(C)C)CC1
CCCCNN,0.4,CCCCC
CC1CCC(CC=O)C1(C)C,0.4,CC1=CCC(CC=O)C1(C)C
CCOC1=CCCC=C1O,0.36666666666666664,CCOc1ccc(O)cc1
CCC(CCO)COC,0.4,CCC(C)CCO
CC(C)CCOC(C)S,0.6,CC(C)CCOC(C)OCCC(C)C
CC(=O)CCC1C=CCC=C1,0.35,CC(=O)CCC1C(C)=CCCC1(C)C
CC1COC(O)O1,0.5238095238095238,CC1COC(C)O1
CC(C)CCC(O)c1ccccc1,0.5769230769230769,CCC(O)c1ccccc1
Cc1ccccc1CC(C)C,0.42857142857142855,Cc1ccccc1C
CCC(CC)CCC1CCC(C)C1(C)C,0.23255813953488372,C[C@@H]1CC[C@H]2C(C)(C)[C@H]3C[C@@]12CC[C@@]3(C)O
CCC1OCCC(C)O1,0.38235294117647056,CCCCCC1CCOC(CCCCC)O1
CC(O)C(=O)c1ccccc1,0.5769230769230769,O=C(c1ccccc1)C(O)c1ccccc1
CCC(C)CCC1CCC(C)C1(C)C,0.3125,CCC(C)CCO
CC1C=C2COCC2=CC1,0.24390243902439024,CC1=CCC(C)C(C)C12C=CC(C)O2
CC(C)=CCNC(=O)C(C)C,0.43333333333333335,CC(C)=CCOC(=O)C(C)C
CC(c1ccccc1)C(O)C1C=CC=CC1,0.38235294117647056,CC(O)c1ccccc1
C=CC(=CCCC)CC,0.42857142857142855,CCCC/C=C(/C=O)CC
C=C(OC)C(C)C,0.4,COC(=O)C(C)C
O=CCCCCc1ccccc1,0.7083333333333334,O=CCCc1ccccc1
CC(C)C1=CC=COC1C,0.20588235294117646,CC1=CC=C(C(C)C)CC1
C=C(CCC(CCCCC)Cc1ccccc1)CC(C)C,0.39655172413793105,CCCCCC[C@@H](C)NC(=O)CCC(=O)N[C@@H](Cc1ccccc1)C(=O)OC
CC=C(C)C(O)CCC,0.4230769230769231,CCCC(=O)C(O)CCC
CCC(O)CCc1ccccc1,0.6296296296296297,CC(O)CCc1ccccc1
CCCCCNCCCC(O)CCC,0.48148148148148145,CCCCCC(O)CC
CCCCCCCCCOC(C)c1ccncc1,0.46875,CCCCCCOC(C)OCCCCCC
CCCC(C)CC=C(CC)CC,0.5,CCCC(C)CC=O
CC1CCC2C(C3C(C)CCC13)C2(C)C,0.5625,C[C@@H]1CC[C@H]2[C@@H]1C1[C@@H](CC[C@]2(C)O)C1(C)C
CCOC(C)CCOC,0.5,CCOC(C)CC
CCC1CC(C)C(C)C1,0.4,CCC1CCCCC1
CCC(CC)CCC(C)O,0.5294117647058824,CCC(C)O
CCCCCC(CC)CC=O,0.5714285714285714,CCCCC(CC)CCC=O
CC(C=O)CCC1C(C)CCCC1(C)N,0.3157894736842105,CCCC(C)C=O
C1=CCCN=C1,0.2857142857142857,C1=NCCC1
CC=C(C)C(C)CC,0.44,C/C=C/C(=O)C(C)CC
CCCC1=COC=CC1,0.3,CCCc1ccccc1
CSC(C)C,0.5,CSC(C)S
C=C(C)C1CCC(C)C(C)C1,0.68,C=C(C)C1CCC(C)C(O)C1
C=C(C)C1CCCC1C,0.43333333333333335,C=C(C)[C@H]1CC[C@@H](C)[C@H]1C=O
CCc1cccc(SC)c1O,0.4482758620689655,CSc1ccccc1O
CC(C)C(C)CCC1CCC(C)C1(C)C,0.23255813953488372,C[C@@H]1CC[C@H]2C(C)(C)[C@H]3C[C@@]12CC[C@@]3(C)O
C=C(CC(C)c1ccccc1)C(C)C,0.5357142857142857,CC(CO)c1ccccc1
CC(=O)C1=CC=CCC1,0.4444444444444444,CC1=CC=CCC1
COC(C)C1CC1c1ccccc1,0.35294117647058826,COC(OC)C(C)c1ccccc1
CC1=CC(Oc2ccccc2)CC=C1,0.3125,COc1ccccc1
CCCCC1C=CC(O)CC1,0.2894736842105263,CCCCC1CCC(=O)O1
CCCCCCCC(O)CCC(C)C,0.6363636363636364,CCCCCCCCCCCCC(C)C
CCCCCCCCCCS,1.0,CCCCCCS
CC(C)CCCCCO,1.0,CC(C)CCCCCO
CC(C)C1CCC(C)(O)CC1=O,0.625,CC(C)C1CCC(C)(S)CC1=O
CC(O)C1CCCC1C,0.3333333333333333,CC1CCC(C(C)C)C(O)C1
C=C(CCC)CCC(C)O,0.5,CCCC(C)O
CCCC(CC(C)C)OC(C)c1ccc(C)c(C)c1,0.3488372093023256,CCOc1cc(C(C)C)ccc1C
CC1=CC(C)C=C1,0.32142857142857145,CC1=CCC(C(C)C)C=C1
CC1CCC(c2ccccc2)C1,0.35294117647058826,CC1COC(c2ccccc2)O1
