SMILES,MaxSimilarity,NearestNeighbor
CCCc1cccc(C)c1,0.5416666666666666,CCCc1ccccc1
C=CC(C)CCC=C(C)S,0.41935483870967744,CC(C)=CCCC(C)C=O
CCCCCCC1C=CC(=O)C1,0.42105263157894735,CCCCCCC1CCOC1=O
CC(N)c1cccc(C(C)CC=O)c1,0.5151515151515151,CC(C)c1ccc(C(C)CC=O)cc1
CCCCSCCCCCCCC=O,0.6521739130434783,CCCCCCCC=O
CSC(O)c1ccccc1,0.5217391304347826,CC(O)c1ccccc1
CC(=O)CC(C)CCC=C(C)CCCC(C)O,0.5,CC(=O)CCCC(C)CCC=C(C)C
C=C(C)C(C)OCC,0.42857142857142855,CCOC(C)OCC
CCC1CCC(C)O1,0.6842105263157895,CCC1CCC(CC)O1
CC1CNSC1,0.1935483870967742,CC1CC(=O)CC(C)(C)C1
CC(C)C1CCCCC1,0.7368421052631579,CC(C)C1CCCCC1.CCO
CC1CCNC1C,0.2,CC1CCC(C(C)C)CC1
C=CC(C)CCCCCC,0.6,CCCCCCC(C)C=O
O=CC1=CC(O)=CC1,0.2972972972972973,C=C(C)C1CC=C(C=O)CC1
CC(C)OC(O)C(C)C,0.4666666666666667,CC(C)OC(C)C
CCOC(O)C(S)CC,0.375,CCOC(C)CC
CCC(C)OC1CC=CC=CCC1,0.2727272727272727,CCOC(C)CC
C=C(C)C1CC(C(C)=O)=CC=N1,0.3,C=C(C)C1CCC(C)CC1=O
CCCCNC=CC=O,0.4444444444444444,CCCC/C=C/C=O
C=CCC1=CC2=C(CCC2)CC1CC,0.2765957446808511,C=CCC1=C(C)C(O)CC1=O
CC=C(C)CCC(=O)C(C)CC,0.48148148148148145,CC=C(C)CCC(=O)O
OC(CCCCc1ccccc1)c1ccccc1,0.5925925925925926,OC(Cc1ccccc1)c1ccccc1
COC1CC(C=O)CC=C1OC(C)C(C)C,0.3333333333333333,CC1=CCC(C=O)CC1
CC(=O)CCSCCCCO,0.391304347826087,CC(=O)CCC(C)=O
CC1CCCC(C)(C)CC1S,0.40625,CC1CCCC(C)(C)C1CO
C=C(C)C1(OC(C)=O)CCCCC1,0.3793103448275862,CC(=O)C1(O)CCCCC1
CCC(C)C(C)CCCCCO,0.43478260869565216,CCCCCCCCO
CCCCCC1C(C)CCC1C,0.45161290322580644,CCCCCC1C(=O)CCC1C
CC(CC(C)(O)COC(=O)C1CC1)C1CCCC(C)(C)C1,0.2830188679245283,CCCCOC(=O)C1CCCCC1
CCCCN=CCO,0.36363636363636365,CCCCO
CC(C)CCC(=O)C(C)C,0.5714285714285714,CC(C)CCC(=O)O
CC1CCC2C(C)CCC(C(C)C)C2C1,0.5,CC1CCC(C(C)C)C(O)C1
CC(C)SC(S)CC1CCCCC1,0.32432432432432434,CC(C)OC(=O)CC1CCCCC1
CCCCCC1CC(O)CC(C)C1C(O)CCC,0.35714285714285715,CCCCCCCC1CCCC1O
COC1C=CC(C)C1,0.2857142857142857,CC=CC1=CCC(OC)C=C1
CCC(C)C(C)CC,0.46153846153846156,CCC(C)O
CC1CCC2=C(CCC2C)O1,0.42857142857142855,CC1CCC(=O)O1
CCCC(O)CCCc1ccccc1,0.6875,CCCCCCC(O)CCc1ccccc1
CC(C)CC(C)(C)C,0.4090909090909091,CC(CC=O)CC(C)(C)C
C=C1CCC(CCCCCC)CC1,0.6551724137931034,CCCCCCC1CCC(=O)CC1
CC(C)CCCCCC(C)O,0.8235294117647058,CC(C)CCCC(C)O
O=C1CCC2C=CCCC2O1,0.375,CC1CCC(=O)O1
CSC(C)O,0.45454545454545453,CC(C)O
CC(S)C1CCCCC1,0.4583333333333333,CC(CO)C1CCCCC1
CCCNCC1CCCC(=O)O1,0.5833333333333334,CCCCC1CCCC(=O)O1
CCC(C)COc1ccco1,0.4,CCC(O)c1ccco1
CC=CC1=CC(SC)C(CC)C(CC)=C1,0.22916666666666666,CC=CC1=CCC(OC)C=C1
COCCCCO,0.5882352941176471,COCCO
CCCC(=O)CCC(C)C,0.6818181818181818,CCC(=O)CCC(C)C
CCC1C=CCC(O)C1,0.3103448275862069,CCC1CCC(O)CC1
CC(=O)OCC(C)CC(C)C,0.6521739130434783,CC(=O)OCC(C)C
CCCCCCCCCCCCC(C)O,1.0,CCCCCCCC(C)O
C=C1CC(C)CCC1C(C)(C)CC(C)O,0.43243243243243246,CC(O)CC(C)(C)C1CCCCC1
CCCC(=O)OCCC(C)CCCC(C)S,0.575,CCCC(=O)OCCC(C)CCC=C(C)C
C=C(C)OC(CS)CCC,0.35135135135135137,CCCCC(CCC)OC(=O)CC(C)=O
CCC(C)Cc1ccc(CC(C)C)cc1,0.5,CC(C)Cc1ccc(CC(C)C=O)cc1
COC1=CC(C)=CCC1,0.25,CC1=CC(=O)CCCCCCCCCCCC1
CCCC(O)CC(C)CC,0.55,CCCC(O)CCC
CC(CC1C=COC=C1)c1ccccc1,0.4375,CC(CO)c1ccccc1
CC(C)CC(C)S,0.4117647058823529,CC(C)CC(C)O
CC=CC1=CC(OC)C(CC(C)O)C=C1,0.37777777777777777,CC=CC1=CCC(OC)C=C1
C=C(O)C(=CC(C)O)CC(=O)O,0.3548387096774194,O=C(O)C=C(CC(=O)O)C(=O)O
CCCCC(C)CS,0.44,CCCCCCCCCC(C)CO
C=COC(C)=CCC,0.4166666666666667,C=COC(C)=O
C=CCCCCCC(O)OC,0.5,C=CCCCCCCCCC(OCC)OCC
COC1CC=CC=C1C(C)C,0.3333333333333333,CC(C)/C=C1/OC(=O)C2=CC=CCC21
C1CO1,1.0,C1CO1
CC1CCC2C(CCCC2(C)C)C1,0.38235294117647056,CC1CCCC(C)(C)C1CO
CC1=C(OC(C)O)C(=O)C(C)O1,0.46875,CC1=C(O)C(=O)C(C)O1
Cc1ccc(C)c2c1CCC(C(C)(C)C)C2,0.4,CC(C)(C)C1CCC(=O)CC1
CCCCC=C(C)C,0.5454545454545454,CCCCCC=C(C)O
C=C(O)C(C)CC,0.5,CCC(C)C(=O)O
CNCC(C)Cc1ccccc1,0.5714285714285714,CC(CO)Cc1ccccc1
CC1=CC=C2C(CCCC2(C)C)C1,0.2631578947368421,CC1=CCC2C(C1)C2(C)C
CCCC1C=CC(O)C(OC)C1,0.225,CCCCCCCC1CCC(O)CC1
C=C(CCCC=CCC)CCc1ccccc1,0.4222222222222222,CC/C=C\CCOC(=O)Cc1ccccc1
C=C(C)C(C)c1ccccc1,0.56,CC(C(=O)O)c1ccccc1
CCOCCC1CCCCCCCCCCC1,0.46875,CCOC(=O)CCC1CCCCC1
CCCC=CCCN(O)CCCO,0.4444444444444444,CCC/C=C/CO
CCC1C=C(C)CCC1C,0.3939393939393939,CC1=CC(C)C(C=O)CC1
CC(=O)C(O)CCCC(C)C,0.5217391304347826,CC(C)CCCC(C)O
c1ccccc1,1.0,c1ccccc1
CC(C)CCCC(C)COCC(O)Cc1ccccc1,0.5,CC(C)CC(O)Cc1ccccc1
OC(=S)CCC1=CC=CCC1,0.2,O=C1CC=CCC1
CCCCCCCCCSCC,0.5555555555555556,CCCCSCCCC
CCC(C)C(=O)OCC1=CC=CC1,0.45454545454545453,CCOC(=O)C(C)CC
CCc1ccc(C(C)CC)cc1,0.46875,CCC(C)c1ccc(OC(C)=O)cc1
CCCCCSC,0.47368421052631576,CSCCCO
CC1=CC(C)C=CC1C,0.25806451612903225,CC1=CCC(C(C)C)C=C1
C=CCCSCC,0.391304347826087,C=CCCCCCC
CC(=O)C1=CCC=C1,0.3125,CC(=O)C1=CCC(=C(C)C)C1
CCCC(=O)CCSC,0.631578947368421,CCCC(=O)CCC
CCCCC1CC=CC=C1C,0.34210526315789475,CCCCC1CCOC1=O
CCCCC(C)(C)C,0.42857142857142855,CCCCCCCC(C)(C)O
CC=CCOC,0.35,CC=CCSCC=CC
CC(C)C1CCC(C)(C)C(C(C)O)O1,0.28205128205128205,CC(O)C1C2CCC(C2)C1(C)C
CCC1C=CSC1C,0.20689655172413793,CCC1CCC(O)CC1
CC1=CC(CC(C)C)=CCC1CCC=O,0.3488372093023256,CC(C)Cc1ccc(CCC=O)cc1
C=CCCCC=C,0.5294117647058824,C=CCCCCCC
CCN(C)CC(C)CCC=C(C)C,0.5161290322580645,CC(C)=CCC[C@H](C)CCO
CC1=CCC(OC(O)CC2C=CCCC2)C=C1,0.32142857142857145,CC(C)=CCC[C@H](C)[C@@H]1C=CC(C)=CC1
CCCCCCCCC(C)CCCC,0.6666666666666666,CCCCCCCCCC(C)CO
C=C(CCCC)C(C)(C)C,0.391304347826087,CCCCC(=O)CCCC
CCCCCCCOC,1.0,CCCCCCOC
CCCCCCCC(O)OCC,0.6,CCCCCCC(OCC)OCC
CCCNCOC(O)C(C)CC,0.2962962962962963,CCC(C)O
CCCCCCCOCCC(C)O,0.6086956521739131,CCCCCCOCCCCCC
CCC(CC(C)C)OC,0.375,CCOC(C)CC(C)C
C=C(C=O)C(C)CC(C)(C)O,0.45454545454545453,C=C(C=O)C(C)CCC=C(C)C
CC(CO)CC1CCC(C(C)C)CO1,0.42424242424242425,CC(C)C1CCC(C(C)CO)CC1
COCOOCCCC(C)C,0.4,CC(=O)OCCCC(C)C
C1CCCC1,0.3333333333333333,C1CCC(C2CCCCC2)CC1
CCC(=O)C(C)CC1C(C)=CCCC1(C)C,0.5813953488372093,CCC(=O)CCC1C(C)=CCCC1(C)C
CC(C)(C)CC(N)CCCC=O,0.3870967741935484,CC(CC=O)CC(C)(C)C
C=CC(C)CS,0.3333333333333333,C=CCS
C=C(CCC)C(C)(C)OC,0.3333333333333333,CCCC(=O)OC
CC1=c2ccccc2=NC1C,0.30434782608695654,Cc1ccccc1C
CCCOCCCO,0.5714285714285714,CCCCCCCOCCC
C=CCC(C)C(=O)CCC,0.42857142857142855,C=CC(=O)CCC
CC1=CCC=C1,0.32142857142857145,CC1=CCC(C(C)C)C=C1
CCC(C)c1ccc(C(C)C)cc1,0.5384615384615384,CC(C)c1ccc(C(C)CC=O)cc1
CC=CC=CCCC(C)=O,0.5384615384615384,CCCC=CCCC(C)=O
CCC(C)CSC(C)O,0.4,CCC(C)O
CC(C)CC(O)C(C)C,0.5294117647058824,CC(C)CC(C)O
C=C(CC(C)C)OCCC(C)C,0.5555555555555556,CC(C)CCOC(=O)CC(C)C
OCCCC1=CC=CC1,0.3333333333333333,OCCCc1ccccc1
CCCCCOCCCCC(C)CC,0.5909090909090909,CCCCCOCCCCC
CCC1=CCCC1CC,0.25,CCC1CCC(CC)O1
C=CC1=CCC(OC)C(CC)C1,0.2391304347826087,CC=CC1=CCC(OC)C=C1
CC(O)O,0.7142857142857143,CC(C)O
C=C(C)C,0.45454545454545453,C=C(C)C(C)=O
CCCC1=CCC=CC1C,0.25,CCCc1ccccc1
CCC=COCCCC(CC)OC,0.275,CCCCCC(CC)OC(C)=O
CC(C)CC(=O)C1=CCCC=C1N,0.4,CC(C)CC(=O)c1ccccc1
CCCCCCCCOC(C)Cc1ccccc1,0.7419354838709677,CCCCCOC(Cc1ccccc1)OCCCCC
CC(C)=CCCC(C)CCCC(C)CC(C)C,0.7142857142857143,CC(C)=CCCC(C)CCCC(C)CO
CC(C)C1=CCC(O)C=C1,0.6206896551724138,CC(C)C1=CCC(CO)C=C1
CCC(O)SCOCc1ccccc1,0.5,CCOCc1ccccc1
CC(C)CCCCC(=O)C1CC=CCC1C,0.3611111111111111,CC(=O)CCCC(C)C
CCCCCOC(C)C,0.9444444444444444,CCCCCCCOC(C)C
COc1cccnc1C(C)C,0.44,COc1ccccc1OC
CC(C)CC1CC(C)CC(C)C1,0.28125,CC(C)CC1CCC(=O)O1
C=CCNCCO,0.32,C=CCCCCCCCCCO
CCCCCCC(C)COC(C)C,0.5384615384615384,CCCCCCCOC(C)C
CCCCCCCCCC(C)C,0.6,CCCCCCCC(C)O
CCCCCCCCCOCCC,1.0,CCCCCCCOCCC
CC(C)CCCC(C)CCOC(O)C1=C(N)C=CCC1,0.3,COC(=O)CCC(C)CCCC(C)C
C=CCCOC,0.3684210526315789,COCCOCCOC
CCCCC(C)C(C)=O,0.56,CCCCCC(C)C(=O)O
CCCCOSCCC,0.391304347826087,CCCCOCOCCCC
CCCCCCCCN,0.9230769230769231,CCCCCN
CC1C=CC(C)C(C)C1,0.48,CC1C=CC(C=O)CC1C
CCC(C)CCC(C)CC,0.625,CCC(C)CCO
CC(C)C1CCC2CCC(O)COC2C1,0.4827586206896552,CC(C)C1CCC(O)CC1
C=C(C)C(CC)CC=C(C)C,0.68,C=C(C)C(CO)CC=C(C)C
C=C(CCC)SC1CCCC1C1CCCC1,0.3181818181818182,COC(=O)CC1CCCC2CCCCC21
NC=Cc1ccccc1,0.6470588235294118,C(=Cc1ccccc1)c1ccccc1
CCCCCc1ccoc1C,0.4117647058823529,CCCCCCCCc1ccccc1O
COCC(=O)C=O,0.47619047619047616,COCC(=O)O
CC1=CSC(C(C)C=O)C=C1,0.2894736842105263,CC1=CCC(C(C)C)C=C1
CC1CSC(c2cccnc2)C1,0.3,CC(=O)c1cccnc1
C=C(CCCCCCOCC)CC(CCCCCCCC)C(C)O,0.4444444444444444,CCCCCCCCCCOCC
CCC1C=CC(C(C)O)CC1,0.2647058823529412,CC(C)C1CCCCC1.CCO
CCC(C)C1=CCCCC1OC,0.3404255319148936,CCCCC(O)C1=CCCCC1C(=O)O
C=C(C)c1ccccc1N,0.6,CC(=O)c1ccccc1N
CC1=CC=C(C)OC1,0.2857142857142857,CC1=CC=C(C(C)C)CC1
CC1CCC(CO)C(C)(C)C1,0.36363636363636365,CC1CCCC(C)(C)C1CO
C=C(CC)CC1CC=CCC1,0.3235294117647059,C=CC1CC=CCC1
C=CCCC(O)CCCCCC,0.5555555555555556,CCCCCCC(O)CC
CCCCC1CC(C)CC(C)(C)C1,0.34210526315789475,CC(=O)OC1CC(C)CC(C)(C)C1
CC(CO)CCC(C)C(C)C,0.44,CCCCCCCCCC(C)CO
OCCC(O)C1C=CC=C1,0.3333333333333333,CC(O)CCO
CC(=O)C1=NCCO1,0.2777777777777778,CC(=O)c1ccc2c(c1)OCO2
CC(O)CCC1=CC=CC(C)C1,0.35135135135135137,CC(O)CCc1ccccc1
C=C(CCCCC)CCCC(O)CCC,0.5,CCCC(O)CCC
OC1=CCCC1,0.37037037037037035,C=CC(=O)C1=CCCC1
CCC(C)C(O)O,0.5333333333333333,CCC(C)O
CC1=C(C)CS2(CCCCC2)C(C)C1,0.2222222222222222,CC1CCCCCCCCCCCCC(=O)C1
CCCCOC(C)CCC(=O)CCCCO,0.47058823529411764,CCCCCC(=O)CCO
CC(=O)C1CCCC1C,0.41379310344827586,CC(=O)OC1CCCCC1C
CC(C)C(C)Sc1ccccc1,0.375,CC(C)c1ccccc1
COC(O)C1(C)CCCCC1,0.3333333333333333,CC1(O)CCCC1
CC(Cc1ccccc1)SO,0.5769230769230769,CC(O)Cc1ccccc1
CCCC(O)C1C=CCS1,0.3103448275862069,CCCC(O)CCC
CCCCCC(=O)C1C=CC=CC1O,0.4,CCCCCC(=O)CCCCC
COc1ccccc1C(C)C,0.6,COc1ccccc1OC
CCC1CC(C)=C(O)C1C,0.23255813953488372,CC(=O)CCC1=C(C)CCC(C)C1(C)C
CCC(O)(CC)C(C)N,0.391304347826087,CCC(O)(CC(C)C)CC(C)C
CCOC(=O)C1CC2=CC1CC2,0.45,CCOC(=O)C1CC2C=CC1C2
CCCCCCCC(O)CCCCC,0.7894736842105263,CCCCCCC(O)CC
CCCCOCCCCC(=O)O,0.6521739130434783,CCCCCC(=O)O
CCCC(O)CC(C)N,0.55,CCCC(O)CCC
CC=CCSCCC,0.631578947368421,CC=CCSCC=CC
CC(=O)C(C)C(C)C(C)O,0.5882352941176471,CC(=O)C(C)O
CCC(C)C(O)CCCC(C)C,0.5217391304347826,CC(C)CCCC(C)O
CC(C)CC(O)C(C)O,0.5294117647058824,CC(C)CC(C)O
C=C1CCCCCSCC=CCOCCCC1,0.28205128205128205,O=C1CCCCCCCCCCCCCOC1
CC(C)C(O)CCC1=NCC=C1,0.4166666666666667,CC(C)C(O)CCc1ccccc1
CCCC1=CCC(C(C)C)C=C1,0.53125,CC1=CCC(C(C)C)C=C1
C=CCCCC(C)C(C)O,0.6666666666666666,C=CCCCC(C)O
CCOC(C)SCCCSC,0.34615384615384615,CCOC(C)OCC
C=CC1(O)CCC(=O)O1,0.35294117647058826,C=CC1(C)CCOC1=O
CC(=O)OCC1CC=COC1C,0.36585365853658536,CC(=O)OCC1CCCO1
CCCCSCCCCCC=O,0.6521739130434783,CCCCCCCC=O
CSc1cc(C(C)C)ccc1C,0.5172413793103449,Cc1ccc(C(C)C)cc1O
CC1CC(=O)C(C)O1,0.3333333333333333,CC1CCC(=O)O1
CC(C)=CCCC1(C)CCC(C)C1,0.41025641025641024,CC(C)=CCCC1(C)C2CC3C(C2)C31C
CCCC(CC)CC,0.42857142857142855,CCCCC(CC)CO
C=C(OCc1ccccc1)C(C)CC,0.5294117647058824,CC(C)C(=O)OCc1ccccc1
C=CC1(C)CCC(C(C)(C)CCNC(C)C)S1,0.24193548387096775,C=C[C@](C)(O)CC[C@@H]1[C@@]2(C)CCCC(C)(C)C2CC[C@@]1(C)O
CCCCC(C)OCC(O)CC,0.5384615384615384,CCCCC(O)CC
C=Cc1ccc2c(c1)OCO2,0.6428571428571429,O=Cc1ccc2c(c1)OCO2
CC(O)CC(C)c1ccccc1,0.6,CC(CO)c1ccccc1
CC(C)=CCCC(C)CC=CC(C)C,0.6,CC(C)=CCCC(C)CC=O
CC(C)CCCC(C)CCCC(=S)Cc1ccccc1,0.4489795918367347,C=C(C)CCCC(C)CCOC(=O)Cc1ccccc1
CCC(CC(C)CCCC(C)C)OC,0.6071428571428571,COC(CC(C)CCCC(C)C)OC
CC1CCC2C(C1)CC(O)C2C,0.3870967741935484,CC1CCC(C(C)C)C(O)C1
CCCCCC(C)CCC(C)CC,0.5416666666666666,CCCCCCCCCC(C)CO
CCCC(O)C1=CC=CC1,0.3939393939393939,CCCC(O)c1ccc(C(C)C)cc1
C=CCCc1ccccc1,0.5833333333333334,O=CCCc1ccccc1
CC(C)C1CC=C(CO)CC1,0.5483870967741935,CC1=CCC(C(C)C)CC1
C=C(C)C(=O)C(C)C,0.5625,CC(C)C(=O)C(=O)C(C)C
CCCC(O)C(C)C(C)O,0.45,CCCC(O)CCC
COCCC1C=CC=C1,0.38095238095238093,COCCOCCOC
C=CC1=CCC(C)C(CC(C)C)C1,0.2727272727272727,CC(C)C1CC=C(C=O)CC1
COC(C)CC1C=CCCC1,0.35,C=CC(C)C1C=CCCC1.CO
C=CNCC1C=CC(OC)CC1,0.24444444444444444,CC=CC1=CCC(OC)C=C1
CCC1(CC)CCCCC1CO,0.32142857142857145,OCC1CCCCC1
CCCCCCCCCCCCC(O)O,1.0,CCCCCCCCCC(O)O
CC(=O)CC1CCC2C3CCC(C3)C12,0.3333333333333333,CC(=O)CC1CC(C)CCO1
CCCCc1ccccc1,0.7,CCCc1ccccc1
CCCC,1.0,CCCC
CC(S)C=O,0.5384615384615384,CC(C)C=O
C=C(CC)OC(C)(C)C,0.3333333333333333,CC(C)(C)OC(=O)CCCCCCCCC(=O)OC(C)(C)C
C=C(OCC)C(C)(O)c1ccccc1,0.5142857142857142,CCOC(=O)C(O)(c1ccccc1)c1ccccc1
CCCOCCC,0.6923076923076923,CCCOCOCCC
CCCCCCOC(C)CCCC,0.625,CCCCCCCOC(C)C
CCCCCOCCCCOC(=O)Oc1ccc(C)cn1,0.42857142857142855,CCCCCCOC(=O)OCC
CCC1=COC(CC)O1,0.24242424242424243,CCC1CCC(=O)O1
Cc1ccc(C(C)C)c(C)n1,0.375,Cc1cccc(C)n1
C=CC(C)(C)C(=O)CC(C)C,0.48148148148148145,C=CC(=O)CC(C)C
CCC1OC(OC(C)C)CC1C,0.25,CCC1CCC(CC)O1
C=C(C)C1CC(CCCC)CC1O,0.42424242424242425,C=C(C)C1CCC(C)CC1O
C=CC1(C)CCC(O)C1,0.30303030303030304,CC1(C)[C@H]2CC[C@](C)(C2)[C@H]1O
C=CC(=C)CCCC(C)CC,0.4838709677419355,C=CC(=C)CCCC(C)(C)O
C=C(CC)CCC,0.4583333333333333,C=C(CC)CCCC(C)(C)O
CCCCC(C)CCCC,0.5238095238095238,CCCCCCCCCC(C)CO
CCC(Cc1ccccc1)NC,0.5172413793103449,CCC(O)Cc1ccccc1
C=C(C)C1CCC(C)CC1,0.5,C=C(C)C1CCC(C)C(O)C1
CCCCOC,0.75,CCCCCCOC
COC(O)C1OC1c1ccccc1,0.38235294117647056,O=C(O)C1OC1c1ccccc1
CCCC(C)CCC1C(C)CCCC1(C)C,0.5853658536585366,CCC(C=O)CCC1C(C)CCCC1(C)C
CC1CCC(=O)C1,0.7142857142857143,CC1CCCC(=O)C1
Cc1cccc(C)c1C,0.6111111111111112,Cc1cccc(O)c1C
CC=CC(O)C1C(C)CC=CC1(O)O,0.1836734693877551,CC1CC=C2C(C)(C)CCCC2(C)C1O
C=CCC,0.4375,C=CC=CCC
CC(C)C(O)O,0.5555555555555556,CC(C)O
CC(O)COc1ccccc1,0.68,CC(C)COc1ccccc1
CCCCCCCC(C)OO,0.5714285714285714,CCCCCCCC(C)OC(C)=O
CCCC(C)CC(C)OC,0.3793103448275862,COC(CC(C)CCCC(C)C)OC
CCC(=O)CCCCCCCCCSC,0.6,CCCCCCC(=O)CC
CC(C)OCO,0.5555555555555556,CC(C)OCCO
CCCCCC=N,0.5,CCCCCC=O
CC(C)CCC(C)OCC(C)C,0.391304347826087,CC(C)CCOC(C)OCCC(C)C
COCCCCCCC=O,0.5217391304347826,CCCCCCCC=O
CC1CCOC1C,0.3181818181818182,CC1OCCCCCO1
CC1CC=C2N(CCCC2(C)C)C1,0.32558139534883723,CC1CC=C2C(C)(C)CCCC2(C)C1O
CCCCC1CCC2(CCCC2)O1,0.39473684210526316,CCCCC1CCCC(=O)O1
CCCCCN1C(C)CCC1C,0.3793103448275862,CCCCCCCCCN1CCCCC1
CCC1=CC(OC)C(O)CC1,0.2826086956521739,CC(C)=CCCC1=CCC(C=O)CC1
CCCSOC1C=CC=C1C,0.23333333333333334,CCCSSCCC
CCCCCCCCOC(C)O,0.6521739130434783,CCCCCCCOC(C)C
C=CC(CCCCC)Cc1ccccc1,0.7058823529411765,CCCCCC(C=O)Cc1ccccc1
COC(C)(C)CC(C)O,0.3793103448275862,CC(O)CC(C)(C)c1ccccc1
CCNC(=O)C1=C(CC)C(C)CCC1(C)C,0.2916666666666667,CCOC(=O)C1=C(C)CCCC1(C)C
CCC(C)CCN,0.5,CCC(C)CCO
CC=Cc1ccc(OC(C)CCC)c(OC)c1,0.6111111111111112,CC=Cc1ccc(OC)c(OC)c1
CCC(=O)C1=COC=CC1CC(C)C,0.275,CCC(=O)c1ccccc1
CCCC(=O)CC1=CC=C(C)CC1,0.3793103448275862,CCCC(=O)CCC
CCSC(C)(C)C1CCC(C)CC1,0.4444444444444444,CC1CCC(C(C)(C)O)CC1
CCCC1CCC2CC1C2(C)C,0.3235294117647059,CC1C(O)CC2CC1C2(C)C
CCCC(C)CCC(C)(CCC)COC,0.2777777777777778,CCC(C)CCCC(C)(C)O
CC(C)C1(C)CCS23CC1C(C)(O)C2CCC3C,0.23076923076923078,CC1CCC2C(C1)C(C(C)C)CCC2(C)O
CC(=O)C1C=CC(C)=CC1C,0.3170731707317073,CC(=O)C(C)=CC1C(C)C=C(C)CC1C
CC(=O)CCCC(C)(C)C,0.4782608695652174,CCCCCC(C)=O
CC=C(C)C(O)CCC(C)C,0.4,CCC(O)CCC(C)C
CC1OC(C)(O)C(C)CC1(C)C,0.30303030303030304,CCC1CCC(C)(O)O1
CC1CC(C)CC(C(C)C)C1,0.5,CC1CCC(C(C)C)CC1
CCCC(=O)CCCCCCOC,0.64,CCCCCCCC(=O)CCC
CCC1CC=CO1,0.375,CCC1CCC(CC)O1
CCC1=CCC(C(C)CC)C=C1,0.4,CC1=CCC(C(C)C)C=C1
CC1CCCC2(C)CCC(C(C)(C)S)CC12,0.358974358974359,CC1CCCC(C)(C)C1C=O
CC(C)OC1C(=O)CCC1C,0.42857142857142855,CC(C)CCC1C(=O)CCC1C
CCC(C)=CCCC(C)=CCO,1.0,CCC(C)=CCC/C(C)=C/CO
CCCOCOC(=O)c1ccccc1,0.7333333333333333,CCCOC(=O)c1ccccc1
CCC(C)C1C=CC=C1,0.2857142857142857,CCC(C)O
CS(=O)C(O)CS,0.25,CC(C)CC(=O)CC(C)C
CC(C)C(C)OCCC1=CCCCC1,0.34146341463414637,COC(=O)CC1=CCCC1
CCCc1ncccc1C,0.4666666666666667,CCCc1ccccn1
CCOC(O)C(C)CC(C)C,0.5,CCOC(C)CC(C)C
CCCCCC(C)OC,0.5909090909090909,CCCCCC(OC)OC
CC1OCC(C2=CC3SCOC3C=C2)O1,0.20454545454545456,CC1C=CC(=O)O1
CCC1CC(C(C)NC)CC1C,0.2222222222222222,CC(C)C1CCCCC1.CCO
CCCC(CC)CC=O,0.41379310344827586,CCCCCCCCCC(C)CC=O
CCCCC(=O)C(C)S,0.5454545454545454,CCCCC(=O)CCCC
CCC(C)CC(O)C=C(C)C,0.3939393939393939,CCC(O)CC(C)CCC=C(C)C
CC1CCC(CNc2ccccc2)O1,0.38095238095238093,CC1CCOC(Cc2ccccc2)O1
CCCCOCC,0.7647058823529411,CCCCCCCCCCOCC
CCCOC,0.5294117647058824,CCCCCCOC
C=C1C(C)OC(CC)C1O,0.2727272727272727,CCC1CCC(O)O1
CCCC(C)C1C(C=C(C)C)C1(C)C,0.375,CCOC(=O)C1C(C=C(C)C)C1(C)C
CC(C)CCCCc1ccccc1,0.5666666666666667,CC(C)CCOCCc1ccccc1
COC1CC=CO1,0.21052631578947367,CC=CC1=CCC(OC)C=C1
CC(C)CCSC(N)C(C)C,0.2916666666666667,CC(C)CCO
CC1CCCCC1C,0.391304347826087,CC(=O)OC1CCCCC1C
C=C(CCC)OCC,0.4782608695652174,CCCC(=O)OCC
C1=CCC=C1,0.14285714285714285,O=C1CC=CCC1
CCOC1CC(C(C)C)C=CC1C,0.29411764705882354,CCOC1CCC(C)CC1
CCC=CCCCCCC,0.6363636363636364,CCCCCCCCC=CCO
CC(C)C1CCC(=O)OC1,0.42424242424242425,CC1CCCCCCCCCCCC(=O)OC1
C=C(CCCC=CCC)C(C)O,0.4857142857142857,CCC=CCCCC(=O)OC(C)C
C=CCC(C)C1CCCC(C)(C)C1,0.3,CC1CCC(C(C)CC=O)CC1
C=C1CCCC1,0.3333333333333333,O=C1CCCC1
CC1=NCCC1,0.23809523809523808,Cc1cnc(C)cn1
CC(CO)CCC1CCC(C)C1(C)C,0.3055555555555556,CCCCCCCCCC(C)CO
CC1CCC(C(C)C(C)(C)C)C(C)C1,0.41935483870967744,CC1CCC(C(C)C)C(O)C1
C1COSC1,0.23529411764705882,C1CCOC1
CCC(=O)NCC(C)(C)CC(C)C1CCCC(C)(C)C1,0.3137254901960784,CCC(=O)C1(C)CCC(C(C)C)CC1
CSCO,0.4375,CSCCCO
CC(C)CC1CCCS1,0.2857142857142857,CC(C)CC1CCC(=O)O1
CC1CC(C)(C)CC(C)C1O,0.36666666666666664,CC1(C)CC2C3CCCC(C)(C3O)C2C1
CCCCCOCCS,0.7222222222222222,CCCCCOCCCCC
CC(C)CCCC(=O)CCC(C)CCCC(C)C,0.6666666666666666,CC(=O)CCCC(C)CCCC(C)C
CCC1CCC(OC)C1,0.38461538461538464,CCC1CCC(O)CC1
CC(=CC(=O)O)CCCC(C)C,0.6153846153846154,CC(=O)CCCC(C)C
CC(=O)C(C)CC(C)C,0.55,CCC(C)C(C)=O
CC1CCC2C(CC(=O)C2O)C1,0.35135135135135137,C=C(C)C1CCC(C)CC1=O
Cc1cc(CCO)ccn1,0.4642857142857143,Cc1ccnc(C)c1
C=C(O)C(C)CC(C)C,0.4,CC(C)CC(C)O
CCCCCC1=CC(C)C=C1,0.3235294117647059,CCCCCc1ccncc1
CC1=CC(C(C)C)C(C)=C1,0.28125,CC1=CCC(C(C)C)C=C1
CCCC(CC)OC,0.375,CCCCCC(OC)OC
C=C(O)C1CC=CCC1,0.39285714285714285,C=CC1CC=CCC1
O=C(O)C=CC(O)O,0.5,O=C(O)/C=C\C(=O)O
C1COCOC1,0.6363636363636364,C1COCO1
CCC(C)C(CC)OC(C)=O,0.4642857142857143,CCCC(C)OC(C)=O
COCCC(C)CCC(C)=O,0.5161290322580645,COCCC(C)CCC=C(C)C
CCC(C)C(=O)C(O)CC,0.5,CCC(C)C(=O)O
CC1CCC(C(C)C)C(C)C1,0.6,CC1CCC(C(C)C)C(O)C1
CCCCC1CCCCC(=O)C1,0.5,CCCCCCC1CCC(=O)CC1
CC(C)C(C)C(C)CCc1ccccc1,0.5862068965517241,CC(C)C(O)CCc1ccccc1
CCC(O)CCOCCCO,0.4444444444444444,CCCCC(O)CC
CC(C)CC(O)Cc1ccccn1,0.6666666666666666,CC(C)Cc1ccccn1
CC(C)CCCC(C)COOC(C)C1=CC=CCC1,0.28888888888888886,COC(CC(C)CCCC(C)C)OC
CC1=CCCC(C)CCC(C)(C)CCC1,0.37209302325581395,C=C1CC/C=C(\C)CC[C@@H]2[C@@H]1CC2(C)C
CCC(C)CCCC(C)CCOC(C)CC,0.4230769230769231,CCOC(C)CC
CCCCCCCC(O)C(CC)CC,0.5833333333333334,CCCCCCC(O)CC
CCC(O)CCC(CC)CCNC,0.46153846153846156,CCC(O)CCC(C)C
CCOCCC1=C(C)COC1C,0.32432432432432434,CCOCCc1ccccc1
CCCCCCCCCCOCCCC,1.0,CCCCCCCOCCCC
CCC=CCCCC(=O)C(C)O,0.5757575757575758,CCC=CCCCC(=O)OC(C)C
CC(=O)C1CC(C)CC1C,0.3333333333333333,C=C(C)C1CCC(C)CC1O
CCCCCC(C)CCO,0.6521739130434783,CCCCCCCCCC(C)CO
CC1COC(O)CC1C,0.2727272727272727,CC(C)=CC1CC(C)CCO1
C=C(C)CCCC(C)CCCC(C)C,0.6923076923076923,C=C(C)CCC[C@H](C)CCO
CCC(O)OCC(C)C,0.4,CCC(C)O
CCCCCCC1CC(C)C(C)O1,0.4444444444444444,CCCCCC1CC(C)C(=O)O1
Cc1cccc(Sc2ccccc2)c1,0.45454545454545453,Cc1ccccc1
C=CCCCCCC(=C)C,0.5384615384615384,C=CCCCCCCCCC(=O)O
CCC1CCCC=N1,0.2903225806451613,CC(=O)O.CCC1CCCCC1
Cc1cc(CC(C)C)c(C)o1,0.2972972972972973,CC(C)Cc1c[nH]c2ccccc12
OCCCCCCCOCC1=CONC=C1,0.26666666666666666,CCCCCCCOCc1ccccc1
CCCC(C)CCc1ccco1,0.5,CCc1ccco1
CC1C=CCC1,0.30303030303030304,CCOC(=O)CC1C=CCC1
C=CC(CCC)c1ccccc1,0.4375,CCCCC(O)c1ccccc1
CC1CCSNC1,0.2222222222222222,CC1CCC(C(C)C)CC1
C=C(CCCCCCC)CCCCCCC,0.5238095238095238,CCCCCCC(=O)CCCCCC
CCCCCCCC(=O)Cc1ccccc1,0.5833333333333334,CCCCCCCCCCCC(=O)OCc1ccccc1
O=C(O)CCC(O)O,0.55,CC(C)CCC(=O)O
CC1C=C2C(C)(C)CCCC2(C)C1C,0.4722222222222222,CC1CC=C2C(C)(C)CCCC2(C)C1O
CC=Cc1ccc(CC(C)OCC)c(CC)c1,0.4,CC=Cc1ccc(OCC)c(OC)c1
CCCCCC1C=CCCCCCCCCC1,0.40540540540540543,CCC(=O)O.CCCCCC1CCCCC1
CC1OCC=C1CCCC1CCCC1,0.3333333333333333,OCCCC1CCCCC1
CCCCCCCC(C)OC(C)C,0.6666666666666666,CCCCCCC(OC(C)C)OC(C)C
C=CCCCCCC(C)=N,0.5185185185185185,C=CCCCCCCCCC(=O)O
CCCC1CCC2CC1C2(C)S,0.24489795918367346,CCC1CCC2C3CCC4CC(O)CCC4(C)C3CCC12C
COC(C)C(O)CC(C)C,0.42857142857142855,CC(C)CC(C)O
CC(C)CC(C)CCC1=CC=C(O)CC1,0.2682926829268293,CC(CCO)CCc1ccccc1
C=C(CO)C1CC=C(C)CS1,0.34210526315789475,C=C(C)C1CC=C(C)CC1
C=C(C)CCCCCCCC,0.5454545454545454,CCCCCCC(C)=O
CC(C)CCC(C)C1C=CC=CC1C,0.25806451612903225,CCC(O)CCC(C)C
CCc1cccc(CO)c1O,0.5,CCc1ccccc1O
CCC1=CC=C(OC)CO1,0.2558139534883721,C=CCc1cc2c(c(OC)c1OC)OCO2
CCC=CC(C)CCONCCC,0.2972972972972973,CC/C=C\CCOC(C)OCC/C=C\CC
CC1=CC=C(C(C)CC=O)C1,0.4117647058823529,CC(C)c1ccc(C(C)CC=O)cc1
CCCC(C)OC(C)C,0.44,CCCC(C)OC(C)=O
CC(=O)C=C(C)CCCC(C)C,0.64,CC(=O)CCCC(C)C
C=C(CC)C1CCC(C)CS1,0.3142857142857143,C=C(C)C1CCC(C)CC1O
C=CCCOCCCC,0.5217391304347826,CCCCCCCOCCCC
CC1CCC(C)C1C,0.28,C=C(C)C1CCC(C)C(O)C1
CCCc1ccc(O)c(CC)c1,0.5625,CCCc1ccc(O)c(OC)c1
CC(C)=CCCC1CCCC(C)(C=O)C1,0.3958333333333333,CC(C)=CCCC1=CCC(C)(C=O)CC1
CC(=O)C(C)C1=CCCC1,0.35294117647058826,C=CC(=O)C1=CCCC1
CC1CCSC1C,0.21052631578947367,C=CCC1C(=O)C(=C(C)C)CCC1C
CCCCCCCCCCCC(C)COCC,0.5185185185185185,CCCCCCCCCC(C)CO
CCCOC1OCC(C)O1,0.4,CCCCCCC1OCC(C)O1
CC1(C)CCCC1=O,0.3793103448275862,CC1=C(CO)C(C)(C)CCC1
CCCCOCCCCCC(C)CC,0.5833333333333334,CCCCCCCOCCCC
CCCCCCC(CC)CC(O)O,0.5833333333333334,CCCCCCCCCC(O)O
CC1OC2(CC1=O)C(C)CC=CC2(C)C,0.24390243902439024,CC1=CC(=O)CC(C)(C)C1
CCCC1=CC(c2ccccc2)C=C1,0.3870967741935484,CCCc1ccccc1
CCOc1ccc2c(C)cc(C)cc2c1,0.5,CCOc1ccc2c(C)cc(=O)oc2c1
CCCCCCCOC(O)CCCCC,0.5384615384615384,CCCCCCCOC(C)C
CCCC(C)(O)O,0.4375,CCC(C)(C)O
COCC1=CC=C(OC)CC1,0.2903225806451613,COCc1ccccc1
NC1=CC=CC1,0.21052631578947367,CC(C)/C=C1/OC(=O)C2=CC=CCC21
CSCC(C=O)CC(C)C,0.375,CCC(C=O)CC
CCOC(CC)CC,0.5,CCOC(C)CC
CCCC(=O)C(S)CCO,0.4642857142857143,CCCC(=O)C(O)CCC
CCCC(CCO)OC,0.4583333333333333,CCCC(O)CCO
CC=CC(O)CO,0.3684210526315789,CC(O)CO
C=COCCC1CCCCN1,0.2777777777777778,C=COCCCCCCCCCC
CC(=O)c1ccc(N)cc1,0.5909090909090909,CC(=O)c1ccc(O)cc1
CCCC(C)CCOC(O)CCC,0.3888888888888889,CCOC(C)OCCC(C)CCC=C(C)C
CC(C)OC(C)CCc1ccccc1,0.5757575757575758,CC(=O)OC(C)CCc1ccccc1
C=CC=CCC,1.0,C=CC=CCC
CC1=C(O)C=CCS1,0.2222222222222222,Cc1ccc(O)cc1
CCCCC(C)C(C)CCC,0.44,CCCCCCCCCC(C)C(OC)OC
CC(C)NC(O)(CC(O)O)C(=O)O,0.3,CC(=O)O.CC(=O)O.CC(O)CO
CCCC1CC=CCC1,0.3333333333333333,C=CC1CC=CCC1
CCCC(C)CC=C(C)C,0.4827586206896552,CC(C)=CCCC(C)CC=O
CCC(C)CCCOC,0.4444444444444444,CCC(C)CCCC(C)(C)O
CC(=O)CC(C)C1CCC(C)C1(C)C,0.36363636363636365,C=C1CCC(C)C(C)(C)C1CCC(C)=O
CCC(CC(C)CCC=C(C)C)OC,0.65625,COC(CC(C)CCC=C(C)C)OC
CC1=NC(C(C)C)C=C1,0.3125,CC1=CCC(C(C)C)C=C1
CCC1=CC(C(C)(C)C)C(OC)C=C1,0.22916666666666666,C=CCC1=CC(C)(OC)C(O)C=C1
CC(=O)OC1=C(C(C)C)CC=C(C)C1,0.35714285714285715,CC(=O)Oc1cc(C(C)C)ccc1C
CC1=CCCC(C)(S)CC1C,0.3888888888888889,CC1=CCCC(C)(C)C1C=O
Cc1ccc(C(C)CCCC(C)C)cc1,0.46153846153846156,Cc1ccc(C(C)C)cc1
CC(=S)C=O,0.5,CC(=O)C=O
CCC=CCCCC(CC)CC,0.48,CCC=CCCCO
CCCCC1C2CCC(C2)C1C,0.3055555555555556,CCCCC1CCOC1=O
CC1CCC(C)(C(C)C)N1,0.25806451612903225,CC(C)C12CCC(C)(CC1)O2
CC=CCOCC,0.4117647058823529,CCOCC
CC(C)C(=O)CCCCc1ccccc1,0.5714285714285714,CC(C)C(=O)OCCCc1ccccc1
CC1CC(C)C(C)C(C(C)O)C1,0.3125,CC1CCC(C(C)C)C(O)C1
CCCCCCC(N)CCCc1ccccc1,0.6,CCCCCCC(O)CCc1ccccc1
CCCCCC(CC)OC(C)C,0.6,CCCCCCC(OC(C)C)OC(C)C
OCOCCC1CCCCN1,0.2727272727272727,OCCC1CCCCC1
CC1(C)C2CCC(C=O)C1C2,0.375,CC1C(O)CC2CC1C2(C)C
CC1CCCC1O,0.4230769230769231,C=C(C)C1CCC(C)C(O)C1
CCC(O)C(CC)CC,0.4375,CCC(C)O
C=C(CCCC)NCC,0.375,CCCCC(=O)CCCC
Cc1ccc(CN)cc1,0.4782608695652174,Cc1ccc(CC=O)cc1
CCCCCC(O)CC(C)C,0.6086956521739131,CCCCCC(O)CC
C=CC(=C)CCC,0.5,C=CC(=O)CCC
C=CCCOCS,0.3684210526315789,C=CCS
CC=CCCCCC(C)=O,0.5714285714285714,CC=CCCCCCCCC(=O)OC
CC(N)CS,0.2857142857142857,CC(S)CCCN
CCC(O)CCC1C(C)SOCC1(C)C,0.3137254901960784,CCC(C=O)CCC1C(C)CCCC1(C)C
CC1CC2C(CC3=COC=CN32)C(C)O1,0.19607843137254902,CC1COC(Cc2ccccc2)O1
CCC(C)C1=CC(C)CC=C1C,0.3076923076923077,CC1=CCC(C(C)C)CC1=O
C=C(C)C1=CC=CC2CCCCC12,0.275,C=C(C)C1C=C(C)CCC1
CCCCCCCC(C)C(C)C,0.5833333333333334,CCCCCCCCCC(C)C(OC)OC
CCCc1ccccc1,1.0,CCCc1ccccc1
C=C=CCCC1C=CCC=C1,0.16216216216216217,C=CC1CC=CCC1
CCCC=CC(C)CC,0.46153846153846156,CCC/C=C/C(OCC)OCC
CCC(C)C1C=CCCC1,0.5,C=CC(C)C1C=CCCC1.CO
C=CC(C)CCCC(C)COC(C)C,0.35294117647058826,CC(C)CCCC(C)CCCC(C)C=O
C=CCCSCC(O)C(C)(C)C,0.3333333333333333,C=CCCCC(C)O
CCCCCC(C)C(C)C,0.5416666666666666,CCCCCCCCCC(C)C(OC)OC
C=CCC(CC)c1ccccn1,0.3684210526315789,CCC=Cc1ccccn1
CC(=N)Cc1ccccc1C,0.5,Cc1ccccc1CCO
CCC(C)(O)OC,0.47058823529411764,CCC(C)(C)O
NCCCS,0.375,CCCCS
CCCCCCCCC(C)CCCc1ccccc1,0.625,CC(CO)CCCc1ccccc1
CCC(C)C(O)CCC1CCCO1,0.47058823529411764,OCCC1CCCO1
CCCCCCCCCC(C)CC,0.6363636363636364,CCCCCCCCCC(C)CO
OC1CCC2=C1OCCC2,0.3103448275862069,O=C1CCCO1
C1CCSCC1,0.2,C1CCC(C2CCCCC2)CC1
CC=CCCC(CCC)CCC,0.32142857142857145,CC=CCCCCCCCC=O
CC1CCCC1C1CCCC1,0.4166666666666667,OC1CCCCC1C1CCCCC1
C=C(COC)c1ccccc1,0.41379310344827586,COC(=O)c1ccccc1
CCCCCCOC(O)C(C)CC,0.5555555555555556,CCCCCCCOC(C)C
CCCCSNSCC,0.42857142857142855,CCCCSCCCC
C=C(CCCCCCC)OC(C)C,0.5862068965517241,CCCCCCCCCCCCCC(=O)OC(C)C
CCCCCCC1=C(C)CC(C)O1,0.3684210526315789,CCCCCCC1=C(C)CCC1=O
CCCC(O)CC(O)CC,0.6111111111111112,CCCC(O)CCC
CC1CC(C)CC(C=O)C1,0.4166666666666667,O=CC1CC2C3CCC(C3)C2C1
OC(OCCC1C=CC=CC1)C1=CCC=CN1,0.2037037037037037,CC(C)C1=CCC(CO)C=C1
CC(C)CCC(O)C(C)O,0.47619047619047616,CCC(O)CCC(C)C
CCC1C=NC=CC1CCCCOC,0.3235294117647059,CCCCCCOC
CC(=O)OCCC(C)(C)O,0.5,CCCOC(C)=O
CC(C)C1C=CN(C(C)(C)C)C=C1,0.2,CC1=CCC(C(C)C)C=C1
CC(O)C(=O)Cc1ccccc1,0.5666666666666667,CC(C)CC(=O)Cc1ccccc1
CC(O)C(C)CO,0.5333333333333333,CC(O)CO
CCC(O)C(C)C,0.5333333333333333,CCC(C)O
CCC1CC2CC1OC2CC,0.2857142857142857,CCC1CCC(CC)O1
CCCCCCCCC,1.0,CCCCCCC
CC(=O)CC(C)c1ccccc1,1.0,CC(=O)CC(C)c1ccccc1
CCC1NC(C)C(O)C1C,0.2413793103448276,CCC1CCC(O)CC1
C1=CCCCC1,0.47058823529411764,O=C1CCCCCCCC=CCCCCCCC1
CCc1cc(C)co1,0.37037037037037035,CCc1ccco1
CCCCCCCC(O)CCCc1ccccc1,0.8666666666666667,CCCCCCC(O)CCc1ccccc1
C=CCCC(O)OCC,0.4838709677419355,C=CCCCCCCCCC(OCC)OCC
CC1C=CCC(C)N1C,0.23076923076923078,C=CC(C)C1C=CCC(C=O)C1
CCC1=C(O)C=CCC1,0.26666666666666666,CCc1ccc(O)cc1
CCC(C)c1cccs1,0.32142857142857145,Sc1cccs1
C=C(CC)CCCOc1ccccc1,0.53125,CCCCCCCOc1ccccc1
CCCC=C1CC2C(CC1O)C2(C)C,0.275,CC1=CCC2C(C1)C2(C)C
CCC1CCCC(C)(C)S12COC(C)C2,0.2558139534883721,CCC1CCC(C)(O)O1
CC1CC=CC1(C)SC1=CCCC1O,0.24489795918367346,CC1CC=C2C(C)(C)CCCC2(C)C1O
CSc1c[nH]cc1C,0.23333333333333334,CCc1c(C)c[nH]c1C
CC1CCCCO1,0.5,CC1OCCCCCO1
C=C(CC)CC(O)C=C(C)C,0.35294117647058826,CCC(C)=CC(C=C(C)C)CC(C)=O
CC=Cc1ccc(O)c(OC)c1CC,0.4,C/C=C/c1ccc(O)c(OC)c1
CC(C)CC1C=CC=NC1C,0.2127659574468085,CC(C)CC1OC(=O)C2=CCCCC21
C=C(CC)CC,0.4090909090909091,C=C(CC)CCCC(C)(C)O
CC1CC=COC1,0.23529411764705882,CC(=O)C1=CCC(C)CC1
CC(C)C1CCC(C)(C)CC1,0.4827586206896552,CCC(=O)C1(C)CCC(C(C)C)CC1
CNC=CCCCC(C)=O,0.41379310344827586,CC(=O)CCCC(C)C
CCOC1C=CC(C=O)C=C1,0.3076923076923077,CCOC=O
CCC=CCOC(=O)CCC,0.7407407407407407,CCC/C=C/COC(=O)CCC
CCc1ccc(C)cc1,0.55,CCc1ccc(O)cc1
CC1C=CCO1,0.25925925925925924,CC1C=CC(=O)O1
NCOCCCO,0.35,OCCOCCOCCO
CC(C)CCCC(OCCC(C)C)C(C)C,0.5652173913043478,CC(C)CCOC(C)OCCC(C)C
CCC(=O)C1CCCN1,0.38235294117647056,CCC(=O)C1CCCC1=O
CC(C)=CCC(C)(C)C(C)C(C)C,0.3548387096774194,CC(C)=CCC(C=O)C(C)C
CC(C)CCCC(N)CC(C)C,0.43478260869565216,CC(C)CCCC(C)O
CC(C)C(C)C(=O)O,0.5333333333333333,CC(C)C(=O)O
C=C1CC(C)CCC(C(C)C)C1,0.52,CC1CCC(C(C)C)CC1
C=CC1CC(CC)C(O)C(OC)C1,0.25,COC1CC2CC1C1CC(C=O)CC21
CC1CCC2C=C1C2(C)C,0.30303030303030304,CC1CCC2C(C1=O)C2(C)C
CCCCCCCOC(C)CC(C)C,0.6,CCCCCCCOC(C)C
CCCC(C)CC1C(C)CCC1C,0.2894736842105263,CC(C)=CCCC(C)CC1OCCO1
CC(O)COC(C)C,0.42857142857142855,CC(C)OCCO
COC(C)CCC1=CCC(C)C=C1,0.2727272727272727,CC(C)C1=CCC(CO)C=C1
CC1C=CC(C(C)C)C(C)C1,0.25,CC1CCC(C(C)C)CC1
CCCCC(C)CC(C)C,0.44,CCCCCCCCCC(C)CO
CC(C)OC(C)(C)C,0.3333333333333333,CC(C)OC(C)C
CCCCCCCCCC1CCCC(=O)C1,0.625,CCCCCCC1CCC(=O)CC1
CNC1=CCC(CCC(C)C)=CS1,0.2857142857142857,CC(C)CCc1ccccn1
CC(C)CC(C)(C)c1ccccc1,0.6923076923076923,CC(O)CC(C)(C)c1ccccc1
CC1C=CC(C(C)(C)C)C(O)C1,0.34375,CC1CC(C(C)(C)C)CCC1O
CCCC(C)CC(C)CCCC(C)C,0.5384615384615384,COC(CC(C)CCCC(C)C)OC
CC(C)=CCCC(C)CCCC=O,0.6774193548387096,CC(C)=CCCC(C)CCCC(C)C=O
CCCC(C)OCC1C=CCC1,0.3902439024390244,CCOC(=O)CC1C=CCC1
C=C(CCC)C(Cc1ccccc1)C(C)=O,0.5128205128205128,CCCC(=O)C(CC)Cc1ccccc1
CC(C)=CCCC(C)CC(C)OC(C)O,0.5757575757575758,CCC(O)CC(C)CCC=C(C)C
CCC1=CC=C(C(O)CC)CO1,0.37142857142857144,CCC(O)c1ccco1
CCCCCC(C)OC(C)OCC,0.5185185185185185,CCCCCC(OCC)OCC
CC1=C(C)CC(C)C(C)C1,0.25,CC1=C(C)C2CCC1C2
CC1=COC=C(C)C1,0.25,Cc1cnc(C)cn1
C=C(CCC)C(=O)CC(C)CC,0.4642857142857143,CCC(C)CC(=O)O
CC1C(C)(C)CCCC1(C)C,0.37037037037037035,CC1CCCC(C)(C)C1C=O
CCCC(O)CCCC(C)CCCCS,0.48,CCCC(O)CCC
CCCCC(=O)c1ccccc1N,0.5833333333333334,CCCCOC(=O)c1ccccc1N
CCC1=CC=CC1C(C)=O,0.29411764705882354,CCc1ccc(C(C)=O)cc1
C=C(C)OCCCCCC=CCC,0.5625,CC/C=C\CCCOC(C)=O
CC(O)C1CCC(O)=CO1,0.25,CC1=C(O)C(=O)C(C(C)C)CC1
COCC1C=CC=C1,0.2631578947368421,COCOC
CC=CC(=O)C(C)C(C)C(C)C,0.3333333333333333,C/C=C/C(=O)OC
CCC(O)C(C)(C)C,0.4117647058823529,CCC(C)O
C=C(CCCCC)CCC(C)C,0.45454545454545453,CCCCCC(=O)OCCC(C)C
CCCC(C)CC,0.5555555555555556,CCC(C)CCO
CCc1ccc(C)c(CC)c1,0.42857142857142855,CCc1ccc(C(C)=O)cc1
CC(C)C1CCC(C(C)O)OC1,0.4444444444444444,CC(C)C1CCC(O)CC1
C=C(C)C=CCC(C)C,0.4782608695652174,CC(C)CC=CO
CCCCCCCCC(=O)CCc1ccccc1,0.6216216216216216,CCCCCCC(=O)OCCc1ccccc1
CCC1=C(S)CCC=C1,0.25806451612903225,O=C1C=CCCC1
CC=CC(O)OCCC,0.4,CCCOC(C)OCCC
CC=CC(=O)CCC=C(C)CCCC(C)C,0.46511627906976744,CC(=O)OC/C=C(\C)CCC[C@H](C)CCC[C@H](C)CCCC(C)C
CCC1=C(CC(O)C(C)C)CC=C(C=O)C1,0.30952380952380953,CC(C)C(O)Cc1ccccc1
CC=CCCCCCO,0.5652173913043478,CC=CCCCCCCCC=O
CSC(=O)C1C=CCC1,0.34210526315789475,CCOC(=O)CC1C=CCC1
CCC(N)S,0.35,CCC(N)C(=O)O
CCc1ccoc1,0.4444444444444444,CCc1ccc(=O)oc1
CCCC(C)c1ccc(C(C)(C)C)cc1,0.3939393939393939,CCCC(O)c1ccc(C(C)C)cc1
C=C(C)CC(C)O,0.4583333333333333,C=C(C)CCCCC(C)O
CCCC(=O)CCCCc1ccccn1,0.5588235294117647,CCCc1ccccn1
COC(C)C1=COC2CCC=CC2C1,0.22,C=CC(C)C1C=CCCC1.CO
CC1=CC2C3CCC(C3)C2CC1C,0.2647058823529412,O=CC1CC2C3CCC(C3)C2C1
O=C1CCC2CCCCC2C1,1.0,O=C1CC[C@H]2CCCC[C@H]2C1
CC(C)OCC(C)c1ccccc1,0.5483870967741935,CC(=O)OCC(C)c1ccccc1
CCCCC(C)C=Cc1ccccc1,0.5,CC(O)C=Cc1ccccc1
CCCCCC1CCCC1,0.72,CCC(=O)O.CCCCCC1CCCCC1
CCC1=NC(C=O)=CC1,0.29411764705882354,CCc1ccccc1C=O
CCC(C)CNCC(C)(C)O,0.4482758620689655,CCC(C)CCCC(C)(C)O
CC(=O)CCC(C)CCC(C)C,0.6153846153846154,CC(=O)CCCC(C)CCCC(C)C
C=C(CCC)OCCC(C)CCC=C(C)C,0.6842105263157895,CCCC(=O)OCCC(C)CCC=C(C)C
C=C(C)C1CCC(C)(S)C(C)C1,0.5,C=C(C)[C@@H]1CC[C@](C)(O)[C@@H](O)C1
COC1=CCC=CC1C1=CCCC=C1,0.2127659574468085,CC=CC1=CCC(OC)C=C1
CCCCCCOC(C)C(C)C,0.6521739130434783,CCCCCCCOC(C)C
C=C(O)CCCCCCCCC,0.5454545454545454,CCCCCCCC(=O)O
C=CC(CCCCC)CC(C)CC,0.45161290322580644,C=CC(O)CCCCC
C=C(C)CC(O)C(O)O,0.3333333333333333,C=C(C)CCCCC(C)O
CCCCC(CC)C(C)C,0.43478260869565216,CCCCC(O)CC
C=C(C)C1C2CC(C(=O)OC)C(C)(C2)C1C,0.37777777777777777,C=C(C)C1CCC(C)C(C(=O)OC)C1
CCCC(=O)C1=CC=C(C)C(SC)C1,0.325,CCCC(=O)c1ccccc1
CCCCC1CC(C)CO1,0.42857142857142855,CCCCC1COC(=O)CO1
CC=CC(=O)CC(C)C1=CCCCC1,0.375,CC(C)=CC(=O)CC(C)C1=CC=C(C)CC1
CC1=CC(O)C(C(C)C)=CO1,0.22857142857142856,CC1=CCC(C(C)C)=CC1
CCC(C)CC(C)O,0.5625,CCC(C)O
CCCCCC(C)CC=O,0.9545454545454546,CCCCCCCCCC(C)CC=O
CC(C)CC1C=COC1C,0.24324324324324326,CC(C)CC1CCC(=O)O1
CC1=C(CCC2=CCC=C2)CC=CO1,0.18604651162790697,CC1=CCC(=C(C)C)CC1
CCCCCC1OC1CO,0.45454545454545453,CCCCCCC1OCC(CO)O1
CCC(C)C(O)CC,0.5,CCC(C)O
CC1=CC2CCCC=C2CC1C,0.24390243902439024,CC1=CC(C)C(C=O)CC1
CC(C)C1C=CC=CO1,0.20588235294117646,CC1=CCC(C(C)C)C=C1
CCC(C)CCC(C)=O,0.48,CC(=O)CCCC(C)C
C=CC(C)CCC(C)(C)C(NC)C(C)C,0.2619047619047619,C=CC(C)(O)CCCC(C)CCCC(C)CCCC(C)C
CCC(=O)C1=CCCC=C1NCC1CCC(CCCC(C)(C)O)CC1,0.4,CC(C)(O)CCCC1CCC(C=O)CC1
CC1=CC(C)=C(C(C)C)CC1,0.39285714285714285,CC1=CC=C(C(C)C)CC1
CC(C=O)C(C)CC(C)(C)O,0.36363636363636365,CC(CC=O)CCCC(C)(C)O
Cc1ccn(C)c1,0.3,Cn1cccc1
CCC(C)CCC(=O)C1=CC=CCC1C,0.28846153846153844,CC(C)/C=C1/OC(=O)C2=CC=CCC21
CC(=O)C(C)OCC(C)C,0.5,CC(=O)OCC(C)C
C=CCC(C)CC,0.4,C=CCC(O)CC(C)C
CC(C)CCC(C)(C)C(C)C(C)C,0.35714285714285715,CCC(C)(O)CCCC(C)C
CC(=O)C1(C)CCC(C)CC1,0.5652173913043478,CC(=O)C1(C)CCCC1
CCC=CCCN,0.5,CC/C=C\CCO
CCC(C)C1CCCCC1CCC1CCC(C)CC1C,0.325,CC1CCC(C(C)C)C(O)C1
CCC(C1=CC=CCC1)C(C)C,0.25,CC1=CC=C(C(C)C)CC1
CCCCCCCCCCC(O)CCC,0.7142857142857143,CCCCCCC(O)CC
C=CC(CC)CCCCC,0.5384615384615384,C=CC(O)CCCCC
CC1=CC(OC=O)C(C(C)C)CC1,0.4,CC1CCC(C(C)C)C(OC=O)C1
C=C(C)C1C(C)CC(C)C1C,0.36666666666666664,C=C(C)C1CCC(C)C(O)C1
CCC1C=COC=C1,0.25,CCC1CCC(CC)O1
C=CC(CC)c1ccc(C)o1,0.23684210526315788,CCC(O)c1ccco1
CC(c1ccccc1)C1C=C2CC=CC=C2CC1,0.3902439024390244,CC(c1ccccc1)C1OCCO1
CC(C)C1OC(C)C2C=CC=CC21,0.1935483870967742,CC1CCC(C(C)C)CC1
OC(CCc1ccccc1)C1C=CCC1,0.4444444444444444,CC(O)CCc1ccccc1
CC(C)CCCC(C)CCNC(N)C(C)C,0.3939393939393939,CC(C)CCCC(C)CCCC(C)C=O
COSC(=O)CC(C)C,0.48,COC(=O)CC(C)C
CCOC(C)CC(C)O,0.6190476190476191,CCOC(C)CC(C)C
CCCCCC1CCCC(CCC)C1,0.5161290322580645,CCC(=O)O.CCCCCC1CCCCC1
CC=CCCC(O)C(C)CCC,0.3333333333333333,CCCC(O)CCC
CCSCC1=CC=CC1,0.2127659574468085,CCCC=C1OC(=O)C2=CC=CCC12
C=CC(C)(CCC=C(C)CC)OC(C)C,0.6216216216216216,C=CC(C)(CC/C=C(\C)CC)OC(C)=O
CCCCC(CO)OC,0.46153846153846156,CCCCC(CC)CO
CC(CCc1ccccc1)CCc1ccccc1,0.7916666666666666,CC(CCO)CCc1ccccc1
CC(C)C1=CC=CC(C(C)C)C1O,0.2564102564102564,CC(C)C1=CCC(CO)C=C1
CCC=CCCC(C)C,0.52,CCC=CCCC(OCC)OCC
C=CC(=C)CCCC(C)CCCC(C)CC,0.45454545454545453,C=CC(=C)CCCC(C)(C)O
CCCCC=CCC(O)C(C)CCC,0.37777777777777777,CCCCCC[C@@H](O)C/C=C\CCCCCCCC(=O)OC
CC(=O)C1C=CC2=CC=CCC21,0.2708333333333333,CC(=O)OCC1C=CC(C(C)C)=CC1
CCCCCC1CC1C(C)O,0.4117647058823529,CCCCCCCC1CCCC1O
C1=c2ccccc2=CC1,0.3125,c1ccc2ccccc2c1
CC(C)C1=c2ccccc2=CC1,0.32142857142857145,CC(C)c1ccccc1
CC(C)CC(=O)CCCC(C)(C)N,0.46153846153846156,CC(C)CC(=O)CC(C)C
COC1C=C(C(C)C)C=CC1O,0.3902439024390244,CC(=O)OCC1C=CC(C(C)C)=CC1
CCCC(C)CCCC(C)=O,0.6923076923076923,CC(=O)CCCC(C)CCCC(C)C
CCCCCCC(CCCCC)CCCCC,0.5789473684210527,CCCCCCCCCC(O)O
SC1=CCC=C1,0.18518518518518517,O=C1C=CCCC1
CCCCCCCC,1.0,CCCCCCC
CCC1CC=CN=C1C(C)C,0.225,CC1=CCC(C(C)C)CC1=O
CCCN(C)C(C)CCC(C)C,0.3333333333333333,CCC(O)CCC(C)C
CCCC(CC)CCC,0.42857142857142855,CCCCC(CC)CO
C=C(CC)C(C)CC,0.4090909090909091,CCC(C)C(=O)O
CC1=CC(O)CC(C)(S)C1(S)CCNO,0.39473684210526316,CC1=CC(O)CC(C)(C)C1
CCC=CC(=O)CCC,0.6956521739130435,CCCC=CC(=O)CCC
CCC1C=CC(C)O1,0.28,CCC1CCC(CC)O1
O=C(Cc1ccccc1)OCC1=CCC=C1,0.6,O=C(Cc1ccccc1)OCc1ccccc1
CC1CCC(C(C)C)C2(CCC(C)C2)C1,0.35714285714285715,CC1CCC(C(C)C)CC1
O=CCO,0.38461538461538464,CCC=O
CCCC(C=O)CC,0.7142857142857143,CCCCC(C=O)CC
CC(C)=CCCC(C)CCCCCO,0.7037037037037037,CC(C)=CCC[C@H](C)CCO
CC1=CCC=CC1C,0.24242424242424243,CC1=CCC2CC1C2(C)C
CC1=CC(C=CC=O)CC1,0.4411764705882353,CC1=CC(C)C(C=O)CC1
COC1C=C(C(O)O)C=CC1C,0.2608695652173913,CC(=O)OCC1C=CC(C(C)C)=CC1
COCSCOC,0.35714285714285715,COCOC
CCC1C(C)CCCC1(C)C,0.6666666666666666,CC1CCCC(C)(C)C1CO
CCC1CC(C=O)=COO1,0.2972972972972973,CCC1CCC(=O)O1
CCC(C)COC(C)O,0.41379310344827586,CCC(C)COC(=O)CC(C)C
OCS,0.375,OCCO
CC(O)C1=CCCC1,0.3142857142857143,COC(=O)CC1=CCCC1
OCCC(O)O,0.5,CC(O)CCO
C=C(CCCCO)OCCC,0.41935483870967744,CCCCCC(=O)OCCC
CC1=CC2CC=CC=C2O1,0.29545454545454547,CC(C)/C=C1/OC(=O)C2=CC=CCC21
CCOC(C)C1C=CCO1,0.32142857142857145,CCOC(C)OCC
CC(C)=CCN,0.47058823529411764,CC(C)=CCO
Cc1cccc(Cc2ccccc2)c1,0.5714285714285714,c1ccc(Cc2ccccc2)cc1
CCCCCCCCC1CCC(C)C1,0.5517241379310345,CCCCCCCC1CCC(O)CC1
CCC(O)C(C)=CC1(C)CC2CCC1C2,0.2727272727272727,CC(O)C1C2CCC(C2)C1(C)C
CC1COC(C)C1,0.2727272727272727,CC1COC(Cc2ccccc2)O1
CCC(c1ccccc1)C1CC=CCC1,0.3611111111111111,CCC(O)c1ccccc1
CCCC(=O)C(C)(C)C,0.5789473684210527,CCC(=O)C(C)(C)C
CCC=CC1CC1CCC,0.25,CCC=CCO
CC(C)CC(C)Cc1ccccc1,0.6296296296296297,CC(C)CC(O)Cc1ccccc1
O=C(CCC=CC1C=CC=CC1)c1ccccc1,0.38095238095238093,CCCC(=O)c1ccccc1
CC(C)(C)C1C=CC(CO)=CC1,0.3076923076923077,CC(C)C1=CCC(CO)C=C1
CC(C)=C1CCC(C)CC1,0.48148148148148145,CC(C)=C1CCC(C)C2=C(C1)C(C)CC2
CC(=O)CC1(C(C)C)CC=CCC1,0.38461538461538464,CC(=O)C=CC1(C)CC=CCC1
CCC1C=CCC1CC(C)C,0.23255813953488372,C=CC(C)C1C=CCC(C=O)C1
CCCC(C)C(C)CCOC,0.375,CCCCCCOC
CCC(C)CC(C)COC,0.3225806451612903,CCC(C)COC(=O)CC(C)C
CC1CC=C(C(C)C)CC1,0.45161290322580644,CC(=O)C1=CCC(C)CC1
C=C(CCCCC)CCCCCCC,0.5238095238095238,CCCCCCC(=O)CCCCCC
O=C1CCCCC1O,0.5,CC1CCCCC1=O
CC(C)CC1CCCC(C)(C)C1,0.28205128205128205,CC1(C)CC2C3CCCC(C)(C3O)C2C1
CCCOC(CCC)CCCNC,0.3448275862068966,CCCOC(C)OCCC
CCC(C)C(C)OC(C)C,0.4117647058823529,CC(C)OC(C)C
CCCCC(C)C(O)=S,0.5,CCCCCC(C)C(=O)O
CCCC(=O)C=C(C)C,0.5217391304347826,C=CC(=O)CCC
CC1=CC(C(C)C)SC1,0.3125,CC1=CCC(C(C)C)CC1
CSC1=C(C(C)(C)C)CC(C(=O)O)C(C)C1C(C)O,0.21052631578947367,CC(O)C(=O)O
CC=CC=CCCC(=O)O,0.4230769230769231,C=CCCC(=O)O
CCCC(O)OC1C=C2CCC1(C)C2(C)C,0.2391304347826087,CCCC(O)c1ccc(C(C)C)cc1
C=C(C)C1OC=CC1C,0.3235294117647059,C=C(C)C1C=CC(C)C(=O)C1
CCNCCCCCCC(C)CC(C)C,0.35294117647058826,CCCCCCCCCC(C)CC=O
CC1=C(O)C=CCC1,0.2857142857142857,O=C1C=CCCC1
CCNCCCCCCO,0.47619047619047616,CCCCCCCCO
CCCCCC(=O)CCCC(C)C,0.6818181818181818,CCCCCC(=O)CCCCC
CC1CC(C)NC(OO)C1,0.20588235294117646,CC(=O)OC1CCC(C)CC1
CCC(C)OCCC(C)CCCC(C)C,0.4074074074074074,CCOC(C)CC
CCNCC1CC(C)CC(C)O1,0.275,CC(=O)CC1CC(C)CCO1
CC1=CC(O)CC(C)(C)C1(C)C=CC(O)O,0.358974358974359,CC1=CC(O)CC(C)(C)C1
COC(O)C1CCCC1,0.5217391304347826,COC(OC)C1CCCCC1
CC(C)CC(C)CNC1C(C)CCCC1(C)C,0.375,CC1CCCC(C)(C)C1CO
CC(C)=CCCC(C)(C)C1CS1,0.45714285714285713,CC(C)=CCCC(C)(O)C1CO1
CC(C)C(C)C(C)(C)C,0.23076923076923078,CC(C)O
CCCCCCNC(C)CCC1=CC=CCC1,0.2857142857142857,CCCCCCC1=CCCC1=O
CC(O)c1ccccc1O,0.4583333333333333,CC(O)c1ccccc1
C=CCCSOOC,0.2857142857142857,C=CCCCCCC
CCC(O)C(CC)CC(C)=O,0.4166666666666667,CC(=O)CC(C)C
C=C(CC(C)C)CC(C)S,0.34782608695652173,CC(C)CC(=O)CC(C)C
CC(C)COCC(C)c1ccccc1,0.5517241379310345,CC(C)COCc1ccccc1
CCCCCCCCSCC(O)OC,0.3870967741935484,CCCCCCCCCC(OC)OC
CC1CCC(C(C)(C)C)OC1,0.3333333333333333,CC(C)(C)C1CCC(O)CC1
CCC1=C(C)N=CC(C)C1,0.25,CCC1=C(C)C(C)(C)C(C)CC1=O
C=C(O)C1NC1CCCCC,0.3333333333333333,CCCCCCC1OCCO1
C=C1CCC(C)C1CCCCC,0.625,CCCCCC1C(=O)CCC1C
C=C(C=CCC)OCCCCCC,0.5,CCCCCCOC(=O)/C=C/C(=O)OCCCCCC
CC1=CC=CC(C)C1,0.25,CC1=CCC2C(C1)C2(C)C
CCC1C=CC(O)O1,0.3103448275862069,CCC1CCC(O)O1
C=CC(C)(C)CCC1C(C)(O)CC=C2C(C)(C)C=CCC21C,0.30158730158730157,C=C[C@](C)(O)CC[C@@H]1[C@@]2(C)CCCC(C)(C)C2CC[C@@]1(C)O
CC(C)CCCC(C)CCC(C)C,0.5652173913043478,CC(C)CCCC(C)CCCC(C)C=O
COc1cc(C2CC(C)C(C)O2)ccc1O,0.41025641025641024,COc1cc(C)ccc1O
CC=CC(=O)CC1CCCCC1,0.4411764705882353,CC(C)OC(=O)CC1CCCCC1
COC(C)(C)CC(C)C,0.34782608695652173,CCC(O)(CC(C)C)CC(C)C
CC1OC(C)C(C)C1=O,0.2962962962962963,CC1C=CC(=O)O1
CCCCC1CC=C(CC)N1,0.28205128205128205,CCCCC1=CCCC1=O
C=C(C)OC1C(=O)CCC1C,0.35135135135135137,C=C(C)C1CCC(C)C(=O)C1
CC1(C)CCCC2(C)C(C)(C)C3CCC12C3,0.2777777777777778,CC1(C)[C@@H]2CC[C@]1(C)[C@H](O)C2
CCCC(=O)C1CCCCC1CC,0.4,CCCC(=O)OC1CCCCC1
CC1CCCCC1C1CCCCC1,0.4782608695652174,OC1CCCCC1C1CCCCC1
CC=CC(C)CCCC,0.4444444444444444,CCCCCCC(C)C=O
CC(C)CC(C)OCCCCOCO,0.42857142857142855,CCOC(C)CC(C)C
C=C(C)C(C)CO,0.4117647058823529,CC(C)CO
CCCCCCCCCCCC(C)C1=C(N)CC=CC1,0.35294117647058826,CCCCCCCC(C)O
CC1=C(C(O)CCCCc2ccccc2)CCC=C1,0.391304347826087,CCCCCCC(O)CCc1ccccc1
CCCCCCCCC(CCC)CCC,0.5238095238095238,CCCCCCCCCC(O)O
CCCC1OC=CC=C1C,0.2631578947368421,CCCC1CC(=O)C=C(C)C1
CCC1CCC(C=C(C)CCNC(C)C)C1,0.2857142857142857,CC(=O)O.CCC1CCCCC1
CCCC1=C(C)CCC1,0.40625,CCCCCC1=C(C)CCCC1=O
CCCCCC(C)OCCCC,0.52,CCCCCCCOC(C)C
CCc1coc(C)c1,0.42857142857142855,CCc1ccc(=O)oc1
C=CCCCC(C)C(=O)O,0.5555555555555556,C=CCCCC(C)O
C=C(CCC)CCCCCC,0.5,CCCCCCCC(=O)CCC
CCCC(C)CC(=CC(C)=O)C(C)C,0.36363636363636365,CCCC(C)OC(C)=O
CCC(C)=CCCC(C)CCO,0.7407407407407407,C/C(=C/CCC(C)CCO)CO
C=CCOC(C)CC,0.5,CCOC(C)CC
CCCCCCOC(=O)O,0.6666666666666666,CCCCCCCOC(C)=O
COC(=O)C1CC1c1ccc(C)cc1,0.4117647058823529,COC(=O)c1ccc(C)cc1
CCCOCCCCCCC=CCO,0.6296296296296297,CCCCCCCCC=CCO
CC1=CCC2C3CC(C2C1)C1(C3)CC1C,0.3684210526315789,CC1=CCC2C(C1)C2(C)C
CCCCCc1ccccc1,0.6666666666666666,CCCc1ccccc1
CCOC(=O)C(CC1=CC=CCC1)C(C)C,0.34210526315789475,CCOC(=O)C(C)C(=O)OCC
CC1CCC2CCC(C)C2C1,0.3448275862068966,CC1CCC(C(C)C)C(O)C1
CCC1=COC(CC)CC1,0.40625,CCC1CCC(=O)O1
OCCC1CCC=C1S,0.35135135135135137,OCCC1CCCc2ccccc21
CCCC1CCCC1,0.48148148148148145,CCC(=O)O.CCCCCC1CCCCC1
C1=Cc2ccccc2C1,0.32,O=C1Cc2ccccc2C1
C=C1CCC2C=CCCC2C1,0.23809523809523808,C=CC(C)C1C=CCCC1.CO
CCC1OCC(=O)C1S,0.29411764705882354,CCC1CCC(=O)O1
CC1=C(C)CCC=C1,0.36,O=C1C=CCCC1
CCC1=CCC(C)=C1,0.3103448275862069,CC1=CCC(C(C)C)=CC1
c1ccc(CCCc2ccccc2)cc1,0.6842105263157895,OCCCc1ccccc1
CCCCCCCC(=O)CCCCC,1.0,CCCCCCC(=O)CCCCCC
CCC1(CC)CCCC1,0.3157894736842105,CC1(O)CCCC1
CCC(C)CC(C)SC,0.3333333333333333,CCC(C)CCO
CCCC(=O)OC1C=CC=CC1,0.43243243243243246,CCCC(=O)OC1CCCCC1
CCC1=NC=C(C)CC1C,0.2564102564102564,CCCC1CC(=O)C=C(C)C1
CCCCC1CC(C(C)C)C(=O)O1,0.5555555555555556,CCCCCC1CC(C)C(=O)O1
Cc1ncoc1CCCC(C)C,0.3157894736842105,CC(C)CCc1ccccn1
CCCC(O)CC(C)C,0.6111111111111112,CCCC(O)CCC
CC1=CC=CC1C,0.22857142857142856,CC1=COC(=O)C2C(C)CCC12
CCSCNC1CCCCC1C(C)CC,0.3170731707317073,CCC(C)C1CCCCC1=O
C=C(CCO)C(=CC)OCC,0.3333333333333333,C=C(C)C(=O)OCC
C=C(C)CCC(C)C,0.5,C=C(C)CCCCC(C)O
CSCC1=CC=CC1,0.20689655172413793,c1ccc(CSSCc2ccccc2)cc1
C=COC(C)C,0.4444444444444444,CC(C)OC=O
CCC=CCCCCCOC(C)O,0.4838709677419355,CC/C=C\CCOC(C)OCC/C=C\CC
C=C(CC)CCCc1ccccc1,0.5142857142857142,CCOC(=O)CCCc1ccccc1
CC1(C)C=COCC1,0.25,CC(C)C12C=CC(C)(CC1)OO2
CCCC1C=C(OC)C(O)C(OC)C1,0.23255813953488372,CCCCCCCC1CCC(O)CC1
CCC(O)CC1C=CC(C(C)(C)C)CC1,0.3,CCC(O)CC
CCCC(C)C(S)OC,0.3793103448275862,CCCCCCCCCC(C)C(OC)OC
CCCCCCC1CCCC1C,0.6206896551724138,CCCCCCCC1CCCC1O
CC1=CCC=CC1O,0.2857142857142857,C=C(C)C1CC=C(C)C(O)C1
C=C(CC)OC(C)c1ccccc1,0.53125,CC(=O)OC(C)c1ccccc1
COC1=CC=C(C)ON1C,0.23255813953488372,C=CCc1cc(OC)c2c(c1OC)OCO2
Cc1ccc(CC(=O)C(C)C)cc1,0.5925925925925926,Cc1ccc(CC(=O)[O-])cc1
CCCC(C)CCc1ccc(OC)cc1,0.47058823529411764,COc1ccc(CC(C)S)cc1
COC(O)CO,0.4117647058823529,CC(O)CO
CCNC(C)OC=O,0.43478260869565216,CC(C)OC=O
CCCCCC(CCCC)OCCCC,0.56,CCCCCOC(CCCC)OCCCCC
Cc1cc(CC(C)C)oc1C,0.2631578947368421,CC(C)Cc1cc2ccccc2[nH]1
CCC1CC(C)CCC1C,0.3333333333333333,C=C(C)C1CCC(C)CC1O
CC(O)CCOCCOO,0.375,CC(O)CCO
CC(C)CCCC=O,0.5416666666666666,CC(C)CCCC(C)CC=O
C=CC(=CC)CCC,0.5,C=CC(=O)CCC
CCC1C=C(CC=N)C=CC1O,0.28888888888888886,C=CCC1=CC(C)(OC)C(O)C=C1
CCC(C)CC1(C)CCCCC1(C)C,0.3103448275862069,CC1(C)CCCCC1(C)O
CC1=C(CC(C)C)CC(C)C1,0.2571428571428571,CC1CCC(C(C)C)C(=O)C1
CC1CC2C3CCC(C3)C2CC1C,0.43478260869565216,O=CC1CC2C3CCC(C3)C2C1
CCCCCCCCCCC(C(C)O)C(C)OCC,0.5555555555555556,CCCCCCCC(C)O
COC(=O)C1CCCC1,0.4782608695652174,CC(=O)C1CCCCC1
CCCC(=O)C1C(C)OCCC1(C)C,0.30434782608695654,CCCC(=O)OCC1CCCO1
C=C1C=C(C)OC1,0.2608695652173913,Cc1cnc(C)cn1
CCC(C)CC(C)(C)C1CCC(C)CC1,0.4117647058823529,CC(O)CC(C)(C)C1CCCCC1
CCCCCCC(CC)CO,0.8095238095238095,CCCCC(CC)CO
CC=Cc1ccc(OCO)c(OC)c1,0.7352941176470589,CC=Cc1ccc(OCC)c(OC)c1
CCC1=CCCC(O)=C1,0.2777777777777778,CCCCC1=CCCC1=O
CCCCCC(C)CCC(C)=O,0.56,CCCCCC(C)=O
CCCCCCCCC1CCCC1=O,1.0,CCCCCCCC1CCCC1=O
CC(C)(C)CCOCO,0.2916666666666667,CCOCCO
CC=COO,0.2727272727272727,C/C=C/C(=O)OC
CCCC(=O)C(CO)CCC,0.5384615384615384,CCCC(=O)C(O)CCC
CCC=CCCCC=CC=O,0.6521739130434783,CCCC/C=C/C=O
CC(=O)C=CC1C=C(C)CC(C)C1C,0.6216216216216216,CC(=O)C=CC1C(C)C=C(C)CC1C
CC(C)C=CN,0.3125,CC(C)C=O
CCCCCCCCCC(=O)CC,1.0,CCCCCCC(=O)CC
CC(C)C1CCC(CCCO)CC1,1.0,CC(C)C1CCC(CCCO)CC1
CC(=O)C1CCCCO1,0.4230769230769231,CC(=O)C1CCCCC1
CC(C)CCC1(C)CCCCCC1,0.28,CC(C)CCO
CC(O)c1ccco1,0.5769230769230769,CCC(O)c1ccco1
CCCC(C)SCC,0.3333333333333333,CCCC(O)CCC
C=C(C)CC,0.42857142857142855,CCC(C)=O
CCCCCCCCC(=O)CC,1.0,CCCCCCC(=O)CC
CCC(C)CCCC(C)CCCC(C)C,0.52,CC(C)CCCC(C)CCCC(C)C=O
CC1CC2CC1(C)CC2(C)C,0.28125,CC1(C)[C@H]2CC[C@](C)(C2)[C@H]1O
CC(=O)C=CC1C(C)CCCC1(C)C,1.0,CC(=O)C=CC1C(C)CCCC1(C)C
CCCCCCCCCCCCCCCCN,0.9230769230769231,CCCCCN
C=C(CC(C)NC)OC,0.32142857142857145,COC(=O)CC(C)C
COCSCCCC(=O)CCCC1C=COC1C,0.23529411764705882,CCCCCC(=O)CCCCCC(=O)OCC
CCCC1CC(C)=CC(O)C1,0.45714285714285713,CCCC1CC(=O)C=C(C)C1
CCCCCCCCCCCC(O)CCCCCCC,0.7894736842105263,CCCCCCC(O)CC
C=CCCCCCCC(=O)S,0.64,C=CCCCCCCCCC(=O)O
CC1CCCCCCC=CCCCCCCC1C,0.36,O=C1CCCCCCCC=CCCCCCCC1
O=C(CCO)OCCCc1ccccc1,0.7352941176470589,CCCC(=O)OCCCc1ccccc1
C=CCCCCC=CO,0.5217391304347826,CCCCCCCCCCC=CO
CCC(C)C(C)C(C)COC,0.2857142857142857,CCC(C)C(=O)OC
CCC(CC)CC1=CCCC=C1,0.2702702702702703,CCC(CO)Cc1ccccc1
C=C(CCC)C(CC)CC(C)C,0.40625,CCC(CC(C)C)C(=O)OC(C)C
CCCCCCC1=CCC=CS1,0.358974358974359,CCCCCCC1=CCCC1=O
CC1=CCCC=N1,0.2727272727272727,Cc1cnc(C)cn1
C=C(C)COCC,0.4117647058823529,CCOCC
C=C(C)CCCC(C)CCC,0.6923076923076923,C=C(C)CCC[C@H](C)CCO
CCCCCC1CCCC(C)C1,0.48484848484848486,CCC(=O)O.CCCCCC1CCCCC1
C=CCCC(=O)C(C)CC,0.4444444444444444,C=CCCC(=O)O
CCCC(C)NCC,0.3333333333333333,CCCC(O)CCC
CCNC,0.3,CCCC
CCCCC1OC(O)CC1C,0.32558139534883723,CCCCC1COCC(C)C1OC(C)=O
CCCCCCCC(C)C,0.6,CCCCCCCC(C)O
Cc1ccc(CC(C)C)o1,0.3142857142857143,CC(C)Cc1ccc2ccccc2n1
CC(=O)CCCC1=CCC=CO1,0.3235294117647059,CCCCCC(C)=O
Cc1occc1OC(C)O,0.36363636363636365,Cc1occc(=O)c1O
CCCCCCC(=O)CCC1=CCC=C1,0.5,CCCCCCC(=O)CCCCCC
C=C(CCC)CCC,0.4117647058823529,CCCC(=O)CCC
CCCC=CCC(C)C,0.45454545454545453,CCC/C=C/CO
C=CC1C(C)CCCC1(C)C,0.6428571428571429,CC1CCCC(C)(C)C1C=O
CCC(C)C1=CC=CCC1,0.26666666666666666,CC(C)=CC(=O)CC(C)C1=CC=C(C)CC1
C=C(CC(C)C)C(=O)O,0.5238095238095238,CC(C)CC(=O)O
CCCC1=CSC=CO1,0.25806451612903225,CCCc1ccccc1
CCC=Cc1ccccc1,0.5833333333333334,OC/C=C/c1ccccc1
CSCC(SCO)C1C=CC2CCCC2=C1,0.2222222222222222,CC(C)C1C=C2CCC3C(C)(CO)CCCC3(C)C2CC1
CCCC=CCCCC,0.5263157894736842,CCC/C=C/CO
C=CC(=O)C(C)CC(C)(C)C,0.3793103448275862,C=CC(=O)CC(C)C
CC=C(C)C(C)CCC(C)CC,0.44,CCC(C)CCO
CCCC(O)C(=O)C(C)CO,0.4642857142857143,CCCC(=O)C(O)CCC
CC1=CC(C)CC(C)C1C,0.28205128205128205,CC1=CC(O)CC(C)C2CC(=C(C)C)CC12
C=CC1(C)CCC(C(C)(C)O)C1,0.5,CC1(O)CCC(C(C)(C)O)CC1
CCc1ccc(C2CC=C(C)O2)nc1,0.2564102564102564,CCc1ccncc1
CCCCCOC(O)C1OC=CC=C1C,0.3333333333333333,CCCCCCCOC(C)C
CC(=O)CCCCCOCC(C)O,0.46153846153846156,CCCCCCOCC(O)OC(C)COCC(C)O
CCCCCC(CC)CC,0.5714285714285714,CCCCC(CC)CO
CC(C)C1CCC(C)C23CCC(C)C2C13,0.3055555555555556,CC1CCC(C(C)C)C(O)C1
CCCCCC(C)CC(C)=O,0.5185185185185185,CCCCCCCCCC(C)CO
C=C=NCCCC,0.5454545454545454,CCCCN=C=O
CC(O)CCCCCC(C)O,0.7647058823529411,CCCCCCCC(C)O
CC(C)OCC(CO)OC(C)C,0.4,CC(C)OCCO
CCCCCCCC(=O)C1=CCC(CC)C=C1,0.42857142857142855,CCCCCCCC(=O)c1ccc(C)cc1
C=CCC1C=CC(O)C=C1,0.3055555555555556,C=CCC1CC(O)C2CCCCC2C1
CCCCC(CCC(C)C)CCC(C)C,0.4583333333333333,CCCCC(CC)CO
CCCCCOOCOCC,0.5652173913043478,CCCCCCCCCCOCC
C=C(C)C=Cc1ccccc1,0.6153846153846154,CC(=O)C=Cc1ccccc1
C=C(CC)CCC1CCCC1,0.45454545454545453,CCOC(=O)CCC1CCCCC1
C=CC(=C)CCCC(C)(C)C,0.72,C=CC(=C)CCCC(C)(C)O
CCCC(C)CCCCC1CCCCC1,0.5,CCC(=O)O.CCCCCC1CCCCC1
CCCC(CCC)CCS,0.4375,CCCS
CCCCC1=CC(C)C(C)O1,0.325,CCCCCCC1=CCCC(=O)O1
CCC1C=CC(CS)=CN1,0.19148936170212766,C=CCC1=CC(C)(OC)C(O)C=C1
CCC1CCC(OO)C1,0.4230769230769231,CCC1CCC(O)CC1
CCC1NC=CCC1OC,0.18604651162790697,COC1CC2CC1C1CC(C=O)CC21
CCC1=CC=CCC1C=O,0.35555555555555557,CCCC=C1OC(=O)C2=CC=CCC12
CCCC(=O)CCCC(C)CCCC(C)C,0.6206896551724138,CC(=O)CCCC(C)CCCC(C)C
CCCc1ccc(C)c(OC)c1,0.6451612903225806,CCCc1ccc(O)c(OC)c1
CC=CCCC,0.47368421052631576,CCC/C=C/CO
CCC(C)C1=CCC(C)CC1,0.3888888888888889,CC(=O)C1=CCC(C)CC1
CC1C=CC=CC1C=O,0.39285714285714285,CC1C=CC(C=O)CC1C
CCCC(CCC)c1ccccc1,0.5185185185185185,CCCCC(O)c1ccccc1
c1ccc(Cc2ccncc2)cc1,0.6666666666666666,c1ccc(Cc2ccccc2)cc1
C=CC1CC(C)CCC1C,0.3225806451612903,C=C(C)C1CCC(C)CC1O
CC(C)C(=O)CO,0.4117647058823529,CC(C)C(=O)O
CC(=CCCC(C)Cc1ccccc1)CCCC(C)C,0.5681818181818182,C/C(=C/CCC(C)CCO)CCc1ccccc1
CCCCCCOCCCCCC(C)O,0.7391304347826086,CCCCCCCC(C)O
OC1=CC=CCC1O,0.24390243902439024,CC(C)/C=C1/OC(=O)C2=CC=CCC21
CCOC(=O)C1=C(O)C=CCC1,0.42857142857142855,CCOC(=O)c1ccccc1C(=O)OCC
CCCCC1CCOS1,0.37142857142857144,CCCCC1CCOC1=O
CC1=CCC2C(C1)OC(C)C2C,0.34285714285714286,CC1=CCC2C(C1)C2(C)C
CC1=C(O)C(C)CC(C)(C)C1,0.375,CC1=CC(O)CC(C)(C)C1
CC1=CC(O)C(C(O)CCS)CC1,0.2926829268292683,CC1=CCC(C(C)C)CC1
CC1=C(C(=O)OC2CCCCC2)C=COC1,0.42857142857142855,O=C(OC1CCCCC1)c1ccccc1
CSC(O)CC(C)O,0.47368421052631576,CC(C)CC(C)O
CCCC(CCC)C(C)C,0.3888888888888889,CCCC(O)CCC
CC1=S(CCO)C=CO1,0.28125,Cc1ccc(CCO)cc1
CCCC(O)C(C)Cc1ccccc1,0.6333333333333333,CCCC(O)Cc1ccccc1
CCCCCCCCCCCC(=O)CC(C)C,0.6521739130434783,CCCCCCC(=O)CCCCCC
CC1CC(C(C)C)CC(C)S1,0.391304347826087,CC1CCC(C(C)C)CC1
CC1C=CC=CC1,0.23333333333333334,CC1C=CC(C=O)CC1C
CCC(C)c1ccc(C)c(C)c1C,0.37142857142857144,CCOc1cc(C(C)C)ccc1C
CCSCCC(C)C,0.3333333333333333,CC(C)CCO
CCCC(=O)OC1(C)CC(C)CO1,0.375,CCCC(=O)OC1CCCCC1
CSCCC1CCC(C)O1,0.32142857142857145,CCC1CCC(CC)O1
CC(C)CCCC(C)CCC(C)CO,0.5357142857142857,CC(C)=CCCC(C)CCCC(C)CO
C=C1CCC2CCC(C)CC2C1,0.2857142857142857,C=C(C)C1CCC(C)CC1O
CCC(O)C1OC(C)C(O)C1O,0.2692307692307692,CCC(C)O
CC(C)C1CC(=O)CO1,0.30303030303030304,CC1CCC(C(C)C)C(=O)C1
CCNCC(C)(C)C,0.2631578947368421,CCC(C)(C)O
CC(C)CC(O)CCc1ccccc1,0.6551724137931034,CC(C)CC(O)Cc1ccccc1
CCCCCCCCC(O)C=O,0.6153846153846154,C=CC(O)CCCCCC
COC(C)C1CCCC=C1CC(C)O,0.3,CC(C)CC1OC(=O)C2=CCCCC21
CCCC1C=CC=C1,0.25,CCCC
CC(C)CC1CCCC(C)C1,0.3125,CC1CCC(C(C)C)C(O)C1
C=CCOC(O)C(C)C,0.35714285714285715,C=CCOC(C)=O
CCC(C)C(O)Cc1ccccc1,0.6666666666666666,CC(C)C(O)Cc1ccccc1
CC=C(C)C(O)CC,0.3684210526315789,CCC(C)O
c1ccc(CCCC2CCCC2)cc1,0.5588235294117647,c1ccc(CCCC2CCCO2)cc1
CC1CCC2(C1)C(C)CCCC2(C)C,0.2702702702702703,CC1CCCC(C)(C)C1C=O
CCCCOCCC(O)C1=CCC=C1,0.34285714285714286,CCCCCCCOCCCC
CC(=O)C(C)C(C)O,0.6,CC(=O)C(O)O
O=C(CCC1=CC=CCC1)OCCCc1ccccc1,0.5555555555555556,CCCC(=O)OCCCc1ccccc1
CCCCCC1CCCC(C)N1,0.4,CCCCCCCC1CCCC1O
CCC(CC)CCC1CC=C(C)C1(C)O,0.26,CC(=O)CCC1C(C)=CCC(C)C1(C)C
COC1CC=CCC1,0.35714285714285715,C=CC1CC=CCC1
CCCCCCCCCC(O)CC(CCCCCOCO)C(C)C,0.4166666666666667,CCCCCCC(O)CC
CCC1C=CC(O)=CC1,0.4117647058823529,CC(C)C1=CCC(CO)C=C1
CC(C)CC(C)(C)O,0.5,CCC(O)(CC(C)C)CC(C)C
CC(CN(C)O)c1ccccc1,0.5555555555555556,CC(CO)c1ccccc1
CC(C)OC(=O)CC1CCCCC1,1.0,CC(C)OC(=O)CC1CCCCC1
CC1=NC(CC(C)C)CCC1O,0.28205128205128205,CC(C)CC1CCC(=O)O1
C=CC(C)(C)CC(C)=O,0.39285714285714285,C=CC(C)(C)C(=O)C=C(C)C
CCCC(C)C(C)C,0.3888888888888889,CCCC(O)CCC
CCC(=O)CC(C)C,0.7058823529411765,CC(C)CC(=O)CC(C)C
CC(C)CCCC(C)CCNC(O)CC(C)C,0.4166666666666667,COC(=O)CCC(C)CCCC(C)C
CC1CCC(C(C)c2ccccc2)O1,0.5277777777777778,CC1COC(C(C)c2ccccc2)O1
CCCC1CC=CO1,0.3333333333333333,CCCC1CCC(=O)O1
CC(C)CCC1=CONC=C1,0.28205128205128205,CC(C)CCc1ccccn1
CCCCCCCC(C)CC(C)C,0.5833333333333334,CCCCCCCCCC(C)CO
CCC=C(C)C(C)CCC,0.4230769230769231,CCCC(C)C(=O)O
CCCCC(C)CCC,0.4782608695652174,CCCCCCCCCC(C)CO
CCCCC1CCC(CC)C1,0.4482758620689655,CCCCCCCC1CCC(O)CC1
CCCC(CCC)CNC,0.3333333333333333,CCCC(O)CCC
OCC1=CCC=N1,0.25,CC1(C)C2CC=C(CO)C1C2
CC(=O)C1C(C)OC(C)C1C,0.25,CC(C)=O
CCCCCCCCCC(C)OCC,0.625,CCCCCCC(OCC)OCC
CCCCCCOCCC(C)CC(C)C,0.5769230769230769,CCCCCCCOCCC
CCC(=O)CC1(C)CCCCC1(C)C,0.36,CCC(=O)CC
CCCN1C=CC(OC)=CO1,0.21621621621621623,CCOc1ccc(OC)cc1
CCCC(=O)CC(C)CCC,0.5,CCCC(=O)CCC
CCC1=CC(C)C(C)O1,0.27586206896551724,CC1C=CC(=O)O1
C=Cc1ccc(C)cc1,0.5454545454545454,C=Cc1ccc(C=O)cc1.CC
OCN1C=CC2=C(C1)OCC2,0.18604651162790697,OCc1ccc2c(c1)OCO2
CNC1C=CC=CC1C,0.22580645161290322,CC1C=CC(C=O)CC1C
CCCCCCC1CCC(C)N1,0.4166666666666667,CCCCCCCC1C(=O)CCC1C
C=CCCCCCC(=O)CCC,0.6153846153846154,CCCCCCCC(=O)CCC
C=CCCC(=O)C(C)=O,0.5217391304347826,C=CCCC(=O)O
CC(C)CCCCC1C=CC=CC1,0.3,CC(C)CCCC1CCC(=O)CC1
CCCC(C)CCC1=CC=CCC1,0.2619047619047619,CC(CCO)CCc1ccccc1
C=C(C)C1CCC(C)CC1C,0.6666666666666666,C=C(C)C1CCC(C)CC1O
CCC(C)(C)C,0.5,CCC(C)(C)O
COc1cc(C(C)O)ccc1O,0.5714285714285714,COc1cc(C(OC(C)=O)OC(C)=O)ccc1O
CCCCCN(CC)OC,0.36,CCCCCCOC
CC1CC(S)CO1,0.24242424242424243,CC1COC(c2ccccc2)O1
CC1CCCC(C)(C)C1CC=O,0.5806451612903226,CC1CCCC(C)(C)C1CO
COC1C=CC(C=O)C(O)C1,0.2702702702702703,CC1C=CC(C=O)CC1C
CCCCCC(=O)CCCC,0.9411764705882353,CCCCCCC(=O)CCCC
CC1=CC(N)C(C(C)S)S1,0.20588235294117646,Cc1ccc(C(C)O)cc1
COC(C)C1CCCC1,0.5714285714285714,COC(OC)C1CCCCC1
CCCCCCCc1ccccc1,0.6428571428571429,CCCCCCCOCCc1ccccc1
COC(C)CCCc1ccccc1,0.5666666666666667,COC(CCc1ccccc1)OC
CCCCCC1CCC(=O)C1,0.75,CCCCCCC1CCC(=O)CC1
C=C(CCCCCCCOCCCCCC)OC,0.56,CCCCCCOCCCCCC
CC1=CC(C=O)CC=C1,0.3235294117647059,CC1=CCC(C=O)CC1
CCC(=O)C(O)O,0.43478260869565216,CCCC(=O)C(O)CCC
CCCC(C)CCCC(C)C,0.52,CC(C)CCCC(C)CCCC(C)C=O
CCc1cc(C)cnc1C,0.3548387096774194,CCc1ccncc1C
CCCC(C)(C)c1ccccc1,0.5,CCC(=O)CC(C)(C)c1ccccc1
C=C(O)C(O)Cc1ccccc1,0.5384615384615384,OC(Cc1ccccc1)c1ccccc1
CCCCCCC(C)CC(C)=O,0.5555555555555556,CCCCCCCCCC(C)CO
CCCCC1N=CC(C)CC1C,0.2682926829268293,CCCCCC1C(=O)CCC1C
CCOC(=O)OCSc1ccccc1,0.5277777777777778,CCOC(=O)OCCc1ccccc1
CCCCSCC=C=O,0.4782608695652174,CCCCSCCCC
CCC(=O)C(C)CC1C(C)=CCOC1(C)C,0.35294117647058826,CCC(=O)CCC1C(C)=CCCC1(C)C
CCCOC(=O)CCCc1ccccc1,0.7941176470588235,CCCCC(=O)OCCCc1ccccc1
COCCCCc1ccco1,0.5,COC(=O)CCc1ccco1
CCC(C)C1N=CCO1,0.2682926829268293,CC(C)c1ccc(CC(C)C2OCCO2)cc1
CCCCC(=O)CCC(C)CC,0.6086956521739131,CCCCC(=O)CCCC
CC(S)CC(=O)CCc1ccccc1,0.53125,CC(=O)CCc1ccccc1
CCC=CCCCC(O)C(CC)CC,0.4642857142857143,CCC=CCCCO
CCCCC(O)O,0.7647058823529411,CCCCCCCCCC(O)O
C=C(CC(C)S)CC(C)(C)C1CCC(C)CC1,0.37142857142857144,CC1CCC(C(C)(C)O)CC1
CCC1=CC=CCC1,0.2413793103448276,O=C1CC=CCC1
CCCC(CC)CCCC(C)C,0.4230769230769231,CCCCC(CC)CO
CC12C=CC(CC1)C(C)(N)C2,0.25,CC1(C)C=C[C@@]23CCC[C@@](C)(CC[C@@H]12)C3
CC(=O)CCCC(C)S,0.6521739130434783,CC(=O)CCCC(C)C
CC(=O)OCC=C(C)OCCC(C)C,0.6428571428571429,CC(=O)OCCC(C)C
c1ccc(CCCCc2ccccc2)cc1,0.7368421052631579,OCCCCc1ccccc1
Cc1ccc2c(c1)C(C)OC2C,0.34146341463414637,CCOC(=O)C1OC1c1ccc(C)cc1C
CCC1=COC(C)C=C1,0.3333333333333333,CC1C=CC(=O)O1
CCC1C=CC=N1,0.20588235294117646,CCC=Cc1ccccn1
CC(C)CCC(CCC(C)C)CC(C)C,0.3684210526315789,CC(C)CC(C)O
CC=CC1=CC(OC)C(CCC)C=C1,0.40476190476190477,CC=CC1=CCC(OC)C=C1
CSC1=CCC(C)C=N1,0.20512820512820512,CC(=O)C1=CCC(C)CC1
CC(C)CC(C)C1C=CC=CC1C,0.25925925925925924,CC(C)CC(C)O
CC(C)=CC1=CC(C)CCO1,0.28205128205128205,CC(C)=CC1CC(C)CCO1
O=c1cccco1,1.0,O=c1cccco1
C=C(C)C1=CCC(C)C=C1,0.3333333333333333,C=C(C)C1CC=C(C)CC1
CON(O)CCc1ccccc1,0.4827586206896552,COCCc1ccccc1
CCCCc1ccc(C)cc1,0.5416666666666666,Cc1ccc(CCO)cc1
CC1CC=CC1,0.25,C=CC1CC=CCC1
CC1C=CC(CO)=CN1,0.23529411764705882,CC(C)c1ccc(CO)cc1
CCC(C=O)CO,0.6666666666666666,CCC(C=O)CC
CCC(=O)C1CCCC=C1CC,0.4857142857142857,CCC(=O)C1CCCC1=O
CC=CC(=O)CCCC(C)CCCC(C)C,0.5806451612903226,CC(=O)CCCC(C)CCCC(C)C
CCCC(S)Cc1ccccc1,0.5862068965517241,CCCC(O)Cc1ccccc1
C=CC(C)CCCC(C)CC,0.6153846153846154,CCC(C)CCCC(C)C=O
CSc1ccccc1S,0.38461538461538464,COc1ccccc1S
CC(C)=CCC1C=CC=C1C,0.2826086956521739,CC(C)=CCC[C@H](C)[C@@H]1C=CC(C)=CC1
CC(=O)OC(C)CCCO,0.6923076923076923,CC(=O)OC(C)CCCC(C)C
CCCC(C)CCC(C)C,0.4090909090909091,CCC(O)CCC(C)C
CCOCCCCCCC=CC(C)C,0.4642857142857143,CCCCCCCCCCOCC
C=CCCC(O)CCCC,0.52,CCCCC(O)CC
CC(C)CCCCCCCCCCCO,0.5555555555555556,CC(C)CCO
CCC(C)CCC1CCCCC1C(C)(C)C,0.35294117647058826,CC(C)(C)C1CCCCC1O
CC(C)CCC1CCCC1C,0.4117647058823529,CC(C)CCC1C(=O)CCC1C
C=CC1=CCCC1C,0.2558139534883721,CC(=O)C=CC1=CC(C)(C)CCCC1C
CC1C=CCC1O,0.2631578947368421,COC(=O)C1CC2CC1C1CC=CC21
C=CCC1CCC(CC=C)C(CC)C1,0.3888888888888889,C=CCC1CCCCC1.CCC(=O)O
CCC1C=C(C=O)C=CC1,0.25925925925925924,CCC=O
CC(=O)c1cccc(C)c1,0.5416666666666666,CC(=O)c1ccccc1
CCCCCC(=O)CCC(C)C,0.6818181818181818,CCCCCC(=O)CCCCC
CC(C)C(=O)CCCS,0.32142857142857145,CC(=O)CCCC(C)C
CCCC1=CC2NCOC2C=C1,0.20512820512820512,CCCc1ccccc1
CC(C)CCC1(O)C(C)CC(O)CC1(C)S,0.25,CC1CC(O)C2(C(C)C)CC12
O=C(CC1=COCC=C1)C1CCC=CC1O,0.25,CCOC(=O)CC1C=CCC1
C=C(C)CC(=O)C=CCCC,0.5714285714285714,CCCC=CC(=O)CCC
CC(O)C1C=CCC1,0.42424242424242425,C=CC(C)C1C=CCCC1.CO
CCCC(C)C(C)(C)C(O)CCC,0.39285714285714285,CCCCC(C)C(C)(C)O
CC(=O)C1C=CCCC1C(C)C,0.3170731707317073,CC(=O)OC1CC(C)CCC1C(C)C
C=CC(C)(CC)Cc1ccccc1,0.5161290322580645,CCC(C)(O)Cc1ccccc1
CSc1ccc(C(O)O)cc1,0.3333333333333333,Cc1ccc(C(C)O)cc1
C=C(CCC)C(C)O,0.35,CCC(C)O
CCCC(C)OC=O,0.45454545454545453,CC(C)OC=O
CCCCC1CC(=O)C2CCCSC12,0.3409090909090909,CCCCCCCC1CCCC1=O
CCC(C)C1=CC=CCC1NCCCc1ccccc1,0.32,CC(CO)CCCc1ccccc1
CCCCC1CC1C=O,0.3333333333333333,CCCCC=O
CCC(C)(C)CC(C)=O,0.42105263157894735,CCC(C)=O
CCCCCC(=N)C(C)O,0.5,CCCCCC(C)O
C=CC(C)=CCCCCC,0.56,CCCCCC=C(C)O
CCC(O)CCCCCCCCC(=O)OC,0.6153846153846154,COC(=O)CCCCCCCCC(=O)OC
C=CCC1C=CC(OC)C=C1,0.2619047619047619,C=CCC1=CC(C)(OC)C(O)C=C1
CCCC(C)CCCC(C)(C)O,0.7083333333333334,CCC(C)CCCC(C)(C)O
C=CC(C)(CCCC(C)S)CC(C)OOC,0.3111111111111111,C=CC(C)(O)CCCC(C)CCCC(C)CCCC(C)C
CC(C)(C)CCCC(N)CC=O,0.45454545454545453,CC(CC=O)CCCC(C)(C)O
CC(=O)CCCC(C)OCC=C(C)C,0.5428571428571428,CC(=O)CCCC(C)CCC=C(C)C
CNC1=CCCCC1C(=O)CC(C)C,0.3958333333333333,CC1=CCCC(C(=O)CC(=O)CC(C)C)C1
CC1CC(C)C(NC(C)O)C1,0.2647058823529412,CC1CCC(C(C)C)C(O)C1
CCC1=CC=C(C(CC)CC)CC1,0.3125,CC1=CC=C(C(C)C)CC1
CCCCCOCCCCCCC(O)CCC,0.5833333333333334,CCCCCCOCCCCCC
COC1CCCCC1O,0.4,OC1CCCCC1C1CCCCC1
CC(C)=CCCC(C)CCCC(C)CCCC(C)CCCCC(C)CCCC(C)CCCC(C)CCCC(C)C,0.7142857142857143,CC(C)=CCCC(C)CCCC(C)CO
CC1CCC(C(C)O)C2(C1)OC(C)C(C)O2,0.2972972972972973,CC1CCC(C(C)C)C(O)C1
CCCCCCCC(=O)CCCC,1.0,CCCCCCC(=O)CCCC
CC=CCCC(C)C,0.36666666666666664,CCCC=CC(=O)CCC(C)C
CC(C)C1=CC=CCC1,0.4444444444444444,CC1=CC=C(C(C)C)CC1
CC1=CN=CC1,0.35,Cc1cnc(C)cn1
C=C(CCC)C(C)C(C)CC(C)=O,0.4074074074074074,CCCC(C)=O
CCOC,0.45454545454545453,CCOCC
CC(C)C(S)C(C)C,0.25,CC(C)O
CCCCCCCCCCCCC,1.0,CCCCCCC
CC(O)OC(C)C1CCC(C)C1(C)C,0.28205128205128205,CC(O)C1C2CCC(C2)C1(C)C
CCC(O)OC1CCCCCCC1,0.41935483870967744,CCC(=O)OC1CCCCC1
CCCCCC(C)OCOC,0.4444444444444444,CCCCCC(OC)OC
CCCCCCCCC1COC(C)C1,0.5151515151515151,CCCCCCC1OCC(C)O1
CCOSC,0.42857142857142855,CCOCC
COC(C)C,0.45454545454545453,CC(C)OC(C)C
CC1=CCC(C(C)C)C(O)=C1,0.3939393939393939,CC1=CCC(C(C)C)C=C1
CCCSCCCCCCOC(C)O,0.41935483870967744,CCCCCCCOC(C)C
CCC1C=C(OC)C(CC)CC1,0.24242424242424243,CCC1CCC(O)CC1
C=C(C)C(C)CCCC(C)O,0.5384615384615384,C=C(C)CCCCC(C)O
CCCCOCCCNC,0.5454545454545454,CCCCCCCOCCCC
CC(C)CCCC(C)CCCC(C)CCCC(C)CCCC(C)O,0.8333333333333334,CC(C)CCCC(C)O
C=C(C=Cc1ccccc1)CC,0.5,CCOC(=O)C=Cc1ccccc1
CCCCCCCC=CNC,0.52,CCCCCCCCCCC=CO
COC1CCCCC1C(=O)CC(C)C,0.43243243243243246,CC(C)CC(=O)OC1CCCCC1
O=C1CCC(S)C1O,0.2903225806451613,CC(=O)C1CCCC1=O
CC(=O)C1CCCCN1,0.4230769230769231,CC(=O)C1CCCCC1
CC(=O)c1ccc(C)nc1C,0.43333333333333335,CC(=O)c1ccc(C)cc1C
CC(S)OCCC(O)O,0.375,CC(C)CCOC(C)OCCC(C)C
CCSc1cc(C2CCC(C)C2)ccc1O,0.27586206896551724,CC1CCC(C(C)C)C(OC(=O)c2ccccc2O)C1
CCC(C)C1CCCC1,0.5652173913043478,CC(CO)C1CCCCC1
OC1CCC=C1S,0.25806451612903225,OC1CCc2ccccc21
C=CCC(CCCCC)CC(C)C,0.41935483870967744,C=CCC(O)CC(C)C
C=CC1CC(C)CC(C)C1C,0.24242424242424243,C=C(C)C1CCC(C)CC1O
CCCC(C)CCC=C(C)C,0.68,CC(C)=CCC[C@H](C)CCO
CC(=O)CCCCc1ccccc1,0.7307692307692307,CC(=O)CCc1ccccc1
CCC(C)(CCCC(C)C)OC(C)O,0.5806451612903226,CCC(C)(CCCC(C)C)OC(C)=O
CCCCCCCCC(=O)CC(C)C,0.6521739130434783,CCCCCCC(=O)CCCCCC
CC1C=CC(CO)S1,0.2222222222222222,CC(C)C1=CCC(CO)C=C1
CC1=CCC(OC(C)C)C=C1,0.5161290322580645,CC1=CCC(C(C)C)C=C1
C=C(C)C=C(C)C,0.4375,C=C(C)C=O
CC1C=CSC1OC1NC1(C)C,0.15217391304347827,CC(=O)c1cc2c(cc1C)C(C)(C)C(C)C2(C)C
CC(=O)CCC1CCC(C(C)S)CC1,0.40540540540540543,CC(=O)C(C)CC1CCC(C(C)C)CC1
CCCCC1OCCS1,0.4,CCCCCCC1OCCO1
CC1C(O)C(O)CC1C(O)CN,0.2777777777777778,CC1CCC(C(C)C)C(O)C1
CSC1(C)CCCCCCCCCNC1,0.3333333333333333,C1CCNCC1
CCC1CCCC=C1C,0.30952380952380953,CCCCC(=O)C1CCCC=C1C(=O)O
CCC1=C(C(C)=O)C=CCC1,0.3170731707317073,CCc1cc2c(cc1C(C)=O)C(C)(C)CCC2(C)C
CCCCCCCOCC=O,1.0,CCCCCCCCOCC=O
OCC1=CC=CC1,0.2413793103448276,CC(C)c1ccc(CO)cc1
C=Cc1cccc(CC)c1,0.4230769230769231,CCc1ccccc1
C=C1C(C)CC23CC1C(C)(C)C2CCC3C,0.5945945945945946,C=C1CCC23CC1C(C)(C)C2CCC3C
CCCCCCCC(=O)CCCc1ccccc1,0.6486486486486487,CCCCCCCC(=O)OCCCc1ccccc1
NC1=C(C(=O)CCc2ccccc2)C=CCC1,0.47368421052631576,O=C(CCc1ccccc1)c1ccccc1
CC(O)C1C=CS2=CC=CC=C2N1,0.18867924528301888,CC(C)/C=C1/OC(=O)C2=CC=CCC21
CCC1C=CC(CC)C=C1,0.25,CCC=O
CCC1(C)CCC(C)C1,0.28125,CC1CC(=O)CC(C)(C)C1
C=CCC1=CC=C(O)CC1,0.3783783783783784,C=CCC1=CC=C2OCOC2C1
C=C(Cc1ccccc1)c1ccccc1C,0.43243243243243246,Cc1ccccc1OC(=O)Cc1ccccc1
CC=Cc1ccc(NC(C)CC(C)C)c(CC)c1,0.3409090909090909,CC=Cc1ccc2c(c1)OCO2
CCCCCCCOCCCCS,0.7368421052631579,CCCCCCOCCCCCC
CC(CCCCO)c1ccccc1,0.7307692307692307,CC(CCO)c1ccccc1
COC1CCCCC1OC,0.36363636363636365,COC(OC)C1CCCCC1
CC(O)CCC1CCCCC1,0.48,OCCC1CCCCC1
CCC(C)C(O)OCc1ccccc1,0.5666666666666667,CC(C)OCc1ccccc1
CCCCCC(C)OC(O)CC(C)C,0.4642857142857143,CCCCCC(C)O
CCCCC(C)CCC(C)C,0.44,CCCCCCCCCC(C)CO
COC(=O)CCCCNCO,0.625,COC(=O)CCCCCCCCC(=O)OC
CCC1CCCC1,0.65,CC(=O)O.CCC1CCCCC1
C=C(CC)CCCC(C)C=O,0.5,CCCCCCC(C)C=O
CCOCCC(C)O,0.45454545454545453,CCOCCO
CCC1CC(C)=CC(C)S1,0.2631578947368421,CC1=CC(C)C(C=O)CC1
CC(C)(C)c1ccccc1,1.0,CC(C)(C)c1ccccc1
CCCC1CCC(CO)C=C1OC,0.2926829268292683,CCCC1CCOC1=O
CC(=O)C1=CC(C)CC=N1,0.32432432432432434,CC(=O)C1=CCC(C)CC1
CCOC(O)C1=CCCC=C1CO,0.275,CCOC(OCC)C(C)c1ccccc1
COC1C=C(C(C)=O)C=CC1OO,0.2702702702702703,COc1ccc(C(C)=O)cc1
CCC(C)C1=CC(C)=C(C)CC1,0.30303030303030304,CC1=CC=C(C(C)C)CC1
CC(C)CNN,0.29411764705882354,CC(C)CO
CCOC(=O)C1C=CC(O)C(C)=C1,0.36585365853658536,CCOC(=O)C1CC2C=CC1C2
C=C(C)C1CCC(C)(O)C(C)C1,0.6666666666666666,C=C(C)[C@@H]1CC[C@](C)(O)[C@@H](O)C1
CC(C)C1CCCC(O)C1,0.5,CC(C)C1CCC(O)CC1
CCC1CC=C(O)CC1,0.3448275862068966,CCC1CCC(O)CC1
CCC=C(C)C(C)OCCCCCC,0.5,CCCCCCCOC(C)C
CC1C=C2C(C)CC(C)C2CO1,0.2564102564102564,CC1COC(c2ccccc2)O1
C=CCCOCCSCCCC,0.46153846153846156,CCCCSCCCC
CCCCC1CCCC1,0.6153846153846154,CCC(=O)O.CCCCCC1CCCCC1
CCC(C)CCS,0.5,CCC(C)CCO
CSN1C=NC=CO1,0.13636363636363635,CSC
CC(C)CC1=NC2C=CC=CC2C=C1,0.25,CC(C)Cc1ccccn1
CC(=O)C1C=C2CCCCC2O1,0.3235294117647059,CC(=O)C1CCCCC1
CC(=O)CC(C)C(C)NCO,0.44,CC(=O)CC(C)C
CCCCCCCC(CC)CC,0.5454545454545454,CCCCC(CC)CO
OC(O)C1CCCCC1,0.43478260869565216,CC(CO)C1CCCCC1
CC1CCC(C(C)(C)N)C(C)C1,0.3125,C=C(C)C1CCC(C)CC1O
CC(C)C(O)CC(C)(C)Cc1ccccc1,0.5666666666666667,CC(C)C(O)Cc1ccccc1
CCCCCC(C)(C)CC(C)C,0.4230769230769231,CCCCCCCC(C)(C)O
C=CCCC(=O)CCO,0.5217391304347826,C=CCCC(=O)O
CC1CCC(C(C)CO)CC1,0.6956521739130435,CC(C)C1CCC(C(C)CO)CC1
C=CCCC(=O)CCC1C=CNC=C1,0.36363636363636365,C=CCCC(=O)O
CCC1CSC(CC)S1,0.23333333333333334,CCC1CCCO1
CC1CCC(C(C)(C)OC=O)OC1,0.35,CC1CCC(C(C)C)C(OC=O)C1
CCC(C)c1ccccc1,0.6086956521739131,CC(CO)c1ccccc1
CCC(C)C1CC(C)C(CC)O1,0.25806451612903225,CCC1CCC(CC)O1
CC(C)SC(C)C(C)O,0.3333333333333333,CC(C)O
COC1=CCNCC1,0.21428571428571427,COc1ccccc1OC
c1ccc(Cc2ccccn2)cc1,1.0,c1ccc(Cc2ccccn2)cc1
CCS1(C)CC(=O)C(C)=C(C)C1C,0.275,CCC(C)C1CCCCC1=O
C=C(C=CC)C1C(C)CCCC1(C)C,0.4146341463414634,CC(=O)C=CC1C(C)CCCC1(C)C
CCCC(O)C(C)C(C)C,0.45,CCCC(O)CCC
CC(O)COC(=O)c1ccccc1O,0.78125,CC(C)COC(=O)c1ccccc1O
CCCCCC(C)CCCC(O)CCC1CCC(C)(C)C1,0.35,CCCCCC(O)CC
CC(C)CCCC(C)CC1CCCO1,0.4375,CCC1CCCO1
CCC(Cc1ccccc1)OC,0.6153846153846154,COC(Cc1ccccc1)OC
CCCC(C)C(C)CC,0.3684210526315789,CCCC(O)CCC
CCCCCCCCC(CC(C)C)C(=O)OC,0.625,CCCCCCCCCC(C)C(=O)OC
CCC1C(OC)=CCC=C1OC,0.26666666666666666,CCOc1ccc(OC)cc1
C=C1C(C)COC1C,0.23529411764705882,CC1COC(c2ccccc2)O1
CCCC1CCC(C)C1(C)C,0.2926829268292683,C=C1CCC(C)C(C)(C)C1CCC(C)=O
CC1CC(C)(C)OC(c2ccccc2)S1,0.3953488372093023,CC1CC(C)(C)OC(Cc2ccccc2)O1
CC=CC(O)OC1CCCCC1,0.42424242424242425,C/C=C(\C)C(=O)OC1CCCCC1
CC,0.25,CS
CC1CCCC(C(C)(C)O)C1O,0.42857142857142855,CC(C)(C)C1CCCCC1O
CC(CO)CCc1ccccc1,0.7777777777777778,CC(CO)CCCc1ccccc1
COC1C=NCCC1,0.23076923076923078,CC=CC1=CCC(OC)C=C1
C=CC(C)(CCC)CCCC(C)C,0.5,C=CC(C)(O)CCCC(C)CCCC(C)CCCC(C)C
CCCC(=O)CCCCC(C)CCC,0.5555555555555556,CCCCCCCC(=O)CCC
COC(C)C(C)C,0.35714285714285715,COC(OC)OC
COCCCCC(=O)CC(C)C,0.48,CC(C)CC(=O)CC(C)C
CCC(C)(C)C1CCC(C)CC1,0.625,CCC(C)(C)C1CCC(O)CC1
OCC1C=CCC=C1,0.25,OCC1CCCCC1
C=C1C(C)CC(C)C1OC,0.2222222222222222,C=C1C(O)CC2CC1C2(C)C
CCCC(=Cc1ccccc1)CO,0.7666666666666667,CCCCCC(=Cc1ccccc1)CO
COC(C)CCC(=O)CC(C)C,0.5,CC(C)CC(=O)CC(C)C
CCCC(O)CC(C)=O,0.5769230769230769,CCCC(O)CC(=O)OC
CCCC(C)CC(CC)c1ccccc1,0.4117647058823529,CCCCC(O)c1ccccc1
CC(N)CC(C)O,0.5294117647058824,CC(C)CC(C)O
CCC=CCCCC(C)CCCC=CCC,0.5,CCC=CCCCO
CCCCCC(CCC=O)Cc1ccccc1,0.6216216216216216,CCCCCC(CO)Cc1ccccc1
C=CCCCC(O)CCC,0.5769230769230769,C=CCCCC(C)O
CCOC(C)C(C)NC,0.42857142857142855,CCOC(C)OCC
CCC1COC(C)C1,0.34615384615384615,CCC1CCC(O)CC1
CCC(C)C(C)C(C)=O,0.5238095238095238,CCC(C)C(C)=O
CC(=O)OO,0.5454545454545454,CC(=O)C(C)=O
CC1=CC(C)CS1,0.23529411764705882,CC1=CC(C)C(C=O)CC1
CC(C)OSC(C)C,0.3125,CC(C)OC(C)C
C=CCC1=CC(OC)C(C)C(OC)=C1,0.325,C=CCc1ccc(OC)cc1
CCC1CCCCC1C(C)=O,0.4482758620689655,CC(=O)O.CCC1CCCCC1
C=C(CC)CSCCCC,0.5,CCCCSCCCC
CC1CCSCC1,0.4,CC1CCC(C(C)C)CC1
CCCCCCCC=CC(C)OC,0.4482758620689655,CCCCCCCCCCC=CO
C=CCCC=CCC,0.5238095238095238,CCC=CCCC=O
CCCCc1ccc(CC)cc1,0.5,CCCCCc1ccncc1
CCC(CC1CCOO1)c1ccccc1,0.34210526315789475,CCC(O)c1ccccc1
CSCC(=O)C1OC1C1C=CCCC1,0.30434782608695654,CC(C)(CO)C1C=CCCC1
CC1CCCC2(C=CCCC2)C1,0.2549019607843137,C=C1C(=O)O[C@@H]2C[C@@]3(C)CCC[C@H](C)C3=C[C@H]12
CCc1ccc(C)cc1C,0.6153846153846154,Cc1ccc(CC=O)c(C)c1
CCCC(CCC)CCCCC(C)C,0.391304347826087,CC(C)CCCC(C)O
CCCCC(CC)CC,0.6842105263157895,CCCCC(CC)CO
CCC1C=CC=CC1C,0.22580645161290322,CC1C=CC(C=O)CC1C
CCC1CC(C(C)O)=CC=C1O,0.24324324324324326,CC1=CC=C(C(C)C)CC1
COC1=CC2C=CC=CC2=CC1,0.2222222222222222,CC=CC1=CCC(OC)C=C1
COC(C)C1CCCCC1C,0.35714285714285715,COC(OC)C1CCCCC1
CCCCCC(CCCOC)CCCSC,0.4482758620689655,CCCCCCOC
c1ccc2c(c1)CCC2,0.4782608695652174,c1ccc2c(c1)CCCN2
CCCC(C)OO,0.5,CCCC(C)OC(C)=O
COC(=O)OS,0.6,COC(=O)OC
C=CCCC(=O)CCCC(C)(C)CC,0.375,C=CCCC(=O)O
CCC1CC(C(C)C)CCC1C,0.4074074074074074,CC1CCC(C(C)C)CC1
CCC1CC(C)C(O)C1C,0.2857142857142857,CCC1CCC(O)CC1
CCCCCCCCCC(O)OCCCC,0.52,CCCCCCCCCC(O)O
OCCCCCOCCCS,0.375,CCCCCCOCCCCCC
CC(C)=S,0.3333333333333333,CC(C)=O
CC(C)C1CCCC(C(C)C)C1O,0.46153846153846156,CC1CCC(C(C)C)C(O)C1
CCCN1C=CCC(OC)C1C,0.22727272727272727,COC1CC2CC1C1CC(C=O)CC21
CC1=CC2CCCOC2C=C1,0.2857142857142857,CCC1CCCO1
CC(CO)CC1C=CCC=C1,0.29411764705882354,CC(CO)Cc1ccccc1
CC1CCC(C(C)COC(C)C)CN1,0.28205128205128205,CC1CCC(C(C)CC=O)CC1
C1=CC2OCOC2C=C1,0.21052631578947367,C1=CC2C=CC1C2
C=CCOC1C=CC(C)C=C1C,0.3,C=CCOCC=C
C=C(CCC)CC(C)SCC,0.2727272727272727,CCCC(=O)OC(C)C
CCCSCCCCCCC(C)O,0.6,CCCCCCCC(C)O
CC12CCN(CC1OCCO)C2(C)C,0.43902439024390244,CC1(C)C2CCC1(C)C(OCCO)C2
CC1=CCCC2(CCCCC2)C1,0.28205128205128205,CC1=CCCC(C)(C)C1C=CC=O
OC1CCC(CS)CC1,0.5238095238095238,CCC1CCC(O)CC1
CCC(C)C(C)C(C)O,0.47058823529411764,CCC(C)O
CC1=C(C)OSC=C1,0.20588235294117646,Cc1ccc2ccc(=O)oc2c1
CCCCOC(C)C(C)CC,0.46153846153846156,CCCCCCCOC(C)C
C=CCOC(C)CCCCC,0.41935483870967744,C=CC(O)CCCCC
CCCCCC1CCCO1,0.9583333333333334,CCCCCCCC1CCCO1
CCCCCC(CCC(C)C)OCC(C)C,0.41935483870967744,CCCCCCCOCC(C)C
CC(C)OC(C)C=Cc1ccccc1,0.5517241379310345,CC(O)C=Cc1ccccc1
CCCCNCCCC(C)O,0.6086956521739131,CCCCCC(C)O
C=CCCCCCCOCC(=O)CCC=C(C)CCC=C(C)C,0.4888888888888889,CCCCCCCOC/C=C(\C)CCC=C(C)C
CC(C)Cc1cccc2c1OCC=C2,0.29545454545454547,CC(C)Cc1c[nH]c2ccccc12
CC=C(C)C(C)C,0.375,CC(=O)C(C)C
CC(C)CC1CCC(S)CC1,0.3548387096774194,CC(C)C1CCC(CC(C)C(C)O)CC1
C=C(C)CCCC(C)CCOCC,0.6176470588235294,C=C(C)CCCC(C)CCOC(C)=O
CCC1CCC(C)C(C)C1,0.4166666666666667,CCC1CCC(O)CC1
CC(CO)Cc1ccccc1,1.0,CC(CO)Cc1ccccc1
CC1=NC(CC(C)C)=CC1C,0.2777777777777778,CC(C)Cc1ccccn1
CCCC1=CCCC1,0.4375,COC(=O)CC1=CCCC1
CCCCSCCC,0.8571428571428571,CCCCSCCCC
CC(O)CCC(=O)S,0.4090909090909091,CC(O)CCO
CC1C=CC2=C1SCC2,0.23684210526315788,C=C(C)C1C=CC(C)C(=O)C1
CCNC(O)CC(C)CC,0.36363636363636365,CCC(C)O
CCC(=O)COC(C)C,0.45,CCC(=O)CC
O=CCCCO,0.47368421052631576,CCCCC=O
COC1=C(S)CCC=C1,0.25806451612903225,O=C1C=CCCC1
CC1C=CC(C=O)C=C1,0.32142857142857145,CC1C=CC(C=O)CC1C
O=CC1=CC2C=CC=CC2=C1,0.22857142857142856,Cc1ccccc1C=O
CCC(C)C=CC1CCC(CC)NC1,0.2571428571428571,CCC(C)C=O
CCCCC(C)C1C(C)=CCCC1(C)C,0.425,CC1=CCCC(C)(C)C1CO
CCCCCCC(CC)C(=O)CO,0.5666666666666667,CCCCCCC(CO)C(C)=O
C1CCCCCC2CCCC2CCCC1,0.9,C1CCC(C2CCCCC2)CC1
CCCCCCCCCCCCCCCCCC(O)OC,0.5833333333333334,CCCCCCCCCC(OC)OC
CCCCC(CN)c1ccccc1,0.5666666666666667,CCCCC(O)c1ccccc1
CCC(O)CC(C)OC,0.45,CCC(O)CC
CC=CC=CCCC(C)O,0.3939393939393939,CC=CC=CCC(=O)OC(C)C
C=CCCOCC=C,0.5882352941176471,C=CCOCC=C
CC(C)CC(=O)C(C)C,0.5555555555555556,CC(C)CC(=O)CC(C)C
C=C(CC)CCCCCCC,0.5,CCCCCCC(=O)CC
CC1CCC(C(C)(C)O)C(C)C1,0.46153846153846156,CC1CCC(C(C)(C)O)CC1
Cc1ccsc1CCS,0.24242424242424243,Cc1cccc(C)c1CCO
OCC(O)SO,0.375,OCC(O)CO
CCc1ccc(CCC(O)C(C)C)cc1,0.6785714285714286,CC(C)C(O)CCc1ccccc1
C=CCCCCCC(S)CCC,0.5384615384615384,C=CCCCCCC
CCCCCc1ccc(CCC)cc1SC,0.375,CCCCCCCCCCCCCCCc1cccc(O)c1
C=C(C)C(CC(C)=O)CC(C)O,0.4230769230769231,CC(=O)CC(C)C
Oc1ccc2c(c1)CCC2,0.35,Oc1ccc(O)cc1
C=C(CCC=O)CCCC(C)CC,0.4411764705882353,CCC(C)CCCC(C)C=O
COCCCCOC,0.6666666666666666,CCCCCCOC
CC=CCC=CC,0.4375,CC=CCSCC=CC
CCC(S)CCCC(C)CCCC(C)C,0.4482758620689655,CC(C)CCCC(C)CCCC(C)C=O
CCC(=O)C(C)CC(C)O,0.44,CC(O)CO.CCC(=O)O.CCC(=O)O
CCSCCCCOOC(=O)CC,0.37142857142857144,CCCCCCCOC(=O)CC
CC1CC(C)C2(C)CC(C(C)C)CCC2C1,0.3870967741935484,CC1CCC(C(C)C)CC1
CC(=O)C1C=CCC1,0.37142857142857144,CCOC(=O)CC1C=CCC1
CC1=CCC(C)=C1,0.36,CC1=CCC(C(C)C)=CC1
OCOCCCc1ccccc1,0.5769230769230769,OCCCc1ccccc1
Cc1ccc(C)c(C)c1C,0.5263157894736842,Cc1ccc(C#N)c(C)c1C
CCCOC(CC)C(=O)OCCc1ccccc1,0.6486486486486487,CCC(CC)C(=O)OCCc1ccccc1
COCCCC(CO)COC,0.39285714285714285,CCCCC(CC)CO
C=CC(=C)CCCC(C)C=O,0.46875,C=CC(=C)CCCC(C)(C)O
CC1CCC(CC=S)C1(C)C,0.2558139534883721,C[C@@H]1CC[C@H]2C(C)(C)[C@H]3C[C@@]12CC[C@@]3(C)OC=O
C1CC1,0.3333333333333333,C1CCC(C2CCCCC2)CC1
CC1=CC(C=CC=O)C=C1,0.3333333333333333,CC1=CCCC(C)(C)C1C=CC=O
CCC1C=CC=C1C,0.2222222222222222,CCCC1CC(=O)C=C(C)C1
C=CC(C)(C)C(N)CC(C)C,0.3333333333333333,C=CCC(O)CC(C)C
CCCC1=CCC(CC)C=C1,0.35135135135135137,CC(C)C1=CCC(CO)C=C1
CC1C=CCC(C)C1=O,0.3333333333333333,C=C(C)C1C=CC(C)C(=O)C1
CCCC1CCC2CCCCC2C1,0.5,O=CCC1CCC2CCCCC2C1
COc1ccc(C)nc1C,0.4074074074074074,COc1ccc(C)cc1OC
CCCC(O)C1=CC=C(CC)CC1,0.3611111111111111,CCCC(O)c1ccc(C(C)C)cc1
CCCC(CCC)OCC,0.43478260869565216,CCCCCC(OCC)OCC
C1=COCCC1,0.26666666666666666,O=C1CCCCC/C=C\CCCCCCCCO1
CCc1ccccc1C(C)S,0.42857142857142855,CCc1ccccc1O
CCCC1SC=C(C)C=C1C,0.2894736842105263,CCCC1CC(=O)C=C(C)C1
C=C(O)CCCCCCCCCCOCCCCCC,0.6086956521739131,CCCCCCOCCCCCC
CC=CC1=CC=CCC1,0.23684210526315788,CC=Cc1ccc2c(c1)OCO2
CCCC(C)OCCC(C)C,0.5454545454545454,CC(C)CCOC(C)OCCC(C)C
C=C1CC(N)C2CC1C2(C)C,0.40625,C=C1CC2CCC1C2(C)C
CCOC(=O)C1(c2ccncc2)CC1CS,0.3018867924528302,CCOC(=O)C1OC1(C)c1ccccc1
CCC1C=CCC(C)C1,0.2564102564102564,CCOC(=O)CC1C=CCC1
CCCc1ccccc1C,0.625,Cc1ccccc1CCO
COC1=CCC(C(C)O)C=C1,0.4,CC1=CCC(C(C)C)C=C1
CC(C)C(O)OC(C)(C)CCC1=CCCC=C1,0.23404255319148937,CC(O)CC(C)(C)c1ccccc1
C=CCC1CC(C(=C)C)CCC1C,0.5151515151515151,C=C(C)C1CCC(C)C(O)C1
CCC1=CC=C(C)ON1,0.25,CCc1c(C)c[nH]c1C
CCC(C)C(O)C(S)C(C)CO,0.34782608695652173,CC(O)CO
CCCC(=O)CCCCCCCCC(O)CCC,0.5925925925925926,CCCCCCCC(=O)CCC
CCC1CC(C)CCC1C(C)C,0.5172413793103449,CC1CCC(C(C)C)C(O)C1
CCCC(=O)CCCCCCC(C)C,0.64,CCCCCCCC(=O)CCC
C=C(CCC)OCCCCCCCC,0.5714285714285714,CCCCCCOC(=O)CCC
OCC1C=CCO1,0.27586206896551724,OCC1CCCO1
COC(=O)C1C(C)CCCC1(C)C,0.4358974358974359,CC(=O)CCC1C(C)CCCC1(C)C
CCCCCCCC(C)CCCCSCC,0.5,CCCCCCCCCC(C)CO
CN(C)C1(C)CC(C)(CCC2C=CC=C2)C(O)O1,0.24074074074074073,CC1CC(C)(C)OC(CCc2ccccc2)O1
COC1CC(C=O)C=CC1C,0.5862068965517241,CC1C=CC(C=O)CC1C
CC1CCCC(c2cccnc2)C1,0.3,CC(=O)c1cccnc1
C=C(C(C)C)C(C)C,0.3333333333333333,CC(C)O
CC(C)CCC(C)C1C=CC=C1,0.2962962962962963,CCC(O)CCC(C)C
CCC1=CCCC=C1,0.2413793103448276,O=C1C=CCCC1
CCCCCC=C(C)C,0.6666666666666666,CCCCCC=C(C)O
C=CC(C)(C)CCCC(C)CCCCCC(=C)C,0.5,C=C(C)CCC[C@H](C)CCO
CCCC(C)CCCC(O)CCC,0.6,CCCC(O)CCC
CC(C)CC1(C)CCCCS1,0.26666666666666666,CC1(C)CCCCC1(C)O
C1CNCOC1,0.35294117647058826,C1CCOC1
CC1CC2CCC(C)(C)CC2CC1C,0.30303030303030304,CC1C2CCC1(C)C(=O)C2
CC(C)C(O)Cc1ccccc1,1.0,CC(C)C(O)Cc1ccccc1
CCCC(C)OCCC(C)CCCC(C)C,0.3939393939393939,CC(C)CCCC(C)CCCC(C)C=O
C=C(OC)C(=O)C(C)CC,0.5384615384615384,CCC(C)C(=O)OC
CC1(C)C2CCC3(C2)C1CCCC3(C)C,0.35294117647058826,CC1(C)[C@H]2CC[C@](C)(C2)[C@H]1O
CCCC1C=C(CC)N=C1NC,0.20930232558139536,CCCC1CC(=O)C=C(C)C1
CCC(C)(O)CC(C)C,0.5714285714285714,CCC(O)(CC(C)C)CC(C)C
CCC=CCCNCCO,0.5652173913043478,CC/C=C\CCO
CCC=CCCCCCCCCCC,0.6363636363636364,CCCCCCCCC=CCO
CCCC(=O)C(CC)C(C)O,0.48148148148148145,CCCC(=O)C(O)CCC
C=C(O)C1=CCCC=C1O,0.20588235294117646,C=CC(=O)C1=CCCC1
CCCC(C)CCOC(C)=O,0.6153846153846154,CC(=O)OCCC(C)C
CC1=CC(C)C(C)C=C1,0.3,CC1=CCC(C(C)C)C=C1
C=CC(C)(CCCC(C)C)CC(=O)Cc1ccccc1,0.47619047619047616,CC(C)CC(=O)Cc1ccccc1
CCCCCCOC(C)CCC,0.625,CCCCCCCOC(C)C
OC1=CC2C=CCSC2CC1,0.18604651162790697,C=C(C)C1C=C(C)CCC1
CC(C)C1CCCC(c2ccccc2)C1,0.3142857142857143,CC(C)C1CCCCC1.CCO
CCCc1ccccc1CO,0.4666666666666667,CCCCCCCCc1ccccc1O
CCC1OC(C)C(O)C1O,0.3103448275862069,CCC1CCC(O)O1
CC(C)C1CCSS1,0.2692307692307692,CC1CCC(C(C)C)CC1
CC(C)CCC(CCC(C)C)C(C)C,0.6666666666666666,CC(C)CCC(CO)C(C)C
CCC1CC2CCC1(C)C2(C)C,0.5172413793103449,CC1(C)[C@@H]2CC[C@]1(C)[C@H](O)C2
CCOC(C)CC(C)C,1.0,CCOC(C)CC(C)C
C1=CN=CCC1,0.15384615384615385,O=C1CC=CCC1
C=C(C)C(C)C(C)(C)c1ccccc1,0.4666666666666667,CC(C)C(C)(O)c1ccccc1
CCCC(CC)CCCSC,0.39285714285714285,CCCCC(CC)CO
CC(C)C1C=CC=C2C=CCCC21,0.2682926829268293,C=C1C=CC(C(C)C)CC1
CCCC(C=S)c1ccccc1,0.4444444444444444,CCCC(C(=O)OC)c1ccccc1
CCCCCC(C)(C)C,0.55,CCCCCCCC(C)(C)O
CC(O)CC(C)CCOC(C)C,0.44,CC(C)OCCO
C=CCCCCCCCCCCC,1.0,C=CCCCCCC
CCOCC(C=O)Cc1ccccn1,0.47368421052631576,CC(C)Cc1ccccn1
C=CC(C)(C=O)CCC(C)C,0.4,C=CC(C)(O)CCCC(C)CCCC(C)CCCC(C)C
CC1CCC2C(CC(=O)C2C)C1,0.35294117647058826,CC1CCC(C(C)C)C(=O)C1
CC1=CCCO1,0.25806451612903225,O=C1CCCCC/C=C\CCCCCCCCO1
C=CC(S)CCCC(C)(O)O,0.3611111111111111,C=CC(C)(O)CCCC(C)CCCC(C)CCCC(C)C
C=CC(C)C(S)CC,0.28,CCC(C)C=O
CCC1(C)OCC(O)O1,0.3684210526315789,CCOC(=O)CC1(C)OCC(C)O1
CCCOC(C)OCCS,0.7368421052631579,CCCOC(C)OCCC
CC(C)C1CCCC1,0.6842105263157895,CC(C)C1CCCCC1.CCO
CC1CC(c2ccccc2)CCN1,0.32432432432432434,O=C1CC(c2ccccc2)CO1
CCCC(=S)CCC,0.4117647058823529,CCCC(=O)CCC
CC(C)=CCCC1=CSCC(C=O)C1,0.5348837209302325,CC(C)=CCCC1=CCC(C=O)CC1
CCCC(=O)C=Cc1cccnc1,0.391304347826087,CCCCOC(=O)c1cccnc1
CCCCC(CCC)OCO,0.45454545454545453,CCCCC(CCC)OC(=O)CC(C)=O
C=C(O)CCC(=O)C(CC(O)CCC(N)C(C)=O)C(C)C,0.275,CC(C)[C@H](N)C(=O)O
CCC1CCC(C)=CC1C,0.46875,CC1=CC(C)C(C=O)CC1
CCC1CCCC(C)S1,0.26666666666666666,CCC1CCCO1
OCCC1CCCCO1,0.8636363636363636,OCCC1CCCO1
CCOC(O)C1=CCC=C1,0.2857142857142857,CCOC(OCC)c1ccccc1
CC1=CCC(CO)=C1,0.25,CC1=CCC(=C(C)C)CC1
CC1CCC(=O)CC1C,0.5,CC1CCC(=O)CC1
CCCCCC(CCCCC)CC(C)C,0.4782608695652174,CCCCCC(C)O
C=C(CCCC)CCCCCCC,0.5454545454545454,CCCCCCC(=O)CCCC
CCCCCC(CCC)CCC,0.47619047619047616,CCCCCC(C)O
CC=CC(O)C1CCC(C)(C)CC1C,0.28888888888888886,CC1CCC2C(C1)C(C(C)C)CCC2(C)O
CCCCNC(C)CCCC(C)C,0.37037037037037035,CC(C)CCCC(C)O
CCCCCCc1ccccc1,0.6428571428571429,CCCCCCCOCCc1ccccc1
CC1CCC2CCC(=O)CC2C1,0.5357142857142857,O=C1CC[C@H]2CCCC[C@H]2C1
CC1CCCC(C)C1C,0.3076923076923077,CC(=O)OC1CCCCC1C
C=CCC(C)CCc1ccccc1,0.5625,CC(CCO)CCc1ccccc1
CCCC(C)CC1=C(C)CCN1,0.2702702702702703,CCCC(C)OC(C)=O
CC(Cc1ccccc1)C(N)=O,0.6785714285714286,CC(=O)C(C)Cc1ccccc1
CCC(CCCCO)Cc1ccccc1,0.6470588235294118,CCCCCC(CO)Cc1ccccc1
CC1CCC=C(C(C)(C)C)C1,0.28125,CC1CCCC(=O)C1
CC1=CCC(NS)C=C1,0.45161290322580644,CC1=CCC(C(C)C)C=C1
COC1CCC(C=O)=CC1O,0.36585365853658536,C=C(C)C1CC=C(C=O)CC1
CC1CCC2C(=CC(C)N2C)C1,0.3142857142857143,CC1CCC(C(C)C)C(=O)C1
Cc1ccc(O)c(C(C)C)c1,0.68,Cc1ccc(C(C)C)c(O)c1
CCCCCC(C)C1CC=CC=C1N,0.2972972972972973,CCCCCC(C)O
CCC1(C)C(C)C(C)CC(C)C1C,0.25,CCC1CCC(C)(O)O1
C=C1CCCC(C)(C)C1C=CC(C)C,0.5945945945945946,C=C1CCCC(C)(C)C1/C=C/C(C)=O
CCCC(=O)CC(CC(N)=O)C(N)=O,0.44,CCCC(=O)CCC
CCCOC(C)(CS)CCC,0.32,CCOC(C)(C)OCC
CCCCC1=C(C)CCC=C1,0.37142857142857144,CCCCC1=CCCC1=O
C=C1CCC(C)CC1,0.5,CC1CCC(=O)CC1
C=C1CCC2CCOCC2O1,0.2,O=C1CCC(C2CCCCC2)CC1
CCCCCC(CC)Cc1ccccc1,0.7419354838709677,CCCCCC(CO)Cc1ccccc1
CC1C(=O)C(O)C(C)C1C,0.23333333333333334,CC1=C(O)C(=O)C(C)O1
CCCCCCCN,0.9230769230769231,CCCCCN
OC(CSCC1C=C2C=CC=CC2C1)CC1=CC2CCCCC2CC1,0.18461538461538463,C=CCC1CC(O)C2CCCCC2C1
CC(=O)CCC(C)C1CCC(C)CC1,0.48484848484848486,CC(=O)OC(C)C1CCC(C)CC1
C=C(C)OCCCCCCC,0.6296296296296297,C=C(C)C(=O)OCCCCCCCCC
CC=CC(=O)C1C(C)OCCC1(C)C,0.3111111111111111,CC=CC(=O)OC1CCCCO1
C=C(C)C(C)C(C)C,0.2777777777777778,CC(=O)C(C)C
C=C(C)C1C=CC(C(C)C)C=C1,0.2571428571428571,C=C(C)C1C=CC(C)C(=O)C1
CCCC(=O)CS,0.6470588235294118,CCCC(=O)CCC
CCC(C)Cc1ccccc1,0.64,CC(CO)Cc1ccccc1
CCC(C)CCC(C)O,0.55,CCC(C)CCO
COCCSC,0.3888888888888889,COCCOCCOC
CCCC(CCC)c1ccc(C)cc1,0.4583333333333333,Cc1ccc(C(C)C)cc1
CCC(=O)C1CCCC1,0.4782608695652174,CC(=O)C1CCCCC1
C=CCCC=C=O,0.34782608695652173,C=CCCC#N
CCC(O)C(C)(C(C)C)C(C)C,0.42105263157894735,CCC(C)O
C=C(CC)CCC(C)CC,0.4583333333333333,CCC(C)CCO
CC(O)C1CCC(O)C(O)C1,0.4,CC(C)C1CCC(O)CC1
CC(CO)CC1C=CC2OCOC2O1,0.23255813953488372,CC(CO)Cc1ccccc1
CCC(C)C(O)OC,0.42105263157894735,CCC(C)O
CC1CCOC1,0.3,CC(C)=CC1CC(C)CCO1
CC(C)CCCC(=O)C=Cc1ccccc1,0.575,CC(C)CCOC(=O)/C=C/c1ccccc1
CCCC(O)CCCCO,0.6666666666666666,CCCC(O)CCO
C1=COCC(C2CC=CCC2)=C1,0.2702702702702703,C=CC1CC=CCC1
CCCCCOCCCCCC(OCC)OCC,0.7916666666666666,CCCCCCC(OCC)OCC
C=C(C)C(C)CC(C)=O,0.5238095238095238,CC(=O)CC(C)C
CCCOCSCCC,0.42857142857142855,CCCOCOCCC
CCC1=C(OC)C=CC(C(C)O)C1,0.2926829268292683,CC1=CCC(C(C)C)C=C1
CC(C)CC1C=CC=C1,0.25,CC(C)CO
CCCCCCCC=CC(C)=O,1.0,CCCCCCC=CC(C)=O
C=CC(C)CCCC,0.46153846153846156,C=CC(O)CCCCC
CCC(=O)CCCOc1ccccc1,0.6060606060606061,CCC(=O)OCCOc1ccccc1
C=CCCCCCCOC,0.5217391304347826,C=CCCCCCC
O=C(CC1CCCCC1)c1ccccc1O,0.4117647058823529,CC(=O)c1ccccc1O
CC1(C)CCC2CC1C2(C)C,0.375,CC(=O)O.CC1(C)C2CCC(C)(C3(C)CCC4CC3(C3(C)CCC5CC3C5(C)C)C4(C)C)C1C2
C=C(C)CC(=O)OOC(C)C,0.3333333333333333,COC(=O)CC(C)C
CC(C)CC(=O)c1ccccc1,1.0,CC(C)CC(=O)c1ccccc1
CC(CC=O)C1C=CC(C(C)(C)C)=CC1,0.4,CC1=CCC(C(C)CC=O)CC1
CCCOCC(C)OC1CCCCC1,0.34285714285714286,CCCCCCCOCC(C)C
CC1C=CSC1C,0.2,CC1C=CC(C=O)CC1C
CCOCC(C)CC,0.4117647058823529,CCOCC
CC1(C)CCCC2CCC(C=O)CC21,0.5,O=CC1CCC2CCCCC2C1
CCCC(C)CC(=O)CC,0.46153846153846156,CCC(=O)CCC(C)C
CCC=CC(O)O,0.4,CCC=CCO
CCCCC(CCC)CCC,0.5238095238095238,CCCCC(CC)CO
CCC(C)COC(C)C(C)O,0.3870967741935484,CCC(C)COC(=O)CC(C)C
COC1C=CC(CS)C=C1,0.1891891891891892,COC(=O)C1CC2C=CC1C2
CCCC(C)OC,0.4583333333333333,CCCC(C)OC(C)=O
CCC1=CCC(OC)=C(C)C1,0.2647058823529412,CCOc1ccc(OC)cc1
C=C(C)C1CC2CCC1C2,0.5,COC(=O)C1CC2CCC1C2
O=C(O)C1CCCS1,0.36,O=C(O)C1CCCCC1
CCC(C)C(O)CC(C)S,0.38095238095238093,CCC(C)O
C=CC(C)(C)CCC=C(C)C,0.6538461538461539,C=CC(C)(O)CCC=C(C)C
c1ccc(CCCC2CCCCC2)cc1,0.5428571428571428,c1ccc(CCCC2CCCO2)cc1
CC=CCCC(O)CCCCCCC,0.5357142857142857,CCCCCCC(O)CC
C=C(C=CC)C(N)C(C)C(C)C,0.32142857142857145,CC(C)[C@H](N)C(=O)O
CCCC1=CC(CC)C(CC)C1,0.25,CCCc1ccccc1
CCCCCCC(C)CCC=C(C)C,0.6333333333333333,CC(C)=CCCC(C)CCCC(C)CO
CCCC(CC(C)C)CC(O)C1C=C(C)C(C)CC1,0.2608695652173913,CCCC(O)c1ccc(C(C)C)cc1
CCCCC(=O)CCCOCC,0.6363636363636364,CCCCC(=O)CCCC
CCC=CC(O)CCC,0.4090909090909091,CCCC(O)CCC
CCOC1C=CCCC1CC,0.358974358974359,CCOC(=O)CC1C=CCC1
CC1=C(C)C(C)C(C)(C)C1,0.2631578947368421,CC(=O)C=CC1C(C)=C(C)CCC1(C)C
C=CC(C)CCC,0.38461538461538464,C=CC(O)CCCCC
CC=CCCCSC,0.44,CC=CCCCCCCCC=O
C=CCCC(O)CCC,0.6,CCCC(O)CCC
CCC1=C(C)CCC1,0.34375,CCCCCC1=C(C)CCCC1=O
Cc1cccc(C(C)O)n1,0.5217391304347826,Cc1cccc(C)n1
CCCC(=O)C(CC)C(C)C,0.4444444444444444,CCCC(=O)C(O)CCC
CCC1=C(C)COC=C1,0.21212121212121213,CCc1ccco1
C=C(O)CC(C)CCCC(C)C,0.44,CC(C)CCCC(C)O
C=C(C)C1CC(C(C)C)C=CO1,0.28205128205128205,C=C1C=CC(C(C)C)CC1
CCCCCC(C)CCC,0.5909090909090909,CCCCCCCCCC(C)CO
CC(C)=CCCC(C)CC(C)(C)C,0.5714285714285714,CC(C)=CCC[C@H](C)CCO
CCCCCCCC(C)CC,0.6363636363636364,CCCCCCCCCC(C)CO
C=CCCC(C)CCc1ccccc1,0.59375,CC(CCO)CCc1ccccc1
COC1C=CC(C)=N1,0.2702702702702703,CC=CC1=CCC(OC)C=C1
CCC(C)C1=CCCS1,0.25,CCC(C)c1ccc(OC(C)=O)cc1
COCC=O,0.4,COc1ccc(OCC=O)cc1
CC1(C)CCOCC1,0.35714285714285715,C1COCCO1
CCCCCC(=O)CCCC(C)O,0.6521739130434783,CCCCCC(=O)CCCCC
C=C(CC)C1OC1(C)CCC1C(C)=CCCC1(C)C,0.5319148936170213,CCC(=O)CCC1C(C)=CCCC1(C)C
CCCCCCCCCCCOCC(C)=O,0.6923076923076923,CCCCCCCOCC(=O)O
CC(C)CC(O)CCC(C)N,0.4090909090909091,CC(C)CC(C)O
CC(C)CCCC1CCCCC1,0.5862068965517241,CC(C)CCCC1CCC(=O)CC1
CC=CC1C=CC(CC(C)NCC)=C(OC)C1,0.21818181818181817,CC=CC1=CCC(OC)C=C1
CC(O)CC(C)(C)C,0.4230769230769231,CC(O)CC(C)(C)c1ccccc1
CCOCCC1=CCCC1,0.4166666666666667,COC(=O)CC1=CCCC1
CCCCC(CCCC)COCC,0.4230769230769231,CCCCC(CC)CO
CCC1C=CC=CC1,0.2558139534883721,CCCC=C1OC(=O)C2=CC=CCC12
c1ccc(CCC2CCCC2)cc1,0.5,c1ccc(CCC2OCCO2)cc1
C=C(CCC)CCC(C)c1ccccc1,0.5588235294117647,CC(=O)CCC(C)c1ccccc1
CCCOCCCCC(C)C,0.5652173913043478,CCCCCCCOCCC
C=C1CC(C)(CC)CO1,0.25,C=CC1(C)CCOC1=O
C=CC(=C)CC,0.4166666666666667,C=CC(=C)CCC=C(C)C
CCCC(=O)CC(O)OCC,0.4583333333333333,CCCC(=O)CCC
C=CCC=CCCC(O)CC,0.3793103448275862,CCCCC(O)CC
CC(=O)CC1CCC2C(C)(C)C3CC12CCC3C,0.36,CC(=O)OC1(C)CCC23CC1C(C)(C)[C@@H]2CC[C@H]3C
CCC1CCCS1,0.2857142857142857,CCC1CCCO1
CCCCCC1CCCOC1O,0.5454545454545454,CCCCCCCC1CCCO1
C=CC=C(C)CCC=C(C)CC,0.5714285714285714,CCC(C)=CCC/C(C)=C/CO
CCc1ccc2ccccc2c1,0.4782608695652174,CCc1ccccc1
CCCC(O)CCC(C)C,0.7058823529411765,CCCC(O)CCC
C=C(OCCC(C)C)C(C)C,0.56,CC(C)CCOC(=O)C(C)C
CCCCCC(C)CO,0.9473684210526315,CCCCCCCCCC(C)CO
CC(C)CCCN,0.5789473684210527,CC(S)CCCN
C=CC(C)CCCCC,0.56,C=CC(O)CCCCC
CCCCCC(C)Cc1ccccc1,0.6451612903225806,CCCCCC(O)Cc1ccccc1
CCCC(C)CC(CC)CCCO,0.4482758620689655,CCCCC(CC)CO
CC=CCC,0.4117647058823529,CCC=CCO
CC(C)CC1CC(CC(C)C)NC(CC(C)C)C1,0.2571428571428571,CC(C)CC1CCC(=O)O1
CC1CC(CS)C(=O)C1O,0.22727272727272727,CC(C)CCCC1CC(C)CCC1=O
CCCOCCCCCCCCCCCCCCCC(C)=O,0.6,CCCCCCC(C)=O
C=CCOC(O)CC,0.4482758620689655,C=CCOC(=O)C(CC)CC
CCC1=CC=CC1,0.24,CCc1ccccc1
C=C(CC)C(O)c1ccccc1,0.5,CCC(O)c1ccccc1
CC(C)CCCC1CCC(C)(CO)CC1,0.4722222222222222,CC(C)CCCC1CCC(=O)CC1
Cc1cccc(CCC(C)C)c1,0.40625,CC(O)CCc1ccccc1
CCC(C)CC(=O)OC,0.625,CCC(CC)CC(=O)OC
CCCCC1=CC=CC1,0.3235294117647059,CCCCC1=CCCC1=O
C=C1CCCC(C)(C)C1C(=O)CC,0.5365853658536586,C=C1CCCC(C)(C)C1C=CC(=O)CC
CC(O)OCCCc1ccccc1,0.5882352941176471,CC(C)C(=O)OCCCc1ccccc1
C=CCCCOCCCCCCCCCC,0.6521739130434783,C=CCCCCCC
CCC(CC)C(C)C,0.4,CCC(C)O
CCC(C)C1=C(C)OCCC1,0.2903225806451613,O=C1CCCO1
CCC(C)CC1CCCC1,0.35714285714285715,CC(C)C1CCCCC1.CCO
CCCC(C)N,0.3888888888888889,CCCC(O)CCC
CCc1cccc(C)c1,0.5,CCc1ccccc1
C=CCC1=CC(OC)C(OC)=CC1,0.325,C=CCc1ccc(OC)cc1
CC1CCCC(C)(C)C1C=O,1.0,CC1CCCC(C)(C)C1C=O
CCOC(C)CC1(C)CCC(C)C1,0.34375,CCOC(C)CC
CC(C)=CCCc1ccco1,0.48484848484848486,CC(=O)Cc1ccco1
CC(Cc1ccccc1)OCc1ccccc1,0.68,c1ccc(COC(Cc2ccccc2)OCc2ccccc2)cc1
CCC1CCc2ccccc21,0.5,OC1CCc2ccccc21
CSCOSC,0.23076923076923078,COC(=O)CCSC
CCCCCCCCCCC1CCC(C)O1,0.5,CCCCCCCC1CCCO1
CCC(C)C(C)S,0.35294117647058826,CCC(C)O
CCC(O)C(C)S,0.47058823529411764,CCC(C)O
CC1=CC(C)C(C=CC(C)O)C(C)C1,0.5945945945945946,CC(=O)C=CC1C(C)C=C(C)CC1C
CCCCCCCCC(C)C,0.6,CCCCCCCC(C)O
CCCOC1C=CCC1,0.34210526315789475,CCOC(=O)CC1C=CCC1
CC=CC(C)OC(C)(C)Cc1ccccc1,0.4864864864864865,CC(C)(Cc1ccccc1)OC=O
CC(=O)CCC1CCC(C)CC1C,0.41025641025641024,CC(=O)CCC1C(C)CCCC1(C)C
CC(C)OCCC(C)c1ccccc1,0.5517241379310345,CC(CCO)c1ccccc1
CCCCCCCOC(O)CCc1ccccc1,0.6216216216216216,CCCCCCC(O)CCc1ccccc1
CCc1ccc(CO)cc1OC,0.6129032258064516,COc1cc(CO)ccc1O
CC1C=CCC(C)C1,0.25,C1=CC2C(C1)C1CC2C2C3C=CC(C3)C12
C=CCCCCCCCC(=O)CCC,0.6153846153846154,CCCCCCCC(=O)CCC
CSC=CC(C)C,0.2777777777777778,CC(C)C=O
C1CSCCSC1,0.13333333333333333,C1CCOC1
C=CCCNCCSCC=C,0.43478260869565216,C=CCSCC=C
CCCCC(O)C1=CC=CC1,0.42424242424242425,CCCCC(O)c1ccccc1
CC(=O)CCC(=O)C(C)CCOO,0.4411764705882353,CC(=O)CCC(=O)OCCC(C)C
CCC(C)C,0.5,CCC(C)O
CCC(C)CC(C)C(C)O,0.42105263157894735,CCC(C)O
CCC(C)C1CCC(C)C(C)=N1,0.34210526315789475,CCC(C)C1CCCCC1=O
CC=CCCCC,0.5,CC=CCCCCCCCC=O
CCC(C)CCC(C)C1=CCC=CC1C,0.2777777777777778,CCC(C)CCO
C=CCC(C)c1ccccc1,0.5185185185185185,CC(CO)c1ccccc1
C=C(CCCCCC)OCC=O,0.4857142857142857,C=CCOC(=O)CCCCCC
CC(C)CCCC(C)CC1CC(C)CC(C)(C)C1,0.3333333333333333,COC(CC(C)CCCC(C)C)OC
C=C(CC)CCCC(C)C,0.5185185185185185,C=C(CC)CCCC(C)(C)O
CCCC(C)C(=O)CC,0.5909090909090909,CCCC(C)C(=O)O
CC(O)S,0.5555555555555556,CC(C)O
CCC(C)CCCC(C)OCC=C(C)C,0.40540540540540543,CC(C)=CCCC(C)CCCC(C)CO
CCC(C)(C=O)SC1C=CC=C1,0.2631578947368421,CCc1ccc(CC(C)(C)C=O)cc1
C=CCCCC1CCCC(=O)C1,0.37142857142857144,CC1CCCC(=O)C1
COC1C=C(C(C)C)C=CC1C,0.32558139534883723,CC(=O)OCC1C=CC(C(C)C)=CC1
CCCCC(O)CCCc1ccccc1,0.7419354838709677,CCCCCCC(O)CCc1ccccc1
CCCCC1CCC(C)O1,0.4,CCCCC1CCCC(=O)O1
COC(C)C1CCCC=C1NCC1CCC(C)CC1C,0.25,CC(C)CC1OC(=O)C2=CCCCC21
CNC(C)CC(C)O,0.47368421052631576,CC(C)CC(C)O
CC1C=CC2=CC=CCC21,0.24444444444444444,CC(C)/C=C1/OC(=O)C2=CC=CCC21
CC(C)C1CCC(C)(C)CC1C,0.3684210526315789,CC1CCC2C(C1)C(C(C)C)CCC2(C)O
C=C(CC)CCCCC,0.52,C=C(CC)CCCC(C)(C)O
CC1CCC(CCCCCO)OC1,0.3783783783783784,CCCCCCCC1CCCO1
CCCCC(CCC)C(C)C,0.38461538461538464,CCCCC(C)C(C)(C)O
CC(OCC=Cc1ccccc1)c1cccnc1,0.4444444444444444,CC(C)C(=O)OCC=Cc1ccccc1
CCCC(O)C(CC)CCC,0.45,CCCC(O)CCC
CC(C)=CCCC(C)C(C)C,0.5384615384615384,CC(C)=CCC[C@H](C)CCO
CCCOC(O)CC,0.47619047619047616,CCCOC(C)OCCC
C=CC1=NC=CNC1,0.2,C=CCc1ccc2c(c1)OCO2
CC1Cc2ccccc2CC1C,0.3793103448275862,CC1CCc2ccccc2N1
CCC=CCCCC(=O)C1C=CC=CC1C,0.40476190476190477,CCC=CCCCC(=O)OC(C)C
C=C(CCCCCCCC)OC,0.5384615384615384,CCCCCCC(=O)OC
C=C(COOC(C)=N)c1ccccc1,0.34210526315789475,C=CC(=C)c1ccccc1.CC(C)=O
CC(C)C(O)OCCCc1ccccc1,0.5555555555555556,CC(C)C(=O)OCCCc1ccccc1
C=C(CCOCCCC)OCCC(C)C,0.4864864864864865,CCCCCC(=O)OCCC(C)C
C=C1C(O)C(C)CCC1C(C)C,0.3939393939393939,CC1CCC(C(C)C)C(=O)C1
CCCCCCCCCC(C)CCC,0.6363636363636364,CCCCCCCCCC(C)CO
C=CC(C)=N,0.4666666666666667,C=CC(C)=O
CCCCCCCCCOC(C)C,1.0,CCCCCCCOC(C)C
C=C(CCC)CCSC,0.35714285714285715,COC(=O)CCSC
CCC(=O)C(C)CC,0.55,CCC(C)C(=O)O
CCCC1CCC(O)O1,0.6666666666666666,CCC1CCC(O)O1
CCCC(CCC)C1=CCC=CN1,0.23684210526315788,CCCC(O)c1ccc(C(C)C)cc1
COC(O)CCC(C)C,0.43478260869565216,CCC(O)CCC(C)C
CCCC=CC(CC)CO,0.44,CCC/C=C/CO
C=C(O)CC(C)CCC,0.38461538461538464,CCCC(C)C(=O)O
CC(=O)C1CCCC1,0.9375,CC(=O)C1CCCCC1
CC(C)CCCCCS,0.45,CCCCCCS
CSC=CCC1NCC(=O)C1C,0.20454545454545456,CC1C(=O)CC2CC1C2(C)C
CCC(=O)CCSOC(=O)OC,0.3870967741935484,CCC(=O)CCC(C)C
C=C(C)C(C)C,0.42857142857142855,CC(=O)C(C)C
CCCCC(S)CC,0.45454545454545453,CCCCC(O)CC
CC(C)CCC(CO)CC(C)O,0.45454545454545453,CC(C)CC(C)O
CCOCCCCC(C)CC,0.48,CCCCCCCCCCOCC
CCOC(O)CC(C)CCCC(C)C,0.4838709677419355,COC(CC(C)CCCC(C)C)OC
C=C(C)C=CC1C(C)CCOC1(C)C,0.38095238095238093,CC(=O)C=CC1C(C)CCCC1(C)C
SC(Cc1ccccc1)OCCc1ccccc1,0.5,CCCOC(C)OCCc1ccccc1
NCCCCCCC=CCO,0.5833333333333334,CCCCCCCCC=CCO
CCSC(O)C(C)OCO,0.28,CC(O)CO
CCCN(C)CCC(C)O,0.44,CCCCCC(C)O
CCCSCC(C)C,0.3684210526315789,CCCSSCCC
C=CC(C)(CCC=C(C)C)CC(=O)c1ccccc1,0.5869565217391305,C=CC(C)(CCC=C(C)C)OC(=O)c1ccccc1
C=C(C)C(=O)CCC(C)C,0.5,CC(C)CCC(=O)O
CC1CCC2C=CC=CC12,0.25,C=C(C)C1CCC(C)C(O)C1
CCCC(CCC)CCC,0.4666666666666667,CCCC(O)CCC
C=C(OCC)C(C)CCC(C)CCC,0.3548387096774194,CCCC(C)C(=O)O
CCCC(=O)C(C)C1C=CC=CC1,0.32432432432432434,CCCC(=O)C(O)CCC
CC1=C(O)CC(C(C)C)=CC1,0.4482758620689655,CC1=CCC(C(C)C)=CC1
CCCCC(C)C(C)CC,0.45454545454545453,CCCCC(O)CC
C=C(O)CCC,0.4444444444444444,CCCC(=O)O
C=CC1=CC(CC)C=C1,0.23333333333333334,C=CC=CCC
CNC1CC=CS1,0.16279069767441862,COC(=O)C1CC2CC1C1CC=CC21
C=C(CCC)CCC1=CC=S(C)OC1,0.22,CCCC(=O)OCCc1ccccc1
CC(C)C(O)COCc1ccccc1,0.6551724137931034,CC(C)COCc1ccccc1
CCC1C=C(CO)CC1,0.25806451612903225,CCC1CCC(O)CC1
CCC1C=NC(C)=C(C)O1,0.2222222222222222,CCC1CCC(=O)O1
CCCCOCC(CC)CC(C)=O,0.4411764705882353,CCCCOCCOC(C)=O
CC1CCC2(CC1)C(C)CCC2C(C)(C)C,0.2903225806451613,CC1CCC(C(C)(C)O)CC1
CCCCC(O)C(C)CC(C)(C)CC,0.41935483870967744,CCCCC(C)C(C)(C)O
NCC1C=CC(C=O)C1,0.43333333333333335,CC1C=CC(C=O)CC1C
CCCCCCCCCC(=O)CCC,1.0,CCCCCCCC(=O)CCC
CCC(C)C1CCC(C)(C)C1,0.3611111111111111,CCC(=O)C1(C)CCC(C(C)C)CC1
CC(C)C1(C)CCC23CC1C(C)(C)C2CCC3C,0.6,C[C@@H]1CC[C@H]2C(C)(C)[C@H]3C[C@@]12CC[C@@]3(C)O
CCCCCC=CCCC(CCC)CCC,0.48148148148148145,CCCCCCCCC=CCO
CCCOC(C)CCC1CC=CCC1,0.3142857142857143,CCCOC(C)OCCC
CC1=CC=CC1CS,0.18421052631578946,CC1=CCCC(C)(C)C1CO
CCC(=O)CCc1ccco1,0.6285714285714286,CCOC(=O)CCc1ccco1
CCC(CCC1C(C)CCCC1(C)C)CC(C)=O,0.6097560975609756,CC(=O)CCC1C(C)CCCC1(C)C
CCCCCCC1CC(CS)CO1,0.4444444444444444,CCCCCCCC1CCCO1
C=C(CCC)CCCO,0.45,CCCCO
CCC(=O)CCCCCOOC,0.5555555555555556,CCCCCCC(=O)CC
CCCCCOC(C)C(C)CC,0.56,CCCCCCCOC(C)C
CC(C)COC(C)Oc1ccccc1,0.6785714285714286,CCOC(C)Oc1ccccc1
CCCOCC,0.6,CCCOCOCCC
CCC1=COC(C)O1,0.25,CCc1ccncc1
CC1CC(C)OC(C)C1,0.25,CC1COC(Cc2ccccc2)O1
CCCCC(CC)CCC(O)C(CC)CCCC,0.5,CCCCC(CC)CO
CSCC1OCC(C)CC1C,0.21951219512195122,CC(=O)CC1CC(C)CCO1
CC1CC(C)C(C)C1,0.2916666666666667,C=C(C)C1CCC(C)CC1O
CCC1(C)C2(C)CCCC1(C)CC2,0.2608695652173913,CC1(O)CCCC1
CCCCC(C)CCO,0.5714285714285714,CCC(C)CCO
CCCCCC(C)CCCC(S)CCC,0.4642857142857143,CCCCCCCCCC(C)CO
COC1=CC(C=O)=CCC1CC(=O)C(C)C,0.2777777777777778,CC1=CCC(C(C)(C)OC(=O)C(C)C)CC1
CCCOCCC(=O)CO,0.4074074074074074,CCCOC(=O)CCC(=O)OCCC
COCCC(O)C(C)O,0.4,COCCC(C)CCC=C(C)C
COC(O)C1=C(C)CCOC1,0.21621621621621623,O=C1CCCCCCCCCCCCCOC1
CCCC=CCCC(C)C,0.5,CCCC=CC(=O)CCC(C)C
CCCCCCCC1SC1CC,0.4,CCCCCCC
CC1=CCCC1,0.36,CC1=CC(=O)CCCCCCCCCCCC1
COC(C)C1=C(C=CC2CCC(CCC=C(C)C)CC2)CCC=C1,0.27692307692307694,CC(C)=CCCC(C)(O)C1CC=C(C)CC1
C1=CCC(CC2=CCCCC2)C=C1,0.27906976744186046,COC(=O)CC1=CCCC1
CCC(C)CCC(C)OCCC(C)C,0.48,CC(C)CCOC(C)OCCC(C)C
CCCCSCC(C)OC,0.4782608695652174,CCCCSCCCC
CCCCOC(C)CCC(C)CC,0.41379310344827586,CCCCCCCOC(C)C
CC1CCC=CC1C=O,0.34375,CC1C=CC(C=O)CC1C
CC(C)CC1CCC(S)CO1,0.37142857142857144,CC(C)CC1CCC(=O)O1
CCc1ccc(C=CC(C)C)cc1,0.41379310344827586,CCc1ccc(CC=O)cc1
C=CCC1C=C(O)C(OC)CC1,0.3170731707317073,C=CCC1CCCCC1.CC(=O)O
CC(C)CCC(=O)CCC(C)O,0.6086956521739131,CCC(=O)CCC(C)C
C=C(O)C1C=C(O)C(S)=CC1,0.24390243902439024,C=C(C)C1CC=C(C)C(=O)C1
CC(CO)CCC1C(C)CCCC1(C)C,0.5882352941176471,CC1CCCC(C)(C)C1CO
CCCCCC1CCC(=O)C1C,0.5757575757575758,CCCCCC1C(=O)CCC1C
CCOC1CC=CC=C1CC,0.2708333333333333,CCCC=C1OC(=O)C2=CC=CCC12
CCCC=C1CC2C(CC1C)C2(C)C,0.2926829268292683,CC1CC2C(CC1=O)C(C)(C)CCC2(C)C
CCCC(=O)C(=O)OCC,0.6,CCOC(=O)C(=O)OCC
Cc1ccc(C(C)C)nc1,0.4,Cc1ccc(C(C)C)cc1
CC(C)CC(O)O,0.6,CC(C)CC(C)O
C=C1C=C(C)C(=C)C(C)(C)C1,0.2857142857142857,CC1=CC(C)=C(C=O)C(C)(C)C1
CCC(C)(OO)C(C)C,0.3333333333333333,CCC(C)(C)O
CCCCOC(C)CCCOC,0.46153846153846156,CCCCCCOC
CCCCOC(C)CCc1ccccc1,0.5882352941176471,CCCCOC(Cc1ccccc1)OCCCC
CCCc1cc(C=O)ccc1O,0.5333333333333333,O=Cc1ccc(O)c(O)c1
CCCOCOCCCCCCC(C)C,0.5217391304347826,CCCOCOCCC
CCC(=O)C(C)CCC1C=CC=C1,0.30303030303030304,CCCC(C)C(=O)O
CCC1CCC(C)CC1(C)C,0.3103448275862069,CCOC1CCC(C)CC1
CC(C)CCCc1ccccc1,0.6428571428571429,CC(CO)CCCc1ccccc1
CCCC(C)C(C)NC(C)COC,0.3235294117647059,CCCCCCCCCC(C)C(OC)OC
C=C(CCCCC)OC(C)C,0.5714285714285714,CCCCCC(=O)OC(C)C
C=CCCC(=C)C(C)C,0.4074074074074074,C=CCCCC(C)O
CCCCCCCOC(=O)OC(C)C,0.6206896551724138,CCCCCCOC(=O)C(C)C
CC(=O)OC1=CC2CC1C1CCCC21,0.3076923076923077,CC(=O)OC1C=C(C)C2CC(=C(C)C)CC2C(C)C1
O=C1CCCCCO1,1.0,O=C1CCCCCCCCCCCCCCCO1
CC(=O)C(S)CC(=O)O,0.45454545454545453,CC(C)CC(=O)O
CC1=CC(O)CC1,0.42857142857142855,CC1=CC(O)CC(C)(C)C1
CC1CCCC2(C)CCC(C(C)(C)O)CC12,0.42857142857142855,CC1(O)CCC(C(C)(C)O)CC1
CCOC(=O)C1=CC=C(C)CC1C,0.3888888888888889,CCOC(=O)c1ccccc1C(=O)OCC
CC(CO)C(C)CS,0.4117647058823529,CC(C)CO
OCCc1ncco1,0.29411764705882354,Cc1scnc1CCO
CC(O)CC(C)(C)Cc1ccccc1,0.5483870967741935,CC(O)CC(C)(C)c1ccccc1
CCCCC(CC=N)SC,0.3125,CCCCC(C=O)CC
CC1CCC(C)N1,0.25,CC1CCc2ccccc2N1
CCC1CCOC1C,0.37037037037037035,CCC1CCCO1
C=CCCC(C)C(C)CC,0.4074074074074074,C=CCCCC(C)O
CC1CC(=O)C(O)C1C,0.30303030303030304,C=C(C)C1CCC(C)C(=O)C1
CCCC(C)SCC(=O)C(C)CCC,0.4642857142857143,CCCC(C)C(=O)O
CC1=C(N)C(N)C(O)C(C(O)CC2CCCCC2C)=C1S,0.18867924528301888,CC(=O)OC1CCCCC1C
CCC(C)(CCc1ccccc1)CC(C)C,0.5294117647058824,CCC(C)(O)CCc1ccccc1
CC(C)CCCC1C=CCC=C1,0.37142857142857144,CC(C)CCCC1CCC(=O)CC1
CC(C)CCC(C(C)C)C(C)CC(C)C,0.34615384615384615,CC(C)CCC(CO)C(C)C
CC(=O)C1=CC(C)=CC1,0.43333333333333335,CC(=O)C1=CCC(=C(C)C)C1
C=CC(C)C1CCC(C)CC1,0.5217391304347826,CC1CCC(C(C)C)CC1
C=C(C)C(C)CC,0.5,CCC(C)C(C)=O
CCC1CC(C)CC(C)C1,0.34782608695652173,CCC1CCC(O)CC1
CCC(C)C(S)CCCC(C)C,0.4,CC(C)CCCC(C)O
Cc1cc2c(cc1C(C)C)C(C)(C)CC(C)C2(C)C,0.5609756097560976,CC(=O)c1cc2c(cc1C)C(C)(C)C(C)CC2(C)C
C=C(C=CO)NCCc1ccccc1,0.3870967741935484,OCCc1ccccc1
C=CCC(CC)CCC,0.3333333333333333,C=COC(=O)CC(CC)CCCC
CC(C)=CCCC(C)CCCC(=O)c1ccccc1,0.6136363636363636,CC(C)=CCCC(C)CCOC(=O)c1ccccc1
CCCCC(CC)C1CCCO1,0.4166666666666667,CCCCCCCC1CCCO1
COCCCCC(C)=O,0.5217391304347826,CCCCCC(C)=O
CCCC(C)CCc1ccccc1,0.6785714285714286,CC(CCO)CCc1ccccc1
C=CCCC(C)C(C)C,0.44,C=CCCCC(C)O
CCC1CCC(C)N1O,0.2857142857142857,CCC1CCC(O)CC1
CCNCCCCCC(O)CC(C)C,0.375,CCCCCCC(O)CC
C=CC(=O)CCO,0.5714285714285714,C=CC(=O)CCC
CC(N)CCC1C=CC(C)CC1,0.23809523809523808,CC(C)CCC1C(=O)CCC1C
CCCCCC1C(C)CCC1CC(=O)OC,0.5454545454545454,CCCCCC1C(=O)CCC1CC(=O)OC
CC(O)CC1CCCCCCOCCCC1,0.37142857142857144,CC(O)CC(C)(C)C1CCCCC1
OCOC1CCCCS1,0.2857142857142857,OCC1CCCCC1
CCCOCCCCCC(C)CC,0.56,CCCCCCCOCCC
CC(CC1CCCCC1)CN1C=CCC=C1,0.2857142857142857,CC(C)OC(=O)CC1CCCCC1
CCSCCCCCCO,0.47619047619047616,CCCCCCCCO
CC1CCC(C(C)O)C1,0.4782608695652174,CC1CCC(C(C)C)CC1
CC(C)CC(O)CCO,0.5263157894736842,CC(C)CCO
CC(O)OC1CCCC1C,0.41935483870967744,CC(=O)OC1CCCCC1C
CCC1CC(C)CC=C1C(C)C,0.27906976744186046,CC(C)CCCC1CC(C)CCC1=O
CC(C)CC(O)c1ccccc1,1.0,CC(C)CC(O)c1ccccc1
C=CC1CCC(OCC)C(OC)C1,0.2857142857142857,CCOC1CCC(C)CC1
CCC1CCC(C)C1,0.43478260869565216,CCC1CCC(O)CC1
CC1CCC2CCC(S)CC2C1,0.28125,CC1CCC(C(C)C)C(O)C1
CC1=CC2COCC2C=C1,0.29411764705882354,CC1=CCC(C(C)C)C=C1
CCC1C=CC(C)CC1,0.2692307692307692,CCC1CCC(CC)O1
CCCCCCCCCC(C)C(CCC)CCC,0.5384615384615384,CCCCCCCCCC(C)C(OC)OC
CC1CCCC(C)C1,0.34782608695652173,CC1CCCC(=O)C1
CCCC(O)CCOC,0.631578947368421,CCCC(O)CCC
CC=C(C)C(=O)OCCCc1ccccc1,0.8181818181818182,C/C=C(\C)C(=O)OCCc1ccccc1
C=CC(C)CCCC(C)CCCC(C)C,0.6153846153846154,CC(C)CCCC(C)CCCC(C)C=O
C=C(CCCCCCCCC)CC(C)=O,0.6,CCCCCCC(C)=O
CC(CO)CCCC(C)CCC=O,0.6206896551724138,CC(C)=CCCC(C)CCCC(C)CO
C=C1C(C)=CCCC1C(C)C,0.3333333333333333,CC1=CC(=O)C(C(C)C)CC1
CCSC1=C(C)CCC(OC)C1,0.22916666666666666,CC(=O)CCC1=C(C)CCC(C)C1(C)C
CCC(=O)C1C=CC=C1,0.3333333333333333,CCC(=O)O
CCc1ccccc1OC,0.6296296296296297,CCOCc1ccccc1OC
CCCCCCCCOC(=O)CCc1ccccc1,0.8055555555555556,CCCCCCCC(=O)OCCCc1ccccc1
CC1CCSC(C2C=CCCC2)O1,0.30952380952380953,CC(C)(CO)C1C=CCCC1
CC1(C)C2CCC(C2)C1(C)C,0.4166666666666667,CC1(C)[C@@H]2CC[C@]1(C)[C@H](O)C2
C=C1CC(CC)C(C)C1O,0.25806451612903225,CCC1CCC(O)CC1
CSOC(C)C(C)CCO,0.375,CC(C)CCO
C=CCC1=CC(CC)C(CC(=O)CC(C)C)C=C1,0.32075471698113206,C=CCC1=CC(C)(OC)C(O)C=C1
CC(C)COC=Cc1ccccc1,0.5277777777777778,CC(C)COC(=O)C=Cc1ccccc1
CC(C)C=CC(C)C,0.4166666666666667,CC(C)C=O
CC(=O)CC1CC2CCC1(C)OC2(C)C,0.3611111111111111,CC12CCC(CC1)C(C)(C)O2
CCOCCC(=O)OC,0.5714285714285714,COC(=O)CCC(=O)OC
C=CC=CC=C,0.4,C=CC=CCC
CCCC(C=O)CC(C)CC,0.4642857142857143,CCCCC(C=O)CC
CCCC(CCC)SC,0.3684210526315789,CCCC(O)CCC
CCc1ccc2c(c1)OCC2,0.32432432432432434,OCc1ccc2c(c1)OCO2
O=CC1=CCC2OCCC2=C1,0.2857142857142857,CC(C)C1CC=C(C=O)CC1
CC1OCC2CC1C2(C)C,0.4,CC1C(O)CC2CC1C2(C)C
CCCC(O)CC(CC)CCC(C)C,0.5,CCC(O)CCC(C)C
CCC(C)C(O)CCC(C)C,0.5454545454545454,CCC(O)CCC(C)C
CC(=O)Cc1ccc(CCC(C)O)cc1,0.6206896551724138,Cc1ccc(CCC(C)O)cc1
CC(C)CC1CCCCC1C,0.3,CC(CO)C1CCCCC1
C=CC(C)(C)OCC=C(C)C,0.4411764705882353,C=CC(C)(CCC=C(C)C)OCC
CC1CCC(C)(C(C)C)CC1,0.375,CC1CCC(C(C)C)CC1
CCCCCCC(O)OO,0.5652173913043478,CCCCCCCCCC(O)O
C=C=CCC=C,0.2857142857142857,C=CCC#N
CCC1C=CC=C1,0.22727272727272727,CCC1CCC(CC)O1
CC(=CCCC=O)CCCC(C)C,0.5806451612903226,CC(=CC=O)CCCC(C)C
CCC(S)C(O)OCCc1ccccc1,0.5135135135135135,CCCOC(C)OCCc1ccccc1
CC1OCCC(C)(C)C1C=O,0.46875,CC1CCCC(C)(C)C1C=O
CC1CC(C)(C)CC(=O)C1O,0.41935483870967744,CC1CC(=O)CC(C)(C)C1
CCCCCCCC(=O)C(C)C,0.5652173913043478,CCCCCCC(=O)CCCCCC
CCOC(N)C(C)C,0.47368421052631576,CCOC(C)OCC
CC(C)C1CCC(OO)CC1,0.5555555555555556,CC(=O)OC1CCC(C(C)C)CC1
CC1=CC=CC(O)C1C,0.23684210526315788,CC1=COC(=O)C2C(C)CCC12
NCCC1C=CC(O)=CO1,0.175,c1ccc(CCC2OCCO2)cc1
CC(C)OC(C)S,0.5384615384615384,CC(C)OC(C)C
CCCC(C)C(C)SC,0.3181818181818182,CCCC(O)CCC
CCCCCCCCC(C)CC,0.6363636363636364,CCCCCCCCCC(C)CO
CCCCC1=CC=CCC1,0.37142857142857144,CCCCC1=CCCC1=O
CCCCSC1=CCC=C1C,0.3333333333333333,CCCCSCCCC
CCCCOCCC(=O)CCC,0.5454545454545454,CCCC(=O)CCC
CCC(C)C(S)CC,0.3333333333333333,CCC(C)O
C=CC(C)(C)CCCC(C)C,0.6206896551724138,C=CC(C)(O)CCCC(C)CCCC(C)CCCC(C)C
OCCCCCCCO,0.6153846153846154,CCCCCCCCO
CCCC1=C(C(=O)CC)C=CCC1,0.2972972972972973,CCC(=O)c1ccccc1
C=CCCCCCCCC(C)O,0.8181818181818182,C=CCCCC(C)O
C=C(OC(CC)CCCCC)C(C)=CC,0.5588235294117647,CCCCCC(CC)OC(C)=O
O=CC1C=CCC1,0.3448275862068966,CC1C=CC(C=O)CC1C
CC(O)CC(O)OC1CC(C)CCC1C(C)C,0.5128205128205128,CC(=O)OC1CC(C)CCC1C(C)C
CCOCCCCCC(O)C(C)CC,0.4482758620689655,CCCCCCCCCCOCC
CC1CC(C)NC(C)C1,0.21739130434782608,CC1CCC(C(C)C)CC1
CCC(C)C1CCCCCCCCCCO1,0.3611111111111111,CCC(C)C1CCCCC1=O
COCO,0.5,COCCO
C=C(CC)CCCCCCCCC,0.5,CCCCCCC(=O)CC
CCC(C)CCCCCCCCCCCCCO,0.6190476190476191,CCC(C)CCO
CCCCC(CC)CCCO,0.6818181818181818,CCCCC(CC)CO
Cc1ccn(C(C)C)c1,0.3076923076923077,Cc1ccc(C(C)C)cc1
C=CCCC(C)C(CC)CC,0.39285714285714285,C=CCCCC(C)O
C=CCCCNC,0.43478260869565216,C=CCCCCCC
CC(C)CCCC(CCCC(C)C)CC(C)C,0.47619047619047616,CC(C)CCCC(C)O
C=C(CC)C(C)CCCCCC,0.5357142857142857,CCCCCCC(C)C(=O)O
CCCC(C)CCC(C)CC,0.5,CCC(C)CCO
CCCCCCCCC(=O)CCC,1.0,CCCCCCCC(=O)CCC
COC(O)C=C(C)C,0.3333333333333333,COC(C=C(C)CCC=C(C)C)OC
CCC(C)CC1C=CC2C3C=C(CC3)C12,0.2391304347826087,CC(C)CC1CCC(=O)O1
CCCCCCCCC(CC(C)=O)C(C)CCC,0.45714285714285713,CCCCCCCC(C)OC(C)=O
CCCCCCCCCCCCCCCC(C)O,1.0,CCCCCCCC(C)O
CCC(CC)CCCCCCSC,0.36,CSCCCO
C=Cc1cccnc1,0.4782608695652174,C=Cc1ccccc1
c1ccc2c(c1)CCCC2,0.4782608695652174,c1ccc2c(c1)CCCN2
CCCCCCCCCC(O)CC,1.0,CCCCCCC(O)CC
CCC1=C(C)C(OC)CC(C(C)C)=C1,0.2682926829268293,CC1=CCC(C(C)C)C=C1
CCCC1=COCO1,0.27586206896551724,CCCc1ccccc1
CCC1C=CC(C)=CC1CC,0.2727272727272727,CC1=CCC(C(C)C)C=C1
CCC(O)SCC1C(C)CCCC1(C)C,0.5277777777777778,CC1CCCC(C)(C)C1CO
CCCCCCCCC(C)C1C=CC=CC1,0.35294117647058826,CCCCCCCC(C)O
CCCC(C)OCC(C)C,0.4074074074074074,CCCC(C)OC(C)=O
CC(C)CCCC(C)CCCC(C)C,0.6190476190476191,CC(C)CCCC(C)CCCC(C)C=O
OC1CCCCCCCCC1,1.0,OC1CCCCC1
CCCC=C(C)CCCC(C)C,0.5625,C/C(=C\CO)CCC[C@H](C)CCC[C@H](C)CCCC(C)C
CCC1=CC(OS)C(CC)CC1,0.23076923076923078,CC/C=C\C[C@H]1C(=O)CC[C@@H]1CC(=O)OC
CC(C)C1CC(c2ccccc2)CCO1,0.38235294117647056,c1ccc(C2OCCO2)cc1
CCOC1C=CCC=C1CC,0.2647058823529412,CCOC1CCC(C)CC1
CCCC(CCC)SS,0.35,CCCC(O)CCC
CCC(C)(O)CCCC(C)C(C)O,0.6538461538461539,CCC(C)(O)CCCC(C)C
CCCC=CCC(C)O,0.4782608695652174,CCC/C=C/CO
CC1C=C(O)C(C(C)C)=CC1,0.2777777777777778,Cc1ccc(C(C)C)c(O)c1Cl
CC(=O)NCC(C)C,0.4090909090909091,CC(=O)CC(C)C
C=CCCc1ccc(C)cc1,0.6153846153846154,Cc1ccc(CCC=O)cc1
CCC(=O)C(C)(C)C,1.0,CCC(=O)C(C)(C)C
C=C(CCC)CNc1ccccc1O,0.34285714285714286,CCc1ccccc1O
CCCC1CC=C(C)N1,0.2972972972972973,CCCC1CC(=O)C=C(C)C1
CCCCCCCC(C)C(C)O,0.6363636363636364,CCCCCCCC(C)O
CCC(CC)OC,0.3333333333333333,COC(OC)OC
CCCCCC1CCC(C)C1,0.5172413793103449,CCCCCCCC1CCC(O)CC1
CC1CCC(C(C)C)CC(C)C1,0.6190476190476191,CC1CCC(C(C)C)CC1
COC1C=CC=CC1,0.35294117647058826,CC=CC1=CCC(OC)C=C1
C=C(C)CCCC,0.4583333333333333,C=C(C)CCCCC(C)O
CC(O)OC1CCC(C(C)(C)C)CC1,0.4838709677419355,CC(=O)OC1CCC(C(C)(C)C)CC1
CC1OC(C)C(O)C1=O,0.3103448275862069,CC1=C(O)C(=O)C(C)O1
COC1C=CC(OC)C(C(C)(C)C)C1,0.2631578947368421,CC(=O)OC1CCCCC1C(C)(C)C
CCCC1CCOC(C)C1,0.3142857142857143,CCCC1CCOC1=O
CCCCCC(O)OCOC,0.4444444444444444,CCCCCC(C)O
C=C(CCC=CC1C=CC=CC1)C(C)CC,0.23076923076923078,C=CC(C)C1C=CCCC1.CO
CCOCC(C)OC(C)C,0.3684210526315789,CCOCC
CCCCCCCCCCCCCCS,1.0,CCCCCCS
CC(=O)C1(CC(C)C)CCCCC1,0.42857142857142855,CC(=O)C1(O)CCCCC1
C=CC(C)SCCC(C)CCCC(C)C,0.4444444444444444,C=CC(C)(O)CCCC(C)CCCC(C)CCCC(C)C
CCCCCCCCCSC(C)CC(C)C,0.36363636363636365,CCCCCCC
CCCC1C=CSO1,0.2222222222222222,CCCC1CCC(=O)O1
CC(C)CCCCC(O)O,0.5789473684210527,CC(C)CCCC(C)O
C=CCCC(C)C,0.4782608695652174,C=CCCCC(C)O
CCCCCC(C)C,0.5789473684210527,CCCCCC(C)O
CCCCCCCCCCCOC(C)O,0.6521739130434783,CCCCCCCOC(C)C
C=CCCOSCOSCC=C,0.3076923076923077,C=CCSCC=C
CC1=CCC(C(C)C)CC1,1.0,CC1=CCC(C(C)C)CC1
O=C(CCc1ccccc1)OCO,0.7,CCOC(=O)CCc1ccccc1
CC(C)(C)C1CCC(O)OC1,0.5416666666666666,CC(C)(C)C1CCC(O)CC1
CCCC(C)CCCC(C)CCCC(C)C,0.52,CC(C)CCCC(C)CCCC(C)C=O
CCC(O)C1C=CC=C1,0.3333333333333333,CCC(C)O
CCCCCCCCCOC(O)CC(C)C,0.5555555555555556,CCCCCCCOC(C)C
CC=CCCC(O)CC(C)C,0.41379310344827586,C=CCC(O)CC(C)C
CC(C)CC1CCCN1,0.2857142857142857,CC(C)CC1CCC(=O)O1
CC(C)C1CC=C2OCCCC2C1,0.3684210526315789,CC1=CCC(C(C)C)CC1
CCCC=CCCCCCC,0.6666666666666666,CCCCCCCCC=CCO
CC1C=CC(C(C)O)=CC1,0.4411764705882353,CC(C)C1=CCC(CO)C=C1
CC1CCC(O)C1C,0.38461538461538464,CC1CC(C(C)(C)C)CCC1O
CC(C)CCN(C)O,0.4,CC(C)CCO
CCC(C)C1NC(C)C(C)O1,0.23076923076923078,CCC(C)C1CCCCC1=O
CC(=O)C1CCC=C1C,0.3870967741935484,CC(=O)C1CCCC1=O
COC(C)OC(C)=O,0.55,CC(=O)OC(C)C
Cc1cc(C(C)(C)C)c(C)c(S(C)(C)C)c1,0.48148148148148145,Cc1cc(C(C)(C)C)c(O)c(C(C)(C)C)c1
CCC=C1C2CCC(C2)C1(C)C,0.7,CC1(C)C(=CCO)C2CCC1C2
CC(C)(C)OCc1ccccc1,0.5416666666666666,COCc1ccccc1
CCC1CCCC(OC)C1,0.3548387096774194,CC(=O)O.CCC1CCCCC1
CC(C)C1C=CC=CC1,0.4642857142857143,CC1=CCC(C(C)C)C=C1
CC1CCCCCCCCCC=CCCCO1,0.37037037037037035,CC1OCCCCCO1
CCC(CC)CCC(C)C,0.5,CCC(O)CCC(C)C
CCCCOC=CCC=CCCCCCCCC(=O)O,0.6285714285714286,CCCCCCCC/C=C\CCCCCCCC(=O)O
C=C(C)CCC(C)CCC(C)C,0.5,C=C(C)CCC[C@H](C)CCO
CC=CCCC(C)CC,0.4166666666666667,CCC(C)CCO
CCCCCOCC(S)CCC1=COC=CC1,0.3333333333333333,CCCCCCCOCC(C)C
CCC1C=C(C)CC1C,0.34210526315789475,CC(=O)C(C)=CC1C(C)C=C(C)CC1C
CCOC1C=C(OC)C(OC)=CC1,0.2647058823529412,CCOC1CCC(C)CC1
CCCOO,0.5,CCOO
CCC1N=C(C)C(C)O1,0.25,CCC1CCC(CC)O1
CCCC(C=O)c1ccccc1,0.4827586206896552,CC(C=O)c1ccccc1
CCCCC1C=CNC=C1,0.2727272727272727,CCCCCCC
CC1=CC(C)CC(C)=C1,0.29411764705882354,CCCC1CC(=O)C=C(C)C1
CCCCCC(CCC)OCC,0.5833333333333334,CCCCCC(OCC)OCC
CC(O)C(=O)CCC1=CCC=CC1,0.2702702702702703,CCOC(=O)C(C)O
COC(C)C(C)CCCCCCCO,0.43333333333333335,CCCCCCCCCC(C)C(OC)OC
CCCCC1C=CC(C)C=C1,0.29411764705882354,CCCCCCC1OCC(C)O1
C=C(CC)CC1CCCC1,0.42857142857142855,CCC(=O)O.CCC1CCCCC1
CCCCCCSCC=O,0.48,CCCCCCCC=O
CSCCC(C)C,0.3684210526315789,CC(C)CCO
CC(C)OC1C=CC2CCCCC2C1,0.2682926829268293,CC(C)OC(=O)CC1CCCCC1
C=C(C)O,0.4166666666666667,C=C(C)C(C)=O
C=CCCCCOCC=C,0.5,C=CCOCCO
CCCCC1C=CC=C1,0.3157894736842105,CCCCCCC
C=CC1CCN(C)CC1,0.3333333333333333,CN1CCCC1
CC1=CC(O)C2CC1C2(C)S,0.3055555555555556,CC1=CCC2CC1C2(C)C
CC=C(C)C(O)CNCC=CCC,0.3,CCC=CCO
CCCCCC1CCC(C)O1,0.46875,CCCCCCCC1CCCO1
CCCC=CC(C)CCC,0.46153846153846156,CCC/C=C/C(OCC)OCC
CC(C)C(S)CCCC1CCCCC1,0.43333333333333335,OCCCC1CCCCC1
CC1(S)C2CCC(CO)C1C2,0.3076923076923077,CC1(C)C(=CCO)C2CCC1C2
CCCC(OCC)C(C)CC,0.45454545454545453,CCOC(C)OCC
CC(C)=CCCC(C)CC(C)C,0.6666666666666666,CCC(O)CC(C)CCC=C(C)C
CC(C)CCCC(CC(C)C)OCC(C)C,0.3870967741935484,COC(CC(C)CCCC(C)C)OC
CC1C=CC=C(O)C1,0.2571428571428571,C=C(C)C1C=CC(C)C(=O)C1
CCCCC(=O)CCCCCC1CCCCC1,0.65625,CCC(=O)O.CCCCCC1CCCCC1
CCCC1C=CC(O)CC1,0.29411764705882354,CCCCCCCC1CCC(O)CC1
CC(C)CCCCCCC(C)C,0.5294117647058824,CC(C)CCCC(C)O
CC(C)=CC(=O)CC(C)C,0.5416666666666666,C=CC(=O)CC(C)C
CCC(C)(C)Cc1ccccc1,0.6153846153846154,CCC(C)(O)Cc1ccccc1
C=CCCC(C)CC,0.43478260869565216,CCC(C)CCO
CCC(O)CC(C)C,0.5625,CCC(O)CC
CC(N)C(C)c1ccccc1,0.5238095238095238,CC(C)c1ccccc1
CCC1=C(OC(O)C(C)C)C=CC(CC)C1,0.2826086956521739,CC(C)C1=CCC(CO)C=C1
C=C(C)C1(O)CCC(C)CC1,0.3235294117647059,C=C(C)[C@@H]1CC[C@](C)(O)[C@@H](O)C1
CCCCCCOC(C)CC,0.6521739130434783,CCCCCCCOC(C)C
CCC(C)CCCC(C)=CCO,0.7,C/C(=C\CO)CCC[C@H](C)CCC[C@H](C)CCCC(C)C
COC1C=CC(C)O1,0.2413793103448276,CC1C=CC(=O)O1
CC(CC(C)C(C)C)c1ccccc1,0.56,CC(CO)c1ccccc1
CC(C)c1ccccc1,1.0,CC(C)c1ccccc1
CC(C)CC(O)C1=CCCC=C1N,0.38235294117647056,CC(C)CC(O)c1ccccc1
CCC(O)C1=NC=CC1,0.3548387096774194,CCC(O)c1ccccc1
CC1CCCC(c2ccccc2)C1,0.3333333333333333,O=C1CC(c2ccccc2)CO1
CCC1C=CC(C2CCC(C)O2)=CC1,0.29545454545454547,CC(C)C1=CCC(CO)C=C1
CC(C)C1C=CCC1,0.41379310344827586,C=C1C=CC(C(C)C)CC1
C=C1CC(C)C2CC13C(=CCC3C)C2(C)C,0.28888888888888886,CC1CC=C2C(C)(C)CCCC2(C)C1O
CCCCCOC,0.9333333333333333,CCCCCCOC
CC(C)CC(C)(C)C1CCCC1,0.6538461538461539,CC(O)CC(C)(C)C1CCCCC1
CCC(C)C1=CC(C)CO1,0.24390243902439024,CCC(CC)CC1CCOC1=O
CCC(C)CC(C)C(C)C,0.36363636363636365,CCC(C)CCO
CCCCCCC(C)CCC,0.6363636363636364,CCCCCCCCCC(C)CO
Cc1ccc(C=O)cc1C,0.5925925925925926,COc1ccc(C=O)cc1C
CC1CCCC1C,0.3333333333333333,CC(=O)OC1CCCCC1C
CC(C)CCC1CCCC1,0.43333333333333335,CC(C)CCCC1CCC(=O)CC1
CCC(C=O)=CC1C=CCC=C1,0.38235294117647056,CCCCC=C(C=O)CC
OC1C=Cc2ccccc2O1,0.3,c1ccc2c(c1)OCCCO2
OC1C=CC2=CCC=CC2C1,0.21951219512195122,CC(C)C1=CCC(CO)C=C1
CCC(C)C(C)C1=CC=CCC1,0.25,CC1=CC=C(C(C)C)CC1
CNC1CCCC1C,0.25806451612903225,CC(=O)OC1CCCCC1C
CC(C)CCC1C(C)CCCC1(C)C,0.6052631578947368,CCC(C=O)CCC1C(C)CCCC1(C)C
CCCC(=O)C1N(C)CCCC1(C)C,0.3170731707317073,CCCC(=O)OC1CCCCC1
CC1CC(C)C(O)C1,0.48,C=C(C)C1CCC(C)C(O)C1
CC(C)=CCCC(C)CCOCO,0.6666666666666666,CC(C)=CCCC(C)CCOCC=O
CCSC=CCCS(=O)OO,0.23684210526315788,CCCC=CC(=O)CCC
CC(=O)C1CCCCC1,1.0,CC(=O)C1CCCCC1
CC1=CC(C)CC(CCC(C)C)C1,0.3170731707317073,CC(C)CCC1C(=O)CCC1C
COC1=CC(C)C=C1,0.23333333333333334,CC1C=CC(=O)O1
O=C1C=CC=CC1,0.32,O=C1C=CCCC1
CC(=O)C1C=C(C)OC1C,0.3333333333333333,CC(=O)C1C(=O)C=C(C)OC1=O
CCC1=CCC(C)O1,0.26666666666666666,CC1CCC(=O)O1
CCCCCCOC(C)O,0.6521739130434783,CCCCCCCOC(C)C
CCCC1C=CC(OC)C=C1,0.21621621621621623,CCCC1CC(=O)C=C(C)C1
CC1=CCC(c2ccccc2)C=C1,0.42424242424242425,CC1=CCC(C(C)C)C=C1
CCCC(=O)CC1=CSCO1,0.36666666666666664,CCCC(=O)CCC
CC(O)CCCC(=O)CCCC1=CCC=C1,0.2894736842105263,CC(C)CCCC(C)O
CC1=CCC(C)C(C(C)O)C1,0.40540540540540543,CC1=CC[C@H]2C(C)=CC[C@@H](C(C)C)[C@@H]2C1
CC1CCOO1,0.2692307692307692,CC1CCC(=O)O1
CCCCCC1CC(C)C(C)C1,0.4642857142857143,CCCCCCCC1CCC(O)CC1
CCCCC(CNCC)CC(C)C,0.3548387096774194,CCCCC(CC)CO
CC=CC(C)CCC1=CCCN1,0.2558139534883721,CC(C=O)CCc1ccccc1
O=C(O)CCCCO,0.7333333333333333,O=C(O)CCCCC(=O)O
CCCCC(=O)OCCCC1C=CC=CC1,0.5277777777777778,CCCCOC(=O)CCCC
CCC(C)CC(C)CC,0.4444444444444444,CCC(C)CCO
CC(O)C(=O)c1cccnc1,0.6,CC(=O)c1cccnc1
C=CC(CCCCC)CC(O)C(C)O,0.5161290322580645,C=CC(O)CCCCC
CC(CC=O)CC1=CC=CC1C,0.34285714285714286,CC(CC=O)CC(C)(C)C
CCOCC(C)C,0.4782608695652174,CCCCCCCOCC(C)C
CCCCCCCCCCC(C(C)O)C(O)OCC,0.5555555555555556,CCCCCCCC(C)O
CCCCCCNC(=O)CCCC,0.5,CCCCCCC(=O)CCCC
CCCC(=O)CCCC(C)C,0.5714285714285714,CCCC(=O)CCC
COC1C=CC=C(C)C1,0.2894736842105263,CC=CC1=CCC(OC)C=C1
CCCCCCC1C(C)CCC1C(=O)CS,0.37209302325581395,CCCCCCCC1C(=O)CCC1C
CCCCCCCC(C)CCc1ccccc1,0.6666666666666666,CCCCCCC(O)CCc1ccccc1
C1=CC2(CC1)CC1CC2C2=CSCC21,0.18181818181818182,C=C(C)C1CCC2(C)CCC=C(C)C2C1
CCCCCC(C)CCCC(C)C,0.5416666666666666,CCCCCCCCCC(C)CO
CC(C)C,0.42857142857142855,CC(C)O
C=C(C)C(C)C(C)C(C)C(C)(C)C,0.21875,C=C(C)CCCCC(C)O
CCC1C=C(C)CC1,0.375,CC1=CC(C)C(C=O)CC1
CC(C)OC(C)c1ccccc1,0.5,CC(C)c1ccccc1
CC(C)(O)CC=O,0.39285714285714285,CC(CC=O)CCCC(C)(C)O
CCCC(O)CCc1ccccc1,0.7407407407407407,CCC(O)CCc1ccccc1
CC(C)=CCOC(C)C,0.44,CC(=O)OCC=C(C)C
CCCCCCNCC1CCCC(=O)O1,0.6578947368421053,CCCCCCCC1CCCC(=O)O1
CC(C)CC(=O)C(O)C(C)O,0.47619047619047616,CC(C)CC(=O)CC(C)C
CC1CC=C(O)C(OCO)C1,0.3076923076923077,CC(=O)C1=CCC(C)CC1
COC(=O)C1CC=CCC1C,0.42105263157894735,COC(=O)C1CC2CC1C1CC=CC21
CCCC(CS)CC=O,0.3870967741935484,CCCCCCCCCC(C)CC=O
C=C(O)C(C)CCC,0.5454545454545454,CCCC(C)C(=O)O
COCSC,0.3333333333333333,COCOC
CCCCC1CC(C)CCO1,0.5,CC(=O)CC1CC(C)CCO1
CCCC(C)OCc1ccccc1,0.6071428571428571,CC(C)OCc1ccccc1
CC(=O)CCCC1CCC(C)C1(C)C,0.4634146341463415,C=C1CCC(C)C(C)(C)C1CCC(C)=O
CC(=O)CCCC(C)COCC(C)C,0.6,CC(=O)CCCC(C)CCCC(C)C
COCCCC1C=CC(CC(C)C)C=C1,0.2903225806451613,CCCCCCOC
CCC1=CC(CC)NC1C,0.20588235294117646,CCc1c(C)c[nH]c1C
CCC1C=CC(CC2C=C2)C=C1,0.21739130434782608,CCC1CCC(CC)O1
CC(O)C=CC(C)O,0.45454545454545453,CC(C)O
CS(C)(N)O,0.35714285714285715,C1CCCCC1.NS(=O)(=O)O
CCCC(C)CC(=O)OCC,0.6428571428571429,CCCC(O)CC(=O)OCC
CCCCC(C)CC(C)CCCC,0.4782608695652174,CCCCCCCCCC(C)CO
CC=CC(C)S,0.23809523809523808,CC=CCSCC=CC
CCCCCCCCCCC(=O)CC,1.0,CCCCCCC(=O)CC
CCC1C=CC=C(C=O)C1,0.2682926829268293,CC(C)C1CC=C(C=O)CC1
CC(C)C1=CCC(CO)C=C1,1.0,CC(C)C1=CCC(CO)C=C1
C=CC1=CCC(C(=C)C)CC1,0.71875,C=C(C)C1CC=C(C=O)CC1
C=CCCC1CCC(C)(C)C23CC4C=C2C13C4(C)C,0.23809523809523808,C=CCCC(=O)C=CC1C(C)=CCCC1(C)C
CCCCC(C)CCCC(C)N,0.4074074074074074,CCCCCCCCCC(C)CO
CC(C)C(C)CC(C)C(C)O,0.35,CC(C)CC(C)O
CCC1CCC(O)O1,1.0,CCC1CCC(O)O1
CCC(O)Oc1ccc(C)cc1,0.5161290322580645,CCOC(C)Oc1ccc(C)cc1
C=C(OCC(C)C)C(C)CCC,0.41935483870967744,CCCC(=O)OCC(C)C
C=C(C1=CCC=C1)C(C)C,0.23684210526315788,CC(C)C1=CCC(CO)C=C1
C=CCCC(=O)CCC,0.6,CCCC(=O)CCC
CCCCCC1=CCCC1,0.45454545454545453,CCCCCC1=CCCC1=O
CC=CC1=CC(O)C(OCC)CC1,0.27906976744186046,CC=Cc1ccc(OCC)cc1
CC(C)C1CCCCC1(C)C,0.34375,CC1CCCC(C)(C)C1C=O
O=C(CCC1C=CC=CC1)C1=C(S)CCC=C1,0.20689655172413793,CC(=O)OCC1C=CC(C(C)C)=CC1
CC1=CC=CC1CCCC=O,0.3225806451612903,CCCCC=O
COC1=CC2C=CCCC2=N1,0.19148936170212766,CCOC(=O)CC1C=CCC1
CCC1=NCCCC1,0.23076923076923078,CC/C=C/CC1CCCC(=O)O1
CC1CCCC(C)(C)C1CCC(O)O,0.59375,CC1CCCC(C)(C)C1CO
CC(C)C(C)c1ccccc1,0.5789473684210527,CC(C)c1ccccc1
CCC(C)OC(C)(C)C1CCC(C)CC1,0.3870967741935484,CC1CCC(C(C)(C)O)CC1
CCC(=O)CCc1ccccc1,0.6296296296296297,CC(=O)CCc1ccccc1
CCC1=CC=C(CCC(C)O)CC1CC,0.358974358974359,CC(O)CCc1ccccc1
CC12C=CC3(CCC1)C1(C)CC1CCC23C,0.25,CC1(C)[C@@H]2CC[C@]1(C)[C@H](O)C2
CCC(O)SC,0.4117647058823529,CCC(C)O
C=C1CC(C)C(CCNCCC)O1,0.2391304347826087,CCCCCC1CC(C)C(=O)O1
C=C(CCC1C=CC(CC)C(OC)C1)OCCc1ccc(CC)c(OC)n1,0.22058823529411764,C=C(C)C(=O)OCCc1ccccc1
CC1CC(C)(C)CC(C)C1C,0.2962962962962963,CC1CC(=O)CC(C)(C)C1
CCC1=CC=C(C)CC1,0.4074074074074074,CC1=CC=C(C(C)C)CC1
CCCCCCCC(=O)c1ccccc1,0.96,CCCCCC(=O)c1ccccc1
CCOC(C)Cc1ccccc1,0.72,CCOC(Cc1ccccc1)OCC
CC=CC1C=CC(OCc2ccccc2)=C(NC)C1,0.32727272727272727,CC=Cc1ccc(OCc2ccccc2)c(OC)c1
C1=Cc2ccccc2CC1,0.3,O=C1CCc2ccccc21
CCC(CC)C(=O)CCOC,0.4,CCC(CC)C(=O)O
CCCOOOC,0.35,CCCOCOCCC
CC(=O)C1=CC(C)CC1,0.5333333333333333,CC(=O)C1=CCC(C)CC1
CCCC1=CCCO1,0.35135135135135137,CCCCCCC1=CCCC(=O)O1
CC(C1C=CCC=C1)N(C)C,0.20689655172413793,CC1CCC(C(C)C)CC1
CCC=CCCCCCCO,0.8,CCC=CCCCO
CCC1C=C=C(C)O1,0.23529411764705882,CCC1CCC(=O)O1
CCCC(=O)CCC(C)CC(O)CCC,0.46153846153846156,CCCC(=O)CCC
C=C(CCC)OCCCC,0.5384615384615384,CCCCOC(=O)CCC
OCC1=CCC=C1,0.23076923076923078,OCc1ccccc1
SCCC1=CCCC=N1,0.1794871794871795,CCCCC1=CCCC1=O
OC1CCC(CCS)C1,0.38461538461538464,CCC1CCC(O)CC1
Cc1ccoc1C,0.44,Cc1occc(=O)c1O
CCCCCCC(O)O,1.0,CCCCCCCCCC(O)O
CC=CCC(=O)OCCOC,0.37142857142857144,CC=CCCCCCCCC(=O)OC
CC(O)C1CCC=N1,0.25,CC(O)C1C2CCC(C2)C1(C)C
CCCC(C)CC(C)O,0.45,CC(C)CC(C)O
CC=CCCCCCCC(C)CCC(C)C,0.4482758620689655,CC=CCCCCCCCC=O
CC(=O)C1C(C)=CC(C(C)(C)O)=CC1C,0.2708333333333333,CC(=O)C=CC1C(C)=CC(C)CC1(C)C
CCC1CC(C)C(O)C1O,0.2962962962962963,CCC1CCC(O)CC1
CC(C)CCC(O)CC(C)C,0.6,CCC(O)CCC(C)C
CCC1CCCC(CC)C1OC,0.34285714285714286,COC(=O)CC1CCCC2CCCCC21
C=C1CC2CNC1C2(C)C,0.41935483870967744,C=C1CC2CCC1C2(C)C
CCCCC(CCC)CC(=O)OCC,0.5806451612903226,CCCC(O)CC(=O)OCC
CCCOC(C)C,0.6470588235294118,CCCOC(C)OCCC
O=CCCCSC1CCCCS1,0.2777777777777778,O=CCC1CCCCC1
CCCCC(=O)C(C)(C)O,0.5,CCCCC(=O)CCCC
COC(=O)CC(C)OC,0.6363636363636364,COC(=O)CC(C)C
CCCCCCOCC,1.0,CCCCCCCCCCOCC
CC1=NC(C)SC(C)C1,0.22857142857142856,CC(C)=C1CC[C@@H](C)CC1=O
CCCC(CC(C)=O)CC(C)CC,0.4,CCCC(C)C(=O)O
CC1=CCC(C)(C)CCCC(C)CCC1,0.3488372093023256,C=C1CC/C=C(\C)CC[C@@H]2[C@@H]1CC2(C)C
CC1CCC(C)C1,0.4090909090909091,CC1CCC(C(C)C)C(O)C1
CCCCCCCCSCC,0.5555555555555556,CCCCSCCCC
CC(=O)C1CC(C)OC1C,0.28205128205128205,C=C(C)C1CCC(C)C(C(=O)OC)C1
CC(C)C(C)CO,0.5,CC(C)CO
CCC(CC)CN(C)C,0.28,CCCCC(CC)CO
CC=CC=CC(C)OCCCCCC,0.5,CCCCCCCOC(C)C
CCCCCC1CCC(C(C)C)CC1,0.6428571428571429,CC(C)C1CCC(CCCO)CC1
CCOC(CCC(C)C)C(C)C,0.47619047619047616,CCOC(C)OCC
C=CCC(C)C(C)O,0.5,C=CCC(O)CC(C)C
CC(C)C(C)Cc1ccccc1,0.6153846153846154,COC(OC)C(C)Cc1ccccc1
CCCCOCCCCC(C)C,0.5909090909090909,CCCCCCCOCCCC
C=C(OCC(C)C)C(C)C,0.5217391304347826,CC(C)COC(=O)C(C)C
CNCC(C)C(C)CC(C)=O,0.4583333333333333,CC(=O)CC(C)C
CCCC=CC(=O)CCCC,0.75,CCCC=CC(=O)CCC
CC1(S)C=CC2(CCCCC2)OC1,0.25,CC(=O)C1(C)CCCC1
CCCCC=CCC(C)OCC,0.4074074074074074,CCOC(C)CC
CCNCCC(C)CCCC(C)C,0.4827586206896552,CC(C)CCCC(C)CCCC(C)C=O
C=C(C)CCCC(C)O,0.8571428571428571,C=C(C)CCCCC(C)O
CC(=O)OCO,0.5555555555555556,CCOC(C)=O
C=C(C=C1CCOC1)CC,0.21621621621621623,O=C1CCCCCCCCCCCCCOC1
CC1OCCC1CCO,0.4,OCCC1CCCO1
CCCC(=O)CCC1CCCCC1,0.5757575757575758,CCCOC(=O)CCC1CCCCC1
CCC(C)C=C(C)C,0.42857142857142855,CCC(C)C=O
C=C(O)CCCCCCCCCCCCCC,0.5454545454545454,CCCCCCCC(=O)O
CCC1C(=O)C(C)CC1C,0.34285714285714286,CCC1C(=O)OC2CCCCC21
COCCCCCCCCC(C)C,0.5185185185185185,CC(=O)OCCCCCCCC(C)C
Cc1ccc(C)c(C)c1,0.4782608695652174,Cc1ccc(C=O)c(C)c1
C=C(C=CCCC)CC,0.5,CCC/C=C/C(=O)O
CC(C)c1ccccc1C(C)C,0.5,CC(C)c1ccccc1
CC(C)CCCC(C)CCCC(C)O,0.8333333333333334,CC(C)CCCC(C)O
CC(C)=CCCC(C)CC1CCCC1,0.5882352941176471,CC(C)=CCCC(C)CC1OCCO1
CCCC(C)C1CC=C(C)CC1,0.6129032258064516,CC1=CCC(C(C)C)CC1
CCOC(C)C(C)(C)CC,0.42857142857142855,CCOC(C)OCC
CC1=CC=CC2CC(C)C(C)C12,0.2682926829268293,CC1=COC(=O)C2C(C)CCC12
C=C(CCC)C1C(C)CCCC1(C)C,0.4444444444444444,CC1CCCC(C)(C)C1CO
CC1=CC(CC(C)CC(C)C)C(C)=C1,0.23684210526315788,CC(C)CC(O)c1ccccc1
C=C(CCC)CC(O)C(C)OCO,0.2777777777777778,CCCC(=O)OC(C)C
CCCCCCCCCC(=O)COCC,0.625,CCCCCCC(=O)CCCCCC
CCC1=C(O)NC=C(CSC)C1,0.2222222222222222,CCc1ccc(O)cc1
CCCOC(=O)COC(C)CC,0.5333333333333333,CCCOC(=O)CC(C)C
OC1=CC(C(O)S)=CC1,0.1794871794871795,CC(C)C1=CCC(CO)C=C1
CC1C=CC(OCCO)=CC1,0.3055555555555556,OCCOc1ccccc1
CCC1CCCC1CC,0.37037037037037035,CCCCCCCC1CCCC1O
CC1CCC2=C(N1)C(C)OC2C,0.3333333333333333,CC1CCc2ccccc2N1
C=C(CC)CC(C)(C)C,0.4230769230769231,C=C(CC)CCCC(C)(C)O
C=CC(C)=CC,0.4375,C=CC(C)=O
CNCC1CCCC=C1O,0.2826086956521739,CCCCC(=O)C1CCCC=C1C(=O)O
CC(C)=CCCC(C)CCCC(CCCC(C)CCCC(C)C)Cc1ccccc1,0.6,CC(C)=CCCC(C)CCOC(Cc1ccccc1)OCCC(C)CCC=C(C)C
CSCCCC1=CC=C(C)C1,0.3,CSCCCO
C=CC1=CC(CC)C(O)C(OC)=C1,0.24444444444444444,C=Cc1ccc(O)c(OC)c1
CC1CCC2CC1CC2(C)C,0.3235294117647059,CC(O)C1C2CCC(C2)C1(C)C
O=CCCCCCCCO,0.5238095238095238,CCCCCCCC=O
CC1CCCCCCCCCCOCCCC1,0.47058823529411764,C1CCOC1
CCc1ccc(NC)cc1O,0.4482758620689655,CCc1ccccc1O
CCCCCCCC(O)CCC(C)=O,0.5769230769230769,CCCCCCC(C)=O
CC(C)C1CCC(C)C23CCC(O)(S)C2C13,0.3076923076923077,CC1CCC(C(C)C)C(O)C1
C=CCC(C)C(O)O,0.5,C=CCC(O)CC(C)C
CCCC(CCO)CC(C)C,0.45454545454545453,CC(C)CCO
CC(C)CCCC(C)CC(C)C,0.6086956521739131,COC(CC(C)CCCC(C)C)OC
C1=CC(CCCC2=CCCCC2)=COC1,0.2553191489361702,COC(=O)CC1=CCCC1
CCC(C)CC(C)C,0.4,CCC(C)CCO
C=C(CC=CCC)OCCCCCC,0.45714285714285713,C=C(C)C(=O)OCCCCCCCCC
CC1CCC2CCCNC12,0.25,C1CCC(C2CCCCC2)CC1
CCC(CC(S)CCCC(C)C)OC,0.42424242424242425,COC(CC(C)CCCC(C)C)OC
C=CC(C)CCC1OC1(C)C,0.23684210526315788,C=CC1(C)CCOC1=O
CCC1=CC2CCCC2C=C1,0.225,CCC(C)C1CCCCC1=O
OCCCCO,0.5833333333333334,CCCCCO
CCC(O)C(C)O,0.5333333333333333,CCC(C)O
CCCCC(C)CC(C)=O,0.4583333333333333,CC(=O)CC(C)C
CCCC(O)C(C)(O)c1ccccc1,0.5333333333333333,CC(C)C(C)(O)c1ccccc1
CC1SCCC(C)(C)S1,0.23333333333333334,CC12CCC(CC1)C(C)(C)O2
CC1CCC2C(C)CCC2C1,0.2903225806451613,CC1CCC(C(C)C)C(O)C1
CCC(C)C(=O)CCCC(C)CCC=C(C)C,0.696969696969697,CC(=O)CCCC(C)CCC=C(C)C
CC1CC=CC2=C1C(C)C(=O)O2,0.25,CC1C=CC(=O)O1
CC(C)(N)C1CCC(CC(O)CS)CC1,0.3076923076923077,CC(C)C1CCC(CC(C)C(C)O)CC1
CC(CCS)OCc1ccccc1,0.5862068965517241,CC(C)OCc1ccccc1
CC1=CCC(C(C)C)C(C)C1,0.59375,CC1=CC[C@H]2C(C)=CC[C@@H](C(C)C)[C@@H]2C1
CC1=C(C(=O)CCC=O)CC=CC1,0.2894736842105263,Cc1ccc(CCC=O)cc1
CCCC(OSC)C1C=CC2CCOC2=C1,0.24,CCCC1CCOC1=O
CCCCCC(O)C(C)CCCC,0.5652173913043478,CCCCCC(C)O
CCCC(C)SC,0.35,CCCC(O)CCC
C=C1CCC(C)C1,0.391304347826087,CC1CCC(=O)CC1
CCC(C)OCCS(C)(C)C,0.4782608695652174,CCOC(C)CC
C=C(CCC)CCCCCCCC,0.5,CCCCCCCC(=O)CCC
CCC1CCCCC1,0.7,CC(=O)O.CCC1CCCCC1
C=CC1(C)CCC(C(C)C=O)C1,0.35714285714285715,C=CC(C)C1C=CCC(C)(C=O)C1
CCCC(CC=O)OC,0.3870967741935484,CCCCCCCCCC(C)CC=O
CC(C)C1=CC(C)C(C)C1,0.3,CC1=CCC(C(C)C)=CC1
C=C1CC(C(C)C)CCC1C,0.4230769230769231,CC1CCC(C(C)C)CC1
CCC=CCCCCCCCO,0.8,CCC=CCCCO
CC1SC2(CC1N)C(C)CCCC2(C)C,0.23809523809523808,CC1CCCC(C)(C)C1C=O
CC1C=CCCC1O,0.3333333333333333,CC(C)(CO)C1C=CCCC1
CCC1CCCOC1(CC)CC,0.36666666666666664,CCC1CCCO1
CC(C)C(=O)C1CCCC1,0.4782608695652174,CC(=O)C1CCCCC1
CCCC(=O)CC(C)O,0.55,CCCC(=O)CCC
Sc1ccoc1,0.3333333333333333,O=c1ccocc1
C=CC(C)C,0.38461538461538464,CC(C)C=O
CC(=O)CCC1=CCC=C1,0.3939393939393939,CC(=O)CCc1ccccc1
COC(C)C1CCC(C)CC1,0.5714285714285714,CC1CCC(C(C)C)CC1
CCCC(=O)CCC(O)C(C)CCC,0.5,CCCC(=O)CCC
CCCC1C=CC(C)CC1,0.2571428571428571,CCCC1CCC(=O)O1
CCC(C)CC1C=CC=C1,0.3076923076923077,CCC(C)CCO
CCCCCCCCC(C)O,1.0,CCCCCCCC(C)O
CC1CCC2=CCCCC21,0.3023255813953488,CC(C)CC1OC(=O)C2=CCCCC21
CCCCCCC(=O)NOCCC,0.5161290322580645,CCCCCCCC(=O)OCCC
CCC(=O)CC(O)C=C(C)C,0.4375,CCC(C)=CC(C=C(C)C)CC(C)=O
OC1CCCC1C1CCCC1,0.8888888888888888,OC1CCCCC1C1CCCCC1
CCCCCC(C)CC,0.5909090909090909,CCCCCCCCCC(C)CO
CCOC1C=CC(C=O)=CO1,0.28205128205128205,CCOc1ccc(C=O)cc1
C=C(C)CC1CCCCC1,0.4444444444444444,CC(=O)O.CCC1CCCCC1
CC=CCCCCCCCCC,0.5909090909090909,CC=CCCCCCCCC=O
C=C(CCC)CCC1=CC=CC1,0.24,CCCC=C1OC(=O)C2=CC=CCC12
CCCCCC(C)CC(C)C,0.5416666666666666,CCCCCCCCCC(C)CO
C=C1C(C(C)C)CCC2(C)NC12,0.275,C=C1C(O)CC2(C(C)C)CC12
CCCCCCCCC(=O)C(O)CC(=C(C)C)C(C)CC,0.4,CCCCCCC(C)=O
CCCC(S)CCC1CCCO1,0.5294117647058824,CCCCCCCC1CCCO1
CCCCOCCC,0.7647058823529411,CCCCCCCOCCC
CCOC1CCC=CC1C,0.3684210526315789,CCOC(=O)CC1C=CCC1
C=CC(C)(O)CC(C)=CCC,0.45161290322580644,C=CC(C)(O)CCC=C(C)C
CC1CCCC(C)(Sc2ccccc2)C1O,0.3170731707317073,CC1CCCC(C)(C)C1CO
CC1=CC(S)SC1,0.24242424242424243,CC1=CC(O)CC(C)(C)C1
CCC(C)C(C)CC(C)C,0.3684210526315789,CC(C)CC(C)O
CC(=O)CC1CCNC1,0.32432432432432434,CC(=O)CC1CC(C)CCO1
CCCC(C)c1ccccc1,0.64,CC(CCO)c1ccccc1
CC(C)CC(=O)CCC=O,0.5454545454545454,CC(C)CC(=O)CC(C)C
CC(C)CCCC(C)CO,0.5652173913043478,CCCCCCCCCC(C)CO
CCC(C)c1c(C)cc(O)c(C)c1C,0.36363636363636365,Cc1cc(O)c(C(C)C)cc1O
C=CCC1=CCCC(SC)=C1O,0.2894736842105263,C=CCc1ccc(O)cc1
COC1=NC=CCC1,0.23333333333333334,O=C1CC=CCC1
CCCCCCCCCOO,0.5789473684210527,CCCCCCOCCCCCC
CCSCC(=O)C(C)CC(C)(C)CC,0.2727272727272727,CCC(C)C(=O)O
CC(C)CC1CC(C)C(C)O1,0.35294117647058826,CC(C)CC1CCC(=O)O1
CCCCC(CCC(C)C)OCC(C)C,0.3870967741935484,CCCCCCCOCC(C)C
CCCC(CC(=O)CC)OC(C)O,0.375,CCC(=O)CCC(C)C
C=CC1CC(C)OC1C,0.2222222222222222,CC=CC1OC(C)CC(C)(C)O1
CCCC(C)C(S)CC,0.3181818181818182,CCCC(O)CCC
CC1CCC2C(C1)C(C(C)C)CCC2(C)C,0.7058823529411765,CC1CCC2C(C1)C(C(C)C)CCC2(C)O
CC(O)C1CCCS1,0.2647058823529412,CC(O)CC(C)(C)C1CCCCC1
COCCCCCCCC(C)O,0.5416666666666666,CCCCCCCC(C)O
CCCCCCCCOC(C)CC(C)C,0.6,CCCCCCCOC(C)C
CC1CC=C(C(C)O)C(C)C1,0.2972972972972973,CC(=O)C1=CCC(C)CC1
CC1CC(C)C(O)C1C,0.2857142857142857,CC1C(O)CC2CC1C2(C)C
CCCC1CC(C)C(N)C1,0.2777777777777778,CCCC1CC(=O)C=C(C)C1
COC(C)C1CC=CC=C1C,0.3181818181818182,CC(C)/C=C1/OC(=O)C2=CC=CCC21
CCCCCCCCCCCCSC(C)C(C)C,0.4,CCCCCCC
Oc1ccccc1C(O)CCCCc1ccccc1,0.46875,OCCCCc1ccccc1
CC1(C)C2=CC1CCC21CC1,0.2647058823529412,CC12CCC(C1)C(C)(C)C2=O
COC1=CCC(C)C=C1C,0.23684210526315788,CC1=CCC(C(C)C)CC1=O
C1=NC=C(CCCc2ccccc2)C1,0.40625,OCCCc1ccccc1
CC1CC2CCC1C2(C)C,0.3793103448275862,CC1C(O)CC2CC1C2(C)C
CCCOc1ccccc1,0.7083333333333334,CCCCCCCOc1ccccc1
CC(=O)CCCC1(C)CCC(C(C)C)C1,0.4146341463414634,CCC(=O)C1(C)CCC(C(C)C)CC1
C=CCC=C=O,0.2727272727272727,C=CCC#N
CCC(CO)CCC1CCC(C)C1(C)C,0.37142857142857144,CCCCC(CC)CO
CCCCCCC1CCC(O)C1,0.7692307692307693,CCCCCCCC1CCC(O)CC1
CCCCCOCC(C)C,0.95,CCCCCCCOCC(C)C
CC1C2CCC3C2C(C)(C)CCCC13C,0.3333333333333333,CC1(C)CC2C3CCCC(C)(C3O)C2C1
CCC1CCCCC1CN,0.3103448275862069,CC(=O)O.CCC1CCCCC1
CCCCCCCC(O)c1ccccc1,0.84,CCCCC(O)c1ccccc1
CCCC1CCCC(C)S1,0.2857142857142857,CCCC1CCC(=O)O1
CC(C)CCOC(CCC(C)O)C(C)C,0.52,CC(C)CCOC(C)OCCC(C)C
CCOC1CCCC=C1CC,0.30303030303030304,CCOC1CCC(C)CC1
CSC1=S(C(C)C)C=CCC1,0.20588235294117646,O=C1CC=CCC1
CC1CCCCCCCCCCCCCC=CO1,0.25925925925925924,C1CCCCCCCC2OC2CCCCCC1
C=CCCC1CC2CC1C1CCCC21,0.3939393939393939,OC1CC2CC1C1CCCC21
CC(O)CC1C2(C)C=C(CC2)C1(C)C,0.2558139534883721,CC(C)C1=CCC(C)(O)CC1
C=C(CC)C(C)=CCC,0.39285714285714285,CCC=C(C)C(=O)OCC
CC1=CCCC(C)CCCC(C)CCC1C(C)C,0.3888888888888889,CC1CCC(C(C)C)C(=O)C1
CC(C)CCCC1C=CC=C1,0.36363636363636365,CC(C)CCCC1CCC(=O)CC1
CCCC1CC=C(C)C1(C)C,0.2894736842105263,CCCC1CC(=O)C=C(C)C1
CC(C)CCCC(C)O,1.0,CC(C)CCCC(C)O
CCCOCC(C)=O,0.4782608695652174,CCCOC(C)=O
CC12CCCC(C)(CC1)C2=CO,0.2916666666666667,CC1(O)CCCC1
OCCCc1ccoc1,0.48148148148148145,OCCCc1ccccc1
CCCCC(C)C(C)(C)CC(O)CC(C)C,0.4838709677419355,CCCCC(C)C(C)(C)O
C1CN1,0.625,C1CCNC1
CCC(C)CCC(C)C,0.5263157894736842,CCC(C)CCO
CCC=CCC(C)CC,0.39285714285714285,CCC=CCCOC(CC=CCC)OCCC=CCC
C=C(O)CCCC(C)C,0.5,CC(=O)CCCC(C)C
CCC1=C(CO)C=CCC1,0.24242424242424243,O=C1C=CCCC1
CCC(C)CC(C)c1ccccc1,0.5185185185185185,CC(CO)c1ccccc1
C=CCc1ccc2c(c1)CCC2,0.45714285714285713,C=CCc1ccc2c(c1)OCO2
CNSCC1CC=CO1,0.18181818181818182,CCC1CCC(CC)O1
CCC(C)C1C=CCC1,0.3611111111111111,C=CC(C)C1C=CCCC1.CO
CCCC(CC)COC(C)C,0.35714285714285715,CCCCCCCOC(C)C
CC(C)OC(C)C(C)C,0.5384615384615384,CC(C)OC(C)C
COC1=C(O)C=CC(C(O)C(C)O)C1,0.3,CC1=CCC(C(C)C)C=C1
CCCC(=O)CCCCC1CCCCC1,0.625,CCC(=O)O.CCCCCC1CCCCC1
CCCCC(C)CC,0.5217391304347826,CCC(C)CCCC(C)(C)O
CCCCCCCOC(O)CC,0.56,CCCCCCCOC(C)C
CCCCCCC(=O)c1ccccc1N,0.6052631578947368,CCCCCCOC(=O)c1ccccc1N
C=C(C)C(CC)CCCC,0.4642857142857143,CCCCC(CO)C(C)=O
CC1=CC(C)C(C(C)(C)S)CC1,0.45454545454545453,CC1=CC(C)C(C=O)CC1
CCCC=CC1CCC(C)OO1,0.28125,CCC/C=C/CO
Cc1cccc(CO)c1,0.48484848484848486,CCC(=O)OCc1cccc(C)c1
CCC(C)C1CCC(C)CC1,0.5555555555555556,CC1CCC(C(C)CC=O)CC1
Cc1ccc(C(C)O)nc1C,0.3448275862068966,Cc1ccc(C(C)O)cc1
CC1CSC(C(C)C)C1,0.3076923076923077,CC1CCC(C(C)C)CC1
CC(C)CC1=CCC=C1,0.2777777777777778,CC(C)Cc1ccc2ccccc2n1
OC(CCc1ccccc1)C1C=CC=C1,0.5161290322580645,CC(O)CCc1ccccc1
CCC1(C)CCC(C)(S)C(C(C)C)C1,0.2682926829268293,CCC(=O)C1(C)CCC(C(C)C)CC1
COC1C=C(C)CC=C1O,0.2903225806451613,COC.Cc1cc(O)cc(O)c1
CC1CSC(C)C1,0.23333333333333334,CC(C)=C1CCC(C)CC1O
CCC1C=C(C)C=C1C,0.2222222222222222,CCCC1CC(=O)C=C(C)C1
COC1C=C(CCC=O)CN=C1O,0.27906976744186046,Cc1ccc(CCC=O)cc1
C=C1CCCC(C)O1,0.4074074074074074,CC1CCC(=O)O1
CCCCCCC(O)Cc1ccccc1,0.9629629629629629,CCCCCC(O)Cc1ccccc1
CCCC(C)(C)C,0.3333333333333333,CCCC
C=C1CCC(C(C)C)CC1,0.43478260869565216,CC1CCC(C(C)C)CC1
CC(O)C1C=CCCC1,0.5806451612903226,C=CC(C)C1C=CCCC1.CO
CCC1=CCC(C(C)C)CC1,0.5666666666666667,CC1=CCC(C(C)C)CC1
CC1CC2CC(C1C)C2(C)C,0.6,CC1C(O)CC2CC1C2(C)C
OC=CCCCCOS,0.46153846153846156,CCCCCCCCCCC=CO
O=CCC(O)CCc1ccccc1,0.5806451612903226,CCC(O)CCc1ccccc1
C=C(C)C1CC(C(C)C)CCC1(C)CC,0.3902439024390244,CCC(=O)C1(C)CCC(C(C)C)CC1
CC1CC(C)OC(C)O1,0.2857142857142857,CC1OCCCCCO1
CCN1C=NCCC1OC,0.2,COC(=O)CC1CCCC2CCCCC21
CC1C=CC=C(O)C1C,0.19444444444444445,C=C(C)C1C=CC(C)C(=O)C1
CC1C=CC(C)C1,0.3333333333333333,C1=CC2C=CC1C2
CCCCCCCCCC(C)CCCC,0.6666666666666666,CCCCCCCCCC(C)CO
COC1CCC=CC1CCC(O)O,0.28888888888888886,CCOC(=O)CC1C=CCC1
C1COSOCO1,0.4375,C1COCO1
CNc1cccc(CO)c1,0.4230769230769231,OCc1ccccc1
O=C(CCCc1ccccc1)C1C=CCO1,0.4090909090909091,CCOC(=O)CCCc1ccccc1
CC(C)C1C=CC=C1O,0.2413793103448276,CC(C)c1ccc(O)cc1
CC(C)=CCCC(C)CC(C)CC(C)C,0.6206896551724138,CCC(O)CC(C)CCC=C(C)C
C=C(C)N1C=COC=C1,0.21739130434782608,C=C(C)C(C)=O
CCCCCCC(O)CCC,0.7142857142857143,CCCCCCC(O)CC
CC(C)CCCCCc1ccccc1,0.5483870967741935,CC(C)CCOCCc1ccccc1
C=CC(S)CCCC,0.4444444444444444,C=CC(O)CCCCC
C=C(C)C1=CC(CC)NN=N1,0.2222222222222222,C=C(C)c1ccc(C)cc1
CCC(CC)SC,0.29411764705882354,CCC(C)O
Cc1ccc(C)cc1,0.6153846153846154,Cc1ccc(O)cc1
CC=CCCCCC(C)C(C)C,0.5555555555555556,CC(C)C(C)CCCCCCCCC=O
CCc1ccc(OC)c(C(C)(C)C)c1,0.5806451612903226,COc1ccc(OC)c(C(C)(C)C)c1
O=C1C=CCC1,0.6842105263157895,O=C1C=CCCC1
CC1CCOS1,0.25806451612903225,CC(C)=C1CCC(C)C2=C(C1)C(C)CC2
CCCCCOCCCC(=O)O,0.6521739130434783,CCCCCC(=O)O
CCC(C)(S)CCC=C(C)C,0.5925925925925926,CCC(C)(O)CCC=C(C)C
CCCCCC1=CC=C(C)C1,0.34285714285714286,CCCCCC1=C(C)CCC1=O
CC(C)CCSC(O)C(C)C,0.36,CC(C)CCCC(C)O
Cc1occc1CC(C)C,0.34375,Cc1occc(=O)c1O
CC(O)OC1CC(C(C)C)CCC1C,0.36666666666666664,CC1CCC(C(C)C)CC1
CCCCCC(Cc1ccccc1)C(CS)OC,0.5,CCCCCC(O)Cc1ccccc1
CC1C=CC(CC(C)C)=C1,0.2571428571428571,CC1=CCC(C(C)C)C=C1
CCCCCCC1=CCCC=C1,0.4166666666666667,CCCCCCC1=CCCC1=O
O=CCCC1=CCOC=C1,0.3333333333333333,O=CCCc1ccccc1
C=C(C)C1CCC(C)C(OC(=O)CC(C)C)C1,0.5,CC(C)CC(=O)OC1CC(C)CCC1C(C)C
CCCCCCCCOCCCCOC(C)O,0.6086956521739131,CCCCCCOCCCCCC
C=CCOC1=CCC(C)C=C1,0.325,C=CCOc1ccccc1OCC
Cc1ccccc1CCC(C)O,0.6071428571428571,CC(O)CCc1ccccc1
CCCC(C)(C)CCC,0.3333333333333333,CCCC
CC(C)CC(C)OCCCO,0.48,CCOC(C)CC(C)C
COC(C)CC(C)C,0.5,CCOC(C)CC(C)C
CC1COC(O)C1,0.3225806451612903,CC(C)=CC1CC(C)CCO1
CCCCCCC1=CC(C)CC=C1,0.35,CCCCCCC1=CCCC1=O
CC1CC(CC(O)C2CCCC2C)CC(C)(C)C1,0.30434782608695654,CC(=O)OC1CC(C)CC(C)(C)C1
CCOC(=O)C1(CN)CC1(C)c1ccccc1,0.425531914893617,CCOC(=O)C1OC1(C)c1ccccc1
CCC(CC)CC(C)CCC=C(C)C,0.6896551724137931,CCC(O)CC(C)CCC=C(C)C
Oc1ccccc1C(O)O,0.42857142857142855,C=O.Oc1ccccc1O
CC1CCC(C(C)C)C(C=O)C1,0.53125,CC1CCC(C(C)C)C(OC=O)C1
CCC=CCCCC(C)C(C)O,0.48148148148148145,CCC=CCCCO
CCCOc1ccc(C)cc1,0.5,CCCOCCC.Cc1ccc(O)cc1
CCNC(O)C1OC=CO1,0.23076923076923078,CCC(C)O
CCCC(=S)CC,0.3684210526315789,CCCC(=O)CCC
CCC(C)CC(C)CCCOC,0.3870967741935484,COC(CC(C)CCCC(C)C)OC
CC1CCC(S)C1,0.3333333333333333,CC1CCC(C(C)C)C(O)C1
CCC1C=CC(OC)CC1,0.2564102564102564,CC=CC1=CCC(OC)C=C1
CCC(OC)c1ccccc1,0.6538461538461539,COC(CO)c1ccccc1
CC1CC=CO1,0.21428571428571427,CC1CCC(=O)O1
CC(C)CCC(C)C,0.5384615384615384,CC(C)CCO
CC(CCCCc1ccccn1)CCc1ccccc1,0.5714285714285714,c1ccc(CCc2ccccn2)cc1
CCC1CCC=C1C,0.3235294117647059,CC1=CCCC(C)(C)C1CO
C=C(C)CCCC(C)CCCC(C)CC,0.6666666666666666,C=C(C)CCC[C@H](C)CCO
CCC(O)S,0.5,CCC(C)O
CC(=O)CC(C)(O)O,0.3888888888888889,CC(=O)C(C)(C)C
CCCCCCCCCCC(=O)C(C)C,0.5652173913043478,CCCCCCC(=O)CCCCCC
CC=CCCC(CCC)OOC,0.3142857142857143,CCC=CCCC(OCC)OCC
C=CC1(C)CCC(C(C)(C)CCC=C(C)C)C1,0.4,C=CC(C)(O)CCC=C(C)C
CC1CC(C(C)O)CCS1,0.2702702702702703,CC(O)C1C2CCC(C2)C1(C)C
CC1C=CC2(C1)C(C)CCCC2(C)C,0.2558139534883721,C[C@@H]1CC[C@H]2C(C)(C)[C@H]3C[C@@]12CC[C@@]3(C)O
CCCCCCCCCCC(O)CCCCCCCC,0.7894736842105263,CCCCCCC(O)CC
CCC=C(C)C,0.5,CC(C)=CCO
CC1CC(c2ccccc2)CO1,0.5,CC1COC(c2ccccc2)O1
CCC1CC(CC(C)C)CC1C,0.23684210526315788,CC(C)CC1CCC(=O)O1
COC1CCC(CS)CC1OC,0.23076923076923078,COC1CC2CC1C1CC(C=O)CC21
CCOCCCCCC1CCCC(O)C1,0.40540540540540543,CCCCCCCC1CCC(O)CC1
COC(C)(C)C1CCC(C)CC1,0.5217391304347826,CC1CCC(C(C)(C)O)CC1
CCC1=NC=COC1OCS,0.18421052631578946,CCc1ccncc1
CCCCCC(O)CC=O,0.9565217391304348,CCCCCCC(O)CC=O
CCOC(C)CCC(C)=O,0.46153846153846156,CCOC(C)CC(C)C
CC(C)SCO,0.375,CC(C)CO
C=C1CCC(C(=O)O)C1,0.38461538461538464,O=C(O)C1CCCCC1
CC(C)=CCCC(=O)CC(C)C,0.5428571428571428,CC(C)=CCCC(C)=CCOC(=O)CC(C)C
C=CCCCCC,0.9375,C=CCCCCCC
CSNc1ccccc1,0.45,c1ccc(Nc2ccccc2)cc1
CC(O)CC(C)CC(C)(C)C,0.42857142857142855,CC(C)CC(C)O
CCCCCCOCCCC,1.0,CCCCCCCOCCCC
CCCCCC(=O)C(C)C,0.5454545454545454,CCCCCC(=O)CCCCC
CC1CC(O)CC1=O,0.43333333333333335,CC1CC2C(CC1=O)C(C)(C)CCC2(C)C
CC1=CC(C)CCC1,0.4827586206896552,C=C(C)C1C=C(C)CCC1
CC1=C(OC(C)C)CC(CO)=CC1,0.2631578947368421,CC(C)c1ccc(CO)cc1
C=C=NC(C)C,0.25,CCC(C)N=C=S
CC1COC(C)(C)C1,0.28125,CC=CC1OC(C)CC(C)(C)O1
CCCC(OC)c1ccccc1,0.6071428571428571,COC(CO)c1ccccc1
C=CCc1ccc(C)cc1,0.6086956521739131,Cc1ccc(CC=O)cc1
CC1CCCC1CS,0.28125,CC1CCCC(C)(C)C1CO
CC(C)C(=O)OC1C(C)CCCC1C,0.5333333333333333,CC(C)C(=O)OC1CCCCC1
CCC1CCC(OC)C(OC)C1,0.37037037037037035,CCC1CCC(O)CC1
C=C(CN)CCCCCCCCC=S,0.30303030303030304,C=CCCCCCCCCC(=O)O
CCc1ccccc1,1.0,CCc1ccccc1
CCC(C)c1ccccc1OC,0.5,COc1ccccc1OC
CCCCCC(C(C)=O)C(S)CCC,0.46875,CCCCCC(CO)C(C)=O
CCCCCC(C=O)CC(C)C(C)C,0.6296296296296297,CCCCCCCC(C=O)CCCCC
CC(C)C(C)CCC1=CCCC1,0.3783783783783784,COC(=O)CC1=CCCC1
OC1COC2=C(OOCC2)S1,0.19444444444444445,OC1CCCCO1
CCCC=CCNC(=O)C(C)CC,0.3939393939393939,CCCC=CCCC(C)=O
CCCCCCCC(O)Cc1ccccc1,0.9629629629629629,CCCCCC(O)Cc1ccccc1
CCCCCC=C=N,0.43478260869565216,CCCCCC=O
CCC=C(S)C(C)=O,0.39285714285714285,CCC=C(C)C(=O)OCC
CCCCCCCCC(=O)CCCCC,1.0,CCCCCCC(=O)CCCCCC
C=CCCCC,0.7647058823529411,C=CCCCCCC
COC(O)c1ccccn1,0.37142857142857144,CC(C)CCc1ccccn1
CCCC(=O)C(C)CS,0.4444444444444444,CCCC(=O)C(O)CCC
C=C(CCCCCCCCCCC)OCC(C)C,0.6129032258064516,CCCCCCC(=O)OCC(C)C
CCCCCCCCC(CCC)CSC,0.4230769230769231,CCCCCCCCCC(O)O
CCCCC(C)c1ccccc1C,0.42424242424242425,CCCCC(O)c1ccccc1
CCCC(O)C(CC)Cc1ccccc1,0.6129032258064516,CCCC(O)Cc1ccccc1
C=C(CC)c1ccccc1,0.52,CCC(=O)c1ccccc1
C=C(C)CC(C)OC(C)C(C)C,0.3142857142857143,C=C(C)CCCC(C)OC(C)=O
C=CCSCSCCC,0.52,C=CCSSCCC
CCCC(C)C(C)C(C)S,0.3181818181818182,CCCC(O)CCC
CCOC(=O)CO,1.0,CCOC(=O)CO
CCC1=CCC=C1C,0.27586206896551724,CCc1c(C)c[nH]c1C
CC1CCCC(C)COC(C)(C)CCC1,0.34285714285714286,CC1CCCCCCCCCCCC(=O)OC1
CC1=CC(CC(C)(C)CS)=CCC1,0.2391304347826087,CC(C)=C1C/C=C(\C)CC/C=C(\C)CC1=O
C=CCCC,0.5555555555555556,C=CCCCCCC
CCCCC(O)CCC1CCCCC1,0.5,CCC(=O)O.CCCCCC1CCCCC1
CC(C)C1=CC=C(O)CC1,0.56,CC1=CC=C(C(C)C)CC1
CCC1C=CC(COC(O)Cc2ccccc2)=CC1,0.5,OC(Cc1ccccc1)OCc1ccccc1
C=C1CC2CCC1(C)C2(C)C,0.5925925925925926,CC12CCC(CC1=O)C2(C)C
CC1CC(=O)C(C)(C)C12CCCCCC2,0.38235294117647056,CC1CCCCCC(=O)C1(C)C
CC(=O)C1CCC(=O)C1,0.4230769230769231,CC(=O)C1CCCCC1
CC1=NC=COC1,0.25,Cc1cnc(C)cn1
CCOC(=O)C1=CC(OC)=C(O)CC1,0.4,CCOC(=O)c1ccc(OC)cc1
CCC1C=CC=C(NC)C1CC,0.18604651162790697,CCC1C(=O)OC2CCCCC21
CCCCCCCCCC(=O)CCC(C)C,0.6956521739130435,CCCCCCC(=O)CCCCCC
CC(C)=CCCC(C)CCCCO,0.7307692307692307,CC(C)=CCC[C@H](C)CCO
CCCCCCCCCCC(C)C,0.6,CCCCCCCC(C)O
CCCCCCC1CNC(CC)C1,0.4117647058823529,CCCCCCCC1CCC(O)CC1
C=C1CCCC(C)(C)C1CSC(C)=O,0.6153846153846154,C=C1CCCC(C)(C)C1CCC(C)=O
CCCC(C)CCCc1ccccc1,0.6666666666666666,CC(CO)CCCc1ccccc1
CCCCCC(=O)C1C=CC=C1,0.46153846153846156,CCCCCC(=O)CCCCC
CC(O)CCCCCC(O)S,0.5909090909090909,CCCCCCCC(C)O
CCC1=CC(C)C(C)=C1,0.22580645161290322,CCc1ccc(CC=O)cc1
CCC1CCC(C(C)=O)CC1,0.5384615384615384,CC(=O)O.CCC1CCCCC1
CCCCCC(O)CCOC,0.56,CCCCCC(O)CC
CCC(C=O)CCN,0.6,CCC(C=O)CC
C=CCCC(C)CCCC(C)C=C,0.42857142857142855,CC(C)=CCCC(C)CCCC(C)C=O
C=C(C)C(O)CCCCC,0.5652173913043478,CCCCCCCCCC(O)O
CSC(O)CCC1CCCC=C1C(C)(C)C,0.3018867924528302,CCCCC(O)C1=CCCCC1C(=O)O
C=CC(C)CC,0.47368421052631576,CCC(C)C=O
CC1=CCCN=C1C,0.2608695652173913,Cc1cnc(C)cn1
CCC(C)C1OCCC1C,0.2972972972972973,CCC(C)C1CCCCC1=O
CC(C)C1C=CC(CC=N)=CC1,0.5151515151515151,CC1=CCC(C(C)C)C=C1
CCCC1CCCC(C)O1,0.36363636363636365,CCCC1CCC(=O)O1
CC(CCO)CCO,0.6875,CCC(C)CCO
CCCC(C)COCCCCCCCCS,0.4838709677419355,CCCCCCCOCC(C)C
CCCC(O)C=C(C)CCC=C(C)O,0.41935483870967744,CCCCCC=C(C)O
CCCC(C)CC(C)C,0.35,CC(C)CC(C)O
CCCCCC=CCCCC=CC=O,0.9047619047619048,CCCCCC=CC=O
CC(C)C(C)C,0.375,CC(C)O
CCC(C)(C)OC,0.4090909090909091,CCC(C)(C)OC(C)=O
C=C(NC)C(C)CS,0.23529411764705882,C=C(C)C(=O)OCCC(C)C
CC1CC1,0.4666666666666667,CC1CCC(C(C)C)CC1
CCCCC(C)OC1=CC=CCC1,0.3,CCCCC(C)OC(=O)c1ccco1
CCCCCCCC(=O)C(CC)CC,0.5416666666666666,CCCCCCC(=O)CCCCCC
COC1=CC(C2CCC(C)C2)C=CC1O,0.2682926829268293,CC1CCC(C(C)C)C(O)C1
CC(C)CC(=O)C1CC=CCC1N,0.3333333333333333,CC(C)CC(=O)CC(C)C
CCCC(O)CC1C(C)CCC(C)C1C,0.4074074074074074,CCCC(O)CCC
CCCCC(C)C,0.47368421052631576,CC(C)CCCC(C)O
CC1CC(C)SC(C)O1,0.2413793103448276,CC1CCC(=O)O1
CCC1CCC2=NC=CNC21,0.21951219512195122,CCC1CCC(=O)O1
C=CC(C)(C)CCCC(C)CC,0.5925925925925926,CCC(C)CCCC(C)(C)O
C=CCCC(C)c1ccccc1,0.5517241379310345,CC(CCO)c1ccccc1
CCCCCC(C)OCCc1ccccc1,0.6,CCCOC(C)OCCc1ccccc1
CCCC(=O)CCC1(C)CCC(C)C1,0.4,CCCC(=O)CCC
CCCC(O)c1ccccc1C,0.4375,CCCCC(O)c1ccccc1
CCCC(=O)CC(C)CC1C=CCC=C1,0.34375,CCCC(=O)CCC
CCC(C)OO,0.47368421052631576,CCOC(C)CC
CCCC(C)CC(C)c1ccccc1,0.5,CC(CCO)c1ccccc1
CCCC(C)C(=N)O,0.5454545454545454,CCCC(C)C(=O)O
CC(C)CC(C)CC(C)C,0.4666666666666667,CC(C)CC(C)O
Cc1ccc[nH]1,0.3157894736842105,Cc1ccccc1C
CC(C)CCC1CCC(C)(C)C23CC4CC2C13C4(C)C,0.26666666666666666,CC1(C)[C@@H]2CC[C@]1(C)[C@H](O)C2
CSCCC(C)O,0.45,CC(O)CCO
CCCC(C)CCS,0.4117647058823529,CCCS
C=C(C)OC1CC(C)CC(C)(C)C1,0.6774193548387096,CC(=O)OC1CC(C)CC(C)(C)C1
COC1C=C(C)CC1C,0.3783783783783784,CC(=O)C(C)=CC1C(C)C=C(C)CC1C
CC(=O)CCC1CCCC(C)C1(C)C,0.5,C=C1CCC(C)C(C)(C)C1CCC(C)=O
CC1CC(C)(C)C(O)C2(C)CC12,0.3055555555555556,CC1(C)CC2C3CCCC(C)(C3O)C2C1
CCC(S)CCC(O)C1=C(C)CC=CC1,0.2564102564102564,CCC(O)c1ccccc1
CCCCCCC(=O)Cc1ccccc1,0.5833333333333334,CCCCCCCCCCCC(=O)OCc1ccccc1
CCC(C)OC,0.5,CCOC(C)CC
C=CC(C)(C)C=CC1=C(C)CCCC1(C)C,0.5405405405405406,CC1=C(C=CC=O)C(C)(C)CCC1
CC1=CC(=O)CC(C)(C)C12C=CC(C)C2,0.34210526315789475,CC1=CC(=O)CC(C)(C)C1
CC(C)(O)Oc1ccccc1,0.4583333333333333,CC(C)(O)c1ccccc1
CCC(C)C(=O)CC1CC2C=CC1(C)C2(C)C,0.28205128205128205,CCC(C)C(=O)O
C=C(C)C1CCC2CC(=O)CN(C)C2(C)C1,0.37209302325581395,C=C(C)C1CCC(C)C(=O)C1
C=C(CCCCC)CCC(C)CCC,0.3870967741935484,CCCCCCCCCC(C)CO
CC1=CC(C)C(C)=C1,0.23076923076923078,CC(=O)C=CC1C(C)=CC(C)CC1(C)C
CCCCCCCCCCC(=O)CCC,1.0,CCCCCCCC(=O)CCC
COc1nc(C)ccc1C,0.375,Cc1cccc(C)n1
CC(O)CCN,0.5,CC(O)CCO
CC1(C)CCCC(C)(O)C1O,0.34782608695652173,CC1(O)CCCC1
CCC1CCC(C)CO1,0.4782608695652174,CCC1CCC(CC)O1
CC=C(C=O)COC,0.391304347826087,COCC(=O)O
C=C(C)OCCC(=O)c1ccccc1,0.53125,CCCC(=O)c1ccccc1
CC(=O)C1CCC(C)CC1=O,0.6785714285714286,C=C(C)C1CCC(C)CC1=O
CCCCC(=O)CCC,0.875,CCCCC(=O)CCCC
CCCC(O)CCN,0.7058823529411765,CCCC(O)CCC
CC(=O)C1CC(C)C=C1C,0.375,CC(=O)C=CC1C(C)=CC(C)CC1(C)C
CC(C)C(C)C(C)O,0.4166666666666667,CC(C)O
COCCCCC1CCCC(C)O1,0.3333333333333333,CCCCCCCC1CCCO1
OCC1C=CCCC1,0.45161290322580644,CC(C)(CO)C1C=CCCC1
CC1CCC(O)C1,0.44,CC1CCC(C(C)C)C(O)C1
CC1CCC2(O1)C(C)C=CCC2(C)C,0.21951219512195122,CCC1CCC(C)(O)O1
CCCC(=O)OC(C)(CCC)CCC,0.46153846153846156,CCCC(=O)OC
CCN(C)c1ccc(C)cc1,0.34615384615384615,Cc1ccc(C=O)cc1
C=C(C)C1C2CC(C)(C(C(=O)OC)O2)C1C,0.3333333333333333,C=C(C)C1CCC(C)C(C(=O)OC)C1
CCC1CC=CC1,0.36363636363636365,CCC1CCC(O)CC1
CCCC(C)C(CC)Cc1ccccc1,0.53125,CCCC(O)Cc1ccccc1
C=CC(CC)CCCC,0.5833333333333334,CCCCC(C=O)CC
CC1CCCCCCCCCCCCCCC1,0.5238095238095238,CC1CCCCCCCCCCC(=O)CC1
CC(=O)OC1=CCC(CCC(C)C)C=C1,0.45652173913043476,CC(=O)OCC1C=CC(C(C)C)=CC1
CC1CCC(O)C1O,0.38461538461538464,CC1CC(C(C)(C)C)CCC1O
C=CC(C)NCCC(C)CCCC(C)S,0.3333333333333333,CC(S)CCCN
CCC=CCC=CCCCCCCCCCCC(C)N,0.3870967741935484,CCC=CCCCO
C=CCC1=CC(C2CC(CCC)CC=C2O)C(C)CC1,0.26666666666666666,C=CCC1C(=O)C(=C(C)C)CCC1C
CCCC=C(C)CCC=C(C)C,0.7619047619047619,CC(C)=CCC/C(C)=C/CC/C(C)=C/CC/C=C(\C)CC/C=C(\C)CCC=C(C)C
C=C(CC)CCCC(C)(C)CC,0.6538461538461539,C=C(CC)CCCC(C)(C)O
CC1COC(c2ccc3c(c2)NCC3)O1,0.475,CC1COC(c2ccccc2)O1
C=C(CC)CCCC,0.5416666666666666,C=C(CC)CCCC(C)(C)O
C=CC1=CC=CCC1,0.2413793103448276,O=C1CC=CCC1
CCc1ccoc1CC,0.5357142857142857,CCc1occc(=O)c1O
C=C1CC(C)CO1,0.3125,CC1CCCCCCCCCCCC(=O)OC1
CCC1=NC(CC)C=C1,0.23529411764705882,CCc1ccncc1C
CCCCCCCCCCCCCC1CCCC(C)O1,0.5625,CCCCCCCC1CCCO1
CC(C)=CCCCO,0.48,CC(C)=CCC[C@H](C)CCO
C=C(CCCCCCCC)OCCO,0.4375,CCCCCCCCCCCCCC(=O)OCCCC
CC(C)CC=CCCC1C=CC=CC1,0.2857142857142857,CC(C)CC=CO
CCC(OC(C)O)C1=CCC(OC(C)=O)CC1,0.40425531914893614,CCC(C)C1CCC(OC(C)=O)CC1
CCC(=O)C1=C(CCCCc2ccccc2)CCC=C1,0.41304347826086957,CCC(=O)OCCCc1ccccc1
C=CC=CCCCCCCC,0.782608695652174,C=CC=CC=CCCCCC
CCOc1ccccc1CC,0.5555555555555556,CCOc1ccccc1O
COC1COC=CC1CO,0.23684210526315788,CC1(C)OCC(CO)O1
CCNC(=O)CCc1ccccc1C,0.48484848484848486,Cc1ccccc1CCO
CCC(=O)c1ccccc1NCCCCCCCCO,0.4146341463414634,CCC(=O)c1ccccc1OC
C=C(CCOC)c1cnccc1N,0.27906976744186046,COC(=O)c1ccccc1N
Cc1cccn1CCc1ccoc1O,0.2682926829268293,Cc1occc(=O)c1O
OC1CCCCO1,1.0,OC1CCCCO1
CCCC1CCCC(C)(CC(C)C)C1,0.26,CCC(C=O)CCC1C(C)CCCC1(C)C
CC1C=CC(C(C)C)CS1,0.30303030303030304,CC1=CCC(C(C)C)C=C1
C=C(C)CCC(C)CCC,0.5,C=C(C)CCC[C@H](C)CCO
COC(O)C(C)(O)O,0.3888888888888889,CC(C)(O)C(C)(C)O.COC
C=CC1CCCC(CCCC(C)C)C1,0.41025641025641024,CC(C)CCCC1CCC(=O)CC1
CC(C)CCCC(C)OCOC=O,0.4827586206896552,CC(C)CCOC=O
CCCCCC1C=CC=C1,0.3684210526315789,CCCCCCC
CCC=C(C)C(C)CCCCC,0.4827586206896552,CCCCCC(C)C(=O)O
CCCCCC(O)CCCCC,0.7777777777777778,CCCCCC(O)CC
C=CCCC1C=CCC1,0.3548387096774194,C=CC1CC=CCC1
CCCC(O)C(=O)OCC,0.5769230769230769,CCOC(=O)CC(O)C(=O)OCC
CCCCC(CC)C(O)CCC,0.5,CCCCC(O)CC
C=CCCOCC(C)C,0.42857142857142855,CCCCCCCOCC(C)C
CC1CCC(c2ccccc2)S1,0.35294117647058826,CC1COC(c2ccccc2)O1
CCSC1=CCC=C1C,0.21875,CCc1c(C)c[nH]c1C
C=CC1C=C(CC)C(O)=C(OC)C1,0.2765957446808511,C=CCc1ccc(O)c(OC)c1
CC(C)(C)C,0.42857142857142855,CC(C)(C)O
C=CCOCOOOCCCC,0.3793103448275862,CCCCOCOCCCC
CCCC1=CC(OC)C(OC)C(CC)C1,0.2222222222222222,CCCc1ccc(CC(C)C=O)cc1
C=CC(CCCC)Cc1ccccc1,0.6285714285714286,CCCCCC(C=O)Cc1ccccc1
C=C(CCCCC)CC(C)C,0.40625,CCCCCC(=O)OCC(C)C
C1CCC2OCCCC2C1,0.38095238095238093,C1CCCCCCCC2OC2CCCCCC1
CC1C=CC(c2ccccc2)CC1,0.34285714285714286,CC1COC(c2ccccc2)O1
CCc1ccc(C2CCc3ccc(O)cc3C2)cc1O,0.3023255813953488,CCc1ccccc1O
CC(C)=CC1CCCC(C)C1,0.4375,CC(C)=CC1CC(C)CCO1
CCOC1=CC=C(C)CC1,0.36666666666666664,CC1=CC=C(C(C)C)CC1
CCCCCC(O)OCC,0.5833333333333334,CCCCCC(OCC)OCC
CCCc1ccc(CC)cc1,0.6,CCCc1ccccc1
COC1CC(C)=CC1C,0.34210526315789475,CC(=O)C(C)=CC1C(C)C=C(C)CC1C
CC1=C(C)C(O)C(C)C=C1,0.26666666666666666,CC1C=CC(=O)O1
CCC1=CC=C(O)CC1,0.2857142857142857,CCc1ccc(O)cc1
CCC(O)CCCCCOC,0.6,CCCCCCC(O)CC
CC1=COC(C(C)C)CC1,0.40625,CC1=CCC(C(C)C)CC1
CC(C)C1=CCCC(CCO)=C1,0.3684210526315789,CC(C)C1=CCC(CO)C=C1
COc1ccc(C(=O)CCO)cc1,0.5517241379310345,COc1ccc(C(C)=O)cc1
CCCC1CCCC=C1CC,0.3333333333333333,CCCC1CCOC1=O
CC(C)C1CC2C(C)CC1CC2CO,0.2972972972972973,CC1CCC(C(C)C)C(O)C1
CC1=C(O)C(O)CC1C,0.28125,CC(C)=C1CCC(C)CC1O
CC1=CC(C)=C(N)C(C)C1,0.3142857142857143,CCCC1CC(=O)C=C(C)C1
CC(C)C1=CC(O)C(C)CC1,0.30303030303030304,CC1=CC=C(C(C)C)CC1
CCCCCSCCCCCC=O,0.7272727272727273,CCCCCCCC=O
CCCC1CCOC1,0.34375,CCCC1CCOC1=O
C=CC=CCNCCCCCC,0.4375,C=CC=CC=CCCCCC
CC1CCCC2=C1C=CCC2,0.30303030303030304,CC1CCCCC1=O
CC1CCOC(C)C1C,0.2916666666666667,CC1OCCCCCO1
CCCC(C)CCCC(C)(C)C,0.48148148148148145,CCC(C)CCCC(C)(C)O
Cc1cccc(CC(C)C)c1,0.4166666666666667,CCC(=O)OCc1cccc(C)c1
CCC(CC)CC(C)CCCC(C)C,0.5185185185185185,COC(CC(C)CCCC(C)C)OC
C=C(C=CC)OCCC=CCC,0.625,C/C=C/C(=O)OCC/C=C\CC
C=Cc1cc(CC)c(C)c(OC)c1,0.43243243243243246,C=Cc1ccc(O)c(OC)c1
CC1CCCC(C)(C)CC1=O,0.4642857142857143,CC1CCCCC1=O
C=CCCOC(C)CCCC(C)C,0.38235294117647056,CC(=O)OC(C)CCCC(C)C
CC(C)=CCCC(=O)C(C)C,0.5833333333333334,CC(=O)CCC=C(C)C
CCCCCCCC1CCCC1O,1.0,CCCCCCCC1CCCC1O
CCCC(C)CC(C)C1CCCCC1,0.5,CC(CO)C1CCCCC1
CCC(C)CCCC(C)C,0.5416666666666666,CCC(C)CCCC(C)C=O
CC(O)CCCOc1ccccc1,0.5294117647058824,CC(C)C(=O)OCCOc1ccccc1
CCC(C)CCC=C(C)C,0.6666666666666666,CCC(O)CC(C)CCC=C(C)C
CC1CCNC1,0.25,CC1CCC(C(C)C)CC1
CC1CCCC1CCCCCCS,0.4117647058823529,CCCCCCCC1CCCC1O
CC(C)C1C=CC(CO)CC1,0.37142857142857144,CC(C)C1=CCC(CO)C=C1
COS1=CCC(C)C=C1,0.1951219512195122,CC=CC1=CCC(OC)C=C1
CC1CCC=C2C=CC=CC21,0.21052631578947367,CC1=CCC(C(C)C)C=C1
CC(O)CC(C)C(O)O,0.5294117647058824,CC(C)CC(C)O
C=C(C)C(=O)CCCCC,0.6521739130434783,CCCCCC(=O)C(C)=O
CC1CCC=C1O,0.3125,CC(=O)C1=CCC(C)CC1
C=COCC(=O)c1ccccc1,0.47058823529411764,C=CCOC(=O)c1ccccc1
Cc1ccccc1C(=O)CCCCCCCCCO,0.42857142857142855,Cc1ccccc1C(=O)c1ccccc1
CC(C)C1CC=C2C=CCCC2C1,0.3783783783783784,CC1=CCC(C(C)C)CC1
CC(N)OC1(C)OCCC(C)(C)C12COC(C)C2,0.19230769230769232,CC(=O)OC1CC(C)CC(C)(C)C1
CC(O)CCC(OC(C)C)c1ccccc1,0.4864864864864865,CC(=O)OC(CCC(C)C)c1ccccc1
C=C(CC(C)C)OCCC=CCC,0.48484848484848486,CC/C=C\CCOC(C)=O
CCCCCCC1CCSC1,0.4838709677419355,CCCCCCCC1CCC(O)CC1
CCCCNC(O)CCCC,0.4583333333333333,CCCCC(O)CC
C1CCOC1,1.0,C1CCOC1
CCCC1=CC(C)C(C)=C1,0.26666666666666666,CCCc1ccccc1
CCC(C)C1CCCCC1(CC)CC(C)O,0.3023255813953488,CCC(C)C1CCCCC1=O
C=C1CCCC(CCCC)O1,0.6363636363636364,CCCCC1CCCC(=O)O1
CC(=O)C1=CC=CC1,0.41379310344827586,CC(=O)C1=CCC(=C(C)C)C1
CC1C(C)(C)C2CCC3C=CC=CC3C2C1(C)C,0.30952380952380953,C[C@H]1CC[C@H]2[C@@H]1C1C(CC[C@@]2(C)O)C1(C)C
CC1CC=CCCCCCCCCC(C)C1,0.29411764705882354,CC1CCCCCCCCCCCCC(=O)C1
CC1CCC2(C1)C(C)CCCC2(C)O,0.3225806451612903,CC1(C)CCCCC1(C)O
C=C(CC)C(CC)CC,0.38095238095238093,CCC(CC)C(=O)O
CC(O)CC(C)CCc1ccccc1,0.7037037037037037,CC(O)CCc1ccccc1
OC1C=CCCCC1,0.34375,CC(C)(CO)C1C=CCCC1
CCCCCCC(C)CCCC(C)C,0.5833333333333334,CCCCCCCCCC(C)CO
CCCc1cc(CC)c(C)c(CC)c1,0.38461538461538464,CCCc1ccccc1
CC1CCCC(C)CCC(C(C)C)CC1,0.8333333333333334,CC1CCC(C(C)C)CC1
O=C(OCC1C=CC=CC1)C1=C(O)CC=CC1,0.3137254901960784,CC(=O)OCC1C=CC(C(C)C)=CC1
CCC1C=CCOC1O,0.3448275862068966,CCC1CCC(O)CC1
C=CC(O)CS,0.4,C=CC(O)CCCCC
CC1CC=C(C(C)(C)C)CC1,0.4375,CC(=O)C1=CCC(C)CC1
CC1=CC(C(C)O)CC(C)O1,0.24324324324324326,CC1=C(O)C(=O)C(C)O1
CC(O)C1C(C)OC(C)C1O,0.23809523809523808,CC(C)O
CCCC(C)CC(C)Cc1ccccc1,0.5483870967741935,CCCC(O)Cc1ccccc1
CCC(CC)CC(C)OCCC(C)C,0.48,CC(C)CCOC(C)OCCC(C)C
CCOCC1=CC(C)CC1,0.3333333333333333,CCOCc1ccccc1
CCC(C)=CCCC(C)(O)CC,0.72,CCC(C)(O)CCC=C(C)C
C=CCCCCCC(C)CCC,0.56,C=CCCCCCC
CC1=CCC2(C)CC1C2(C)C,0.375,CC1=CCC2CC1C2(C)C
OC1=CCCCC1O,0.2682926829268293,CCCCC(=O)C1CCCC=C1C(=O)O
CCCCCCCCC1CCC(=S)O1,0.6363636363636364,CCCCCCC1CCC(=O)O1
C=C(C)CCc1ccccc1,0.6153846153846154,CC(=O)CCc1ccccc1
C=C(CC)OCCCCCCC(C)C,0.5483870967741935,CC(=O)OCCCCCCCC(C)C
CCCCC(C)CCCC(C)C,0.52,CC(C)CCCC(C)CCCC(C)C=O
CCc1cc(C)cc(OC)c1O,0.4375,COc1cc(C)ccc1O
CCC(C)N1CCCC1,0.2857142857142857,CCC(C)O
C=CC(C)(CCCC(C)C)CC(C)CCC,0.4864864864864865,C=CC(C)(O)CCCC(C)CCCC(C)CCCC(C)C
CC1=CC(C)=C(C(C)C)C1,0.3103448275862069,CC1=CCC(C(C)C)=CC1
CCC1CC(CCC(C)CCSC2CCC(NC)C(OC)C2)=CC=C1OC,0.16923076923076924,CC(CCO)CCc1ccccc1
CCCNC(=O)C(C)CC,0.4444444444444444,CCC(C)C(=O)OC
CCCC1(C(C)(C)C)C=CC(C)C1,0.23684210526315788,CCCC1(CCC)Oc2ccccc2O1
C=CSCC(O)C1=C(N)CCC=C1,0.21568627450980393,C=CC(=O)OCC(O)c1ccccc1
CCC(C)CC(CC)CSC,0.3076923076923077,CCC(C)CCO
CC(C)CC1CCCC1,0.36666666666666664,CC(C)OC(=O)CC1CCCCC1
C1=CC2CCCCC2CC1,0.3333333333333333,C1CCC(C2CCCCC2)CC1
CCCCOCCC(C)CCC,0.5,CCCCCCCOCCCC
CCCCCC1=C(C)CCC1C,0.4,CCCCCC1=C(C)CCC1=O
CC(C)C1CCCNN1,0.25806451612903225,CC(C)C1CCCCC1.CCO
CCC(CCC(C)C)CCC(C)C,0.5,CCC(O)CCC(C)C
CC(C)C(O)CCC1C(C)CCCC1(C)C,0.5476190476190477,CCC(C=O)CCC1C(C)CCCC1(C)C
C=C1CCCC(CCCCCCCCC)O1,0.6571428571428571,CCCCCCCC1CCCC(=O)O1
CCCC(C)C(C)O,0.5,CCCC(O)CCC
CC1CCC(S)CC1,0.4,CC1CCC(C(C)C)CC1
Cc1cc2c(o1)=CCCC=2,0.20833333333333334,Cc1cc(C)cc(C)c1
CCCCCCCC(=O)CCC(C)C,0.6956521739130435,CCCCCCC(=O)CCCCCC
CCc1cccc(OC)c1O,0.6774193548387096,CCCCc1cccc(OC)c1O
C=C(C)CC(C)CCC,0.36666666666666664,C=C(C)CCC[C@H](C)CCO
CC(=O)C1=CCCO1,0.3142857142857143,CC(=O)c1ccc2c(c1)OCO2
CCCCCC1C=C(C)SC1,0.3157894736842105,CCCCCCC1CCC(=O)CC1
CC(O)CCO,1.0,CC(O)CCO
C=C(C)C(O)CCC,0.45,CCCC(O)CCC
CC(C)CCCCCCCC(C)C,0.5294117647058824,CC(C)CCCC(C)O
CCOCCCCC(C)OCC,0.46153846153846156,CCCCCCCCCCOCC
CCCC1C=C(CC)C(C)C(CC)=C1,0.24324324324324326,CCCC1CC(=O)C=C(C)C1
CCOCOC(C)C(C)C,0.47368421052631576,CCOCOCC
CC1=CC(C(C)C)=CC1C,0.2857142857142857,CC(C)C1=CCC(CO)C=C1
CCCC1(C(C)(C)C)CCC(C)C1,0.23684210526315788,CCC(C)(C)C1CCC(=O)CC1
COC=CCC1C=CCC1C,0.2857142857142857,CCCCC=COC
CC(C)C1CC2CC(C=O)C1CC2C,0.325,CC1CCC(C(C)C)C(OC=O)C1
COC(O)C(C)C,0.35714285714285715,CC(C)O
C=C(CC)C(S)CC,0.2857142857142857,CCC(C)O
C=C(CCCC)OCc1ccco1,0.5263157894736842,CC(=O)OCc1ccco1
CC(C)C(C)SC(C)C(C)C,0.23076923076923078,CC(C)O
CC(C)=CCCC(=O)C=C(C)C,0.6086956521739131,CC(=O)CCC=C(C)C
CC1CCC(O)C(O)C1S,0.3333333333333333,CC1CC(C(C)(C)C)CCC1O
CC=CC1CC=C(NCC)C(OC)C1,0.2708333333333333,CC=CC1=CCC(OC)C=C1
CCCCCCCSCCCC,0.8,CCCCSCCCC
CC(C)(C)C1=CCC(C=O)CC1,0.5666666666666667,CC1=CCC(C=O)CC1
C=C(COCCC)C(C)=O,0.4074074074074074,CCCOC(C)=O
CCC=CCC(CCC)CCC,0.3793103448275862,CCC=CCCOC(CC=CCC)OCCC=CCC
C=C(CC)C1=CCC=C1,0.23076923076923078,CC(C)C1=CCC(CO)C=C1
C=C(O)CCCCCC,0.5454545454545454,CCCCCCCC(=O)O
CC(=O)CC(CC(C)C)CC(C)O,0.5,CC(=O)CC(C)C
CC12C=CC(C1)C(C)(C)C2O,0.30303030303030304,CC1(C)[C@H]2CC[C@](C)(C2)[C@H]1O
CCC1CCCO1,1.0,CCC1CCCO1
CCC=CCCCCCCC(C)=O,0.5384615384615384,CCCCCCC(C)=O
OCCCCCC1C=CC=CN1,0.26666666666666666,CCCCCCCCO
CC(=O)C1=CC2C(C=C1C)C(C)(C)C(C)CC2(C)C,0.32653061224489793,CC(=O)C=CC1C(C)=CC(C)CC1(C)C
CCCC(C)C(C)(C)O,0.7142857142857143,CCCCC(C)C(C)(C)O
C=C(CCC)C(C)C(C)C,0.32142857142857145,CCCC(=O)OC(C)C
C=C(CCCC)C1C(C)CCCC1(C)C,0.42105263157894735,CC1CCCC(C)(C)C1CO
CCC(C)(C)COC,0.32,CCC(C)(C)OC(C)=O
CCCCCC(O)CCC(O)S,0.5833333333333334,CCCCCC(O)CC
CCC(=O)CCCC(C)C,0.7272727272727273,CCC(=O)CCC(C)C
CCC(=O)C=C(C)C,0.47368421052631576,CC(=O)C=C(C)C
CCCCCC(O)OCC(C)O,0.5833333333333334,CCCCCC(C)O
CCCCCCCCCC,1.0,CCCCCCC
CCSC1CC=CNC1C(C)S,0.19607843137254902,CCC(=O)C1CC(C(C)C)CC=C1C
CC(O)CC1(C)CCCC1C,0.3333333333333333,CC1CCCC(C)(C)C1CO
C=C(C)CC1(CC)CCCCC1,0.3,CC(=O)C1(O)CCCCC1
Cc1cocn1,0.35,Cc1cnc(C)cn1
CC=C(C)C(C)CCC1=CC=CCC1,0.22641509433962265,CC(C)=CC(=O)CC(C)C1=CC=C(C)CC1
CC1COCC(O)C1,0.2727272727272727,CC(C)=CC1CC(C)CCO1
CCC(CC)C(O)OCCC(C)CCCC(C)C,0.39473684210526316,COC(=O)CCC(C)CCCC(C)C
CC(=O)OC1=C(C)CC(C)C1,0.3333333333333333,CC(=O)Oc1ccc(C)cc1
COC1=CC(C)=COC1C,0.20588235294117646,COc1ccc(C)cc1OC
C=CCC1=CC=C(OC)CC1,0.37142857142857144,C=CCc1ccc(OC)cc1
CCCCC(CC(C)C)OCCC,0.4230769230769231,CCCOC(C)OCCC
CC=CC(O)CC,0.3684210526315789,CCC(C)O
CC1CC(C)C(C)S1,0.23333333333333334,C=C(C)C1CCC(C)C(O)C1
CCCCNCC,0.375,CCCCCCC
CCCCC1CCCC(C)O1,0.45714285714285713,CCCCC1CCCC(=O)O1
CC1COC(C)C1O,0.24242424242424243,CC(C)=CC1CC(C)CCO1
CCCc1ccccc1NCC,0.4166666666666667,CCNc1ccccc1C(=O)OCC
CC(C)CCCC(O)C(C)C,0.6,CC(C)CCCC(C)O
C=COCCc1ccccc1,1.0,C=COCCc1ccccc1
CC1CCCC(C)O1,0.3157894736842105,C1CCCCCCCC2OC2CCCCCC1
C=C1CC(C)CCC1C(C)C,0.5714285714285714,CC1CCC(C(C)C)C(=O)C1
C=CCCCCCCC,1.0,C=CCCCCCC
CCc1ccccc1C(=O)CCC(C)C,0.4146341463414634,CC(C)CCOC(=O)c1ccccc1O
CC1=CC(N)CC(C)(c2ccccc2)C1,0.34210526315789475,CC1=CC(O)CC(C)(C)C1
CCCC(CC)CCOC(C)O,0.34615384615384615,CCCC(O)CCC
C=CC(C)CCCC(C)O,0.56,C=CCCCC(C)O
CC(C)CCCC(=O)C(C)C,0.6086956521739131,CC(=O)CCCC(C)C
COC1C=CC(C(C)C)C=C1,0.21212121212121213,CC1=CCC(C(C)C)C=C1
O=CCCCC=CCCCO,0.5217391304347826,CCC=CCCCO
C=Cc1ccc(C)cc1C,0.6,Cc1ccc(C=O)c(C)c1
C1=COCC1,0.2,C1CO1
CCCC(=O)C(CC)CCC,0.56,CCCC(=O)C(O)CCC
CNCCC(C)Cc1ccccc1,0.5333333333333333,CC(CO)Cc1ccccc1
CCCCCCCCCN1C=CCC=C1C(=O)NC,0.3023255813953488,CCCCCCCCCN1CCCCC1
C=C=CCCCCC,0.4782608695652174,C=CCCCCCC
CCC(C)COCCCCC(C)C,0.4827586206896552,CCCCCCCOCC(C)C
CC(C)C1CC2CC(CN)C1CC2C,0.2631578947368421,CC1CCC(C(C)C)C(O)C1
CCCCCCC(C)OCC,0.625,CCCCCCC(OCC)OCC
CC(C)CCC=COC(C)C,0.3225806451612903,CC(C)CCOCCC=O
CCCCCCSCOCC(=O)CCCCCC,0.5,CCCCCCC(=O)CCCCCC
CCCC(=O)C(C)C(C)C,0.48,CCCC(=O)C(O)CCC
CC(O)C=O,0.5384615384615384,CC(C)C=O
C=CCOC(O)C(C)CC,0.40625,C=CCOC(=O)C(CC)CC
CC(=O)OC(C)CS,0.56,CC(=O)OCC(C)OC(C)=O
CCC(C)C(C)OCCCCOC,0.4230769230769231,CCCCCCOC
CC1CC(C)CC(C)C1,0.2777777777777778,CC1CCC(C(C)C)CC1
CCC1C=CCOC1C(C)=O,0.3055555555555556,CC(=O)O.CCC1CCCCC1
C=C(C=C(C)C)CCC=C(C)C,0.6666666666666666,C=CC(=C)CCC=C(C)C
CC(S)CC(C)OCCCc1ccccc1,0.5,COCCCc1ccccc1
CC1C=CC(O)C1,0.25,C1=CC2C=CC1C2
CC1C=CC(C(C)C)C1,0.3333333333333333,CC1=CCC(C(C)C)C=C1
Cc1ccc(CC(C)C)c(C)c1,0.5,Cc1ccc(CC=O)c(C)c1
C=CCOSC,0.42105263157894735,C=CCOCC=C
CCCCC(O)C1=CC=C(O)CC1,0.4,CCCCC(O)c1ccccc1
CCOC1CCCC1,0.65,CCOC1CCC(C)CC1
CC(C)C(C)CC1C(C)CCCC1(C)C,0.5625,CC1CCCC(C)(C)C1CO
CC(C)CCCCCC(C)C,0.5294117647058824,CC(C)CCCC(C)O
Cc1cc(O)c(C=O)cn1,0.4,COc1ccc(C=O)c(O)c1
C=C(C)OC(C)CCCCC,0.6206896551724138,CCCCCCCC(C)OC(C)=O
CCC(C)(C)CCC1SC(C)CCC1C(C)C,0.2619047619047619,CC1CCC(C(C)C)C(O)C1
CCCC(C)c1ccc(OC)cc1,0.5161290322580645,CCOC(OCC)c1ccc(OC)cc1
CC(C)C1=CC(O)CC=C1,0.38235294117647056,CC(C)C1=CCC(CO)C=C1
Cc1cccc2c1CCC=C2,0.3076923076923077,Cc1ccccc1C
C=CCCC(S)CC,0.35714285714285715,C=CCCCC(C)O
CCCc1ccccc1C(C)OCC,0.4166666666666667,CCOC(CCc1ccccc1)OCC
CCC=CCC,0.6153846153846154,CCC=CCO
CC(O)C1CCCC1,0.5454545454545454,CC(CO)C1CCCCC1
CCCCCC(C)CCC=Cc1ccccc1,0.45652173913043476,CCCCCC(/C=C/c1ccccc1)OC(C)=O
C=C(C)CCCc1ccccc1,0.5384615384615384,OCCCc1ccccc1
CC=CC=CCCC(O)C(C)C,0.37142857142857144,CC=CC=CCC(=O)OC(C)C
CCC(C)CC(C)SCCC(C)C,0.32142857142857145,CCC(C)CCO
C=C(CC)C1C=CC=CC1,0.23076923076923078,C=C(C)C1C=CC(C)C(=O)C1
CCCCOCCCCCCCCC(C)O,0.6666666666666666,CCCCCCCC(C)O
CCC(C)C1=C(OC)C=CCC1,0.25,CCC(C)c1ccc(OC(C)=O)cc1
CC(=O)CC(C)(C)Cc1ccccc1,0.5454545454545454,CC(=O)OC(C)(C)Cc1ccccc1
CC1=CCCC(CCS)C1,0.3409090909090909,CC1=CCCC(C(=O)CC(=O)CC(C)C)C1
CC(C)C1CCC(CS)CC1,0.5,CC(C)C1CCC(CC(C)C(C)O)CC1
CCOC(O)CC(C)C,0.5454545454545454,CCOC(C)CC(C)C
CC(C)CCCOOCCC(C)C,0.46153846153846156,CC(=O)OCCCC(C)C
C=C(O)CCCCCCCCCCCC,0.5454545454545454,CCCCCCCC(=O)O
CCc1cc(CO)cc(CC)c1O,0.35714285714285715,CCc1ccccc1O
CC1CCC(C(C)C)C(CCC(S)CO)C1,0.43243243243243246,CC1CCC(C(C)C)C(O)C1
C=CCCCOO,0.43478260869565216,C=CCCCCCCCCCO
CC=C(C)C(O)CCC=C(C)C,0.4482758620689655,CC(C)=CCC[C@H](C)CCO
CCCCCC(C)SCC,0.4583333333333333,CCCCCC(C)O
C=C(OCCC)C(C)(C)C,0.4166666666666667,CCCOC(=O)C(=O)OCCC
OCCC(O)C1C=CC(O)C(O)C1,0.25806451612903225,CC(O)CCO
CCC1(O)CCC(C)(CO)CC1,0.28,CC1(O)CCCC1
C=CCCOCO,0.4166666666666667,C=CCOCCO
CCC1=CC=C(OC)CC1,0.25,CCOc1ccc(OC)cc1
CC1CCC(C(C)S)C(CC(=O)CCC(C)C(C)C)C1,0.3541666666666667,CC1CCC(C(C)C)C(OC(=O)C(C)C)C1
C=COC(C)CC,0.4090909090909091,CCOC(C)CC
C=C(CCCC(C)C)CC1C=C(C)OCC1C(C)C,0.2727272727272727,CC(=O)CCCC(C)C
CC1=CCCCC1Cc1ccccc1,0.41025641025641024,O=C1OCCC1Cc1ccccc1
C=C(OCCC(C)CC)C(O)CC,0.4,C=C(C)CCCC(C)CCOC(=O)CC
CC1CCC2C1C1C(=CCC2(C)O)C1(C)C,0.4146341463414634,C[C@H]1CC[C@H]2[C@@H]1C1C(CC[C@@]2(C)O)C1(C)C
CCCC(C)C(C)C1CCCOC1,0.3055555555555556,CC(C)C1CCCCC1.CCO
CCC(O)c1ccc(C)o1,0.4666666666666667,CCC(O)c1ccco1
C=C(C)OC,0.42857142857142855,COC(C)=O
CCC(C)C1CCCCC1,0.6086956521739131,CC(CO)C1CCCCC1
CCCC(C)C(C)C(C)N,0.3181818181818182,CCCC(O)CCC
OOC1=CCCC(O)C1,0.2222222222222222,OC1CCCCC1
CCC(O)C1C(C)CCCC1(C)C,0.47058823529411764,CC1CCCC(C)(C)C1CO
CNC(O)COC,0.3181818181818182,COCCO
C=C(CCC=C(C)C)C1CCC(C=O)CC1,0.42424242424242425,C=C(C)CCC=C(C)C
CCCC(C)CCC,0.4375,CCCC(O)CCC
CCCCC1C=CC(C(C)(C)C)CC1,0.2972972972972973,CCCCCCCC1CCC(O)CC1
CC(O)C(O)Cc1ccccc1,0.75,CC(C)C(O)Cc1ccccc1
CCCNC(C)C(C)CC,0.2727272727272727,CCC(C)O
CCC(C)ONC(C)=O,0.39285714285714285,CCC(C)C(=O)OC
CC(C)CC(C)C,0.5384615384615384,CC(C)CC(C)O
C=C(C)CC(=O)CCCCC,0.6086956521739131,CCCCCC(=O)CCCCC
C=C(CCCC(C)C)C1CCC(C=O)OS1,0.3333333333333333,CC(=CC=O)CCCC(C)C
C=C1C2=CC3CC1CC(C2CC(C)C)C3C,0.21818181818181817,CC(C)CC1OC(=O)C2=CCCCC21
CC1CCCN1,0.23076923076923078,CC1CCCCC1=O
CCCCCCOC(C)C(C)(C)C,0.6,CCCCCCCOC(C)C
CC1=C(C(C)C)CC(C)C1,0.28125,CC1CCC(C(C)C)C(=O)C1
C=C(C)C(=O)OCCC,0.75,C=C(C)C(=O)OCCCC
CCCc1cccc(C(C)C)c1,0.48148148148148145,CCCc1ccccc1
CC=CC(C)C1C(C)CCCC1(C)C,0.4166666666666667,CC1CCCC(C)(C)C1C=O
CC1=C(C)CC2(CCCOC2)C(C)C1,0.20454545454545456,CC1CC2C(CC1=O)C(C)(C)CCC2(C)C
CCCC(O)C=CCCCOCC,0.3870967741935484,CCCCCCCCCCOCC
CCC=CCCOC(=O)CCC1C=CC=CC1,0.575,CC/C=C\CCOC(=O)CCC
CCC1CCC(O)C(CC)C1,0.48,CCC1CCC(O)CC1
CCCCCCC(C)C(C)CN,0.5185185185185185,CCCCCCCCCC(C)C(OC)OC
C=CCCCCCCCC,1.0,C=CCCCCCC
C=CCC1(O)C(C)(C)CC=CCC1(C)C,0.26666666666666666,CC1(C)CCCCC1(C)O
CCCCCCCCC(C)CCC,0.6363636363636364,CCCCCCCCCC(C)CO
CCCCCCCCC(C)C(C)=O,0.68,CCCCCCC(C)C(=O)O
C=CC(C)CCCC(C)(C)CC(=C)C,0.32558139534883723,C=C(C)CCCC(C)C=COC(C)=O
CC(C)CCCCCCCCC(C)O,0.8235294117647058,CC(C)CCCC(C)O
CCCCCC(C)CCCCC,0.65,CCCCCCCCCC(C)CO
CCC(C)(C)CC,0.46153846153846156,CCC(C)(C)O
CC(S)C(=O)CCC1C=CC=CC1,0.26,CC(=O)OCC1C=CC(C(C)C)=CC1
COC1CCCCC1CC1=CC1,0.2857142857142857,COC(=O)CC1CCCC2CCCCC21
CCC(CC)CC(C)C,0.3888888888888889,CC(C)CC(C)O
CCOC(C)C1(c2ccccc2)CC1(C)CC,0.375,CCOC(OCC)C(C)c1ccccc1
C=C1OC(CC)C(C)C1O,0.23529411764705882,CCC1CCC(O)O1
Cc1cocc1C,0.3125,Cc1ccccc1C
CCOC(O)C(C)C(C)CC,0.4166666666666667,CCOC(C)CC
CC1=CC=CN2C=CC=CC12,0.16666666666666666,CC1=COC(=O)C2C(C)CCC12
CCCCCC1C=CC(CC)=CC1,0.325,CC(C)C1=CCC(CO)C=C1
CC1CC(C)C2(CC(C)(C)CC(C)(O)C2)C1(C)C,0.23333333333333334,CC1(O)CCCC1
CCCCCC(=O)C(C)CCC,0.5,CCCC(C)C(=O)O
CC1CNC(C)N1,0.18181818181818182,CC1CCc2ccccc2N1
CCOC(C)C1(c2ccccc2)CC1CC,0.38461538461538464,CCOC(OCC)C(C)c1ccccc1
C=CCCCCc1ccccn1,0.5,CCCc1ccccn1
CCC1C=CCCC1C,0.32432432432432434,CCOC(=O)CC1C=CCC1
CCCC1CC(C(C)C)C=CC1C,0.2631578947368421,CC1=CCC(C(C)C)C=C1
CCCOCCCCCC=CC(C)=O,0.6666666666666666,CCCCCCC=CC(C)=O
CCCC(C)CC(O)CCC,0.5789473684210527,CCCC(O)CCC
CCSC(C)(C)CO,0.3,CCC(C)(C)O
CCCOC(C)CCC(C)O,0.4583333333333333,CCCOC(C)OCCC
CCCCCNC(=O)CCC,0.4444444444444444,CCCCCCCC(=O)CCC
C=C(O)CC,0.42857142857142855,CCC(=O)O
COC1C=CC(CO)CC1,0.2972972972972973,CC(C)C1=CCC(CO)C=C1
CC1=CC=CC(CO)C1,0.37142857142857144,CC(C)C1=CCC(CO)C=C1
CC(C)CCC(C)CCCC(C)S,0.4583333333333333,CC(S)CCCN
CC(C)CCCC(O)C1OC=COC1O,0.43333333333333335,CC(C)CCCC(C)O
CC1CCC(C)(c2ccccc2)C1,0.32558139534883723,CC1CC(C)(C)OC(C=Cc2ccccc2)O1
CCC1CC(C)CO1,0.375,CCC1CCC(CC)O1
CCCC(C)(CCC)c1ccccc1,0.4838709677419355,CCCCCCCCCC(C)(O)c1ccccc1
CC1=CCC(C)C=C1C(C)(C)C,0.2702702702702703,CC1=CCC(C(C)(C)O)CC1
C1CSSCSN1,0.14285714285714285,C1CCNC1
CC1=C(C)C2=CC=CCC2O1,0.32558139534883723,CC(C)/C=C1/OC(=O)C2=CC=CCC21
CCC(CO)c1ccccc1,0.5384615384615384,CCC(O)c1ccccc1
C=C(CCCCC)C(C)CCC,0.4074074074074074,CCCCCC(C)O
CCCC1=NCC=C1,0.27586206896551724,CCCc1ccccc1
CC1=CC(=O)CC(C)=C1,0.37037037037037035,CC1=CC(=O)CCCCCCCCCCCC1
CCCCC1C=CCC1,0.42857142857142855,CCOC(=O)CC1C=CCC1
CC1=CC2CCCC2=CO1,0.2894736842105263,C=C(C)C1C=C(C)CCC1
C=C(C)CCCC(C)(S)CC,0.375,C=C(CC)CCCC(C)(C)O
CC(C)CC=C(CS)C1C=CCC=C1,0.2571428571428571,CC(C)CC=CO
CC1CCC(C(C)(C)C)CC2C(C)CCC12,0.5,CC1CC(C(C)(C)C)CCC1O
OC1C=CC2CCOC2=C1,0.21428571428571427,O=C1OCCC1Cc1ccccc1
CCCC1C=CC(NC(C)=O)=C(OC)C1,0.2830188679245283,CC(=O)OCC1C=CC(C(C)C)=CC1
CCC(C)CC(C)(C)C,0.4782608695652174,CC(CC=O)CC(C)(C)C
CCCC(C)N(C)CCC,0.30434782608695654,CCCC(O)CCC
CC(C)C1CCC(C)C(O)C1=O,0.4838709677419355,CC1CCC(C(C)C)C(=O)C1
CCCC=CC(C)O,0.46153846153846156,CCC/C=C/C(OCC)OCC
CCCOCCCCO,0.6190476190476191,CCCCCCCOCCC
CCCCCC,0.875,CCCCCCC
CC1C=CC(CO)C(C)C1,0.2571428571428571,CC1CCCC(C)(C)C1CO
CCCC(C)CCCC(C)CCCC(C)CCCC(C)C,0.52,CC(C)CCCC(C)CCCC(C)C=O
CCCCCOCC,0.9375,CCCCCCCCCCOCC
CC1CCC(C(C)(C)CC(=O)C(C)C)CN1,0.27906976744186046,CC(O)CC(C)(C)C1CCCCC1
CCCCC(C)CC(C)CCC,0.44,CCCCCCCCCC(C)CO
Cc1ccccc1C(C)C,0.5,Cc1ccccc1C
C=CCCOSSCCC,0.4482758620689655,C=CCSSCCC
CC(C)=CCCC1CCCC(CO)C1,0.36666666666666664,OCC1CCCCC1
CCCC(CCCC(C)=O)CC(C)C,0.5714285714285714,CC(=O)CCCC(C)C
CC1C=COC1,0.21428571428571427,CC1C=CC(=O)O1
CC(C)CCC(C)O,0.6470588235294118,CC(C)CCCC(C)O
CC1CCCC1,0.47619047619047616,CC1CCCCCCCCCCC(=O)CC1
C=C(O)C(C)O,0.4666666666666667,CC(O)C(=O)O
COCCCC(C)C,0.48,CC(=O)OCCCC(C)C
C=C(C=CC(=O)CCC)CCC,0.52,C=CC(=O)CCC
COCCCC=CO,0.48,CCCCCCCCCCC=CO
CSCCC1=NCC=C1,0.22580645161290322,CSCCCO
CCC(CO)CO,0.5789473684210527,CCCCC(CC)CO
C=C(OSC)C(C)OC(O)CC,0.2857142857142857,CCC(C)O
CC1CCC(C(C)(C)OC(C)C)C(=O)C1,0.45714285714285713,CC1CCC(C(C)C)C(=O)C1
C=CCC(C)(O)C1C2=CCC(C2)C1(C)C,0.2978723404255319,CC1(C)C2CC=C(CO)C1C2
CC(C)=CCCC(C)CC1CC=C(C)O1,0.5121951219512195,CC(C)=CCCC(C)CC1OCCO1
CCOC(C)C=O,0.47368421052631576,CCOC(C)OCC
CC(C)CC1CCC(C)O1,0.40625,CC(C)CC1CCC(=O)O1
CC=C1CC2CC(CC(C)C)C1C2,0.23809523809523808,CC(C)CC1CCC(=O)O1
C=C(CCC)CCOC,0.36,CCCCCCOC
CC(O)CC1=CC(C)CCC1C(C)C,0.3157894736842105,CC1CCC(C(C)C)C(=O)C1
CCC1=C(C=O)CCC1,0.28125,CCc1ccccc1C=O
CC(C)C(C)CS,0.2692307692307692,CC(C)C(C)CCCCCCCCC=O
CCCCCCCC(C)CCC,0.6363636363636364,CCCCCCCCCC(C)CO
CCCCC(CC)CC(C)=O,0.6206896551724138,CCCCC(CC)CC(=O)OC
CCCC1CCCN1,0.2647058823529412,CCCC1CCC(=O)O1
CC(C)C(O)C(=O)O,0.6,O=C(O)C(O)C(O)C(=O)O
COC(C)CC(C)CCC=C(C)C,0.7241379310344828,COC(CC(C)CCC=C(C)C)OC
C=C(OCC)C(C)C,0.43478260869565216,CCOC(=O)C(C)C(=O)OCC
CCCCCCCC(O)O,1.0,CCCCCCCCCC(O)O
CC(O)C(C)c1ccccc1,0.6190476190476191,CC(O)c1ccccc1
COCCCCCCCC(O)S,0.44,CCCCCCOC
C=C(C)C1C=C(C(C)C)N=CC1,0.34210526315789475,C=C(C)C1C=C(C)CCC1
CC(C)CCCC(C)CSCC(O)C(C)C,0.42857142857142855,CC(C)CCCC(C)O
CC1CC=CCC1OCC1C=CC=C1,0.24324324324324326,CC1C=CC(C=O)CC1C
CCCCCCC1CCCO1,1.0,CCCCCCCC1CCCO1
CCC(C)C(=O)OC(C)CCC(O)C(C)CC,0.4375,CCC(C)C(=O)OC
C=C1COCCC1C,0.24242424242424243,C=C1CC2CCC1C2(C)C
CCCC=CCCCCCO,0.5833333333333334,CCCCCCCCC=CCO
C=CCCOCCCCCC(=C)O,0.40625,C=CCCCCCCCCC(=O)O
CCC1=C(S)CCCC1,0.22857142857142856,CCC(C)C1CCCCC1=O
CCCC(CC(C)O)CC(C)CC,0.391304347826087,CCC(C)O
CCC=CCCCC(=O)CC(C)=O,0.4857142857142857,CCC=CCCCC(=O)OC(C)C
CCC(OC)C(C)C,0.35,CCOC(C)OCC
CCc1cccc(OC)c1,0.5294117647058824,COC(=O)CCc1cccc(OC)c1
CCCCCOCCC,0.9375,CCCCCCCOCCC
C=C(C)CCC,0.4583333333333333,C=C(C)COC(=O)CCC
CCCCCCC(=O)CCC,1.0,CCCCCCCC(=O)CCC
CNC1=CC=C(CO)CC1,0.225,COC(=O)CC1=CCCC1
CCCC1CCC(O)CC1,0.6666666666666666,CCCCCCCC1CCC(O)CC1
CCCCCCCCCC(C)CCCC1C=CN=C1C,0.3684210526315789,CCCCCCCCCC(C)CO
CC1C=CC2(O1)C(C)CCC(C)C2C,0.2558139534883721,CC1CCC2C(C)(C)C3CC12CC1OC13C
CCCCCOC(C)O,0.6086956521739131,CCCCCCCOC(C)C
CCCCCCc1ccc(C=CC(CC)CC)cc1,0.4166666666666667,CCCCCc1ccncc1
C=C(C)CCC(O)CCCCC,0.5384615384615384,CCCCCC(O)CC
CCOC(C)C,0.6,CCOC(C)OCC
CSC1C=CCC=C1C(C)C,0.2702702702702703,CC1=CCC(C(C)C)C=C1
CCCC(=O)C(C)CC,0.5,CCC(C)C(=O)O
CCCCCC=CCCC(O)OCC,0.45161290322580644,CCCCCCCCC=CCO
CCCCC1C=C(C)C=CC1,0.28205128205128205,CCCCC1CCOC1=O
CCCOCCCCC(O)CCO,0.5185185185185185,CCCC(O)CCO
CCOCC1CCC=CC1O,0.375,CCOC(=O)CC1C=CCC1
CCCC(C)CC(C)CC,0.4090909090909091,CCC(C)CCO
CCC(CC)CC,0.38461538461538464,CCC(C)O
CC=CC=CCCCCCCC,0.64,CCCCCCC=CC=CO
OC(CS)SS,0.21052631578947367,OCC(O)CO
CCCC(CC)OCC,0.4090909090909091,CCOC(C)CC
CC(C)CC(C)C(=O)O,0.55,CCC(C)C(=O)O
CC(=O)C1C=CC=C(C)C1,0.2972972972972973,C=C(C)C1C=CC(C)C(=O)C1
CCC(O)CCCC(C)CC(C)S,0.48148148148148145,CCCCC(O)CC
CCCC(CNC)CC(C)CCCC(C)C,0.4117647058823529,COC(CC(C)CCCC(C)C)OC
CCCCCC=CCC=S,0.5,CCCCCCCCC=CCO
CSC1CC=C(C)O1,0.23529411764705882,CC1=CCC2C(C1)C2(C)C
CC(C)C(C)(C)CCC1CCC(C)C1(C)C,0.25,C=C1CCC(C)C(C)(C)C1CCC(C)=O
COCCCCOC(C)CCc1ccccn1,0.5675675675675675,CC(C)CCc1ccccn1
CCONCCCCCCCCO,0.4166666666666667,CCCCCCCCO
CCCCCCCCCC(C)OCCC,0.5,CCCCCCCC(C)OC(C)=O
COCCC(C)O,0.45,CC(O)CCO
C=C1CCCCC1C(C)(C)C,0.5769230769230769,CC(C)(C)C1CCCCC1=O
C=C(OC(C)CCC)C(C)C,0.5384615384615384,CCCC(C)OC(C)=O
CCOC(OCC)C1C=CCC1,0.41935483870967744,CCOC(OCC)C1CCCCC1
CCC=CCC=COCCCC,0.42857142857142855,CCCCOC=O
CCCCC(=O)CCc1ccccc1,0.6,CCCCC(=O)OCCc1ccccc1
CC(C)(CC=O)c1ccccc1,0.46875,CCC(=O)CC(C)(C)c1ccccc1
CCCC(=O)C(C)CCC,0.5833333333333334,CCCC(=O)C(O)CCC
CC=CC1C=CC(CC)C=C1,0.2222222222222222,CC=CC1OC(C)CC(C)(C)O1
CCCCCC1=C(C(C)CC)CCCC1,0.3333333333333333,CCCCCC1=C(C)CCCC1=O
CCCC(C)C(C)C(S)C(=O)OCC,0.4482758620689655,CCOC(=O)C(C)C(=O)OCC
CC1CC(C)SC(C)C1,0.2962962962962963,CC(C)=C1CCC(C)CC1O
CC1C=C2OC=CC=C2O1,0.24242424242424243,CC1C=CC(=O)O1
CC(O)C=CC1C=CC=C1,0.3225806451612903,CC(O)C=Cc1ccccc1
CC1CCCC1=O,0.8421052631578947,CC1CCCCC1=O
CCC1C=C(C=O)CC1,0.3888888888888889,CC(C)C1CC=C(C=O)CC1
CCC(O)C1(c2ccccc2)CC1C,0.38235294117647056,CCC(O)c1ccccc1
CC(O)CC(C)C(C)O,0.5294117647058824,CC(C)CC(C)O
CCC(C)(C)CCC=C(C)C,0.64,CCC(C)(O)CCC=C(C)C
CCCC(C)CCSCO,0.3333333333333333,CCC(C)CCO
C=CC(C)CCCC(C)CCCC(C)C=O,0.6923076923076923,CC(C)CCCC(C)CCCC(C)C=O
CCC(CC)CCC(C)CCO,0.6190476190476191,CCC(C)CCO
C=CCOC(C)CCCC,0.45714285714285713,C=CCOC(=O)C(CC)CCCC
CCCNCCC,0.36363636363636365,CCCC
CCCCCCC(C=O)CCCC,0.95,CCCCCCCC(C=O)CCCCC
CCCC1CC(C)CC(C)(C)C1,0.3611111111111111,CC(=O)OC1CC(C)CC(C)(C)C1
CCCCC1(CCCC)CCC(C)C1,0.2972972972972973,CCCCC1(CCCC)CCC(=O)O1
CC1CCCCC1C(C)(C)C,0.5217391304347826,CC(C)(C)C1CCCCC1O
CC1C=CC(C(C)C)CC1,0.4,C=C1C=CC(C(C)C)CC1
C=C1CC(C)C(=O)C(C)(C)C1,0.3333333333333333,CC1CC(=O)CC(C)(C)C1
CCCC(C)CC(C)=O,0.5,CC(=O)CC(C)C
CC1C=CC(=O)C1,0.3548387096774194,C=C(C)C1C=CC(C)C(=O)C1
C=CC=C(C)C,0.35294117647058826,C=CC(C)=O
CCC=CCCCC(O)CCC,0.5217391304347826,CCCC(O)CCC
C=C(O)C1C=CC(O)C(O)=C1,0.20689655172413793,C=O.Oc1ccccc1O
C=C(C)C1=CC(=O)C(C)CC1,0.40540540540540543,C=C(C)C1CCC(C)=CC1=O
CCCOSC,0.3684210526315789,CCCOCOCCC
CCCC(C)CC(=O)OC,0.6296296296296297,CCCC(O)CC(=O)OC
CCC(C)CCC1CC=C(C)C1(C)C,0.2857142857142857,CCC(C)CCO
CC1=CCC(C)C=C1,0.5185185185185185,CC1=CCC(C(C)C)C=C1
C=C(CCOCCC)C(C)C,0.3793103448275862,CCCOC(=O)C(C)C
C=C(CC(C)C)OC,0.4782608695652174,COC(=O)CC(C)C
C=C(CC)OCCCC,0.52,CCCCOC(=O)CC
CCCC(CC)CCC(C)C,0.43478260869565216,CCC(O)CCC(C)C
CC(C)OC(C)O,0.5384615384615384,CC(C)OC(C)C
CC(C)=CNCC(C)CCCCCC(C)CCCC(C)C,0.42857142857142855,CC(=O)CCCC(C)CCCC(C)C
CCCCC1=COCC=C1,0.2894736842105263,CCCCC1=CCCC1=O
O=C(C=Cc1ccccc1)NC1CCCCC1,0.55,O=C(C=Cc1ccccc1)OC1CCCCC1
CCC1C=CC(CC)N=C1,0.19444444444444445,CCC=Cc1ccccn1
C=Cc1occc1C,0.28125,Cc1occc(=O)c1O
CCCCCCC(CC)CC,0.5454545454545454,CCCCC(CC)CO
CC1CCSC1,0.30434782608695654,CC1CCC(C(C)C)CC1
CCCCC(CC)C(C)CCC(C)CC,0.37037037037037035,CCC(C)CCO
CCCC(O)OC,0.47368421052631576,CCCC(O)CCC
C=C(C)CCOC(C)C1(C)CCC(C)CC1,0.30952380952380953,CC(=O)OC(C)C1CCC(C)CC1
CC(C)(C)C1C=CC=CN1,0.1935483870967742,CC(C)(C)C1CCCCC1O
CCCC(C)C(CC)CC,0.35,CCCC(O)CCC
CC1CCC2=C(CCC(O)C2)O1,0.375,CC1CCC(=O)O1
CCCC(C)C(Cc1ccccc1)C(C)=O,0.5588235294117647,CC(=O)C(C)Cc1ccccc1
CC1=CC=COC1CC(C)C,0.2564102564102564,CC(C)CC1CCC(=O)O1
CCCCCC(=O)c1ccccc1,1.0,CCCCCC(=O)c1ccccc1
CC(C)CCCC1CCC(C)C1(C)C,0.3783783783783784,CC(C)CCCC1CCC(=O)CC1
CC1=C(O)C(=O)C(O)OC1,0.37142857142857144,CC1=C(O)C(=O)C(C(C)C)CC1
CC1=CC=CC1,0.2692307692307692,CC1=CCC(C(C)C)=CC1
CCC(C)C1C=C(C)C(C)C1,0.3157894736842105,CCC(C)C1CCCCC1=O
Cc1ccc(C(C)C)c(CC(C)O)c1,0.5161290322580645,Cc1ccc(C(C)C)c(O)c1
C=C(CCCCCCC)OCC,0.5555555555555556,CCCCCCC(=O)OCC
CCSCCCCO,0.45,CCCCCO
CCCC1C=CC(C)C=C1,0.23529411764705882,CCCCCCC1OCC(C)O1
C=C(COC(C)c1ccccc1)C(C)C,0.42857142857142855,CC(=O)OC(C)c1ccccc1
CCCC(=O)CCCCc1ccccc1,0.5833333333333334,CCCC(=O)OCCCc1ccccc1
C=CCC1CCC(CC(=O)CC(C)C)C(CC)C1,0.37777777777777777,C=CCC1CCCCC1.CCC(=O)O
C=CCCC1C(O)C(=O)CCC1(C)C,0.3148148148148148,C=CCCC(=O)C=CC1C(C)=CCCC1(C)C
CC1C=CC(CO)=CC1,0.3333333333333333,CC(C)C1=CCC(CO)C=C1
CC(C)=CCCC(C)CCCC(C)C,0.7407407407407407,CC(C)=CCCC(C)CCCC(C)CO
CC(C)CCOOCC(C)C,0.45454545454545453,CC(C)CCOC(C)OCCC(C)C
CCC(S)CO,0.35294117647058826,CC(C)CO
CC1CC(c2ccccc2)CC(C)(C)C1,0.3333333333333333,CC(=O)OC1CC(C)CC(C)(C)C1
C=C(N)CCC,0.3684210526315789,CCCC(=O)CCC
C=CC(C)(CCC=C(C)C)CC(C)OCC,0.5,C=CC(C)(CCC=C(C)C)OCC
CC1(C)C2CCC1(C)C(CC(O)c1ccncc1)O2,0.23809523809523808,CC1(C)C2CCC1(C)C(OC(=O)Cc1ccccc1)C2
CC=CC(=O)CC(C)CC(C)C,0.36666666666666664,C=CC(=O)CC(C)C
C=C1CCCCC1O,0.3181818181818182,OC1CCCCC1
CCCCCCC(=O)C1C=CCCC1O,0.3953488372093023,CCCCCCCCC(=O)OC1CCCCC1
CCCc1cccc(C(C)N)c1,0.4482758620689655,CCCc1ccccc1
CC(C)CC(C)(C)CCc1ccccn1,0.5882352941176471,CC(C)CCc1ccccn1
CC1=CC(C(C)C)OC1,0.30303030303030304,CC1=CCC(C(C)C)CC1
CC(C)C1CC23CC1(C)CC(C)C2CCC3C,0.29545454545454547,C[C@@H]1CC[C@H]2C(C)(C)[C@H]3C[C@@]12CC[C@@]3(C)O
CCC1CCCC(CC)O1,0.7647058823529411,CCC1CCC(CC)O1
OC1=CCC2C=CCCC2C1,0.23255813953488372,C=CC(C)C1C=CCCC1.CO
CC(C)=CCCC(C)(C)C1=CC1,0.4375,CCC(C)(O)CCC=C(C)C
SC(c1ccccc1)C1C=CCC=C1,0.3103448275862069,OC(c1ccccc1)c1ccccc1
CCC1=CCCC=C1C,0.3125,CCCCC1=CCCC1=O
CC(Cc1ccccc1)OCCc1ccccn1,0.5555555555555556,CC(C)CCc1ccccn1
CC1OC(CCCCO)C(C)C1C,0.3076923076923077,CCCCCO
C=C(OC)C1CC2(C(C)C)CCC1(C)CC2,0.24444444444444444,COC(=O)[C@@H]1CC[C@](C)(C(=O)OC)C1(C)C
CCCC1CCC(C)O1,0.4166666666666667,CCC1CCC(CC)O1
c1ccc(COc2ccccc2)cc1,1.0,c1ccc(COc2ccccc2)cc1
CCCC(=O)c1ccccc1O,0.5517241379310345,CCCC(=O)c1ccccc1
CC(=O)CSCC(C)CCCC(C)C,0.5483870967741935,CC(=O)CCCC(C)CCCC(C)C
CC(C=O)C1CC=CCC1,0.38235294117647056,O=CC=CC1CC=CCC1
COCCCC1CCCC1C,0.3333333333333333,CCCCCCCC1CCCC1O
C=CCC1C=CC(CC2OC(CC)C(O)C(O)C2O)C=C1,0.2391304347826087,C=CCC1CCCCC1.CCC(=O)O
c1ccc(CCC2COCO2)cc1,0.5151515151515151,c1ccc(CCC2OCCO2)cc1
C=C(CCC)CC(C)OCO,0.3142857142857143,CCCC(=O)OC(C)CCC
CCC(=O)CC1CC(C(C)C)CCC1C,0.36585365853658536,CCC(=O)C1(C)CCC(C(C)C)CC1
CC(CC(C)c1ccccc1)OO,0.5357142857142857,CC(CO)c1ccccc1
CCCC(=O)C1C=CC=CC1,0.3103448275862069,CCCC(=O)CCC
C=C(CCC)CCC1C=CC=C1,0.2571428571428571,CCCC(=O)c1ccccc1
C=C(C)C=CCC(O)CCC,0.44,CCCC(O)CCC
CCCC(O)OC1=C(C)OC(C)C1=O,0.40540540540540543,CC1=C(O)C(=O)C(C)O1
CC=CC=CCC,0.5263157894736842,CCC=CC=CO
CCCCCCCCCCCC(=O)CC,1.0,CCCCCCC(=O)CC
CCC1CCC(CC)C1,0.5263157894736842,CCC1CCC(O)CC1
CCC(S)C1CCCCC1(CC)CC(C)O,0.2727272727272727,CC(O)CC(C)(C)C1CCCCC1
CC12CCC(C1)C(C)(C)C2OCO,0.5588235294117647,CC(=O)OC1C2(C)CCC(C2)C1(C)C
CC1=CC2CC(C)C(C)C2CC1,0.3611111111111111,CC1=CC(C)C(C=O)CC1
CC1CC(O)C(C(C)O)O1,0.30303030303030304,CC1CCC(C(C)C)C(O)C1
CCCCCC1CC(C)C(C)=C1C,0.4166666666666667,CCCCCC1CC(C)C(=O)O1
COCCCSC,0.42857142857142855,CSCCCO
CCC=CCCCCC,0.5909090909090909,CCCCCCCCC=CCO
CC(CC=O)CCC1CC1(C)S,0.4117647058823529,CC(C)CCCC(C)CC=O
COCC(C)=O,0.5555555555555556,COCC(=O)O
C=C1CCC(CC)C1C,0.30303030303030304,C=C1CCC2CC1C2(C)C
CCC(C)CC1=CC=CCC1,0.24242424242424243,CCC(C)CCO
CCCC1CCC(C)C1,0.3333333333333333,C=C(C)C1CCC(C)CC1O
O=C1CCCCCCCCCCCC1,1.0,O=C1CCCCC1
CC1CC(C)(C)C(O)C1C,0.3,CC1C(O)CC2CC1C2(C)C
CCCC(=O)C1=C(CC)C=CCC1,0.35135135135135137,CCCC(=O)c1ccccc1
CCCCCC(C)CC(C)O,0.6363636363636364,CCCCCC(C)O
CCCCCC(C)OCCNCCC,0.3888888888888889,CCCCCCCC(C)OC(C)=O
C=C(C)COC(=C)CCC,0.6153846153846154,C=C(C)COC(=O)CCC
CCCCCCCC(O)CCC,0.7142857142857143,CCCCCCC(O)CC
CSC1=CCCS1,0.18181818181818182,CC1=CCC(=C(C)C)CC1
CC(CCCS)C(=O)CCC(O)O,0.3235294117647059,CCCCCC(C)C(=O)O
CC1CCC2C(C1)CC(C)C2C,0.28125,CC1CCC(C(C)C)C(O)C1
CC1=CC(C)CC=C1O,0.2702702702702703,C=C(C)C1CC=C(C)C(=O)C1
CC(C)=CN(O)CCCC(C)CCCC(C)C,0.4411764705882353,CC(=O)CCCC(C)CCCC(C)C
CCCC(C)(S)CCC,0.3125,CCCS
C=C(CCC)C(C)C(CC)C(C)C,0.2857142857142857,CCCC(=O)OCC(C)CC
CC1(C)CCCC2CC(CO)CCC21,0.45714285714285713,CC1CCCC(C)(C)C1CO
CCC1OCC(C)CC1(C)C,0.2777777777777778,CCCCCC1OCC(C)(C)CO1
C=CCC(C)CC(C)(C)C=O,0.4482758620689655,CC(CC=O)CC(C)(C)C
C=CC(C)C(C)CC,0.30434782608695654,CCC(C)C=O
O=CC1CCCC1,0.5,O=CC1CCC2CCCCC2C1
CCCC(O)CC(C)C1C=CCCC1,0.43902439024390244,C=CC(C)C1C=CCCC1.CO
CCCCCCCC(C)OC,0.6086956521739131,CCCCCCCCCC(OC)OC
CC(C)CCC(=O)CC(C)C,0.6363636363636364,CCC(=O)CCC(C)C
CCCC1CCSC(C)S1,0.2777777777777778,CCCC1CCC(=O)O1
CCC1=CC(C)C=C1,0.23333333333333334,CC1C=CC(=O)O1
C=C(C)C=CCC,0.38095238095238093,CCC=CCO
CCC1CSOCC1(CC)CC,0.22580645161290322,CCC1CCC(CC)O1
CCC1=C(C(C)(C)C)CC(CC)C=C1,0.23809523809523808,CC(C)C1=CCC(CO)C=C1
CC(C)(O)O,0.7142857142857143,CC(C)(C)O
CC1=C(C)C(C)=C(C)CC1,0.25925925925925924,CCCCCC1=C(C)CCC1=O
CC1CCC2C(C)(C)C=CCC2(C)O1,0.27906976744186046,CC1CCC2C(C)(C)C3CC12CC1OC13C
CCC=CCCCSC1CCC(O)C1,0.37142857142857144,CCC=CCCCO
CCCC(O)C(O)C(C)O,0.45,CCCC(O)CCC
CCCCC(=O)CCCC(C)CCC=C(C)C,0.696969696969697,CC(=O)CCCC(C)CCC=C(C)C
C=C(NC)C(CC)CC,0.34782608695652173,CCC(CC)C(=O)O
CCC(C)(CCC1=CC=NCC1)CC(O)O,0.22448979591836735,CCC(C)(O)CCc1ccccc1
CCCCCNCCCCC(O)C(C)C,0.48148148148148145,CCCCCC(C)O
CCCc1ccc(C)cc1,0.5909090909090909,Cc1ccc(CCO)cc1
C=C(CCC)C(C)NCC,0.2903225806451613,CCCC(=O)OC(C)C
CCC(=O)CCCc1ccccc1,0.6060606060606061,CCOC(=O)CCCc1ccccc1
C=CC(CCC)OCC,0.38235294117647056,C=CC(CCCCC)OC(C)=O
C=CCCCOOC,0.4,C=CCCCCCC
CC(C)CC1C=CC(C)C1,0.2571428571428571,CC(C)CC1CCC(=O)O1
CCCCCC(=O)CCO,1.0,CCCCCC(=O)CCO
CCC(C=O)OC,0.42857142857142855,CCC(C=O)CC
CCCCCCC1=CCC(=O)C1,0.4444444444444444,CCCCCCC1=CCCC1=O
C=C(CC)C1=CCC(C)C(C)C1C,0.2619047619047619,C=C(C)C1CC=C(C)C(=O)C1
CC=CC(C)CCCCCC,0.5769230769230769,CCCCCCC(C)C=O
CCCCCCCCNC,0.5333333333333333,CCCCCCC
CC1=NC(C)CC1C,0.25,CC1=C(C)C2CCC1C2
CCCCCCCCC(C)S,0.5454545454545454,CCCCCCCC(C)O
CCCCOC(C)C(C)(C)C,0.46153846153846156,CCCCCCCOC(C)C
CCCCCCC1CCC(O)O1,0.5714285714285714,CCC1CCC(O)O1
CCCC1C=C(OC)C(OCC)=CC1,0.2972972972972973,CCOc1ccc(OC)cc1
CC(C)C12CCC(C)(CC1)C2,0.2962962962962963,CC(C)C12CCC(C)(CC1)O2
CCCNCCC(=O)C(C)O,0.3793103448275862,CCOC(=O)C(C)O
C1=CC2NCCC2=CC1,0.15789473684210525,c1ccc2c(c1)CCCN2
CC1CCC2OCCCC12,0.34615384615384615,CC1OCCCCCO1
CC1=CSCC(C)=C1,0.25,CC1=CC(=O)C(=C(C)C)CC1
CC(C)C1CCCN1,0.27586206896551724,CC(C)C1CCCCC1.CCO
CC1C=CCC(C)O1,0.2413793103448276,CC1C=CC(=O)O1
CC(C)C(C)(C)O,0.45454545454545453,CC(C)(C)O
CC1NOC(O)CS1,0.21212121212121213,CCC1CCC(O)O1
CC1=C(OC(C)O)CCC1,0.3076923076923077,CC1=C(/C=C/C(C)O)C(C)(C)CCC1
CCCC(C)CC(C)C(C)OCC,0.3870967741935484,CCCCCCCCCC(C)C(OCC)OCC
CCC(=O)C1C=C(CC)C(O)C(OC)=C1,0.2727272727272727,CCC(=O)c1ccccc1OC
CC(C)CCCC(C)CCCC(=O)C(C)C(C)C,0.6206896551724138,CC(=O)CCCC(C)CCCC(C)C
CC(=O)CCC1C(C)CCC(C)C1(C)C,0.5833333333333334,CC(=O)CCC1C(C)CCCC1(C)C
CC(=O)OCc1ccc(C)cc1O,0.45,COc1cc(COC(C)=O)ccc1O
CC(=O)CC(C)(C)C,0.4117647058823529,CC(=O)C(C)(C)C
CC(C)CCC(=O)C(C)S,0.5217391304347826,CC(C)CCC(=O)O
CCCC(C)(O)CCO,0.3888888888888889,CCCO
CC(O)CSC(CC(O)C(C)C)C(C)O,0.2962962962962963,CC(C)CC(C)O
O=C1CC=CC=N1,0.25925925925925924,O=C1CC=CCC1
CCC1CC=C(C)CC1C,0.375,CC1=CCC2C(C1)C2(C)C
C=C1CCCCNCCCCCOO1,0.36,C1CCNCC1
CC1C=C(O)C(C)C1,0.23529411764705882,CC1CC2C(CC1=O)C(C)(C)CCC2(C)C
CC(S)CCC1C(C)CCCC1(C)C,0.575,CCC(C=O)CCC1C(C)CCCC1(C)C
CC(CO)C(=O)O,0.5789473684210527,CCC(C)C(=O)O
CCCCCSOC,0.391304347826087,CCCCCCOC
CCCCC1CCCC(C)C1CC(C)C,0.39473684210526316,CCCCCCCC1CCCC1O
CCCC(CCC)C(C)c1ccccc1,0.5,CCOC(OCC)C(C)c1ccccc1
CCC(C)C(C)C,0.4,CCC(C)O
CCCCC(=O)Cc1ccc(C)cc1,0.5333333333333333,Cc1ccc(CC(=O)[O-])cc1
C=C(O)CCCCCCC(C)C,0.42857142857142855,C=C(C)CCCCC(C)O
CCCCCCCCCCOCCC,1.0,CCCCCCCOCCC
CCCC(=O)C(C)C(O)CC(C)=O,0.43333333333333335,CCCC(=O)C(O)CCC
CCCC(C)CC(C)(C)C,0.4482758620689655,CC(=O)OCCC(C)CC(C)(C)C
CCOCCCc1ccccc1,0.76,CCOCCc1ccccc1
CNCCCC=O,0.47619047619047616,CCCCC=O
CCCNCCO,0.4375,CCCO
COCCSC1=COC(C)C=C1,0.2631578947368421,CC1C=CC(=O)O1
CC(C)C1C=CCC1C,0.28125,CC1=CCC(C(C)C)C=C1
C=C(CCC)CCC=CCCC,0.5,CCCC=CCCC(C)=O
CCC(C)=Cc1ccccc1,0.5517241379310345,CCC(C=O)=Cc1ccccc1
CCCCCC(CO)CO,0.6666666666666666,CCCCC(CC)CO
CCC=CCCCCCCC,0.6363636363636364,CCCCCCCCC=CCO
CCC(C)C(C)OCc1ccccc1,0.6071428571428571,CC(C)OCc1ccccc1
CCCC1=COC(O)CC1,0.28888888888888886,CC(C)=CCCC1=CCC(C=O)CC1
CC(C)CN=C=O,0.5238095238095238,CC(C)CN=C=S
CC(C)CCCC(=O)c1ccccc1N,0.5128205128205128,CC(C)COC(=O)c1ccccc1N
CC(C)C1CCC(C)C(C)C1,0.5,CC1CCC(C(C)C)CC1
CCCC(=O)CCc1ccccc1,0.6071428571428571,CC(=O)CCc1ccccc1
CC(C)C1CN(C)CS1,0.20689655172413793,CC1CCC(C(C)C)CC1
CCCCC,0.6666666666666666,CCCCCCC
CCCC1CC=CC=C1CNC,0.28,CCCC=C1OC(=O)C2=CC=CCC12
CCCCCCCC(O)CCc1ccccc1,1.0,CCCCCCC(O)CCc1ccccc1
CC1=CCCC=C1C(C)O,0.32142857142857145,Cc1ccc(C(C)O)cc1
CN(C)C1CCC(C)(C)CC1,0.25,CC12CCC(CC1)C(C)(C)O2
CCCC1C(C)OC(C)C1C,0.2727272727272727,CCCC1CCOC1=O
CCCC1C=CCO1,0.2857142857142857,CCCC1OCC(CO)O1
CCCC1=CC=C(C(OCC)SCC)CC1CC,0.24489795918367346,CCOC(CCc1ccccc1)OCC
CCC1C=CC(C=O)C1,0.4827586206896552,CC1C=CC(C=O)CC1C
CCCC(S)C1CCCC1,0.42857142857142855,CCOC(OCC)C1CCCCC1
CCCc1cc(C)ccc1C,0.375,Cc1ccc(CC=O)c(C)c1
CCC1CCCC(C)C1,0.39285714285714285,CC(=O)O.CCC1CCCCC1
CCCC(C)c1ccc(O)c(O)c1,0.42424242424242425,CCCC(O)c1ccc(C(C)C)cc1
CCC1=CC(C)C(C)S1,0.21428571428571427,CCc1ccccc1
CCCC(=O)CCCCC1=CCC=C1,0.4411764705882353,CCCCCCCC(=O)CCC
C=C(C=CC)OC,0.45454545454545453,C/C=C/C(=O)OC
CCC(S)C(=O)O,0.5,CCC(CC)C(=O)O
CC(=O)C1=CC(C)OC1C,0.2777777777777778,CC(=O)C1=CCC(C)CC1
CCCC(=O)SCC,0.45,CCCC(=O)CCC
CC1=CC2C(C=C1)COC2C,0.2631578947368421,CC1=CCC(C(C)C)C=C1
CCCCCOC(=O)O,0.625,CCCCCCCOC(C)=O
C=C(C)CCC1CC=CC1,0.3103448275862069,C=C(C)CCC=C(C)C
CCC(C)C(C)OCc1ccco1,0.46875,CCc1ccco1
C=C(C)C(C)(C)C,0.42857142857142855,CC(=O)C(C)(C)C
C1CCSNSC1,0.1875,C1CCNC1
CC(C)C(=O)CCc1ccccc1,0.6071428571428571,CC(=O)CCc1ccccc1
CS(C)(O)O,0.2857142857142857,CO
CCCCCC(C)C(C)=O,0.6666666666666666,CCCCCC(C)C(=O)O
C=CC1C=CC(C)C=C1,0.20689655172413793,C=CC1CC=CCC1
C=C(C=CCCC)NCCCCCO,0.36363636363636365,C=CCCCCCCCCCO
CC1CCC(C(C)(C)C)CC1,0.6,CC1CCC(C(C)(C)O)CC1
CCC(C)CCC(=O)c1ccccc1,0.6,CCCC(=O)c1ccccc1
C=CCCCCC=CC,0.5217391304347826,CC=CCCCCCCCC=O
C1=CC(CCC2CCCC2)CC1,0.35714285714285715,OCCC1CCCCC1
CC1=CC=C(C=CC=O)CC1,0.34375,CC1=CC=C(C(C)C)CC1
CC(C)C1=C2C=CC=CC2CCC1,0.3076923076923077,C=C1C=CC(C(C)C)CC1
CC=CC=CCCC(C)C(C)C,0.3548387096774194,CC(C)C(C)CCCCCCCCC=O
CCC(C)CC,0.5,CCC(C)CCO
CSOCCc1ccoc1,0.2857142857142857,COCCc1ccccc1
C=C(CCS)C1CCCCC1,0.34615384615384615,O=C(O)C1CCCCC1
C=CC1CC(C)CC(C)C1,0.2962962962962963,C=CC1CC=CCC1
CCCC1=CC(NC)C(CCc2ccccc2)=CC1,0.40540540540540543,CCCc1ccccc1
CCCC(C)C,0.4375,CCCC(O)CCC
CCCC(C)CCCC(C)O,0.5909090909090909,CCCCCC(C)O
C=C(CC=CCCCC)C1=CCCC1,0.375,C=CC(=O)C1=CCCC1
OCCCCCCCCCS,0.4444444444444444,CCCCCCCCO
CCCC(COC)C(C)Cc1ccc(C(C)C)cc1,0.42105263157894735,CCCC(O)c1ccc(C(C)C)cc1
CCC(O)COC(C)C(C)CC,0.4090909090909091,CCC(O)CC
CC1C=CC2=C(C1)OCC(=O)OC2,0.2926829268292683,C=C(C)C1C=CC(C)C(=O)C1
CCOC(C)C(CC)CC,0.5,CCOC(C)CC
CCCC(=O)CCCCCCCSO,0.64,CCCCCCCC(=O)CCC
C=CCC(O)CCCCC,0.6071428571428571,CCCCCCC(O)CC=O
C=C(C)CC(C)C(C)OCC,0.36,CCOC(C)OCC
O=C(OCCCCCCCO)C1=CC=CC1,0.38636363636363635,CCCCCCOC(=O)c1ccccc1O
CCCCC(CC)OC,0.4583333333333333,CCCCCC(OC)OC
CCC(C)CC1=CCSC=C1,0.23529411764705882,CCC(C)CCO
C=CCC1=CC(SC)C(OC(C)N)C=C1,0.3333333333333333,C=CCC1=CC(C)(OC)C(O)C=C1
CCOC(C)C(C)OC(O)CC,0.4,CCOC(C)CC
CCCC(=O)OCC1=CC=C(OC)CC1,0.47619047619047616,CCCC(=O)OCc1ccc(OC)cc1
CCCCC(C)(CC)C(C)CCC,0.41379310344827586,CCCCC(C)C(C)(C)O
CCCC1COCCC1O,0.37142857142857144,CCCCCCCC1CCCC1O
CCCCC(=O)CCC1C=CCCC1,0.4375,CCCCC(=O)CCCC
CCOc1ccccc1C,0.5925925925925926,Cc1ccccc1OCc1ccccc1
CCCC(=O)CCCO,0.6666666666666666,CCCC(=O)CCC
CC1=CCC=C1C(C)O,0.32142857142857145,Cc1ccc(C(C)O)cc1
CC1CC(=O)C(C)C1C,0.3793103448275862,CC1C(=O)CC2CC1C2(C)C
CCCCC(O)CCC(C)O,0.5909090909090909,CCCCCC(C)O
CCC(C)(CCC(C)C)C(C)O,0.4642857142857143,CCC(C)(O)CCCC(C)C
CCCc1cccc(CC)c1O,0.48148148148148145,CCc1ccccc1O
CCC(C)COC(C)C(C)CC,0.4,CCC(C)COC(=O)CC(C)C
C=CC1=C(CC)CCCC1,0.24324324324324326,CCCCC=C1CCCCC1=O
CCCC(C)C(O)O,0.5,CCCC(O)CCC
CC1=CCC(CC(C)C)C=C1,0.5161290322580645,CC1=CCC(C(C)C)C=C1
CCCCCCC(C)CC(C)CCC,0.5833333333333334,CCCCCCCCCC(C)CO
C=CCOC(O)CC(C)CC(C)(C)C,0.34285714285714286,CC(CC=O)CC(C)(C)C
COC1=C(C)N=C(CC(C)C)CC1,0.225,CC(C)Cc1ccccn1
CCCC1C=CC=CC1C(C)OC,0.23684210526315788,CCCCCCCCCC(C)C(OC)OC
C=CCCC(=O)CC,0.5217391304347826,C=CCCC(=O)O
CC1SC(C)C(C)C1C,0.19047619047619047,CC1CCC(=O)CC1
CC1C=CC(C)C2CC(C(C)(C)O)=CCC12,0.275,CC1=CCC(C(C)(C)O)CC1
CCC(C=O)c1ccccc1,0.5185185185185185,CC(C=O)c1ccccc1
CC(C)CCC1C=CC(C(C)C)CC1,0.3333333333333333,C=C1C=CC(C(C)C)CC1
CC(C)SC=C(C=O)C(C)C,0.375,CC(C)C(C=O)=Cc1ccccc1
CCCCCC=CC(O)O,0.52,CCCCCCCCCCC=CO
CCCC(O)CCCCCO,0.6363636363636364,CCCC(O)CCO
COC1=CCC(O)C=C1,0.2972972972972973,CC(C)C1=CCC(CO)C=C1
CCC(C)CCc1ccccc1,0.6428571428571429,CC(CCO)CCc1ccccc1
CCCC(=O)C1C(C)CCCC1(C)C,0.48717948717948717,CC(=O)CCC1C(C)CCCC1(C)C
CC1=CC(C)C(S)C=C1O,0.24242424242424243,CC1=C(O)C(=O)C(C)O1
CC(=O)C1=CCC(C)=C1,0.36666666666666664,CC1=CCC(=C(C)C)CC1
CCCc1ccc2c(c1)=CC(=O)CC=2C,0.3181818181818182,CCCc1ccc(O)c(OC)c1
CCC(C)CNC(C)c1ccccc1,0.41935483870967744,CCC(O)c1ccccc1
CCC=CCCCC(=O)CC,0.53125,CCC=CCCCC(=O)OC(C)C
CNc1ccccc1O,0.4482758620689655,CNc1ccccc1C(=O)OC
CC(C)CC1=COC=CC1,0.24324324324324326,CC(C)Cc1ccccn1
CC1CC(C)C(C)C(C)(C)C1,0.29411764705882354,CC(=O)OC1CC(C)CC(C)(C)C1
C=CCCCCOCCC,0.5416666666666666,C=CCCCCCC
CC1CC(C)N2CCCC2C1,0.20588235294117646,CC1CCCC(=O)C1
COC1CC(CC=O)=CC=C1O,0.3333333333333333,COc1cc(CC=O)ccc1O
CC1CCCC(C)(C)C1O,0.5357142857142857,CC1CCCC(C)(C)C1CO
CCSCSC,0.25,CCCCSCCCC
CCCCCCCCCCCC(C)C,0.6,CCCCCCCC(C)O
CCCCCCSCOCC(=O)OCC,0.6176470588235294,CCCCCCCCOCC(=O)OCC
C=CCc1cc(CC)c(C)c(OC)c1,0.5882352941176471,C=CCc1cc(OC)c(OC)c(OC)c1
CCCC(C)CC(C)S,0.32,CC(S)CCCN
O=C(CO)CCCCC1CCCCC1,0.5555555555555556,OCCCC1CCCCC1
C=C(C)C(O)CC,0.3888888888888889,CCC(C)O
CCCCC(C)C(C)C,0.44,CCCCCCCCCC(C)C(OC)OC
CC1CCC2C(C)(C)CCCC2(C)C1,0.3333333333333333,CC1(C)CCCC2(C)C1CCC1(C)OCCC12
CCOC(C)c1ccccc1,0.64,CCOC(OCC)c1ccccc1
C=C(CC)CCC(C)C,0.5,CCC(=O)CCC(C)C
CCC1=C(O)CCC(C=CC=O)=C1,0.29545454545454547,CC1=C(C=CC=O)C(C)(C)CCC1
CC1=CCOC1S,0.24242424242424243,CC1=CCC2CC1C2(C)C
C=C(CC)C1CCCO1,0.41379310344827586,CCC1CCCO1
CCCOC(O)Cc1ccccc1,0.6333333333333333,OC(Cc1ccccc1)OCc1ccccc1
CC(C)=CCCC(N)CCCC(C)CCO,0.6666666666666666,CC(C)=CCC[C@H](C)CCO
CCCCCCCCCCCCC1CCC(O)O1,0.5714285714285714,CCC1CCC(O)O1
C=CC(C)(CCC=C(C)O)CC(O)SCCCCCC,0.38095238095238093,CCCCCC=C(C)O
CCCCCCCC(=O)CCCC(C)C,0.6956521739130435,CCCCCCC(=O)CCCCCC
CC(C)(S)C(O)OCc1ccccc1,0.5161290322580645,CC(C)OCc1ccccc1
CCC(C)C(C)OC,0.3333333333333333,CCCCCCCCCC(C)C(OC)OC
CCCCNCCC(N)CC(C)C,0.2857142857142857,CCCCCCC(C)C=O
CCCC(C)CNC,0.3181818181818182,CCCC(O)CCC
CCC=CCCC,0.5555555555555556,CC/C=C\CCO
CC1CCCCC1,0.5238095238095238,CC1CCCCCCCCCCC(=O)CC1
CC(C)CCCC(=O)CCC(C)CCCC(C)O,0.5806451612903226,CC(=O)CCCC(C)CCCC(C)C
CCC(CCC(C)C)C(C)COC,0.36363636363636365,CCC(CCC(C)C)C(=O)OC
CC(C)CCSC(C)C,0.35,CC(C)CCO
CC(C)C(C)C(C)C,0.3,CC(C)O
C1=CCC2OCCC2=C1,0.25,CC(C)/C=C1/OC(=O)C2=CC=CCC21
CC(C)OCCC(O)CCC1=CC=CC1,0.3055555555555556,CC(C)OCCO
C=CC=CC,0.3888888888888889,C=CC=CCC
CC(=O)OC1CC(C)OC1C,0.4375,CC(=O)OC1CCCCC1C
CC(C)OCc1ccco1,0.5151515151515151,CC(=O)OCc1ccco1
C=C1CCC(C)C1CC(C)CC,0.358974358974359,CC(C)CCC1C(=O)CCC1C
CC(C)CC(CC(C)C)OC(C)C,0.4375,CC(C)OC(C)C
CCC(C)C(C)C(C)C,0.35294117647058826,CCC(C)O
CCCC(C)C(C)CCCO,0.45,CCCCO
CC(C)CC1CC(C)(C)CCO1,0.32432432432432434,CC(C)CC1CCC(=O)O1
CCCC(=O)C1CC1c1ccccc1,0.42857142857142855,CCCC(=O)c1ccccc1
CC(C)COCC(C)O,0.4,CC(C)CC(C)O
CC1CCCCS1,0.25925925925925924,CC1CCCCC1=O
C=CC=CCCOCC,0.4583333333333333,C=CC=CCC
Cc1cnc(C(C)O)nc1,0.38461538461538464,Cc1ccc(C(C)O)cc1
CCCCC(CCC)OC,0.4583333333333333,CCCCCC(OC)OC
O=C(CCC1CCCC1)Cc1ccccc1,0.5333333333333333,O=C(Cc1ccccc1)Cc1ccccc1
C=CCOCCC,0.5555555555555556,C=CCOCC=C
CNC1C=CC(CCC(C)=O)CC1,0.3181818181818182,CC(=O)CCC1C(C)CCCC1(C)C
CCCCCCCCCCCCCCC(C)OC,0.6086956521739131,CCCCCCCCCC(OC)OC
CC1CCCC(C)(C)C1C=S,0.6666666666666666,CC1CCCC(C)(C)C1C=O
CCCCCCCCC(O)CCCCCC,0.7894736842105263,CCCCCCC(O)CC
CC(O)CC1CC(C)CCC1C(C)C,0.5161290322580645,CC1CCC(C(C)C)C(O)C1
CCCCCC(O)CC(C)C(=O)OCCCC,0.5625,CCCCOC(=O)C(C)O
CCCC=CC(=O)COCC(C)C,0.5588235294117647,CCCC=CC(=O)CCC(C)C
CCCCCCCC(=O)C(CC)CO,0.5161290322580645,CCCCCCC(CO)C(C)=O
CCCCCCCCCOCCO,0.7368421052631579,CCCCCCOCCCCCC
CC=CC(C)CCCCC,0.5384615384615384,CCCCCCC(C)C=O
CCCCC(C)C1CCCC1,0.48148148148148145,CC(CO)C1CCCCC1
C=CCOSCCO,0.4230769230769231,C=CCOCCO
C=CCCCCCC(C)O,0.8181818181818182,C=CCCCC(C)O
CC(=O)COc1ccccc1,0.68,O=C(O)COc1ccccc1
CC(S)C(O)CCCCc1ccccc1,0.5454545454545454,CC(C)C(O)CCc1ccccc1
CCCOCCC(C)=O,0.5238095238095238,CCCC(C)=O
CC(=O)C(=S)CC(C)C,0.5454545454545454,CC(=O)C(=O)CC(C)C
CCCC1=CCC=CC1O,0.25,CC(C)C1=CCC(CO)C=C1
CCCC(C)SCCOC,0.32142857142857145,CCCCCCOC
O=CC=CC1=CCC=C1,0.3333333333333333,O=C/C=C/c1ccccc1
COC1C=CC(CC(C)C=O)CC1,0.29411764705882354,CCC(C)C=O
CCCOC(O)c1ccccc1,0.59375,CCCOC(C(=O)O)c1ccccc1
CC(C)C(C)C1CCCCN1,0.25,CC(CO)C1CCCCC1
CCCOC(O)CCC(C)C,0.4583333333333333,CCCOC(C)OCCC
CCOC(O)CCC1C=CCC1,0.45,CCOC(=O)CC1C=CCC1
CC1CCCC2C1C(C)(C)C(C)C2(C)C,0.32432432432432434,C[C@H]1CC[C@H]2[C@@H]1C1C(CC[C@@]2(C)O)C1(C)C
C=C(CC)C1C=CC=CC1CCC(C)CC1=CCC(CC)C=C1,0.2962962962962963,CC(C)C1=CCC(CO)C=C1
CCC=C1CC(C)c2ccccc21,0.3684210526315789,CCC=C1OC(=O)c2ccccc21
COCCC(C)(C)CO,0.42857142857142855,COCCO
CCCCCCCC(O)CCCC,0.75,CCCCCCC(O)CC
CCC(C)C1CC(C)C(CC)C1,0.3157894736842105,CCC(C)C1CCC(OC(C)=O)CC1
CC1(C)CCCC2CCC(CN)CC21,0.34210526315789475,CC1CCCC(C)(C)C1CO
CC(C)C(=O)c1ccccc1,0.6956521739130435,CC(C)C(C)C(=O)c1ccccc1
CCC,0.5,CCCC
CCCCCCC1CCCC1O,1.0,CCCCCCCC1CCCC1O
CCCC(=O)CCCCCCCC(C)CCC,0.5925925925925926,CCCCCCCC(=O)CCC
C=CCC(C)C(C)=O,0.4782608695652174,CCC(C)C(C)=O
NCC(c1ccccc1)C1CCCCC1,0.32432432432432434,CC(c1ccccc1)C1OCCO1
CCC(O)C1CCCCC1O,0.35714285714285715,CC(C)(C)C1CCCCC1O
CC1C=CC(CCO)=CC1,0.325,CC1(C)C2CC=C(CCO)C1C2
CC=COC,0.3333333333333333,COC=O
CCC(C)C1C=CC2CCCCC2=C1,0.4,CCC(C)C1CCCCC1=O
CCCC(=O)CC1=C(C)CC=CC1CC,0.3235294117647059,CCCC(=O)CCC
C=C(C)C1=CCC(C)CC1=O,0.40540540540540543,C=C(C)C1CC=C(C)C(=O)C1
OCc1ccccc1O,0.5909090909090909,CCc1ccccc1O
CCCC(C)Cc1ccccc1,0.6071428571428571,CCCC(O)Cc1ccccc1
CCC(=O)C1=CCNO1,0.3333333333333333,CCC(=O)c1ccccc1
CCCCCCCCCC(=O)CC(C)C,0.6521739130434783,CCCCCCC(=O)CCCCCC
CCCCCCC(=O)C1=CCCO1,0.4358974358974359,CCCCCCCC(=O)c1ccc(C)cc1
CCCCC(=O)Cc1ccc(O)cc1,0.6551724137931034,CCC(=O)Cc1ccc(O)cc1
CC1CC(C)C2(CC(C)(C)CC(C)(C)C2)C1(C)O,0.23076923076923078,CC(=O)OC1CC(C)CC(C)(C)C1
CCC(C)(C)CCCC(C)C,0.625,CCC(C)(O)CCCC(C)C
CCCCCCOC(O)CCC(C)=O,0.5,CCCCCCC(C)=O
CCC=CCCCC(=O)CC=CCC,0.5151515151515151,CCC=CCCCC(=O)OC(C)C
CCC(O)CCN,0.5294117647058824,CCC(O)CC
CC1CCC(C)C(C=O)C1,0.35294117647058826,CC1CCC(C(C)C)C(OC=O)C1
CC1=CCCCC1OC(C)C,0.3055555555555556,CC1=CCC(C(C)C)CC1
CC(C)OC(C)(C=O)CCC1OC1(C)C,0.25,CC(CC=O)CC(C)(C)C
CCC1C=CC(C(C)C)=CC1,0.6896551724137931,CC(C)C1=CCC(CO)C=C1
OC1=C(C(O)CC2CCCCC2)CCC=C1,0.2777777777777778,OCC1CCCCC1
CC(=O)CCc1cc(C)cc(C)c1C,0.45454545454545453,CC(=O)CCc1ccc(C)cc1
CCCC1=CC=CCC1,0.2777777777777778,CCCCC1=CCCC1=O
CC(=O)CC(C)CC(C)C,0.6,CC(=O)CC(C)C
CCCCCCCCCCCCCCCCCCC,1.0,CCCCCCC
CC1(C)CCCC(O)C1C=O,0.6206896551724138,CC1CCCC(C)(C)C1C=O
CCC(C)c1ccccc1C,0.4090909090909091,Cc1ccccc1C
CCC(=O)C(CO)CCOC,0.36363636363636365,CCCCC(CO)C(C)=O
CCCCCC=CCCC(O)O,0.5416666666666666,CCCCCCCCCC(O)O
CCC(C)C(C)OC1C(C)CC=CC1(C)C,0.21568627450980393,CCOC(OCC)C1CCC(C)=CC1(C)C
CCC(C)(CCCC(C)C)CC(C)O,0.5172413793103449,CCC(C)(O)CCCC(C)C
CCCCCCCCCCCCCC(C)O,1.0,CCCCCCCC(C)O
CCCCCCCCC(CC)CC,0.5454545454545454,CCCCC(CC)CO
CCCOC(C)CC1C=CC=CC1,0.34375,CCCOC(C)OCCC
CC(C)C1CCC(C)(C)C(C(C)C)C1,0.37142857142857144,CCC(=O)C1(C)CCC(C(C)C)CC1
CCCCC(CC)CCC(O)c1ccccc1O,0.4782608695652174,CCCCC(CC)COC(=O)c1ccccc1O
CCCOCC(O)C=O,0.41379310344827586,CCC(O)CC(O)C=O
CC(O)C1=CCCCO1,0.26666666666666666,CCCCC(O)C1=CCCCC1C(=O)O
CCCCCCC(C)(C)C,0.6,CCCCCCCC(C)(C)O
CCC1=C(C)CC(C)CO1,0.2702702702702703,CC1CCCCCCCCCCCC(=O)OC1
CC1=CC(CC(C)O)CC(C)(C)C1,0.5151515151515151,CC1=CC(O)CC(C)(C)C1
C=C(C)C(C)S,0.29411764705882354,CC(=O)C(C)C
CCCC(=O)CC(C)C,0.631578947368421,CC(C)CC(=O)CC(C)C
CCCCC1=CC(CC)C=C1,0.2631578947368421,CCCCC1=CCCC1=O
C=C(CCC)CCCC(C)CCC,0.45161290322580644,C=C(C)CCC[C@H](C)CCO
C=C1CC(C)C(CCC(C)C)C(C)(N)C1,0.32558139534883723,CC(C)CCC1C(=O)CCC1C
C=C(C)CC1CC2COC1(C)C2(C)C,0.2564102564102564,CC1(C)OCC(CO)O1
CC1=C(C)COC1,0.23076923076923078,C1CO1
C=C(C=CC)OC(S)CC(C)C,0.2857142857142857,C=CCC(O)CC(C)C
CC(C)C1CC(C)C(C)O1,0.25925925925925924,CC1CCC(C(C)C)CC1
C=C(CC)C(C)CCC(C)C,0.4,CCC(O)CCC(C)C
CC(C)Cc1ccccc1,0.6363636363636364,CC(O)Cc1ccccc1
CC1=NC2C=CCCC2O1,0.2857142857142857,CCOC(=O)CC1C=CCC1
C=C(CCCC)CCC1CCCCC1,0.5,CCC(=O)O.CCCCCC1CCCCC1
CC(C)CC(C)CCC1C=CC=C1,0.2647058823529412,COC(CC(C)CCCC(C)C)OC
CCCC=C(CO)c1ccccc1,0.3939393939393939,CCCC(=O)c1ccccc1
CCCC(C)CC(O)c1ccccc1,0.6206896551724138,CC(C)CC(O)c1ccccc1
CCCCCC(CCCC)Cc1ccccc1,0.7666666666666667,CCCCCC(CO)Cc1ccccc1
CCCCCCCCC(CC(C)O)C(=O)CC,0.5172413793103449,CCCCCCCC(C)O
C=C1CCC(CCCCC)=C1C,0.37142857142857144,CCCCCC1=C(C)CCC1=O
COC1C=CCCC1C,0.32432432432432434,CCOC(=O)CC1C=CCC1
CC1=CNCC1,0.25,CC1=CC=C(C(C)C)CC1
CC1=CC(OOC2CC(C)CC2C)C(C)C1,0.2826086956521739,CC(=O)C(C)=CC1C(C)C=C(C)CC1C
CC1OC(=O)C(=O)C1C,0.32142857142857145,CC1=C(O)C(=O)C(C)O1
CCCCCCC(CC)C(=O)CC,0.5333333333333333,CCCCCCC(CO)C(C)=O
COC1C=CC(C)CC1C,0.28125,CC1C=CC(C=O)CC1C
COC(C)CSC,0.2777777777777778,COC(OC)OC
CC1=NC(C)C(C)C1,0.22857142857142856,CCC1=C(C)C(C)(C)C(C)CC1=O
CC(CC=O)C1=CC(C(C)C)CC=C1,0.39473684210526316,CC(C)c1ccc(C(C)CC=O)cc1
CSCC1=CC=CC1C,0.1794871794871795,C=C(C)C1C=CC(C)C(=O)C1
CCc1cc(C)c(C)o1,0.32142857142857145,CCc1ccco1
C=CCOC(C)C,0.42105263157894735,C=CCOCC=C
C=CC=CC=CC,0.4444444444444444,CC=CC=CC=O
CC1=NC(C)N(C(C)C)CC1,0.23076923076923078,CC1=CC(=O)C(C(C)C)CC1
CC=CC1=CC(CC)C(SC)C(CC)C1,0.22727272727272727,CC=Cc1ccc(OCC)cc1
CCCCNC,0.4,CCCCCCC
C=CCCCCC(=C)C,0.5,C=CCCCCCCCCC(=O)O
CCCCCC(=O)NCCCC,0.5,CCCCCC(=O)CCCCC
CCNCC(C)CC,0.34782608695652173,CCC(C)CCO
CCCCCCC=CO,1.0,CCCCCCCCCCC=CO
CC(O)C1CCC2CCC=CC21,0.325,C=CC(C)C1C=CCCC1.CO
CCCSC1=CC(C)C(C)C1,0.25,CCCSSCCC
CCCCCC(O)C(C)N,0.5652173913043478,CCCCCC(C)O
C=CC1C=CC(C(C)C)=CC1,0.47058823529411764,CC(C)C1=CCC(CO)C=C1
CCCCCCCC(CO)OC,0.5384615384615384,CCCCCCCCCC(OC)OC
CC1CC(CO)C=CC1O,0.34285714285714286,CC(C)C1=CCC(CO)C=C1
C=C(CC1C=CCC(C)=C1)CN1C=CCC=C1,0.22448979591836735,C=C(C)C1C=C(C)CCC1
C=C(CCCC)C(S)CCC,0.38461538461538464,CCCCC(=O)CCCC
C=CC1=C(CO)OCCO1,0.24324324324324326,C=CCC1CCOC1=O
CC1OC2C3=CC(=C2C1C)CN3C,0.20454545454545456,CC1COC(c2ccccc2)O1
CCCC1=C(C)N=C(C)CO1,0.21621621621621623,CCCc1ccccn1
CCCSCCC(C)O,0.4583333333333333,CCCCCC(C)O
CCCCC1C=CCC1C,0.2894736842105263,CCCCCC1C(=O)CCC1C
CCCCCCCC(S)OC,0.5833333333333334,CCCCCCCCCC(OC)OC
CCCCCC(O)CCCC,0.7368421052631579,CCCCCC(O)CC
CC(C)C=CCC(C)C,0.5,CC(C)CC=CO
CCCCCC(=O)OC(CCCC)C(C)CCO,0.5588235294117647,CCCCCC(=O)OC(C)C
C=CC=CCCC,0.5789473684210527,C=CC=CCC
CC(CCO)COc1ccccc1,0.5862068965517241,CC(C)COc1ccccc1
C=CCCC(O)c1ccccc1O,0.34146341463414637,C=CCOC(=O)c1ccccc1O
CCCCCC(C)C(C)CCCC,0.5652173913043478,CCCCCCCCCC(C)C(OC)OC
CCCCCCCCC(CC)C(C)O,0.5833333333333334,CCCCCCCC(C)O
CCC(C)C(C)c1ccccc1,0.5714285714285714,CC(CC=O)C(C)c1ccccc1
CNC1C=CCC=C1S,0.18421052631578946,CC1=CCC(C(C)C)C=C1
CC(C)CC(C)C(C)C(C)C,0.3684210526315789,CC(C)CC(C)O
CCCC(C)OCC,0.5789473684210527,CCOC(C)CC
CCCC(C)C(O)OCC,0.4,CCCCCCCCCC(C)C(OCC)OCC
CCCCOC(C)C(C)C,0.5,CCCCCCCOC(C)C
CCOCC(=O)CC,0.5,CCC(=O)CC
CCC(CC)CCc1ccccc1,0.6296296296296297,CCC(O)CCc1ccccc1
CCCCCCC(C)CC,0.6363636363636364,CCCCCCCCCC(C)CO
Cc1cccc(C)c1,0.6111111111111112,Cc1cccc(O)c1
CC(C)CCCC(C)CC(C)(C)C,0.45161290322580644,C=CC(C)(O)CCCC(C)CCCC(C)CCCC(C)C
CC1=CC(C)CC1,0.4642857142857143,CC1=CC(C)C(C=O)CC1
CC1=CCC(CCO)C=C1,0.42857142857142855,CC(C)C1=CCC(CO)C=C1
CCC1=CC=C(C(C)O)CO1,0.2702702702702703,CCC(O)c1ccco1
CCCCNN,0.375,CCCCCCC
CC1CCC(CC=O)C1(C)C,0.3333333333333333,O=CCC1CCCCC1
CCOC1=CCCC=C1O,0.34375,CCOc1ccccc1O
CCC(CCO)COC,0.4,CCC(C)CCO
CC(C)CCOC(C)S,0.6,CC(C)CCOC(C)OCCC(C)C
CC(=O)CCC1C=CCC=C1,0.375,CC(=O)CCC(C)=O
CC1COC(O)O1,0.37142857142857144,CC(C)=CCC/C(C)=C/C1OCC(C)O1
CC(C)CCC(O)c1ccccc1,0.6538461538461539,CC(C)CC(O)c1ccccc1
Cc1ccccc1CC(C)C,0.48148148148148145,Cc1ccccc1CCO
CCC(CC)CCC1CCC(C)C1(C)C,0.30434782608695654,CCC(C=O)CCC1C(C)CCCC1(C)C
CCC1OCCC(C)O1,0.5151515151515151,CC1CCOC(Cc2ccccc2)O1
CC(O)C(=O)c1ccccc1,0.6666666666666666,CC(C)C(C)C(=O)c1ccccc1
CCC(C)CCC1CCC(C)C1(C)C,0.3125,CCC(C)CCO
CC1C=C2COCC2=CC1,0.21951219512195122,CC1CC=C2C(C)(C)CCCC2(C)C1O
CC(C)=CCNC(=O)C(C)C,0.3611111111111111,COC(=O)CC(C)CCC=C(C)C
CC(c1ccccc1)C(O)C1C=CC=CC1,0.4,CC(C)C(O)c1ccccc1
C=CC(=CCCC)CC,0.42857142857142855,CCCCC=C(C=O)CC
C=C(OC)C(C)C,0.4,COC(=O)C(C)C
O=CCCCCc1ccccc1,0.8695652173913043,O=CCCCc1ccccc1
CC(C)C1=CC=COC1C,0.22727272727272727,CC(C)/C=C1/OC(=O)C2=CC=CCC21
C=C(CCC(CCCCC)Cc1ccccc1)CC(C)C,0.5853658536585366,CCCCCC(CO)Cc1ccccc1
CC=C(C)C(O)CCC,0.42857142857142855,CCCC(O)CCC
CCC(O)CCc1ccccc1,1.0,CCC(O)CCc1ccccc1
CCCCCNCCCC(O)CCC,0.5217391304347826,CCCC(O)CCC
CCCCCCCCCOC(C)c1ccncc1,0.46875,CCCCCCCOC(C)C
CCCC(C)CC=C(CC)CC,0.34375,CCCCCCCCCC(C)CC=O
CC1CCC2C(C3C(C)CCC13)C2(C)C,0.5625,C[C@H]1CC[C@H]2[C@@H]1C1C(CC[C@@]2(C)O)C1(C)C
CCOC(C)CCOC,0.5,CCOC(C)CC
CCC1CC(C)C(C)C1,0.36363636363636365,CCC1CCC(O)CC1
CCC(CC)CCC(C)O,0.5294117647058824,CCC(C)O
CCCCCC(CC)CC=O,0.5714285714285714,CCCCCCCCCC(C)CC=O
CC(C=O)CCC1C(C)CCCC1(C)N,0.5111111111111111,CCC(C=O)CCC1C(C)CCCC1(C)C
C1=CCCN=C1,0.15625,C1=CC=C2CC(=C1)C=CC=N2
CC=C(C)C(C)CC,0.47619047619047616,CCC(C)C(C)=O
CCCC1=COC=CC1,0.3,CCCc1ccccc1
CSC(C)C,0.3333333333333333,CSC
C=C(C)C1CCC(C)C(C)C1,0.68,C=C(C)C1CCC(C)C(O)C1
C=C(C)C1CCCC1C,0.42857142857142855,C=C(C)C1CCC(C)CC1O
CCc1cccc(SC)c1O,0.4482758620689655,CCc1ccccc1O
CC(C)C(C)CCC1CCC(C)C1(C)C,0.2608695652173913,C=C1CCC(C)C(C)(C)C1CCC(C)=O
C=C(CC(C)c1ccccc1)C(C)C,0.5666666666666667,CC(=O)CC(C)c1ccccc1
CC(=O)C1=CC=CCC1,0.35294117647058826,CC(=O)C1=CCC(C)CC1
COC(C)C1CC1c1ccccc1,0.35294117647058826,COC(OC)C(C)c1ccccc1
CC1=CC(Oc2ccccc2)CC=C1,0.3125,COc1ccccc1
CCCCC1C=CC(O)CC1,0.35294117647058826,CCCCCCCC1CCC(O)CC1
CCCCCCCC(O)CCC(C)C,0.625,CCCCCCC(O)CC
CCCCCCCCCCS,1.0,CCCCCCS
CC(C)CCCCCO,0.5555555555555556,CC(C)CCO
CC(C)C1CCC(C)(O)CC1=O,0.4117647058823529,CC1CCC(C(C)C)C(=O)C1
CC(O)C1CCCC1C,0.3333333333333333,CC1CCC(C(C)C)C(O)C1
C=C(CCC)CCC(C)O,0.44,CCCCCC(C)O
CCCC(CC(C)C)OC(C)c1ccc(C)c(C)c1,0.3488372093023256,CCOc1cc(C(C)C)ccc1C
CC1=CC(C)C=C1,0.32142857142857145,CC1=CCC(C(C)C)C=C1
CC1CCC(c2ccccc2)C1,0.35294117647058826,O=C1CC(c2ccccc2)CO1
