,KS_statistic,KS_pvalue,MW_statistic,MW_pvalue,T_statistic,T_pvalue,Jensen_Shannon_divergence
MW,0.305552831422065,3.9997285868548095e-52,1009659.0,4.5448431951191334e-70,-20.537445116295224,4.538283976751399e-80,0.26021684113863186
LogP,0.4213911191817022,1.563476222970553e-100,761737.0,4.768283939452378e-127,-26.898918779442475,5.1333967533388535e-120,0.3631956058489625
TPSA,0.21900052371669648,9.375561003662782e-27,1840246.5,0.0007285463760721829,3.1276415152337194,0.0018192510348224473,0.2553689246816263
SlogP_VSA3,0.27039853113421114,9.447403261690142e-41,1219804.5,2.154635836359292e-36,-11.855006182483502,2.1098111273660403e-30,0.24203987905063457
Fraction of Sp2 Hybridized Atoms,0.10939911925430236,5.763400920041424e-07,1800249.0,0.019167583814853412,1.9231881262893622,0.054759070357819344,0.25730987725342475
FCFP4 Count,0.11067284275706249,4.049649657959967e-07,1455965.5,1.5170993953549539e-10,-6.677979934447211,4.189994198894943e-11,0.1461154193946037
