MW,LogP,HBA,HBD,TPSA,RotBonds,AromaticRings,HeavyAtoms,RingCount,Source
150.177,1.7038,1,1,37.3,3,1,11,1,arctander
122.12299999999996,1.2046999999999997,2,1,37.3,1,1,9,1,arctander
62.068000000000005,-1.029,2,2,40.46,1,0,4,0,arctander
60.05200000000001,0.09089999999999993,1,1,37.3,0,0,4,0,arctander
44.053,0.2052,1,0,17.07,0,0,3,0,arctander
88.106,-0.043800000000000006,2,1,37.3,1,0,6,0,arctander
58.08,0.5952999999999999,1,0,17.07,0,0,4,0,arctander
146.142,0.716,2,2,74.6,5,0,10,0,arctander
176.124,-1.4073999999999995,6,4,107.22000000000001,2,0,12,1,arctander
106.12399999999997,1.4990999999999999,1,0,17.07,1,1,8,1,arctander
78.11399999999999,1.6866,0,0,0.0,0,1,6,1,arctander
122.12299999999996,1.3848,1,1,37.3,1,1,9,1,arctander
108.13999999999997,1.1788999999999998,1,1,20.23,1,1,8,1,arctander
72.107,0.9854,1,0,17.07,2,0,5,0,arctander
74.12299999999999,0.7787999999999999,1,1,20.23,2,0,5,0,arctander
88.10599999999998,0.8711,1,1,37.3,2,0,6,0,arctander
46.025000000000006,-0.29919999999999997,1,1,37.3,0,0,3,0,arctander
342.297,-5.397199999999994,11,8,189.52999999999997,4,0,23,2,arctander
174.10799999999998,-0.4433000000000001,3,3,111.89999999999999,4,0,12,0,arctander
192.12300000000002,-1.2485,4,4,132.13,5,0,13,0,arctander
146.14499999999995,1.7929999999999997,2,0,30.21,0,2,11,2,arctander
150.22099999999995,2.3023000000000002,1,1,20.23,2,1,11,1,arctander
148.20499999999996,2.6225000000000014,1,0,17.07,2,1,11,1,arctander
150.17699999999996,2.0438000000000005,2,1,29.46,2,1,11,1,arctander
108.13999999999999,1.70062,1,1,20.23,0,1,8,1,arctander
108.13999999999997,1.7006199999999996,1,1,20.23,0,1,8,1,arctander
144.214,2.4314999999999998,1,1,37.3,6,0,10,0,arctander
34.083,0.11280000000000001,0,0,0.0,0,0,1,0,arctander
182.172,-3.585399999999998,6,6,121.38000000000001,5,0,12,0,arctander
128.215,2.5458000000000007,1,0,17.07,6,0,9,0,arctander
124.13899999999997,1.4008,2,1,29.46,1,1,9,1,arctander
134.087,-1.0934000000000001,3,3,94.83,3,0,9,0,arctander
58.08,0.5952999999999999,1,0,17.07,1,0,4,0,arctander
168.19499999999996,3.586000000000001,1,0,13.14,0,3,13,3,arctander
147.13,-0.736899999999999,3,3,100.61999999999999,4,0,10,0,arctander
90.07799999999999,-0.5482,2,2,57.53,1,0,6,0,arctander
86.08999999999999,0.1644,2,0,34.14,1,0,6,0,arctander
148.16099999999997,1.5381999999999998,2,0,26.3,0,1,11,2,arctander
46.069,-0.0014000000000000123,1,1,20.23,0,0,3,0,arctander
92.09399999999998,-1.6681000000000001,3,3,60.69,2,0,6,0,arctander
27.025999999999996,0.13978,1,0,23.79,0,0,2,0,arctander
110.11199999999997,1.0977999999999999,2,2,40.46,0,1,8,1,arctander
117.15099999999997,2.1678999999999995,0,1,15.79,0,2,9,2,arctander
104.06099999999999,-0.4543,2,2,74.6,2,0,7,0,arctander
150.08599999999998,-2.1225999999999994,4,4,115.06,3,0,10,0,arctander
48.11000000000001,0.546,1,1,0.0,0,0,2,0,arctander
72.063,-0.2257,2,0,34.14,1,0,5,0,arctander
32.042,-0.3915,1,1,20.23,0,0,2,0,arctander
128.17399999999995,2.839800000000001,0,0,0.0,0,2,10,2,arctander
130.23100000000002,2.3392000000000013,1,1,20.23,6,0,9,0,arctander
139.10999999999999,1.3003999999999998,3,1,63.370000000000005,1,1,10,1,arctander
240.43099999999993,5.666600000000005,1,0,17.07,14,0,17,0,arctander
256.4299999999999,5.552300000000005,1,1,37.3,14,0,18,0,arctander
120.15099999999997,1.428,1,0,17.07,2,1,9,1,arctander
136.14999999999998,1.3137,1,1,37.3,2,1,10,1,arctander
97.99399999999999,-0.9286000000000001,1,3,77.76,0,0,5,0,arctander
76.095,-0.6405,2,2,40.46,1,0,5,0,arctander
60.096,0.3887,1,1,20.23,1,0,4,0,arctander
74.079,0.481,1,1,37.3,1,0,5,0,arctander
79.10199999999998,1.0816,1,0,12.89,0,1,6,1,arctander
88.06199999999998,-0.34000000000000014,2,1,54.370000000000005,1,0,6,0,arctander
62.137,0.9792,1,0,0.0,0,0,3,0,arctander
118.08799999999998,-0.06420000000000015,2,2,74.6,3,0,8,0,arctander
64.065,-0.6701999999999999,2,0,34.14,0,0,3,0,arctander
92.119,0.0007999999999999119,2,2,37.3,1,0,5,0,arctander
92.14099999999999,1.99502,0,0,0.0,0,1,7,1,arctander
152.14899999999997,1.2133,3,1,46.53,2,1,11,1,arctander
158.11299999999997,-0.9476999999999995,4,3,109.32,2,1,11,1,arctander
156.26899999999998,2.4395000000000007,1,1,20.23,1,0,11,1,arctander
166.17599999999996,1.6033999999999997,3,1,46.53,2,1,12,1,arctander
212.248,3.0436000000000014,2,0,26.3,3,2,16,2,arctander
149.218,2.2894000000000005,2,0,12.36,2,1,10,1,arctander
194.194,-1.0293,6,0,61.82,0,2,14,2,arctander
152.237,2.401700000000001,1,0,17.07,0,0,11,2,arctander
242.44699999999992,5.460000000000006,1,1,20.23,14,0,17,0,arctander
154.25300000000001,2.7441000000000013,1,0,9.23,0,0,11,3,arctander
108.13999999999999,1.7006199999999996,1,1,20.23,0,1,8,1,arctander
172.268,3.2117000000000013,1,1,37.3,8,0,12,0,arctander
182.222,2.917600000000001,1,0,17.07,2,2,14,2,arctander
74.123,1.0428000000000002,1,0,9.23,2,0,5,0,arctander
164.20399999999998,2.1293,2,1,29.46,3,1,12,1,arctander
222.37199999999999,4.3979000000000035,1,1,20.23,7,0,16,0,arctander
164.248,2.910200000000001,1,1,20.23,4,1,12,1,arctander
60.096000000000004,0.38710000000000006,1,1,20.23,0,0,4,0,arctander
200.32199999999997,3.991900000000002,1,1,37.3,10,0,14,0,arctander
152.14899999999997,1.1787999999999998,3,1,46.53,1,1,11,1,arctander
192.21399999999994,2.1524,3,0,27.69,3,1,14,2,arctander
108.09599999999998,0.25059999999999993,2,0,34.14,0,0,8,1,arctander
212.201,1.3702,5,3,86.99000000000001,3,1,15,1,arctander
110.11199999999997,1.0977999999999994,2,2,40.46,0,1,8,1,arctander
183.18799999999996,0.11870000000000008,3,1,63.24,0,1,12,2,arctander
162.18799999999993,2.1437999999999997,2,0,18.46,2,1,12,2,arctander
202.24999999999994,2.2763999999999998,2,2,74.6,9,0,14,0,arctander
58.443,-5.992,0,0,0.0,0,0,2,0,arctander
284.4839999999999,6.332500000000007,1,1,37.3,16,0,20,0,arctander
218.20499999999998,0.044299999999999784,6,0,78.9,5,0,15,0,arctander
184.279,3.3778000000000015,1,1,37.3,9,0,13,0,arctander
105.09299999999999,-1.6093999999999995,3,3,83.55,2,0,7,0,arctander
99.15799999999999,1.2752,2,0,12.36,2,0,6,0,arctander
302.367,2.3849,6,0,78.9,11,0,21,0,arctander
122.16699999999997,1.2213999999999998,1,1,20.23,2,1,9,1,arctander
93.12899999999999,1.2687999999999997,1,1,26.02,0,1,7,1,arctander
158.166,-2.8683999999999985,4,0,80.25999999999999,0,0,9,0,arctander
103.121,-0.19169999999999987,2,2,63.31999999999999,1,0,7,0,arctander
100.16099999999999,1.7656,1,0,17.07,4,0,7,0,arctander
119.37800000000001,1.9864,0,0,0.0,0,0,4,0,arctander
236.74,3.7268,0,0,0.0,0,0,8,0,arctander
258.069,-14.240600000000002,7,1,140.61999999999998,5,0,16,0,arctander
88.14999999999999,1.1689,1,1,20.23,3,0,6,0,arctander
117.148,0.05430000000000007,2,2,63.31999999999999,2,0,8,0,arctander
119.11999999999999,-1.2208999999999997,3,3,83.55,2,0,8,0,arctander
41.053,0.52988,1,0,23.79,0,0,3,0,arctander
76.14500000000001,1.0181,2,0,0.0,0,0,3,0,arctander
44.053,0.016600000000000004,1,0,12.53,0,0,3,1,arctander
74.12299999999999,0.7771999999999999,1,1,20.23,0,0,5,0,arctander
88.14999999999998,1.1673,1,1,20.23,1,0,6,0,arctander
100.16099999999999,1.6215,1,0,17.07,0,0,7,0,arctander
118.17599999999997,0.5282,2,2,40.46,1,0,8,0,arctander
196.29,2.7643000000000013,2,0,26.3,1,0,14,2,arctander
264.409,4.180600000000004,2,0,26.3,1,0,19,3,arctander
104.149,1.0152999999999999,2,0,18.46,2,0,7,0,arctander
206.24099999999999,1.8637,3,0,38.83,3,1,15,2,arctander
276.28499999999997,0.1870000000000001,7,1,99.13000000000002,8,0,19,0,arctander
368.36900000000014,6.256760000000005,4,0,44.760000000000005,6,3,26,3,arctander
224.34399999999994,3.876700000000003,2,0,26.3,6,0,16,0,arctander
284.39900000000006,4.934100000000004,2,0,26.3,7,1,21,1,arctander
138.21,2.3218000000000005,1,0,17.07,0,0,10,1,arctander
158.285,2.9737000000000022,1,1,20.23,5,0,11,0,arctander
154.25300000000001,2.6698000000000013,1,1,20.23,4,0,11,0,arctander
74.12299999999999,0.6347,1,1,20.23,1,0,5,0,arctander
72.107,0.8412999999999999,1,0,17.07,1,0,5,0,arctander
70.09100000000001,0.7614000000000001,1,0,17.07,1,0,5,0,arctander
74.12299999999999,0.7771999999999999,1,1,20.23,1,0,5,0,arctander
72.107,0.9854,1,0,17.07,1,0,5,0,arctander
70.09100000000001,0.7614,1,0,17.07,1,0,5,0,arctander
72.06299999999999,0.25699999999999995,1,1,37.3,1,0,5,0,arctander
74.07900000000001,0.17930000000000001,2,0,26.3,0,0,5,0,arctander
88.10599999999998,0.727,1,1,37.3,1,0,6,0,arctander
232.36699999999993,4.460400000000004,1,0,17.07,5,0,17,1,arctander
136.238,2.9987000000000013,0,0,0.0,0,0,10,2,arctander
164.248,3.079800000000002,1,1,20.23,2,1,12,1,arctander
172.268,1.6985000000000001,2,2,40.46,1,0,12,1,arctander
132.159,0.32039999999999996,3,1,46.53,2,0,9,0,arctander
136.238,2.9987000000000013,0,0,0.0,0,0,10,3,arctander
103.121,-0.19169999999999987,2,2,63.31999999999999,2,0,7,0,arctander
294.307,3.6199400000000033,5,0,103.35,3,1,21,1,arctander
132.16199999999998,1.8155000000000001,1,0,17.07,0,1,10,2,arctander
131.17799999999997,2.4763200000000003,0,1,15.79,0,2,10,2,arctander
268.269,3.1175200000000025,5,0,95.51,3,1,19,1,arctander
222.23999999999995,2.04,4,0,52.60000000000001,4,1,16,1,arctander
165.19199999999998,1.5149,3,1,38.33,2,1,12,1,arctander
184.238,3.3622000000000014,1,0,9.23,2,2,14,2,arctander
194.23,2.2050000000000005,3,1,46.53,3,1,14,1,arctander
208.257,2.5951000000000017,3,1,46.53,4,1,15,1,arctander
165.19199999999998,1.4455,3,1,52.32,2,1,12,1,arctander
253.30099999999996,3.139000000000001,3,1,52.32,4,2,19,2,arctander
116.15999999999998,1.5072,1,1,37.3,3,0,8,0,arctander
112.08399999999997,0.9778,2,1,50.44,1,1,8,1,arctander
258.4049999999999,4.800600000000005,1,0,17.07,2,1,19,2,arctander
164.248,2.9981200000000015,1,1,20.23,0,1,12,1,arctander
137.138,1.9032200000000001,2,0,43.14,1,1,10,1,arctander
204.35699999999997,4.869300000000004,0,0,0.0,0,0,15,2,arctander
276.37600000000003,4.009800000000003,3,1,46.53,3,1,20,2,arctander
148.20499999999998,2.5060400000000005,1,0,17.07,1,1,11,1,arctander
154.253,2.6477000000000013,1,0,17.07,1,0,11,1,arctander
152.237,2.567800000000001,1,0,17.07,1,0,11,1,arctander
150.22099999999998,2.8240200000000013,1,1,20.23,1,1,11,1,arctander
122.16699999999996,1.9545999999999997,1,1,20.23,1,1,9,1,arctander
122.12299999999996,1.2046999999999997,2,1,37.3,1,1,9,1,arctander
267.539,3.6610000000000023,2,0,26.3,2,1,15,1,arctander
164.20399999999995,2.2647999999999997,1,1,37.3,3,1,12,1,arctander
180.29099999999997,3.3260000000000023,1,0,17.07,1,0,13,2,arctander
184.23799999999997,2.7683000000000013,1,1,20.23,2,2,14,2,arctander
138.16599999999997,1.7038,2,0,18.46,2,1,10,1,arctander
129.16199999999995,2.2348,1,0,12.89,0,2,10,2,arctander
143.189,2.54322,1,0,12.89,0,2,11,2,arctander
143.18899999999996,2.5432200000000007,1,0,12.89,0,2,11,2,arctander
160.172,2.1014199999999996,2,0,30.21,0,2,12,2,arctander
166.30799999999996,4.147000000000004,0,0,0.0,1,0,12,2,arctander
154.21199999999996,3.353600000000002,0,0,0.0,1,2,12,2,arctander
170.21099999999998,3.0424000000000015,1,0,17.07,1,2,13,2,arctander
178.23099999999997,2.4323000000000006,2,0,18.46,4,1,13,1,arctander
178.23099999999997,2.736900000000001,2,0,18.46,3,1,13,1,arctander
185.27,3.433300000000002,1,0,12.89,2,2,14,2,arctander
206.24099999999996,2.349,3,0,35.53,4,1,15,1,arctander
138.16599999999997,1.7092199999999997,2,1,29.46,1,1,10,1,arctander
134.17799999999997,1.9889999999999999,1,0,17.07,2,1,10,1,arctander
136.19399999999996,2.1300000000000003,1,1,20.23,2,1,10,1,arctander
134.17799999999997,2.2793,1,0,17.07,2,1,10,1,arctander
138.16599999999997,0.7122999999999999,2,2,40.46,2,1,10,1,arctander
136.14999999999998,1.4732,2,0,26.3,1,1,10,1,arctander
137.138,0.8681999999999999,3,0,39.19,1,1,10,1,arctander
150.177,1.8633,2,0,26.3,2,1,11,1,arctander
162.188,1.8484,2,0,34.14,3,1,12,1,arctander
198.221,2.905800000000001,2,0,26.3,2,2,15,2,arctander
192.21400000000003,1.8225,3,0,43.370000000000005,4,1,14,1,arctander
180.20299999999997,1.959,3,1,46.53,3,1,13,1,arctander
194.23,2.3491000000000004,3,1,46.53,4,1,14,1,arctander
208.26,3.5827000000000027,1,0,17.07,3,2,16,2,arctander
226.275,3.086100000000002,2,0,26.3,4,2,17,2,arctander
166.13199999999998,1.1135,3,1,55.760000000000005,1,1,12,2,arctander
131.17799999999997,2.4763200000000003,0,1,15.79,0,2,10,2,arctander
133.14999999999995,2.13622,2,0,26.03,0,2,10,2,arctander
106.16799999999999,2.30344,0,0,0.0,0,1,8,1,arctander
146.14199999999997,0.11260000000000003,4,0,52.60000000000001,2,0,10,0,arctander
120.15099999999995,1.7579,1,0,12.53,1,1,9,2,arctander
86.13399999999999,1.2314,1,0,17.07,2,0,6,0,arctander
86.134,1.3755,1,0,17.07,2,0,6,0,arctander
86.09,0.3234,2,0,26.3,0,0,6,1,arctander
81.118,1.0251,1,0,4.93,0,1,6,1,arctander
196.28999999999996,2.7879000000000014,2,0,26.3,3,0,14,1,arctander
116.15999999999998,1.5072,1,1,37.3,3,0,8,0,arctander
114.14399999999999,1.1256000000000002,2,0,26.3,2,0,8,0,arctander
118.13199999999998,-0.06970000000000004,3,1,46.53,2,0,8,0,arctander
158.19699999999997,1.3681999999999999,3,0,43.370000000000005,2,0,11,0,arctander
144.21399999999997,1.8416000000000001,2,0,26.3,3,0,10,0,arctander
144.21399999999997,1.9857,2,0,26.3,4,0,10,0,arctander
142.19799999999998,1.9058,2,0,26.3,4,0,10,0,arctander
100.16099999999999,1.6215,1,0,17.07,3,0,7,0,arctander
102.133,0.1577,2,1,29.46,1,0,7,1,arctander
98.10099999999998,0.7719,2,1,33.370000000000005,1,1,7,1,arctander
96.08499999999998,1.0920999999999998,2,0,30.21,1,1,7,1,arctander
114.169,1.7093999999999998,2,1,13.14,1,1,7,1,arctander
134.22199999999998,2.9841000000000015,0,0,0.0,0,1,10,1,arctander
156.26899999999998,2.583600000000001,1,1,20.23,0,0,11,1,arctander
154.25299999999996,2.791800000000001,1,0,17.07,0,0,11,1,arctander
150.22099999999998,2.6897000000000015,1,1,20.23,0,1,11,1,arctander
120.19499999999995,2.8100000000000014,0,0,0.0,1,1,9,1,arctander
122.16699999999996,1.7399,1,1,20.23,1,1,9,1,arctander
120.15099999999995,1.8892,1,0,17.07,1,1,9,1,arctander
128.171,1.6513,1,1,37.3,1,0,9,1,arctander
123.11099999999998,1.5947999999999998,2,0,43.14,1,1,9,1,arctander
152.23699999999997,2.2797,1,1,20.23,1,0,11,1,arctander
150.22099999999998,2.4879000000000007,1,0,17.07,1,0,11,1,arctander
150.177,1.78162,2,0,26.3,1,1,11,1,arctander
140.26999999999998,3.468700000000003,0,0,0.0,1,0,10,1,arctander
136.23799999999997,3.1648000000000023,0,0,0.0,1,0,10,1,arctander
136.238,3.308900000000002,0,0,0.0,1,0,10,1,arctander
136.238,3.308900000000002,0,0,0.0,1,0,10,1,arctander
134.22199999999998,3.118420000000002,0,0,0.0,1,1,10,1,arctander
136.19399999999996,2.5156000000000014,1,1,20.23,1,1,10,1,arctander
136.14999999999998,1.5948,2,1,37.3,1,1,10,1,arctander
150.17699999999996,1.8978,2,0,26.3,2,1,11,1,arctander
152.14899999999997,1.3934,2,1,46.53,2,1,11,1,arctander
108.18399999999998,2.5287000000000006,0,0,0.0,1,0,8,1,arctander
106.16799999999996,2.2490000000000006,0,0,0.0,1,1,8,1,arctander
104.15199999999997,2.3296,0,0,0.0,1,1,8,1,arctander
103.12399999999998,1.5582799999999999,1,0,23.79,0,1,8,1,arctander
114.188,1.559,1,1,20.23,1,0,8,1,arctander
124.20799999999998,2.1164,1,1,0.0,1,1,8,1,arctander
108.13999999999997,1.6952,1,0,9.23,1,1,8,1,arctander
132.159,0.13019999999999982,3,1,38.69,1,0,9,1,arctander
150.22099999999998,2.0000000000000004,1,1,20.23,2,1,11,1,arctander
150.177,1.4021,2,0,26.3,2,1,11,1,arctander
164.204,1.6019999999999999,2,0,18.46,2,1,12,2,arctander
168.239,3.277400000000002,0,0,0.0,2,2,13,2,arctander
169.227,2.6724000000000006,1,0,12.89,2,2,13,2,arctander
170.21099999999998,3.478900000000001,1,0,9.23,2,2,13,2,arctander
204.313,3.642600000000003,1,1,20.23,6,1,15,1,arctander
164.204,1.7922,2,0,26.3,3,1,12,1,arctander
210.27599999999998,3.0409000000000015,1,0,17.07,4,2,16,2,arctander
256.301,2.9811000000000014,3,0,35.53,5,2,19,2,arctander
206.285,2.8184000000000013,2,0,26.3,5,1,15,1,arctander
240.302,3.0150000000000015,2,0,26.3,5,2,18,2,arctander
198.30599999999995,2.972900000000001,2,0,26.3,7,0,14,0,arctander
164.248,2.390100000000001,1,1,20.23,3,1,12,1,arctander
164.204,1.7921999999999998,2,0,26.3,3,1,12,1,arctander
162.188,1.8728,2,0,26.3,2,1,12,1,arctander
178.231,2.3858000000000006,2,0,26.3,3,1,13,1,arctander
176.215,2.2629,2,0,26.3,3,1,13,1,arctander
178.231,2.5299000000000005,2,0,26.3,4,1,13,1,arctander
192.258,2.775900000000001,2,0,26.3,4,1,14,1,arctander
238.286,3.443200000000002,2,0,26.3,4,2,18,2,arctander
164.204,1.7922,2,0,26.3,3,1,12,1,arctander
192.258,2.4283,2,0,26.3,4,1,14,1,arctander
198.26500000000001,3.403400000000002,1,0,9.23,4,2,15,2,arctander
192.258,2.572400000000001,2,0,26.3,5,1,14,1,arctander
252.31300000000002,3.4857000000000022,2,0,26.3,5,2,19,2,arctander
176.215,2.2629,2,0,26.3,3,1,13,1,arctander
190.24200000000002,2.6530000000000014,2,0,26.3,4,1,14,1,arctander
206.285,2.8184000000000013,2,0,26.3,5,1,15,1,arctander
204.269,2.899000000000002,2,0,26.3,4,1,15,1,arctander
204.269,3.0431000000000017,2,0,26.3,5,1,15,1,arctander
183.04799999999994,3.052200000000002,0,0,0.0,1,1,9,1,arctander
120.19499999999995,2.639100000000001,0,0,0.0,2,1,9,1,arctander
119.12299999999998,1.6538999999999997,2,0,29.43,1,1,9,1,arctander
122.16699999999996,2.0853,1,0,9.23,2,1,9,1,arctander
134.17799999999997,1.8181,1,0,17.07,2,1,10,1,arctander
178.231,2.55642,2,0,26.3,2,1,13,1,arctander
190.28599999999994,3.502500000000002,1,0,17.07,4,1,14,1,arctander
180.203,1.7583,3,0,35.53,3,1,13,1,arctander
134.17799999999997,1.8181,1,0,17.07,3,1,10,1,arctander
136.14999999999998,1.3596,2,0,26.3,3,1,10,1,arctander
156.225,2.2723000000000004,2,0,26.3,4,0,11,1,arctander
150.177,1.4021,2,0,26.3,4,1,11,1,arctander
162.18799999999996,1.8728,2,0,26.3,4,1,12,1,arctander
130.231,2.1951000000000005,1,1,20.23,5,0,9,0,arctander
120.15099999999998,1.80752,1,0,17.07,1,1,9,1,arctander
196.24599999999998,2.4114000000000004,3,0,39.44,5,1,14,1,arctander
138.166,1.1874999999999998,2,1,29.46,2,1,10,1,arctander
128.171,1.4921,2,0,26.3,2,0,9,1,arctander
102.133,0.9595,2,0,26.3,2,0,7,0,arctander
122.551,0.7883,2,0,26.3,2,0,7,0,arctander
116.15999999999998,1.5072,1,1,37.3,3,0,8,0,arctander
116.11599999999999,0.13849999999999996,3,0,43.370000000000005,2,0,8,0,arctander
160.16899999999998,0.5027,4,0,52.60000000000001,4,0,11,0,arctander
116.15999999999998,1.3496000000000001,2,0,26.3,3,0,8,0,arctander
118.176,1.4054,2,0,18.46,4,0,8,0,arctander
130.18699999999998,1.7397,2,0,26.3,4,0,9,0,arctander
144.21399999999997,1.9857,2,0,26.3,4,0,10,0,arctander
172.26799999999997,2.765900000000001,2,0,26.3,6,0,12,0,arctander
184.27899999999997,2.9320000000000013,2,0,26.3,7,0,13,0,arctander
182.263,2.852100000000001,2,0,26.3,6,0,13,0,arctander
212.3329999999999,3.712200000000003,2,0,26.3,8,0,15,0,arctander
156.26899999999998,2.751300000000001,1,1,20.23,5,0,11,0,arctander
154.253,2.9579000000000013,1,0,17.07,5,0,11,0,arctander
158.24099999999999,2.5199000000000007,2,0,26.3,6,0,11,0,arctander
172.26799999999997,2.910000000000001,2,0,26.3,7,0,12,0,arctander
228.37599999999995,4.470400000000004,2,0,26.3,11,0,16,0,arctander
114.18799999999999,2.1557000000000004,1,0,17.07,4,0,8,0,arctander
116.15999999999998,1.3496000000000001,2,0,26.3,3,0,8,0,arctander
146.142,0.11259999999999981,4,0,52.60000000000001,3,0,10,0,arctander
130.18699999999998,1.7397,2,0,26.3,4,0,9,0,arctander
144.214,2.1298000000000004,2,0,26.3,5,0,10,0,arctander
230.30399999999995,2.4532000000000007,4,0,52.60000000000001,9,0,16,0,arctander
58.123999999999995,1.8064,0,0,0.0,1,0,4,0,arctander
56.064,0.37129999999999996,1,0,17.07,1,0,4,0,arctander
76.16399999999999,1.3262,1,1,0.0,1,0,4,0,arctander
56.064,-0.3881,1,1,20.23,0,0,4,0,arctander
60.05200000000001,-0.2108000000000001,2,0,26.3,1,0,4,0,arctander
172.268,2.1527000000000003,2,1,37.3,6,0,12,0,arctander
86.13399999999999,1.3755,1,0,17.07,2,0,6,0,arctander
90.12199999999999,-0.25039999999999996,2,2,40.46,2,0,6,0,arctander
86.09,0.693,2,0,26.3,1,0,6,0,arctander
100.16099999999999,1.6215,1,0,17.07,2,0,7,0,arctander
102.17699999999998,1.4133,1,1,20.23,2,0,7,0,arctander
102.17699999999999,1.8197999999999999,1,0,9.23,2,0,7,0,arctander
102.133,0.9579,2,0,26.3,1,0,7,0,arctander
100.11699999999999,0.7119,2,0,26.3,0,0,7,1,arctander
107.15599999999999,1.69844,1,0,12.89,0,1,8,1,arctander
107.15599999999996,1.69844,1,0,12.89,0,1,8,1,arctander
108.14399999999999,1.0934399999999997,2,0,25.78,0,1,8,1,arctander
130.18699999999998,1.5956000000000001,2,0,26.3,3,0,9,0,arctander
120.19499999999998,2.611860000000001,0,0,0.0,0,1,9,1,arctander
142.242,2.6477000000000013,1,0,17.07,4,0,10,0,arctander
100.161,1.3114,1,1,20.23,0,0,7,1,arctander
98.145,1.5196,1,0,17.07,0,0,7,1,arctander
96.085,0.6397999999999999,2,0,30.21,0,1,7,1,arctander
110.18099999999997,1.9753000000000003,1,1,0.0,0,1,7,1,arctander
158.24099999999999,2.375800000000001,2,0,26.3,5,0,11,0,arctander
144.21399999999997,2.1298000000000004,2,0,26.3,5,0,10,0,arctander
254.4139999999999,5.004600000000005,2,0,26.3,0,0,18,1,arctander
314.46600000000007,4.7938000000000045,4,0,52.60000000000001,15,0,22,0,arctander
102.13299999999998,1.2612,1,1,37.3,3,0,7,0,arctander
104.149,0.4037,2,1,29.46,3,0,7,0,arctander
102.13299999999998,0.9595,2,0,26.3,2,0,7,0,arctander
67.091,1.08608,1,0,23.79,1,0,5,0,arctander
90.19099999999999,1.7163,1,1,0.0,2,0,5,0,arctander
76.095,-0.37489999999999996,2,1,29.46,2,0,5,0,arctander
76.095,0.23670000000000002,2,0,18.46,2,0,5,0,arctander
72.10700000000001,1.1664,1,0,9.23,2,0,5,0,arctander
74.07900000000001,0.17930000000000001,2,0,26.3,2,0,5,0,arctander
75.067,0.7043,3,0,38.66,2,0,5,0,arctander
67.091,1.0147,0,1,15.79,0,1,5,1,arctander
72.107,0.7968,1,0,9.23,0,0,5,1,arctander
68.075,1.2795999999999998,1,0,13.14,0,1,5,1,arctander
114.14399999999999,0.9446,2,0,34.14,3,0,8,0,arctander
116.15999999999998,1.2055,2,0,26.3,2,0,8,0,arctander
270.45699999999994,5.639100000000005,2,0,26.3,13,0,19,0,arctander
284.484,6.030800000000006,2,0,26.3,15,0,20,0,arctander
200.32199999999997,3.6902000000000026,2,0,26.3,9,0,14,0,arctander
258.3579999999999,3.2334000000000023,4,0,52.60000000000001,11,0,18,0,arctander
186.295,3.3001000000000023,2,0,26.3,8,0,13,0,arctander
114.18799999999999,2.1557000000000004,1,0,17.07,4,0,8,0,arctander
116.15999999999998,1.2055,2,0,26.3,4,0,8,0,arctander
117.148,1.7305,3,0,38.66,4,0,8,0,arctander
87.16600000000001,1.1353,1,1,26.02,3,0,6,0,arctander
86.13399999999999,1.3755,1,0,17.07,3,0,6,0,arctander
104.218,2.1064000000000003,1,1,0.0,3,0,6,0,arctander
88.10599999999998,0.5694,2,0,26.3,3,0,6,0,arctander
90.122,0.015200000000000047,2,1,29.46,3,0,6,0,arctander
85.15,0.7599,1,1,12.03,0,0,6,1,arctander
158.24099999999999,2.5199000000000007,2,0,26.3,6,0,11,0,arctander
128.21499999999997,2.5458000000000007,1,0,17.07,5,0,9,0,arctander
130.187,2.0414,1,1,37.3,5,0,9,0,arctander
102.17699999999999,1.559,1,1,20.23,4,0,7,0,arctander
118.24499999999999,2.4965000000000015,1,1,0.0,4,0,7,0,arctander
99.13299999999998,1.1223,2,0,29.43,3,0,7,0,arctander
102.133,0.18129999999999996,2,1,29.46,4,0,7,0,arctander
312.538,6.811000000000008,2,0,26.3,17,0,22,0,arctander
112.216,3.142800000000002,0,0,0.0,5,0,8,0,arctander
116.204,1.9491,1,1,20.23,5,0,8,0,arctander
114.18799999999999,2.1557000000000004,1,0,17.07,5,0,8,0,arctander
120.148,-0.3583,3,1,38.69,5,0,8,0,arctander
168.236,2.1332000000000004,2,0,26.3,4,0,12,0,arctander
214.34899999999996,4.080300000000003,2,0,26.3,10,0,15,0,arctander
134.175,0.031799999999999884,3,1,38.69,6,0,9,0,arctander
134.175,0.29580000000000006,3,0,27.69,6,0,9,0,arctander
158.241,2.821600000000001,1,1,37.3,7,0,11,0,arctander
158.24099999999999,2.5199000000000007,2,0,26.3,6,0,11,0,arctander
160.213,1.3662,3,0,35.53,6,0,11,0,arctander
170.296,3.7161000000000026,1,0,17.07,8,0,12,0,arctander
172.268,2.910000000000002,2,0,26.3,7,0,12,0,arctander
200.32199999999997,3.6902000000000026,2,0,26.3,9,0,14,0,arctander
144.214,2.1298000000000004,2,0,26.3,7,0,10,0,arctander
150.174,-0.9958,4,2,58.92,7,0,10,0,arctander
158.285,3.119400000000002,1,1,20.23,8,0,11,0,arctander
156.269,3.3260000000000023,1,0,17.07,8,0,11,0,arctander
158.241,2.5199000000000007,2,0,26.3,8,0,11,0,arctander
186.295,3.6018000000000017,1,1,37.3,9,0,13,0,arctander
172.31199999999998,3.5095000000000023,1,1,20.23,9,0,12,0,arctander
170.296,3.285500000000002,1,1,20.23,9,0,12,0,arctander
170.296,3.7161000000000026,1,0,17.07,9,0,12,0,arctander
168.28,3.4921000000000024,1,0,17.07,9,0,12,0,arctander
186.33899999999997,3.8996000000000035,1,1,20.23,10,0,13,0,arctander
184.32299999999998,4.106200000000003,1,0,17.07,10,0,13,0,arctander
202.40699999999998,4.837100000000006,1,1,0.0,10,0,13,0,arctander
186.33899999999994,4.163600000000003,1,0,9.23,10,0,13,0,arctander
298.51099999999997,6.420900000000007,2,0,26.3,16,0,21,0,arctander
228.37599999999995,4.470400000000004,2,0,26.3,11,0,16,0,arctander
200.36599999999996,4.289700000000004,1,1,20.23,11,0,14,0,arctander
214.39299999999994,4.679800000000005,1,1,20.23,12,0,15,0,arctander
270.50099999999986,6.240200000000008,1,1,20.23,16,0,19,0,arctander
86.134,0.9433,1,1,20.23,1,0,6,0,arctander
220.35599999999997,3.3874000000000026,1,1,20.23,4,0,16,4,arctander
196.29,3.2406000000000024,2,0,26.3,5,0,14,0,arctander
74.079,-0.43229999999999996,2,1,37.3,1,0,5,0,arctander
102.13299999999998,1.1171,1,1,37.3,2,0,7,0,arctander
262.393,4.2668000000000035,2,0,26.3,1,0,19,2,arctander
214.22,2.611400000000001,3,1,46.53,2,2,16,2,arctander
228.24699999999999,2.7492000000000014,3,1,46.53,3,2,17,2,arctander
250.338,3.7654000000000036,3,1,46.53,7,1,18,1,arctander
166.176,1.5688999999999997,3,1,46.53,2,1,12,1,arctander
126.11099999999996,0.6538199999999998,3,1,50.44,0,1,9,1,arctander
136.14999999999998,1.5948,2,1,37.3,1,1,10,1,arctander
212.248,2.6029000000000004,2,1,37.3,3,2,16,2,arctander
129.16199999999998,2.2348,1,0,12.89,0,2,10,2,arctander
166.17599999999996,1.5163,3,0,35.53,3,1,12,1,arctander
150.13299999999998,1.2278,3,0,35.53,1,1,11,2,arctander
162.18799999999996,2.4484000000000012,2,0,18.46,1,1,12,2,arctander
84.118,1.1295,1,0,17.07,0,0,6,1,arctander
85.15,0.712,1,0,3.24,0,0,6,1,arctander
166.176,1.6034,3,1,46.53,3,1,12,1,arctander
168.14799999999997,1.099,3,2,66.76,2,1,12,1,arctander
192.214,1.6895999999999998,3,0,38.83,3,1,14,2,arctander
92.14099999999998,1.7485,0,0,0.0,0,0,7,2,arctander
166.17599999999996,1.4818,3,0,35.53,2,1,12,1,arctander
134.178,2.1976199999999997,1,0,17.07,1,1,10,1,arctander
158.15599999999998,1.6218000000000001,2,0,34.14,0,1,12,2,arctander
194.18599999999995,1.2597999999999998,4,0,52.60000000000001,2,1,14,1,arctander
241.29,2.6683000000000003,3,1,52.32,4,2,18,2,arctander
275.39200000000005,3.886400000000002,3,1,52.32,3,1,20,2,arctander
151.16499999999996,1.0554,3,1,52.32,1,1,11,1,arctander
182.17499999999998,1.2218999999999998,4,1,55.76,3,1,13,1,arctander
136.14999999999998,1.5076999999999998,2,0,26.3,2,1,10,1,arctander
178.231,2.6435000000000013,2,0,26.3,4,1,13,1,arctander
182.30699999999996,3.7161000000000026,1,0,17.07,6,0,13,1,arctander
146.18599999999998,0.7104999999999999,3,1,46.53,4,0,10,0,arctander
201.223,-2.6270999999999978,3,1,69.23,2,0,12,1,arctander
396.5440000000001,0.35700000000000204,6,2,138.46,4,0,23,2,arctander
274.40399999999994,4.544900000000004,2,0,26.3,8,1,20,1,arctander
138.12199999999999,0.9102999999999997,3,2,57.53,1,1,10,1,arctander
148.16099999999997,1.7844,1,1,37.3,2,1,11,1,arctander
150.177,1.7496999999999998,2,0,26.3,2,1,11,1,arctander
184.62199999999996,1.9686000000000001,2,0,26.3,3,1,12,1,arctander
290.44699999999995,5.650700000000005,2,0,26.3,12,1,21,1,arctander
206.285,2.8184000000000013,2,0,26.3,5,1,15,1,arctander
117.15099999999998,1.75268,1,0,23.79,1,1,9,1,arctander
150.177,1.9203199999999996,2,0,26.3,1,1,11,1,arctander
148.20499999999998,2.4237,1,0,9.23,3,1,11,1,arctander
100.11699999999999,0.7355,2,0,26.3,2,0,7,0,arctander
198.30599999999998,3.3221000000000016,2,0,26.3,7,0,14,0,arctander
212.33299999999994,3.712200000000003,2,0,26.3,7,0,15,0,arctander
226.35999999999996,4.102300000000004,2,0,26.3,8,0,16,0,arctander
156.26899999999998,2.751300000000001,1,1,20.23,5,0,11,0,arctander
152.237,2.878000000000001,1,0,17.07,4,0,11,0,arctander
88.106,0.5694,2,0,26.3,1,0,6,0,arctander
98.145,1.5416,1,0,17.07,1,0,7,0,arctander
218.337,2.572700000000001,3,1,38.69,8,0,15,0,arctander
130.14299999999997,0.5286000000000001,3,0,43.370000000000005,3,0,9,0,arctander
170.25199999999998,2.686000000000001,2,0,26.3,7,0,12,0,arctander
222.37199999999999,4.396300000000004,1,1,20.23,7,0,16,0,arctander
116.15999999999998,1.6513,1,1,37.3,4,0,8,0,arctander
100.205,2.976700000000002,0,0,0.0,4,0,7,0,arctander
96.12899999999999,1.3176,1,0,17.07,2,0,7,0,arctander
298.51099999999997,6.419300000000007,2,0,26.3,15,0,21,0,arctander
144.214,2.1298000000000004,2,0,26.3,5,0,10,0,arctander
144.258,2.7293000000000016,1,1,20.23,7,0,10,0,arctander
186.295,3.3001000000000023,2,0,26.3,8,0,13,0,arctander
84.006,-4.1083,2,1,60.36,0,0,5,0,arctander
152.14899999999997,1.2133,3,1,46.53,2,1,11,1,arctander
106.121,0.20920000000000005,3,0,27.69,3,0,7,0,arctander
246.4,4.768200000000004,2,0,0.0,5,2,16,2,arctander
180.20699999999997,1.5758999999999996,2,2,64.35,3,1,13,1,arctander
198.30599999999995,3.3221000000000016,2,0,26.3,6,0,14,0,arctander
192.25800000000004,2.570800000000001,2,0,26.3,3,1,14,1,arctander
80.09,0.4765999999999999,2,0,25.78,0,1,6,1,arctander
194.18599999999998,1.4783999999999997,4,0,44.760000000000005,2,1,14,2,arctander
121.13899999999997,1.2842,2,0,29.96,1,1,9,1,arctander
126.199,2.3218000000000005,1,0,17.07,3,0,9,0,arctander
178.18699999999998,1.6129,3,1,46.53,3,1,13,1,arctander
198.34999999999994,4.496300000000004,1,0,17.07,10,0,14,0,arctander
104.149,1.0169000000000001,2,0,18.46,4,0,7,0,arctander
154.25300000000001,2.1935000000000007,1,1,20.23,0,0,11,2,arctander
204.35699999999997,4.5591000000000035,0,0,0.0,0,0,15,3,arctander
154.253,2.7441000000000013,1,0,9.23,1,0,11,2,arctander
204.35699999999994,4.7252000000000045,0,0,0.0,1,0,15,2,arctander
222.23999999999995,2.1609999999999996,4,0,36.92,4,1,16,2,arctander
208.25699999999995,2.4409,3,0,27.69,5,1,15,1,arctander
143.189,2.5432200000000007,1,0,12.89,0,2,11,2,arctander
150.17699999999996,1.8746999999999998,1,1,37.3,2,1,11,1,arctander
148.20499999999998,2.6694000000000013,1,0,17.07,3,1,11,1,arctander
152.14899999999997,0.9076,3,1,38.69,1,1,11,2,arctander
156.269,2.583600000000001,1,1,20.23,1,0,11,1,arctander
136.23800000000003,3.308900000000002,0,0,0.0,1,0,10,1,arctander
150.22099999999998,2.8240200000000013,1,1,20.23,1,1,11,1,arctander
138.166,0.9269999999999994,2,2,40.46,2,1,10,1,arctander
170.25199999999998,2.8436000000000003,1,1,37.3,5,0,12,0,arctander
142.242,2.935900000000001,1,0,17.07,6,0,10,0,arctander
224.38799999999992,5.030500000000004,1,0,17.07,0,0,16,1,arctander
102.13299999999998,1.1171,1,1,37.3,2,0,7,0,arctander
106.19,0.7318,2,1,20.23,3,0,6,0,arctander
296.539,6.362500000000008,1,1,20.23,13,0,21,0,arctander
96.08600000000001,0.5464,3,4,127.53,0,0,6,0,arctander
168.23599999999996,2.4517000000000007,2,0,18.46,1,0,12,3,arctander
302.4579999999999,5.206200000000004,1,1,37.3,2,0,22,3,arctander
152.237,1.9710999999999999,1,1,20.23,1,0,11,3,arctander
222.37199999999999,4.230200000000004,1,1,20.23,4,0,16,1,arctander
123.19899999999997,2.1939399999999996,0,1,15.79,1,1,9,1,arctander
204.357,4.581100000000004,0,0,0.0,1,0,15,2,arctander
222.23999999999995,2.1609999999999996,4,0,36.92,4,1,16,2,arctander
122.16699999999996,2.0090399999999997,1,1,20.23,0,1,9,1,arctander
122.211,2.752700000000001,0,0,0.0,0,0,9,2,arctander
120.15099999999998,1.80752,1,0,17.07,1,1,9,1,arctander
133.14999999999998,1.2435800000000001,2,1,44.019999999999996,1,1,10,1,arctander
144.10499999999996,-2.945899999999999,2,0,40.129999999999995,1,1,10,1,arctander
150.177,1.92032,2,0,26.3,1,1,11,1,arctander
136.194,2.04832,1,1,20.23,1,1,10,1,arctander
164.20399999999995,2.5082000000000004,1,1,37.3,2,1,12,1,arctander
102.13599999999998,1.6679000000000002,0,0,0.0,0,1,8,1,arctander
107.15599999999998,1.644,1,0,12.89,1,1,8,1,arctander
204.269,3.0431000000000017,2,0,26.3,5,1,15,1,arctander
122.16699999999996,1.8330000000000002,1,0,9.23,2,1,9,1,arctander
136.194,2.2231000000000005,1,0,9.23,3,1,10,1,arctander
130.18699999999998,1.7397,2,0,26.3,4,0,9,0,arctander
144.17,0.9187,3,0,43.370000000000005,4,0,10,0,arctander
144.21399999999997,1.9857,2,0,26.3,4,0,10,0,arctander
186.29499999999993,3.3001000000000023,2,0,26.3,8,0,13,0,arctander
158.24099999999996,2.5199000000000007,2,0,26.3,6,0,11,0,arctander
130.18699999999998,1.5956000000000001,2,0,26.3,3,0,9,0,arctander
238.41499999999994,5.276500000000005,1,0,17.07,0,0,17,1,arctander
250.4259999999999,5.586700000000006,1,0,17.07,0,0,18,1,arctander
102.13299999999998,0.8154,2,0,26.3,3,0,7,0,arctander
154.253,2.6698000000000017,1,1,20.23,5,0,11,0,arctander
116.20399999999998,1.9475000000000002,1,1,20.23,4,0,8,0,arctander
133.147,1.2408,3,0,52.370000000000005,4,0,9,0,arctander
146.29899999999998,3.3198000000000016,1,0,0.0,6,0,9,0,arctander
228.37599999999995,4.772100000000004,1,1,37.3,12,0,16,0,arctander
152.237,2.2576,1,0,17.07,1,0,11,2,arctander
152.237,2.2576,1,0,17.07,0,0,11,3,arctander
102.13299999999998,0.8154,2,0,26.3,1,0,7,0,arctander
422.50300000000016,2.5204,6,3,120.19000000000001,4,2,29,5,arctander
152.19299999999998,1.2127,2,1,37.3,2,0,11,1,arctander
135.16599999999994,1.4714,2,1,43.09,1,1,10,1,arctander
166.17599999999996,1.6033999999999995,3,1,46.53,2,1,12,1,arctander
88.106,0.5694,2,0,26.3,1,0,6,0,arctander
136.238,3.1648000000000023,0,0,0.0,1,0,10,1,arctander
116.15999999999998,1.2055,2,0,26.3,2,0,8,0,arctander
86.134,0.9449000000000001,1,1,20.23,1,0,6,0,arctander
144.21399999999997,1.9857,2,0,26.3,4,0,10,0,arctander
98.145,1.375,1,0,9.23,4,0,7,0,arctander
154.25300000000001,2.5037000000000016,1,1,20.23,1,0,11,1,arctander
86.13399999999999,1.2314,1,0,17.07,1,0,6,0,arctander
100.16099999999999,1.6215,1,0,17.07,2,0,7,0,arctander
162.188,2.0294,2,0,26.3,3,1,12,1,arctander
168.19199999999998,2.2365000000000004,3,0,39.44,4,1,12,1,arctander
112.172,1.7656,1,0,17.07,0,0,8,1,arctander
88.14999999999999,1.1673,1,1,20.23,2,0,6,0,arctander
142.19799999999998,1.7247999999999999,2,0,34.14,5,0,10,0,arctander
136.238,3.453000000000002,0,0,0.0,0,0,10,1,arctander
154.25300000000001,2.647800000000001,1,1,20.23,0,0,11,1,arctander
154.253,2.5037000000000016,1,1,20.23,1,0,11,1,arctander
169.227,3.430200000000001,1,1,12.03,2,2,13,2,arctander
180.24999999999997,3.857000000000003,0,0,0.0,2,2,14,2,arctander
102.17699999999999,1.4149,1,1,20.23,3,0,7,0,arctander
116.204,1.9475000000000002,1,1,20.23,4,0,8,0,arctander
158.24099999999999,2.2317,2,0,26.3,4,0,11,0,arctander
200.32199999999995,3.6902000000000026,2,0,26.3,9,0,14,0,arctander
116.20399999999998,1.9475000000000002,1,1,20.23,4,0,8,0,arctander
112.172,1.7656,1,0,17.07,0,0,8,1,arctander
130.231,2.3376000000000006,1,1,20.23,5,0,9,0,arctander
130.18699999999998,1.7397,2,0,26.3,4,0,9,0,arctander
86.13399999999999,1.2314,1,0,17.07,2,0,6,0,arctander
98.101,0.48789999999999994,2,0,26.3,0,0,7,1,arctander
112.172,1.7656,1,0,17.07,0,0,8,1,arctander
158.19699999999997,1.3088000000000002,3,0,43.370000000000005,5,0,11,0,arctander
116.11599999999999,0.4402,2,1,54.370000000000005,3,0,8,0,arctander
100.117,0.7355,2,0,26.3,2,0,7,0,arctander
116.11599999999999,0.13849999999999996,3,0,43.370000000000005,2,0,8,0,arctander
82.146,2.1386000000000003,0,0,0.0,2,0,6,0,arctander
81.118,1.47618,1,0,23.79,2,0,6,0,arctander
115.201,1.8893,2,0,12.36,3,0,7,0,arctander
102.13299999999998,0.9595,2,0,26.3,4,0,7,0,arctander
114.21299999999998,2.0916,1,0,0.0,4,0,7,0,arctander
198.34999999999997,4.496300000000004,1,0,17.07,10,0,14,0,arctander
100.11699999999999,0.5545,2,0,34.14,2,0,7,0,arctander
160.172,2.10142,2,0,30.21,0,2,12,2,arctander
180.203,1.9574000000000003,3,1,46.53,2,1,13,1,arctander
174.19599999999997,0.7487,4,0,52.60000000000001,4,0,12,0,arctander
126.11099999999998,1.0661999999999998,3,0,39.44,1,1,9,1,arctander
143.18899999999996,2.54322,1,0,12.89,0,2,11,2,arctander
182.266,3.8384000000000027,0,0,0.0,2,2,14,2,arctander
143.189,2.54322,1,0,12.89,0,2,11,2,arctander
212.24800000000002,3.214220000000001,2,0,26.3,2,2,16,2,arctander
131.178,2.4763199999999994,0,1,15.79,0,2,10,2,arctander
140.13799999999998,1.4563,3,0,39.44,2,1,10,1,arctander
154.16499999999996,1.8464,3,0,39.44,3,1,11,1,arctander
132.16199999999998,1.3542999999999998,1,0,17.07,0,1,10,2,arctander
90.078,0.3992,3,0,35.53,0,0,6,0,arctander
116.11599999999999,0.13849999999999996,3,0,43.370000000000005,2,0,8,0,arctander
130.18699999999995,1.5939999999999999,2,0,26.3,2,0,9,0,arctander
136.19399999999996,1.9140000000000001,1,1,20.23,1,1,10,1,arctander
154.25299999999996,2.3596000000000004,1,1,20.23,1,0,11,1,arctander
120.15099999999997,1.80752,1,0,17.07,1,1,9,1,arctander
152.14899999999997,1.2133,3,1,46.53,2,1,11,1,arctander
142.19799999999998,1.8821999999999999,2,0,26.3,1,0,10,1,arctander
152.14899999999997,1.4414,3,0,47.28,3,1,11,1,arctander
140.13799999999998,1.3427,3,0,39.44,2,1,10,1,arctander
102.13299999999998,0.9595,2,0,26.3,2,0,7,0,arctander
104.10499999999999,-0.4581999999999999,3,1,46.53,2,0,7,0,arctander
120.17299999999999,0.4793,3,1,26.3,2,0,7,0,arctander
160.16899999999998,0.5011,4,0,52.6,3,0,11,0,arctander
116.15999999999998,1.3496000000000001,2,0,26.3,3,0,8,0,arctander
128.21499999999997,2.401700000000001,1,0,17.07,4,0,9,0,arctander
144.258,2.727700000000002,1,1,20.23,6,0,10,0,arctander
94.20400000000001,1.6274,2,0,0.0,1,0,4,0,arctander
130.18699999999995,1.7381,2,0,26.3,2,0,9,0,arctander
90.07799999999999,-0.2825999999999998,2,1,46.53,2,0,6,0,arctander
88.106,0.5678,2,0,26.3,2,0,6,0,arctander
130.18699999999998,1.7381,2,0,26.3,3,0,9,0,arctander
158.24099999999996,2.5199000000000007,2,0,26.3,6,0,11,0,arctander
172.26799999999994,2.910000000000001,2,0,26.3,7,0,12,0,arctander
86.15899999999999,2.0065999999999997,1,0,0.0,2,0,5,0,arctander
214.34899999999996,4.080300000000003,2,0,26.3,10,0,15,0,arctander
284.484,6.030800000000006,2,0,26.3,15,0,20,0,arctander
144.258,2.727700000000002,1,1,20.23,6,0,10,0,arctander
110.19999999999999,2.5900000000000007,0,0,0.0,4,0,8,0,arctander
150.31199999999998,3.187800000000002,2,0,0.0,5,0,8,0,arctander
214.39299999999992,4.943800000000005,1,0,9.23,12,0,15,0,arctander
228.41999999999993,5.069900000000006,1,1,20.23,13,0,16,0,arctander
144.17,0.7284999999999999,3,0,35.53,2,0,10,1,arctander
116.15999999999998,1.3479999999999999,2,0,26.3,2,0,8,0,arctander
116.15999999999998,1.3496,2,0,26.3,5,0,8,0,arctander
214.34899999999996,4.382000000000003,1,1,37.3,11,0,15,0,arctander
268.4849999999999,6.446800000000007,1,0,17.07,16,0,19,0,arctander
130.18699999999995,1.5956000000000001,2,0,26.3,3,0,9,0,arctander
162.23199999999994,3.0126000000000017,1,0,17.07,2,1,12,1,arctander
74.079,-0.009299999999999975,2,0,18.46,0,0,5,1,arctander
116.15999999999998,1.5072,1,1,37.3,3,0,8,0,arctander
172.26799999999997,2.6218000000000012,2,0,26.3,5,0,12,0,arctander
212.33299999999994,3.8563000000000036,2,0,26.3,10,0,15,0,arctander
156.269,3.3260000000000023,1,0,17.07,7,0,11,0,arctander
158.28499999999997,3.3834000000000026,1,0,9.23,8,0,11,0,arctander
114.14399999999999,1.1019999999999999,2,0,26.3,1,0,8,1,arctander
170.25199999999998,2.6624000000000008,2,0,26.3,4,0,12,1,arctander
170.25199999999998,2.6624000000000008,2,0,26.3,5,0,12,1,arctander
198.30599999999995,3.4426000000000023,2,0,26.3,6,0,14,1,arctander
184.32299999999998,4.287200000000004,1,0,9.23,10,0,13,0,arctander
172.22699999999995,2.3746000000000005,1,1,20.23,2,2,13,2,arctander
84.118,1.1515,1,0,17.07,1,0,6,0,arctander
142.242,2.935900000000001,1,0,17.07,6,0,10,0,arctander
126.19900000000001,2.1557000000000004,1,0,17.07,1,0,9,1,arctander
154.253,2.3376000000000006,1,1,20.23,0,0,11,2,arctander
116.15999999999998,1.2055,2,0,26.3,2,0,8,0,arctander
74.14799999999998,1.1022,1,1,0.0,1,0,4,0,arctander
140.226,2.401700000000001,1,0,17.07,0,0,10,1,arctander
211.289,3.963300000000001,2,0,12.89,1,3,15,3,arctander
202.24999999999994,1.673,4,0,52.60000000000001,7,0,14,0,arctander
130.18699999999998,1.5956000000000001,2,0,26.3,1,0,9,0,arctander
170.29599999999996,3.7161000000000026,1,0,17.07,8,0,12,0,arctander
128.21499999999997,2.401700000000001,1,0,17.07,4,0,9,0,arctander
96.129,1.2956,1,0,17.07,0,0,7,1,arctander
148.20499999999996,2.451600000000001,1,0,17.07,2,1,11,1,arctander
164.204,2.2518000000000002,2,0,26.3,2,1,12,1,arctander
170.21099999999998,3.0424000000000015,1,0,17.07,1,2,13,2,arctander
176.25899999999996,3.186700000000002,1,0,17.07,1,1,13,1,arctander
206.32900000000004,4.295200000000005,1,1,20.23,7,1,15,1,arctander
155.19999999999996,2.7486000000000006,1,0,12.89,1,2,12,2,arctander
114.14399999999998,0.08019999999999994,2,2,40.46,3,0,8,0,arctander
242.40299999999993,4.8605000000000045,2,0,26.3,12,0,17,0,arctander
192.214,2.0029999999999997,3,1,46.53,3,1,14,1,arctander
228.37599999999992,4.470400000000004,2,0,26.3,11,0,16,0,arctander
238.37099999999995,4.122700000000004,2,0,26.3,7,0,17,0,arctander
196.28999999999996,3.2406000000000024,2,0,26.3,6,0,14,0,arctander
112.17199999999998,1.9317,1,0,17.07,3,0,8,0,arctander
107.11199999999997,0.8940999999999999,2,0,29.96,1,1,8,1,arctander
129.15900000000002,1.5958,2,0,43.14,1,0,9,1,arctander
136.194,1.7824,1,1,20.23,2,1,10,1,arctander
170.595,2.1266,2,0,26.3,1,1,11,1,arctander
180.20299999999995,1.9063999999999997,3,0,35.53,3,1,13,1,arctander
144.214,2.2874,1,1,37.3,5,0,10,0,arctander
128.171,1.5157,2,0,26.3,2,0,9,0,arctander
110.11199999999997,1.4822,2,0,30.21,1,1,8,1,arctander
152.237,2.401700000000001,1,0,17.07,0,0,11,2,arctander
39.997,-3.1728,1,0,30.0,0,0,2,0,arctander
136.238,2.9987000000000013,0,0,0.0,0,0,10,3,arctander
430.6260000000001,4.272600000000005,6,3,96.22000000000001,19,0,30,1,arctander
150.17699999999996,1.9032199999999995,2,1,37.3,1,1,11,1,arctander
256.4739999999999,5.8501000000000065,1,1,20.23,15,0,18,0,arctander
148.20499999999998,2.0806,1,1,20.23,2,1,11,1,arctander
150.22099999999998,2.3041000000000005,1,1,20.23,2,1,11,1,arctander
86.134,0.9448999999999999,1,1,20.23,2,0,6,0,arctander
98.14499999999998,1.5415999999999999,1,0,17.07,3,0,7,0,arctander
172.312,3.5079000000000025,1,1,20.23,8,0,12,0,arctander
162.23199999999997,2.8144600000000013,1,0,17.07,1,1,12,1,arctander
188.26699999999997,1.6905999999999999,3,1,38.69,6,0,13,1,arctander
180.20299999999997,1.0928999999999998,3,1,38.69,2,1,13,2,arctander
214.34899999999996,4.080300000000003,2,0,26.3,10,0,15,0,arctander
172.268,2.910000000000001,2,0,26.3,7,0,12,0,arctander
200.32199999999997,3.6902000000000026,2,0,26.3,9,0,14,0,arctander
176.215,1.9583,2,0,26.3,4,1,13,1,arctander
160.17199999999994,2.1014199999999996,2,0,30.21,0,2,12,2,arctander
131.17799999999997,2.3136800000000006,1,0,23.79,1,1,10,1,arctander
188.226,2.4290000000000003,2,0,26.3,4,1,14,1,arctander
146.189,2.2888,1,0,17.07,2,1,11,1,arctander
185.06399999999996,3.0115000000000016,0,0,0.0,1,1,9,1,arctander
178.23100000000002,2.1822999999999997,2,0,26.3,4,1,13,1,arctander
214.34899999999996,3.936200000000003,2,0,26.3,9,0,15,0,arctander
192.258,3.0336000000000016,2,0,26.3,5,1,14,1,arctander
128.17099999999996,1.5157,2,0,26.3,4,0,9,0,arctander
194.23,2.3491000000000013,3,1,46.53,4,1,14,1,arctander
172.22399999999996,1.6989,3,0,43.370000000000005,6,0,12,0,arctander
150.221,2.4879000000000007,1,0,17.07,2,0,11,1,arctander
178.23099999999994,2.1807,2,0,26.3,3,1,13,1,arctander
146.28,2.7398000000000016,2,0,0.0,5,0,8,0,arctander
148.296,2.9638000000000018,2,0,0.0,5,0,8,0,arctander
122.25799999999998,2.4076000000000004,2,0,0.0,3,0,6,0,arctander
186.29499999999996,3.1560000000000015,2,0,26.3,7,0,13,0,arctander
156.26899999999998,2.4395000000000007,1,1,20.23,1,0,11,1,arctander
172.26799999999997,2.910000000000001,2,0,26.3,7,0,12,0,arctander
163.245,2.3319,2,0,12.36,3,1,11,1,arctander
198.30599999999995,3.4426000000000023,2,0,26.3,7,0,14,1,arctander
158.24099999999999,2.518300000000001,2,0,26.3,5,0,11,0,arctander
214.349,4.078700000000003,2,0,26.3,9,0,15,0,arctander
164.20399999999998,2.2534,2,0,26.3,3,1,12,1,arctander
224.34399999999994,3.878300000000003,2,0,26.3,6,0,16,0,arctander
172.268,2.765900000000001,2,0,26.3,6,0,12,0,arctander
152.23699999999997,2.878000000000001,1,0,17.07,6,0,11,0,arctander
126.19899999999997,2.3218000000000005,1,0,17.07,5,0,9,0,arctander
181.32299999999998,4.430880000000004,1,0,23.79,9,0,13,0,arctander
154.25300000000001,2.5037000000000007,1,1,20.23,1,0,11,1,arctander
170.25199999999998,2.684400000000001,2,0,26.3,6,0,12,0,arctander
160.17199999999997,2.10142,2,0,30.21,0,2,12,2,arctander
160.17199999999997,2.1014199999999996,2,0,30.21,0,2,12,2,arctander
190.283,0.8737999999999999,2,2,71.96000000000001,1,0,13,1,arctander
298.555,7.284400000000009,1,0,9.23,18,0,21,0,arctander
140.22599999999997,2.711900000000001,1,0,17.07,6,0,10,0,arctander
176.215,2.3059000000000003,2,0,26.3,3,1,13,1,arctander
180.20299999999997,1.5322999999999998,3,1,46.53,3,1,13,1,arctander
148.20499999999998,2.2081999999999997,1,0,17.07,3,1,11,1,arctander
160.25699999999998,2.577300000000001,2,0,18.46,8,0,11,0,arctander
172.26799999999997,2.910000000000001,2,0,26.3,7,0,12,0,arctander
102.17699999999999,1.8214000000000001,1,0,9.23,3,0,7,0,arctander
210.31699999999998,3.1544000000000016,2,0,26.3,2,0,15,2,arctander
226.40399999999994,5.276500000000005,1,0,17.07,13,0,16,0,arctander
166.21999999999997,2.353300000000001,2,1,29.46,3,1,12,1,arctander
96.12899999999998,1.842,1,0,13.14,1,1,7,1,arctander
156.225,2.2723000000000004,2,0,26.3,3,0,11,1,arctander
136.23799999999997,2.9987000000000013,0,0,0.0,1,0,10,2,arctander
256.3859999999999,3.850900000000003,3,0,35.53,0,0,18,1,arctander
128.21499999999997,2.1136000000000004,1,1,20.23,5,0,9,0,arctander
126.11099999999996,1.1878,3,1,50.44,1,1,9,1,arctander
136.194,1.8755,1,0,9.23,3,1,10,1,arctander
152.14899999999997,1.1499999999999997,2,1,46.53,3,1,11,1,arctander
128.12699999999998,0.7637,3,1,46.53,0,0,9,1,arctander
126.27100000000002,2.2756,3,0,0.0,2,0,5,0,arctander
446.5910000000002,4.348840000000004,3,1,69.23,8,3,33,3,arctander
114.14399999999998,0.9446,2,0,34.14,3,0,8,0,arctander
238.37099999999995,4.268400000000004,2,0,26.3,7,0,17,0,arctander
135.20999999999998,2.3791,1,0,12.89,0,1,10,1,arctander
130.231,2.3376000000000006,1,1,20.23,5,0,9,0,arctander
184.27899999999997,3.076100000000002,2,0,26.3,8,0,13,0,arctander
172.26799999999997,2.7182000000000013,2,0,18.46,5,0,12,1,arctander
226.322,3.954200000000003,4,0,26.28,5,2,14,2,arctander
128.215,1.9491,1,1,20.23,2,0,9,1,arctander
142.24200000000002,2.1935000000000007,1,1,20.23,1,0,10,1,arctander
218.33999999999995,3.904200000000003,1,0,17.07,1,0,16,2,arctander
392.1720000000001,-9.407900000000005,11,3,185.67999999999998,4,2,25,3,arctander
228.37599999999995,4.470400000000004,2,0,26.3,11,0,16,0,arctander
140.13799999999998,0.9077999999999999,3,1,50.44,1,1,10,1,arctander
142.242,2.6477000000000013,1,0,17.07,3,0,10,0,arctander
186.29499999999996,3.3001000000000023,2,0,26.3,8,0,13,0,arctander
186.295,3.2985000000000024,2,0,26.3,7,0,13,0,arctander
138.254,3.3888000000000025,0,0,0.0,1,0,10,1,arctander
407.187,-9.825700000000005,12,4,211.70000000000002,4,2,26,3,arctander
194.23,0.9629000000000001,3,1,38.69,3,1,14,2,arctander
136.238,3.308900000000002,0,0,0.0,1,0,10,1,arctander
182.37899999999996,3.836000000000003,3,0,0.0,6,0,9,0,arctander
184.32299999999998,4.106200000000004,1,0,17.07,9,0,13,0,arctander
180.20300000000003,1.6285,3,0,35.53,4,1,13,1,arctander
222.28400000000002,3.129300000000002,3,1,46.53,6,1,16,1,arctander
134.17799999999997,1.6662000000000001,1,1,20.23,0,1,10,2,arctander
200.32199999999995,3.6902000000000026,2,0,26.3,9,0,14,0,arctander
200.21899999999997,0.28070000000000017,4,2,98.24000000000001,0,1,13,2,arctander
256.3859999999999,3.850900000000003,3,0,35.53,0,0,18,1,arctander
138.20999999999995,2.4879000000000007,1,0,17.07,5,0,10,0,arctander
206.28500000000003,3.423700000000002,2,0,26.3,6,1,15,1,arctander
206.285,3.310100000000002,2,0,26.3,6,1,15,1,arctander
273.37600000000003,4.1167000000000025,3,1,52.32,6,1,20,1,arctander
140.207,1.9839000000000007,2,1,9.23,1,1,9,1,arctander
130.18699999999998,1.5956000000000001,2,0,26.3,3,0,9,0,arctander
198.64899999999997,2.0111,2,0,26.3,4,1,13,1,arctander
286.412,4.010400000000003,4,0,52.60000000000001,11,0,20,0,arctander
188.26999999999998,3.459100000000002,1,0,17.07,5,1,14,1,arctander
226.35999999999999,4.078200000000003,2,0,18.46,8,0,16,0,arctander
216.27699999999993,2.0615,4,0,52.6,7,0,15,0,arctander
177.20299999999997,1.6116,3,1,52.32,3,1,13,1,arctander
192.21400000000003,1.7946,3,0,35.53,5,1,14,1,arctander
198.30599999999998,3.298000000000002,2,0,18.46,6,0,14,0,arctander
190.19499999999996,-0.1363999999999998,5,1,72.83000000000001,5,0,13,0,arctander
193.24599999999998,2.2257000000000002,3,1,52.32,4,1,14,1,arctander
310.174,-6.7916,8,0,172.5,0,0,13,0,arctander
152.23699999999997,2.567800000000001,1,0,17.07,1,0,11,1,arctander
190.242,2.6530000000000014,2,0,26.3,4,1,14,1,arctander
219.28400000000002,2.7583,3,1,52.32,2,1,16,2,arctander
202.338,3.746000000000003,2,0,18.46,10,0,14,0,arctander
193.24599999999998,2.0816,3,1,52.32,3,1,14,1,arctander
186.295,3.1560000000000015,2,0,26.3,7,0,13,0,arctander
190.24200000000002,2.6514000000000006,2,0,26.3,3,1,14,1,arctander
142.242,2.791800000000001,1,0,17.07,6,0,10,0,arctander
154.25299999999996,2.3596000000000004,1,1,20.23,1,0,11,1,arctander
358.56300000000005,5.1443000000000065,4,2,66.76,19,0,25,0,arctander
150.17699999999996,1.8978,2,0,26.3,3,1,11,1,arctander
192.21399999999997,1.9588999999999999,3,0,35.53,5,1,14,1,arctander
186.295,3.1560000000000015,2,0,26.3,7,0,13,0,arctander
220.31199999999998,3.3510000000000018,2,0,26.3,5,1,16,1,arctander
611.7660000000002,-21.066,18,0,296.15999999999997,0,0,30,1,arctander
166.22,1.7617,2,0,26.3,2,0,12,2,arctander
158.285,3.117800000000002,1,1,20.23,6,0,11,0,arctander
282.33899999999994,3.5718000000000023,3,0,35.53,6,2,21,2,arctander
178.231,2.3532,2,0,26.3,3,1,13,1,arctander
198.34999999999997,4.496300000000004,1,0,17.07,11,0,14,0,arctander
196.28999999999996,2.908400000000001,2,0,26.3,1,0,14,2,arctander
53.492000000000004,-2.6198,0,1,36.5,0,0,2,0,arctander
156.269,2.8954000000000018,1,1,20.23,8,0,11,0,arctander
184.27899999999997,2.5791000000000004,2,0,18.46,6,0,13,0,arctander
136.238,2.9987000000000013,0,0,0.0,0,0,10,2,arctander
156.269,2.583600000000001,1,1,20.23,0,0,11,1,arctander
128.17099999999996,1.1906,2,0,34.14,3,0,9,0,arctander
154.253,2.7677000000000014,1,0,9.23,1,0,11,1,arctander
198.30599999999998,3.0103000000000018,2,0,26.3,2,0,14,1,arctander
168.27999999999994,3.1819000000000015,1,0,17.07,2,0,12,1,arctander
124.18299999999999,2.0978000000000003,1,0,17.07,2,0,9,0,arctander
174.19899999999996,2.6079000000000008,2,0,26.3,1,1,13,2,arctander
136.238,2.9987000000000013,0,0,0.0,0,0,10,2,arctander
150.22099999999998,2.1776999999999997,1,0,17.07,0,0,11,3,arctander
148.20499999999998,2.2081999999999997,1,0,17.07,4,1,11,1,arctander
174.26500000000001,1.7921,3,1,26.3,2,0,11,1,arctander
170.296,3.5720000000000027,1,0,17.07,8,0,12,0,arctander
612.5810000000007,-1.342,15,9,245.28999999999996,10,2,43,4,arctander
196.28999999999996,3.0981000000000014,2,0,26.3,5,0,14,0,arctander
180.291,3.6582000000000026,1,0,17.07,8,0,13,0,arctander
192.258,2.572400000000001,2,0,26.3,5,1,14,1,arctander
194.23,1.9223999999999997,3,1,46.53,4,1,14,1,arctander
164.204,2.1398,2,0,26.3,3,1,12,1,arctander
204.269,2.899000000000002,2,0,26.3,4,1,15,1,arctander
264.32399999999996,3.956400000000003,2,0,26.3,5,2,20,2,arctander
178.23100000000002,2.1822999999999997,2,0,26.3,4,1,13,1,arctander
178.23100000000002,2.1822999999999997,2,0,26.3,4,1,13,1,arctander
178.275,3.2493000000000025,1,0,9.23,5,1,13,1,arctander
136.14999999999998,1.6118999999999999,2,0,26.3,1,1,10,1,arctander
164.20399999999998,1.8267,2,0,26.3,3,1,12,1,arctander
136.194,1.6115000000000002,1,1,20.23,3,1,10,1,arctander
138.166,1.0576999999999996,2,1,29.46,3,1,10,1,arctander
128.21499999999997,2.401700000000001,1,0,17.07,5,0,9,0,arctander
122.16699999999996,1.9545999999999997,1,1,20.23,1,1,9,1,arctander
136.14999999999998,1.5076999999999998,2,0,26.3,2,1,10,1,arctander
114.18799999999999,2.1557000000000004,1,0,17.07,4,0,8,0,arctander
174.19599999999997,0.8927999999999999,4,0,52.60000000000001,5,0,12,0,arctander
186.295,3.3001000000000023,2,0,26.3,8,0,13,0,arctander
108.14399999999999,1.0934399999999997,2,0,25.78,0,1,8,1,arctander
136.238,3.4750000000000023,0,0,0.0,4,0,10,0,arctander
88.14999999999999,1.0248,1,1,20.23,2,0,6,0,arctander
100.11699999999999,0.5545,2,0,34.14,2,0,7,0,arctander
144.21399999999997,2.1298000000000004,2,0,26.3,5,0,10,0,arctander
156.22499999999997,2.2959000000000005,2,0,26.3,6,0,11,0,arctander
71.123,0.36979999999999996,1,1,12.03,0,0,5,1,arctander
116.15999999999998,1.3496000000000001,2,0,26.3,3,0,8,0,arctander
88.106,0.03320000000000001,2,0,18.46,0,0,6,1,arctander
130.18699999999998,1.5956000000000001,2,0,26.3,3,0,9,0,arctander
340.5920000000001,7.591200000000009,2,0,26.3,19,0,24,0,arctander
256.4299999999999,5.250600000000005,2,0,26.3,13,0,18,0,arctander
242.40299999999993,4.8605000000000045,2,0,26.3,12,0,17,0,arctander
142.242,2.935900000000001,1,0,17.07,7,0,10,0,arctander
212.37699999999995,4.8864000000000045,1,0,17.07,12,0,15,0,arctander
678.5930000000003,-0.82919999999999,19,0,238.08999999999997,13,0,47,2,arctander
258.361,4.534500000000004,2,0,26.3,6,1,19,1,arctander
132.203,1.7955,2,0,18.46,4,0,9,0,arctander
98.142,-4.2398,2,0,40.129999999999995,0,0,5,0,arctander
82.034,-4.2398,2,0,40.129999999999995,0,0,5,0,arctander
220.35599999999997,4.295620000000003,1,1,20.23,0,1,16,1,arctander
166.26399999999998,2.3612,1,1,20.23,2,0,12,3,arctander
194.23000000000002,2.0186,3,0,35.53,5,1,14,1,arctander
134.131,-1.0973000000000002,4,2,66.76,3,0,9,0,arctander
126.15499999999996,1.7229999999999999,2,1,33.370000000000005,2,1,9,1,arctander
150.22099999999998,1.8382399999999999,1,1,20.23,2,1,11,1,arctander
121.18299999999996,1.95242,1,0,12.89,1,1,9,1,arctander
152.23699999999997,2.567800000000001,1,0,17.07,1,0,11,1,arctander
228.37599999999995,4.470400000000004,2,0,26.3,11,0,16,0,arctander
194.31799999999998,3.594000000000003,1,0,17.07,3,0,14,1,arctander
194.31799999999998,3.738100000000003,1,0,17.07,3,0,14,1,arctander
198.30599999999998,3.1544000000000016,2,0,26.3,1,0,14,1,arctander
270.45699999999994,5.640700000000006,2,0,26.3,14,0,19,0,arctander
160.172,2.10142,2,0,30.21,0,2,12,2,arctander
151.253,3.426680000000002,1,0,23.79,5,0,11,0,arctander
180.29099999999997,3.3260000000000023,1,0,17.07,1,0,13,2,arctander
186.29499999999996,3.0119000000000016,2,0,26.3,4,0,13,0,arctander
234.339,4.260920000000003,2,0,26.3,7,1,17,1,arctander
158.24099999999996,2.518300000000001,2,0,26.3,5,0,11,0,arctander
244.37799999999996,4.4025200000000035,1,0,17.07,1,1,18,2,arctander
172.26799999999997,2.7643000000000013,2,0,26.3,5,0,12,0,arctander
335.4470000000001,5.839400000000006,3,0,38.66,8,2,25,2,arctander
238.37099999999992,3.7905000000000033,2,0,26.3,3,0,17,2,arctander
220.35599999999997,3.6976000000000027,1,1,20.23,4,0,16,2,arctander
180.20299999999997,1.8719,3,0,35.53,3,1,13,1,arctander
128.17099999999996,1.3347,2,0,34.14,4,0,9,0,arctander
226.35999999999996,3.9582000000000033,2,0,26.3,7,0,16,0,arctander
148.20499999999998,2.2974200000000007,1,0,17.07,2,1,11,1,arctander
166.21999999999997,1.8479999999999999,2,0,18.46,4,1,12,1,arctander
226.275,3.1431200000000015,2,0,26.3,3,2,17,2,arctander
192.258,2.4283,2,0,26.3,4,1,14,1,arctander
226.27499999999998,2.972500000000001,2,0,26.3,4,2,17,2,arctander
208.257,2.2646000000000006,3,0,35.53,5,1,15,1,arctander
134.178,1.73642,1,0,17.07,2,1,10,1,arctander
178.231,2.2168,2,0,26.3,4,1,13,1,arctander
190.24199999999996,2.687500000000001,2,0,26.3,4,1,14,1,arctander
164.20399999999998,1.7922,2,0,26.3,5,1,12,1,arctander
270.36899999999997,3.377500000000002,4,0,52.6,0,0,19,1,arctander
256.4299999999999,5.250600000000005,2,0,26.3,13,0,18,0,arctander
140.22599999999997,2.567800000000001,1,0,17.07,4,0,10,0,arctander
200.322,3.5461000000000027,2,0,26.3,8,0,14,0,arctander
240.3869999999999,4.636500000000004,2,0,26.3,12,0,17,0,arctander
200.32199999999997,3.6902000000000026,2,0,26.3,9,0,14,0,arctander
184.323,3.962100000000003,1,0,17.07,9,0,13,0,arctander
182.263,2.850500000000001,2,0,26.3,6,0,13,0,arctander
150.22099999999998,2.4879000000000007,1,0,17.07,1,0,11,1,arctander
254.32899999999998,4.307300000000005,2,0,18.46,5,2,19,2,arctander
178.231,2.4994000000000005,2,0,26.3,3,1,13,1,arctander
248.366,4.132800000000004,2,0,26.3,9,1,18,1,arctander
266.34,3.8758000000000026,2,0,26.3,6,2,20,2,arctander
192.25800000000004,2.572400000000001,2,0,26.3,5,1,14,1,arctander
166.176,1.3681999999999999,3,0,35.53,4,1,12,1,arctander
206.32899999999992,3.904200000000003,1,0,17.07,3,0,15,1,arctander
206.32899999999995,4.048300000000003,1,0,17.07,3,0,15,1,arctander
206.32899999999998,3.904200000000003,1,0,17.07,2,0,15,1,arctander
218.29600000000002,3.289100000000002,2,0,26.3,5,1,16,1,arctander
186.295,3.3001000000000023,2,0,26.3,8,0,13,0,arctander
168.28,3.4921000000000024,1,0,17.07,8,0,12,0,arctander
210.31699999999998,3.6307000000000027,2,0,26.3,6,0,15,0,arctander
100.114,-4.1083,2,1,60.36,0,0,5,0,arctander
150.22099999999998,2.1776999999999997,1,0,17.07,1,0,11,3,arctander
164.248,3.003300000000002,1,0,9.23,5,1,12,1,arctander
158.24099999999996,2.5199000000000007,2,0,26.3,6,0,11,0,arctander
100.11699999999998,1.0372000000000001,1,1,37.3,3,0,7,0,arctander
166.17599999999996,1.4818,3,0,35.53,2,1,12,1,arctander
166.17599999999996,1.6205,3,0,35.53,2,1,12,1,arctander
220.268,2.1414999999999997,3,0,43.370000000000005,6,1,16,1,arctander
180.20299999999997,2.2460000000000004,3,0,39.44,4,1,13,1,arctander
130.18699999999998,1.7397,2,0,26.3,6,0,9,0,arctander
158.19699999999997,1.1186,3,0,35.53,3,0,11,1,arctander
130.18699999999995,1.7381,2,0,26.3,3,0,9,0,arctander
214.34899999999993,4.080300000000004,2,0,26.3,10,0,15,0,arctander
164.248,2.390100000000001,1,1,20.23,4,1,12,1,arctander
184.27899999999997,3.052500000000002,2,0,26.3,5,0,13,1,arctander
262.43699999999995,5.774800000000006,1,0,17.07,9,0,19,0,arctander
150.17699999999996,2.2719000000000005,2,0,30.21,3,1,11,1,arctander
136.14999999999998,1.8818,2,0,30.21,2,1,10,1,arctander
142.242,2.935900000000001,1,0,17.07,6,0,10,0,arctander
194.27399999999997,2.541900000000001,2,0,26.3,2,0,14,3,arctander
86.08999999999999,0.3454,2,0,26.3,3,0,6,0,arctander
160.21599999999995,2.6789000000000005,1,0,17.07,2,1,12,1,arctander
184.27899999999997,2.9320000000000013,2,0,26.3,5,0,13,0,arctander
160.213,1.1006,3,1,46.53,5,0,11,0,arctander
256.4299999999999,5.250600000000006,2,0,26.3,13,0,18,0,arctander
172.22399999999996,1.5548000000000002,3,0,43.370000000000005,5,0,12,0,arctander
150.22099999999998,2.0000000000000004,1,1,20.23,3,1,11,1,arctander
128.17099999999996,1.5157,2,0,26.3,3,0,9,0,arctander
156.22499999999997,2.2959000000000005,2,0,26.3,5,0,11,0,arctander
114.14399999999999,1.1256000000000002,2,0,26.3,3,0,8,0,arctander
242.27399999999997,2.843300000000001,3,0,35.53,4,2,18,2,arctander
152.14899999999997,1.6224,3,0,39.44,3,1,11,1,arctander
242.4029999999999,4.860500000000005,2,0,26.3,12,0,17,0,arctander
162.23199999999994,2.551400000000001,1,0,17.07,3,1,12,1,arctander
190.24199999999996,3.088300000000001,2,0,26.3,3,1,14,2,arctander
782.9570000000001,4.044200000000004,10,4,228.77999999999997,8,4,55,9,arctander
156.22499999999997,2.2723000000000004,2,0,26.3,2,0,11,1,arctander
220.31199999999998,3.3526000000000025,2,0,26.3,7,1,16,1,arctander
135.20999999999995,2.2801,1,0,12.89,2,1,10,1,arctander
270.45699999999994,5.496600000000005,2,0,26.3,13,0,19,0,arctander
198.30599999999995,2.974500000000001,2,0,26.3,8,0,14,0,arctander
204.269,3.086100000000002,2,0,26.3,3,1,15,1,arctander
208.301,3.0183000000000018,2,0,18.46,7,1,15,1,arctander
184.279,2.895100000000001,2,0,34.14,8,0,13,0,arctander
224.34399999999994,3.8563000000000036,2,0,26.3,7,0,16,1,arctander
156.22499999999997,2.1517999999999997,2,0,26.3,5,0,11,0,arctander
198.30599999999998,3.4662000000000024,2,0,26.3,9,0,14,0,arctander
224.34399999999997,4.022400000000003,2,0,26.3,11,0,16,0,arctander
288.431,5.239600000000006,2,0,26.3,9,1,21,1,arctander
200.32199999999995,3.6902000000000026,2,0,26.3,9,0,14,0,arctander
240.38699999999994,4.492400000000004,2,0,26.3,9,0,17,0,arctander
194.23,2.1483999999999996,3,0,35.53,4,1,14,1,arctander
174.284,2.9658000000000015,2,0,18.46,8,0,12,0,arctander
290.447,5.821320000000005,2,0,26.3,11,1,21,1,arctander
280.452,5.581200000000006,2,0,26.3,11,0,20,0,arctander
140.22599999999997,2.711900000000001,1,0,17.07,5,0,10,0,arctander
168.192,1.7753,3,0,39.44,4,1,12,1,arctander
182.26299999999998,2.5233000000000008,2,0,26.3,5,0,13,0,arctander
192.25800000000004,2.572400000000001,2,0,26.3,5,1,14,1,arctander
160.25699999999998,2.5757000000000003,2,0,18.46,7,0,11,0,arctander
246.35000000000002,4.213400000000004,2,0,26.3,8,1,18,1,arctander
186.295,3.1560000000000015,2,0,26.3,7,0,13,0,arctander
178.23099999999997,2.1807,2,0,26.3,4,1,13,1,arctander
184.27899999999994,2.910000000000001,2,0,26.3,4,0,13,1,arctander
178.275,2.780200000000001,1,1,20.23,4,1,13,1,arctander
192.25799999999995,2.570800000000001,2,0,26.3,4,1,14,1,arctander
274.404,4.544900000000004,2,0,26.3,9,1,20,1,arctander
154.253,3.102000000000002,1,0,17.07,6,0,11,0,arctander
196.29,2.913400000000001,2,0,26.3,6,0,14,0,arctander
166.26399999999998,3.2681000000000022,1,0,17.07,7,0,12,0,arctander
244.378,4.410500000000004,1,0,17.07,1,1,18,2,arctander
134.20000000000002,0.9124999999999999,3,0,26.3,3,0,8,0,arctander
273.37600000000003,3.9506000000000023,3,1,52.32,3,1,20,2,arctander
154.253,2.791800000000001,1,0,17.07,2,0,11,1,arctander
134.17799999999997,2.11594,1,0,17.07,1,1,10,1,arctander
150.26499999999996,3.8651000000000035,0,0,0.0,6,0,11,0,arctander
172.268,3.0676000000000014,1,1,37.3,7,0,12,0,arctander
124.18299999999996,2.0978,1,0,17.07,4,0,9,0,arctander
144.21399999999997,1.9841,2,0,26.3,3,0,10,0,arctander
170.296,3.285500000000002,1,1,20.23,8,0,12,0,arctander
193.24599999999992,2.2951000000000006,3,1,38.33,4,1,14,1,arctander
196.246,3.016700000000002,3,0,39.44,6,1,14,1,arctander
204.26900000000003,2.738500000000001,2,0,26.3,4,1,15,1,arctander
839.9730000000008,2.407600000000003,14,9,302.03999999999996,7,0,59,7,arctander
192.25799999999998,2.9465200000000014,2,0,26.3,3,1,14,1,arctander
264.409,4.3247000000000035,2,0,26.3,1,0,19,3,arctander
158.24099999999999,1.7642,2,1,37.3,6,0,11,0,arctander
263.296,3.641200000000002,3,1,52.32,2,3,20,3,arctander
212.33299999999997,3.544500000000003,2,0,26.3,3,0,15,1,arctander
224.34399999999994,4.020800000000003,2,0,26.3,7,0,16,0,arctander
297.267,3.325540000000003,6,0,129.42000000000002,3,1,21,1,arctander
242.274,2.791700000000002,3,1,46.53,4,2,18,2,arctander
206.19399999999996,-1.1656,6,2,93.06000000000002,5,0,14,0,arctander
198.30599999999998,3.1544000000000016,2,0,26.3,1,0,14,1,arctander
180.24699999999996,2.4090000000000007,2,0,18.46,4,1,13,1,arctander
164.20399999999995,2.3106999999999998,2,0,26.3,2,1,12,1,arctander
154.165,0.8930999999999998,3,2,49.69,2,1,11,1,arctander
268.31199999999995,3.6429000000000027,3,0,35.53,5,2,20,2,arctander
188.22599999999997,2.998000000000001,2,0,26.3,2,1,14,2,arctander
152.19299999999996,1.978,2,0,18.46,3,1,11,1,arctander
166.26399999999998,3.246100000000002,1,0,17.07,4,0,12,1,arctander
132.206,3.0281200000000013,0,0,0.0,1,1,10,1,arctander
182.263,2.3742,2,0,26.3,2,0,13,2,arctander
172.26799999999994,2.910000000000001,2,0,26.3,7,0,12,0,arctander
172.26799999999997,2.6218000000000012,2,0,26.3,5,0,12,0,arctander
168.28,3.4921000000000024,1,0,17.07,8,0,12,0,arctander
62.068000000000005,0.4959,2,1,29.46,1,0,4,0,arctander
190.28600000000003,3.1883000000000017,1,0,9.23,4,1,14,2,arctander
114.14399999999999,0.9446,2,0,34.14,3,0,8,0,arctander
178.23100000000002,2.1807,2,0,26.3,3,1,13,1,arctander
220.31199999999998,3.2085000000000017,2,0,26.3,6,1,16,1,arctander
198.30599999999998,3.4662000000000015,2,0,26.3,8,0,14,0,arctander
404.4380000000001,-1.389199999999999,6,0,139.12,0,2,25,4,arctander
250.33800000000002,3.9095000000000035,3,1,46.53,8,1,18,1,arctander
196.334,4.272300000000004,1,0,17.07,10,0,14,0,arctander
176.25899999999993,2.9415000000000013,1,0,17.07,4,1,13,1,arctander
178.275,2.636100000000001,1,1,20.23,4,1,13,1,arctander
152.237,2.117,1,1,20.23,3,0,11,0,arctander
224.3,3.7969000000000026,3,0,39.44,8,1,16,1,arctander
162.23199999999997,2.4542,1,0,17.07,4,1,12,1,arctander
128.21499999999997,2.354,1,0,9.23,2,0,9,1,arctander
209.37699999999995,5.211080000000005,1,0,23.79,11,0,15,0,arctander
210.276,3.502100000000002,1,0,17.07,4,2,16,2,arctander
192.21399999999994,1.7927999999999995,3,0,35.53,3,1,14,2,arctander
337.4630000000001,5.351800000000005,3,0,38.66,5,2,25,2,arctander
178.23100000000002,1.9921,2,0,18.46,3,1,13,2,arctander
148.205,2.12652,1,0,17.07,3,1,11,1,arctander
208.301,3.0183000000000018,2,0,18.46,7,1,15,1,arctander
206.329,3.4179000000000026,1,1,20.23,7,1,15,1,arctander
222.37199999999999,3.609800000000003,1,1,20.23,0,0,16,3,arctander
162.232,3.0595000000000017,1,0,17.07,4,1,12,1,arctander
216.27699999999993,1.919,4,0,52.60000000000001,6,0,15,0,arctander
213.236,2.4879999999999995,3,1,52.32,2,2,16,2,arctander
178.18699999999998,1.7349999999999999,3,1,46.53,3,1,13,1,arctander
298.511,6.420900000000007,2,0,26.3,16,0,21,0,arctander
168.23599999999996,2.1332000000000004,2,0,26.3,4,0,12,0,arctander
186.339,3.7555000000000027,1,1,20.23,9,0,13,0,arctander
158.24099999999999,2.375800000000001,2,0,26.3,5,0,11,0,arctander
204.22499999999997,2.500120000000001,3,0,39.44,2,2,15,2,arctander
168.19199999999998,1.5765,3,0,43.370000000000005,2,0,12,1,arctander
178.27499999999998,3.301120000000002,1,0,9.23,1,1,13,1,arctander
196.20199999999997,1.6119999999999999,4,1,55.760000000000005,3,1,14,1,arctander
147.22099999999998,2.3531200000000005,1,1,12.03,0,1,11,2,arctander
162.18799999999996,1.8466199999999997,2,0,26.3,0,1,12,2,arctander
234.33900000000003,4.2039000000000035,2,0,26.3,8,1,17,1,arctander
138.16599999999997,1.7908999999999997,2,1,29.46,2,1,10,1,arctander
166.26399999999998,3.246100000000002,1,0,17.07,5,0,12,1,arctander
146.22999999999996,2.1856,2,0,18.46,6,0,10,0,arctander
200.32199999999997,3.5461000000000027,2,0,26.3,8,0,14,0,arctander
278.308,3.7703200000000034,4,0,86.28,2,1,20,2,arctander
180.20299999999997,1.9063999999999999,3,0,35.53,4,1,13,1,arctander
226.27499999999998,3.1431200000000015,2,0,26.3,3,2,17,2,arctander
254.32899999999998,3.4051000000000027,2,0,26.3,6,2,19,2,arctander
196.24900000000002,3.226020000000002,1,0,17.07,2,2,15,2,arctander
216.27699999999993,1.919,4,0,52.60000000000001,7,0,15,0,arctander
171.24299999999997,3.358200000000002,1,0,12.89,1,2,13,2,arctander
144.21399999999997,2.1298000000000004,2,0,26.3,5,0,10,0,arctander
266.29699999999997,3.725760000000003,4,0,86.28,2,1,19,1,arctander
150.17699999999996,1.9203199999999996,2,0,26.3,1,1,11,1,arctander
180.15899999999996,1.2018999999999997,4,0,44.760000000000005,1,1,13,2,arctander
152.19299999999998,2.0122199999999997,2,0,18.46,2,1,11,1,arctander
304.5179999999999,7.025900000000008,1,1,20.23,14,1,22,1,arctander
134.17799999999997,2.1207,1,1,20.23,2,1,10,1,arctander
96.08499999999998,0.6397999999999999,2,0,30.21,0,1,7,1,arctander
132.203,1.7971,2,0,18.46,6,0,9,0,arctander
121.18299999999996,1.95242,1,0,12.89,1,1,9,1,arctander
228.24699999999999,2.9144000000000014,3,0,35.53,3,2,17,2,arctander
152.23699999999997,2.733900000000001,1,0,17.07,3,0,11,0,arctander
162.232,2.9154000000000018,1,0,17.07,3,1,12,1,arctander
115.201,1.7452,2,0,12.36,2,0,7,0,arctander
159.188,1.83652,1,1,32.86,0,2,12,2,arctander
228.247,2.919820000000001,3,1,46.53,2,2,17,2,arctander
180.20299999999997,1.959,3,1,46.53,3,1,13,1,arctander
166.17599999999996,1.5163,3,0,35.53,3,1,12,1,arctander
182.219,2.482500000000001,3,0,39.44,4,1,13,1,arctander
174.19599999999994,0.8928,4,0,52.60000000000001,4,0,12,0,arctander
121.18299999999996,2.0341,1,0,12.89,2,1,9,1,arctander
156.61199999999997,2.7387000000000015,1,0,9.23,2,1,10,1,arctander
186.29499999999996,3.3001000000000023,2,0,26.3,8,0,13,0,arctander
133.19399999999996,2.0446999999999997,1,1,12.03,0,1,10,2,arctander
232.282,4.070800000000002,1,0,17.07,2,3,18,3,arctander
258.3579999999999,3.2334000000000023,4,0,52.60000000000001,11,0,18,0,arctander
152.14899999999997,1.2133,3,1,46.53,2,1,11,1,arctander
188.31099999999995,3.355900000000002,2,0,18.46,9,0,13,0,arctander
166.17599999999996,1.6034,3,1,46.53,2,1,12,1,arctander
180.24699999999996,2.7582000000000013,2,0,18.46,5,1,13,1,arctander
188.26999999999995,3.412200000000002,1,0,17.07,3,1,14,1,arctander
150.177,1.732,2,0,18.46,1,1,11,2,arctander
150.22099999999998,2.613200000000001,1,0,9.23,4,1,11,1,arctander
164.248,2.8592000000000013,1,0,9.23,4,1,12,1,arctander
176.25900000000001,3.449600000000002,1,0,17.07,5,1,13,1,arctander
184.238,3.265600000000002,1,0,9.23,3,2,14,2,arctander
198.30599999999993,3.444200000000002,2,0,26.3,0,0,14,1,arctander
162.188,1.7171,2,0,26.3,1,1,12,2,arctander
150.177,1.732,2,0,18.46,1,1,11,2,arctander
186.29499999999996,3.3001000000000023,2,0,26.3,8,0,13,0,arctander
142.198,1.2706,2,1,37.3,1,0,10,1,arctander
142.24200000000002,2.3392000000000013,1,1,20.23,3,0,10,1,arctander
170.25199999999992,2.518300000000001,2,0,26.3,2,0,12,1,arctander
180.20299999999995,1.9063999999999999,3,0,35.53,3,1,13,1,arctander
112.172,1.9317,1,0,17.07,4,0,8,0,arctander
232.32299999999995,3.2406000000000024,2,0,26.3,0,0,17,3,arctander
149.237,2.814300000000001,1,0,12.89,4,1,11,1,arctander
308.50600000000003,4.697200000000004,2,2,40.46,4,0,22,2,arctander
184.2789999999999,3.052500000000002,2,0,26.3,4,0,13,1,arctander
100.161,1.3114,1,1,20.23,0,0,7,1,arctander
186.25099999999998,2.1483999999999996,3,0,43.370000000000005,4,0,13,0,arctander
142.19799999999998,2.2074999999999996,1,1,37.3,5,0,10,0,arctander
203.23799999999997,0.22009999999999985,5,1,78.62,6,0,14,0,arctander
182.219,2.6266000000000007,3,0,39.44,5,1,13,1,arctander
178.27499999999998,3.306540000000002,1,1,20.23,0,1,13,1,arctander
146.23,2.1856,2,0,18.46,6,0,10,0,arctander
142.19799999999998,1.9058,2,0,26.3,3,0,10,0,arctander
178.23099999999994,2.650100000000001,2,0,18.46,5,1,13,1,arctander
158.24099999999996,2.3297,2,0,18.46,5,0,11,1,arctander
100.16099999999999,1.335,1,1,20.23,2,0,7,0,arctander
134.17799999999997,2.2514000000000003,1,0,9.23,3,1,10,1,arctander
150.221,2.2656,1,0,9.23,4,1,11,1,arctander
122.12299999999996,1.2217999999999996,2,0,26.3,2,1,9,1,arctander
136.14999999999998,1.5302199999999997,2,0,26.3,2,1,10,1,arctander
206.24099999999999,2.2715000000000005,3,0,35.53,4,1,15,1,arctander
153.269,3.650680000000003,1,0,23.79,7,0,11,0,arctander
172.18299999999996,2.375000000000001,2,0,26.3,2,2,13,2,arctander
145.20499999999998,2.5328800000000005,1,0,23.79,3,1,11,1,arctander
230.30399999999995,2.165,4,0,52.60000000000001,6,0,16,0,arctander
183.25400000000002,2.8668000000000013,1,0,12.89,3,2,14,2,arctander
136.14999999999998,1.2642999999999995,2,0,26.3,3,1,10,1,arctander
163.201,2.2334000000000005,3,0,29.43,2,1,11,1,arctander
182.21899999999997,1.9865999999999997,3,0,27.69,4,1,13,1,arctander
170.296,3.7161000000000026,1,0,17.07,8,0,12,0,arctander
198.30599999999995,2.9658000000000015,2,0,18.46,0,0,14,2,arctander
210.27299999999997,2.766800000000001,3,0,27.69,6,1,15,1,arctander
204.26900000000003,3.1761000000000017,2,0,26.3,2,1,15,2,arctander
166.176,1.6034,3,1,46.53,3,1,12,1,arctander
238.4149999999999,5.420600000000006,1,0,17.07,0,0,17,1,arctander
214.34899999999996,4.080300000000004,2,0,26.3,10,0,15,0,arctander
290.44699999999995,5.764300000000006,2,0,26.3,12,1,21,1,arctander
164.15999999999994,1.6178999999999997,3,0,35.53,1,1,12,2,arctander
164.20399999999995,2.1742999999999997,2,0,26.3,2,1,12,1,arctander
150.22099999999998,2.0016000000000003,1,1,20.23,4,1,11,1,arctander
174.28399999999996,2.9658000000000015,2,0,18.46,8,0,12,0,arctander
252.44199999999992,5.810700000000006,1,0,17.07,0,0,18,1,arctander
190.24200000000002,2.3484000000000007,2,0,26.3,4,1,14,1,arctander
96.12899999999999,1.2955999999999999,1,0,17.07,0,0,7,1,arctander
115.201,1.8877,2,0,12.36,2,0,7,0,arctander
178.23099999999994,2.4371,1,1,37.3,3,1,13,1,arctander
128.215,1.9475000000000002,1,1,20.23,1,0,9,1,arctander
166.176,1.4872199999999998,3,1,46.53,1,1,12,1,arctander
198.26500000000001,4.095740000000003,1,0,9.23,2,2,15,2,arctander
116.204,2.2131,1,0,9.23,5,0,8,0,arctander
190.28600000000003,3.333400000000002,1,0,17.07,4,1,14,1,arctander
152.19299999999996,2.0938999999999997,2,0,18.46,3,1,11,1,arctander
192.30199999999996,3.8243000000000027,1,0,17.07,5,0,14,0,arctander
140.22600000000003,2.1136000000000004,1,1,20.23,0,0,10,1,arctander
168.236,2.4535,2,1,37.3,1,0,12,1,arctander
112.17199999999998,1.1673,1,1,20.23,0,0,8,2,arctander
150.22099999999998,2.4879000000000007,1,0,17.07,1,0,11,1,arctander
196.33399999999995,4.250300000000004,1,0,17.07,0,0,14,1,arctander
270.45699999999994,5.640700000000006,2,0,26.3,14,0,19,0,arctander
170.29599999999996,2.9737000000000022,1,1,20.23,2,0,12,1,arctander
208.257,2.2646000000000006,3,0,35.53,5,1,15,1,arctander
142.242,2.1951,1,1,20.23,2,0,10,1,arctander
186.295,3.3001000000000023,2,0,26.3,10,0,13,0,arctander
200.32199999999995,3.6902000000000026,2,0,26.3,9,0,14,0,arctander
214.34899999999996,4.080300000000004,2,0,26.3,10,0,15,0,arctander
220.31199999999998,3.3526000000000025,2,0,26.3,7,1,16,1,arctander
248.366,4.594000000000004,2,0,26.3,9,1,18,1,arctander
234.339,3.742700000000003,2,0,26.3,8,1,17,1,arctander
220.312,3.7002000000000024,2,0,26.3,7,1,16,1,arctander
228.37599999999998,4.326300000000003,2,0,26.3,10,0,16,0,arctander
226.35999999999993,4.244800000000004,2,0,26.3,10,0,16,0,arctander
200.32199999999997,3.5461000000000027,2,0,26.3,8,0,14,0,arctander
176.25900000000001,3.305500000000002,1,0,17.07,4,1,13,1,arctander
150.177,1.4365999999999999,2,0,26.3,3,1,11,1,arctander
158.33800000000002,2.923800000000001,4,0,0.0,3,0,6,0,arctander
210.22899999999998,1.8859199999999992,4,1,55.760000000000005,3,1,15,1,arctander
151.165,1.5057999999999998,2,0,43.14,3,1,11,1,arctander
114.188,1.7250999999999999,1,1,20.23,4,0,8,0,arctander
242.40299999999993,4.8605000000000045,2,0,26.3,12,0,17,0,arctander
198.30599999999993,3.4426000000000023,2,0,26.3,5,0,14,1,arctander
236.311,3.519400000000003,3,1,46.53,7,1,17,1,arctander
194.27399999999997,2.6282000000000005,2,0,18.46,6,1,14,1,arctander
220.31199999999998,3.2085000000000017,2,0,26.3,6,1,16,1,arctander
142.19799999999998,1.9058,2,0,26.3,5,0,10,0,arctander
192.25799999999995,3.0437200000000013,2,0,26.3,2,1,14,1,arctander
162.254,1.6496,3,1,26.3,5,0,10,0,arctander
354.61900000000014,7.981300000000009,2,0,26.3,20,0,25,0,arctander
174.19599999999997,0.7025999999999999,4,0,44.760000000000005,3,0,12,1,arctander
171.24299999999997,3.358200000000002,1,0,12.89,1,2,13,2,arctander
248.366,4.480400000000004,2,0,26.3,9,1,18,1,arctander
200.32199999999997,3.6902000000000026,2,0,26.3,9,0,14,0,arctander
165.19199999999995,2.7182000000000013,2,0,43.14,2,1,12,1,arctander
184.2789999999999,2.910000000000001,2,0,26.3,4,0,13,1,arctander
242.40299999999993,4.860500000000005,2,0,26.3,12,0,17,0,arctander
124.227,3.308900000000002,0,0,0.0,3,0,9,0,arctander
156.269,2.751300000000001,1,1,20.23,6,0,11,0,arctander
342.5200000000001,5.574000000000006,4,0,52.60000000000001,17,0,24,0,arctander
179.219,2.0385,3,0,39.19,4,1,13,1,arctander
194.18599999999998,1.5919999999999996,4,0,44.760000000000005,2,1,14,2,arctander
149.237,2.6702000000000012,1,0,12.89,3,1,11,1,arctander
214.34899999999993,4.080300000000004,2,0,26.3,10,0,15,0,arctander
410.6420000000003,7.973800000000008,2,0,18.46,14,1,30,1,arctander
278.436,5.357200000000006,2,0,26.3,9,0,20,0,arctander
220.312,3.813800000000003,2,0,26.3,7,1,16,1,arctander
150.17699999999994,1.8478999999999999,2,0,18.46,0,1,11,2,arctander
180.20299999999997,1.8719,3,0,35.53,3,1,13,1,arctander
156.22499999999997,2.1517999999999997,2,0,26.3,4,0,11,0,arctander
184.27899999999997,3.076100000000002,2,0,26.3,7,0,13,0,arctander
206.285,2.9625000000000012,2,0,26.3,6,1,15,1,arctander
184.66599999999997,3.4774200000000026,1,1,20.23,1,1,12,1,arctander
206.285,2.9625000000000012,2,0,26.3,6,1,15,1,arctander
148.227,1.2595,3,1,26.3,4,0,9,0,arctander
179.21899999999994,1.5392,3,0,29.540000000000003,2,1,13,1,arctander
164.24799999999993,2.3448000000000007,1,1,20.23,3,1,12,1,arctander
234.339,4.090300000000004,2,0,26.3,8,1,17,1,arctander
192.258,2.9200000000000017,2,0,26.3,5,1,14,1,arctander
192.25799999999998,3.0906200000000013,2,0,26.3,4,1,14,1,arctander
174.24299999999997,2.3068,1,0,17.07,2,1,13,2,arctander
210.31699999999998,3.3035000000000023,2,0,26.3,7,0,15,0,arctander
202.33799999999997,3.4578000000000024,2,0,18.46,8,0,14,0,arctander
156.225,2.1282000000000005,2,0,26.3,1,0,11,1,arctander
174.28699999999998,4.151520000000003,0,0,0.0,2,1,13,1,arctander
170.29599999999996,3.7161000000000026,1,0,17.07,8,0,12,0,arctander
148.20499999999998,2.3892000000000007,1,0,9.23,4,1,11,1,arctander
178.23099999999997,2.700520000000001,2,0,26.3,3,1,13,1,arctander
230.39199999999997,4.526200000000004,2,0,18.46,12,0,16,0,arctander
176.171,1.6274,3,0,35.53,2,1,13,2,arctander
169.112,-5.0676,4,2,103.44999999999999,4,0,11,0,arctander
140.182,1.353,2,0,26.3,2,0,10,0,arctander
503.8510000000001,8.650899999999996,2,2,40.46,2,2,25,2,arctander
154.20899999999997,1.7431,2,0,26.3,3,0,11,0,arctander
182.263,2.828500000000001,2,0,26.3,4,0,13,1,arctander
186.295,3.2985000000000024,2,0,26.3,7,0,13,0,arctander
208.301,3.1892000000000023,2,0,18.46,6,1,15,1,arctander
180.29099999999997,3.6362000000000023,1,0,17.07,4,0,13,1,arctander
222.23999999999998,1.6982,4,0,48.06,4,1,16,2,arctander
184.27899999999997,3.076100000000001,2,0,26.3,7,0,13,0,arctander
162.232,2.7692000000000014,1,0,17.07,3,1,12,1,arctander
176.25900000000001,3.1593000000000018,1,0,17.07,4,1,13,1,arctander
272.43199999999996,4.764300000000004,1,0,17.07,0,0,20,4,arctander
142.19799999999998,1.7381,2,0,26.3,2,0,10,1,arctander
170.25199999999998,2.5199000000000007,2,0,26.3,5,0,12,1,arctander
156.26899999999998,2.893800000000002,1,1,20.23,4,0,11,0,arctander
158.285,2.9737000000000022,1,1,20.23,5,0,11,0,arctander
130.231,2.1935000000000007,1,1,20.23,4,0,9,0,arctander
142.19799999999998,1.7397,2,0,26.3,3,0,10,1,arctander
226.35999999999996,4.246400000000004,2,0,26.3,11,0,16,0,arctander
190.283,2.2022000000000004,3,0,27.69,9,0,13,0,arctander
184.279,3.076100000000001,2,0,26.3,6,0,13,0,arctander
159.23199999999997,3.2913000000000014,0,1,15.79,1,2,12,2,arctander
221.3,3.0059000000000005,3,1,52.32,6,1,16,1,arctander
144.21399999999997,2.1281999999999996,2,0,26.3,4,0,10,0,arctander
156.269,2.893800000000002,1,1,20.23,5,0,11,0,arctander
186.295,3.1319000000000017,2,0,18.46,8,0,13,0,arctander
182.26299999999998,3.1777000000000015,2,0,26.3,5,0,13,1,arctander
188.31099999999998,3.355900000000002,2,0,18.46,9,0,13,0,arctander
140.182,1.3530000000000002,2,0,26.3,2,0,10,0,arctander
126.15499999999997,0.9629,2,0,26.3,1,0,9,0,arctander
136.19400000000002,1.52982,1,1,20.23,2,1,10,1,arctander
158.24099999999999,2.5199000000000007,2,0,26.3,6,0,11,0,arctander
176.281,2.0397000000000003,3,1,26.3,6,0,11,0,arctander
170.25199999999995,2.5199000000000007,2,0,26.3,3,0,12,1,arctander
164.248,2.3084200000000004,1,1,20.23,2,1,12,1,arctander
194.27399999999997,3.0013000000000014,2,0,18.46,2,1,14,1,arctander
184.32299999999998,3.5299000000000027,1,1,20.23,6,0,13,0,arctander
230.35100000000003,4.629400000000005,1,0,17.07,8,1,17,1,arctander
156.225,1.7806,2,0,26.3,2,0,11,1,arctander
210.31699999999995,3.1544000000000016,2,0,26.3,2,0,15,2,arctander
200.32199999999997,3.544500000000003,2,0,26.3,6,0,14,0,arctander
258.405,4.792620000000005,1,0,17.07,1,1,19,2,arctander
152.237,2.567800000000001,1,0,17.07,2,0,11,1,arctander
142.242,2.5037000000000007,1,1,20.23,6,0,10,0,arctander
180.20299999999997,2.5303200000000006,3,0,35.53,2,1,13,1,arctander
246.39399999999995,4.862800000000006,1,1,20.23,2,1,18,2,arctander
160.17299999999997,-1.247799999999998,4,2,95.41,4,0,11,0,arctander
220.22399999999996,1.9915999999999998,4,0,44.760000000000005,3,1,16,2,arctander
166.26399999999998,3.1240000000000014,1,0,17.07,5,0,12,0,arctander
208.30099999999996,2.8694000000000015,2,0,29.6,2,0,15,2,arctander
150.22099999999998,2.1776999999999997,1,0,17.07,1,0,11,2,arctander
206.28499999999997,3.0989000000000013,2,0,18.46,6,1,15,1,arctander
170.25199999999998,1.4745,2,2,40.46,1,0,12,1,arctander
258.405,4.525200000000004,1,0,9.23,0,1,19,3,arctander
170.29599999999996,3.405400000000002,1,0,9.23,6,0,12,0,arctander
192.30200000000002,3.291800000000002,1,0,9.23,6,1,14,1,arctander
188.22599999999997,2.853900000000001,2,0,26.3,1,1,14,2,arctander
290.491,5.502400000000007,1,1,20.23,4,0,21,2,arctander
154.253,2.9579000000000013,1,0,17.07,5,0,11,0,arctander
212.37699999999998,4.454100000000004,1,0,17.07,9,0,15,0,arctander
166.21999999999997,2.1093,2,0,26.3,0,0,12,2,arctander
204.35699999999994,4.891300000000005,0,0,0.0,4,0,15,1,arctander
154.253,2.5037000000000007,1,1,20.23,0,0,11,1,arctander
150.22099999999998,2.0000000000000004,1,1,20.23,3,1,11,1,arctander
390.3410000000002,-0.524799999999999,11,0,148.57000000000002,10,0,27,0,arctander
134.17799999999997,1.9060000000000001,1,1,20.23,2,1,10,1,arctander
134.17799999999997,2.4253000000000005,1,1,20.23,1,1,10,1,arctander
192.30199999999996,3.6582000000000026,1,0,17.07,4,0,14,1,arctander
176.25899999999996,3.0877000000000017,1,0,17.07,3,1,13,1,arctander
138.20999999999998,2.1776999999999997,1,0,17.07,1,0,10,1,arctander
254.32899999999998,4.002700000000003,2,0,18.46,6,2,19,2,arctander
212.33299999999997,3.8563000000000027,2,0,26.3,10,0,15,0,arctander
260.377,4.304200000000003,2,0,26.3,3,1,19,2,arctander
262.393,4.522900000000004,2,0,26.3,10,1,19,1,arctander
184.27899999999997,2.9320000000000013,2,0,26.3,7,0,13,0,arctander
154.253,2.8138000000000014,1,0,17.07,4,0,11,0,arctander
222.284,2.654700000000001,3,0,35.53,6,1,16,1,arctander
208.30099999999996,2.9320000000000013,2,0,26.3,2,0,15,2,arctander
166.26399999999998,2.3612,1,1,20.23,1,0,12,2,arctander
154.253,2.5273000000000003,1,1,20.23,4,0,11,0,arctander
152.237,2.567800000000001,1,0,17.07,1,0,11,1,arctander
204.35699999999997,4.415000000000004,0,0,0.0,3,0,15,4,arctander
198.26500000000001,2.962700000000001,1,1,20.23,3,2,15,2,arctander
136.19399999999996,1.6098999999999999,1,1,20.23,2,1,10,1,arctander
150.22099999999998,2.1725000000000003,1,1,20.23,3,1,11,1,arctander
158.24099999999999,2.6775,1,1,37.3,6,0,11,0,arctander
170.25199999999998,2.987700000000001,1,1,37.3,7,0,12,0,arctander
218.208,2.0693,3,1,55.760000000000005,3,1,16,2,arctander
182.307,3.117800000000002,1,1,20.23,1,0,13,2,arctander
206.32899999999995,4.214400000000004,1,0,17.07,6,0,15,0,arctander
264.409,4.968700000000005,2,0,26.3,8,0,19,0,arctander
284.484,6.030800000000006,2,0,26.3,15,0,20,0,arctander
117.14799999999998,0.19839999999999997,2,2,63.31999999999999,2,0,8,0,arctander
222.23999999999998,1.8538999999999999,4,0,52.6,4,1,16,1,arctander
179.21899999999997,1.8356,3,1,52.32,3,1,13,1,arctander
224.25599999999994,2.4869000000000003,4,0,36.92,5,1,16,2,arctander
224.259,3.3054000000000014,2,0,26.3,3,2,17,2,arctander
254.41399999999993,4.714800000000005,2,0,26.3,5,0,18,1,arctander
220.312,3.159200000000002,2,0,18.46,2,1,16,2,arctander
135.16599999999997,1.59262,2,0,29.96,1,1,10,1,arctander
136.19400000000002,1.52982,1,1,20.23,2,1,10,1,arctander
165.23600000000002,2.7490000000000006,2,1,32.59,2,0,12,1,arctander
234.29799999999997,4.138900000000003,1,0,17.07,4,2,18,2,arctander
222.287,3.972800000000002,1,0,17.07,3,2,17,2,arctander
166.176,1.8559,3,0,39.44,3,1,12,1,arctander
212.33299999999997,3.400400000000002,2,0,26.3,3,0,15,1,arctander
188.22299999999998,1.0911,4,0,44.760000000000005,3,0,13,1,arctander
220.268,1.9513,3,0,35.53,4,1,16,2,arctander
176.21499999999997,2.2974000000000006,2,0,26.3,3,1,13,1,arctander
170.25199999999998,2.4926000000000004,2,0,18.46,1,0,12,1,arctander
170.20799999999997,1.3308,3,0,43.370000000000005,5,0,12,0,arctander
166.22,2.4479000000000006,2,0,18.46,4,1,12,1,arctander
198.34999999999997,4.2081000000000035,1,0,17.07,8,0,14,0,arctander
148.20499999999996,2.0641,1,0,17.07,3,1,11,1,arctander
206.32899999999998,4.048300000000003,1,0,17.07,4,0,15,1,arctander
152.23700000000002,1.8034,1,1,20.23,0,0,11,3,arctander
150.22099999999998,2.376000000000001,1,1,20.23,2,1,11,1,arctander
178.231,1.9905,2,0,18.46,2,1,13,2,arctander
192.258,2.3806000000000003,2,0,18.46,2,1,14,2,arctander
150.22099999999995,1.8574999999999995,1,1,20.23,3,1,11,1,arctander
164.20399999999998,1.7006999999999997,2,1,29.46,3,1,12,1,arctander
256.38599999999997,3.8477000000000032,3,0,38.83,10,0,18,1,arctander
162.188,1.9944000000000002,2,1,37.3,2,1,12,1,arctander
200.27799999999996,2.4791000000000007,3,0,43.370000000000005,8,0,14,0,arctander
166.21999999999997,2.529620000000001,2,2,40.46,1,1,12,1,arctander
180.24699999999999,2.2381,2,0,18.46,5,1,13,1,arctander
318.416,4.988800000000004,2,0,18.46,8,3,24,3,arctander
208.25699999999998,2.652100000000001,3,0,35.53,5,1,15,1,arctander
256.301,2.485600000000001,3,1,46.53,4,2,19,2,arctander
147.22099999999998,2.4332000000000003,1,1,12.03,0,1,11,2,arctander
158.28499999999997,2.687100000000001,1,1,20.23,5,0,11,0,arctander
218.29600000000002,3.105000000000002,2,0,26.3,3,1,16,2,arctander
208.25699999999998,2.508000000000001,3,0,35.53,4,1,15,1,arctander
220.312,4.144400000000004,2,0,18.46,5,1,16,2,arctander
166.17599999999996,1.2729,3,0,35.53,4,1,12,1,arctander
198.26500000000001,3.5740200000000018,1,0,9.23,3,2,15,2,arctander
130.231,2.1935000000000007,1,1,20.23,4,0,9,0,arctander
226.35999999999996,4.222800000000004,2,0,26.3,9,0,16,1,arctander
160.21599999999998,2.6789000000000005,1,0,17.07,3,1,12,1,arctander
178.23100000000002,2.1630000000000003,2,0,18.46,2,1,13,2,arctander
240.30200000000002,3.343300000000002,2,0,18.46,3,2,18,3,arctander
294.34999999999997,4.042500000000003,3,0,35.53,6,2,22,2,arctander
224.34399999999994,3.544500000000003,2,0,26.3,3,0,16,2,arctander
154.253,2.3612,1,1,20.23,1,0,11,1,arctander
172.26799999999997,2.908400000000001,2,0,26.3,6,0,12,0,arctander
206.32899999999998,4.048300000000003,1,0,17.07,2,0,15,1,arctander
274.36000000000007,3.7638000000000025,3,1,46.53,2,1,20,3,arctander
164.248,2.246000000000001,1,1,20.23,3,1,12,1,arctander
208.257,2.882100000000001,3,0,39.44,5,1,15,1,arctander
176.25899999999993,2.4889000000000006,1,1,20.23,2,1,13,2,arctander
287.403,4.576200000000004,3,1,38.33,7,1,21,1,arctander
274.36,4.2401000000000035,3,1,46.53,6,1,20,1,arctander
264.409,4.967100000000005,2,0,26.3,8,0,19,0,arctander
292.46299999999997,5.603200000000006,2,0,26.3,9,0,21,0,arctander
156.225,2.1282000000000005,2,0,26.3,1,0,11,1,arctander
210.36099999999996,4.3742000000000045,1,0,17.07,8,0,15,0,arctander
126.155,0.9446,2,0,34.14,1,0,9,1,arctander
152.237,2.5458000000000007,1,0,17.07,0,0,11,2,arctander
212.33299999999997,3.8563000000000027,2,0,26.3,9,0,15,0,arctander
396.70000000000033,9.151600000000002,2,0,26.3,23,0,28,0,arctander
170.29599999999996,3.7161000000000026,1,0,17.07,8,0,12,0,arctander
205.34499999999997,3.985020000000003,1,0,12.89,0,1,15,1,arctander
222.37199999999996,4.064000000000004,1,0,17.07,0,0,16,2,arctander
154.25300000000001,2.0494,1,1,20.23,0,0,11,3,arctander
194.23000000000002,2.4022000000000006,3,0,35.53,4,1,14,1,arctander
178.231,2.3532,2,0,26.3,3,1,13,1,arctander
222.28699999999998,3.972800000000002,1,0,17.07,3,2,17,2,arctander
194.23000000000002,1.6732,3,1,46.53,4,1,14,1,arctander
178.275,2.7351000000000014,1,1,20.23,3,1,13,1,arctander
207.273,2.6158,3,1,52.32,5,1,15,1,arctander
262.393,4.984100000000005,2,0,26.3,10,1,19,1,arctander
192.25799999999992,2.873100000000001,2,0,26.3,3,1,14,1,arctander
196.20199999999994,1.7066999999999997,4,0,36.92,3,1,14,2,arctander
178.23099999999994,2.700800000000001,2,0,26.3,3,1,13,1,arctander
164.248,2.390100000000001,1,1,20.23,3,1,12,1,arctander
160.213,1.1006,3,1,46.53,5,0,11,0,arctander
232.32299999999998,3.8578000000000037,2,0,26.3,7,1,17,1,arctander
234.339,3.742700000000003,2,0,26.3,8,1,17,1,arctander
230.39199999999997,4.526200000000004,2,0,18.46,12,0,16,0,arctander
202.33799999999997,3.746000000000003,2,0,18.46,10,0,14,0,arctander
179.219,1.905,3,1,38.33,3,1,13,1,arctander
146.18599999999998,0.7104999999999999,3,1,46.53,3,0,10,0,arctander
220.35599999999997,3.696000000000003,1,1,20.23,0,0,16,2,arctander
290.491,5.193800000000006,1,1,20.23,2,0,21,3,arctander
208.301,2.9320000000000013,2,0,26.3,3,0,15,3,arctander
168.23599999999996,2.7637,1,1,37.3,6,0,12,0,arctander
206.32899999999998,4.214400000000004,1,0,17.07,5,0,15,0,arctander
194.27399999999997,2.850500000000001,2,0,26.3,2,0,14,1,arctander
262.393,3.9582000000000033,2,0,26.3,2,0,19,3,arctander
210.36099999999996,4.662400000000004,1,0,17.07,10,0,15,0,arctander
204.35699999999997,4.415000000000004,0,0,0.0,0,0,15,3,arctander
84.118,0.24799999999999994,1,1,20.23,1,0,6,0,arctander
200.32199999999997,3.377900000000002,2,0,18.46,7,0,14,0,arctander
100.161,1.5754000000000001,1,0,9.23,1,0,7,1,arctander
196.33399999999997,4.128200000000004,1,0,17.07,7,0,14,0,arctander
170.252,1.8826,2,1,32.76,4,0,12,1,arctander
152.237,1.9695,1,1,20.23,0,0,11,3,arctander
154.253,2.791800000000001,1,0,17.07,0,0,11,1,arctander
258.4049999999999,4.669300000000004,1,0,9.23,0,1,19,3,arctander
206.285,2.7723000000000013,2,0,18.46,4,1,15,2,arctander
184.27899999999997,2.6202000000000005,2,0,26.3,3,0,13,1,arctander
178.23099999999994,2.3532,2,0,26.3,3,1,13,1,arctander
170.29599999999996,3.5259000000000027,1,0,9.23,6,0,12,1,arctander
162.23199999999994,2.4542,1,0,17.07,3,1,12,1,arctander
194.27400000000003,2.6282000000000005,2,0,18.46,6,1,14,1,arctander
226.31599999999995,2.725100000000001,3,0,43.370000000000005,6,0,16,1,arctander
152.19299999999998,1.3663999999999998,2,1,29.46,3,1,11,1,arctander
184.27899999999997,2.910000000000001,2,0,26.3,6,0,13,1,arctander
220.268,2.9053000000000018,3,1,46.53,4,1,16,1,arctander
206.24099999999999,1.99802,3,0,38.83,3,1,15,2,arctander
154.253,2.6477000000000013,1,0,17.07,1,0,11,1,arctander
208.345,4.294300000000003,1,0,17.07,6,0,15,0,arctander
216.36499999999998,4.136100000000003,2,0,18.46,11,0,15,0,arctander
200.32199999999997,3.6902000000000026,2,0,26.3,9,0,14,0,arctander
244.41899999999995,4.916300000000005,2,0,18.46,13,0,17,0,arctander
172.268,2.562400000000001,2,0,26.3,9,0,12,0,arctander
220.268,2.1414999999999997,3,0,43.370000000000005,6,1,16,1,arctander
166.21999999999997,2.2317,2,0,18.46,4,1,12,1,arctander
172.26799999999997,2.2984000000000004,2,1,37.3,8,0,12,0,arctander
190.28599999999997,3.0166000000000013,1,0,17.07,4,1,14,1,arctander
212.33299999999994,3.688100000000003,2,0,18.46,9,0,15,0,arctander
194.27399999999994,3.1014000000000017,2,0,18.46,4,1,14,1,arctander
206.285,3.8323000000000027,2,0,30.21,7,1,15,1,arctander
192.25799999999998,3.4422000000000024,2,0,30.21,6,1,14,1,arctander
254.285,3.173420000000001,3,0,43.370000000000005,4,2,19,2,arctander
289.4190000000001,5.316200000000006,3,0,38.66,10,1,21,1,arctander
200.27799999999993,3.274000000000002,3,0,35.53,0,0,14,1,arctander
148.20499999999998,1.9904,1,0,17.07,3,1,11,1,arctander
148.20499999999998,2.0448399999999998,1,0,17.07,2,1,11,1,arctander
168.28,2.439500000000001,1,1,20.23,1,0,12,2,arctander
236.39899999999997,3.8558000000000034,1,1,20.23,1,0,17,3,arctander
184.323,3.0772000000000026,1,1,20.23,3,0,13,1,arctander
414.67400000000026,8.133600000000008,2,0,18.46,16,1,30,1,arctander
343.4670000000001,4.843200000000007,4,1,58.89,7,1,25,2,arctander
212.28899999999996,2.4518000000000004,3,0,35.53,3,0,15,1,arctander
258.44599999999997,5.162300000000005,2,0,18.46,13,0,18,0,arctander
317.4730000000001,5.952300000000006,3,0,38.66,11,1,23,1,arctander
206.32899999999995,3.760100000000003,1,0,17.07,2,0,15,1,arctander
172.268,2.1543,2,1,37.3,7,0,12,0,arctander
192.30199999999994,3.3700000000000028,1,0,17.07,2,0,14,1,arctander
194.31799999999998,3.904200000000003,1,0,17.07,5,0,14,0,arctander
275.392,4.637900000000004,3,0,38.66,5,1,20,1,arctander
266.42499999999995,3.6248000000000022,2,1,29.46,2,0,19,3,arctander
184.279,2.7643000000000013,2,0,26.3,1,0,13,1,arctander
234.339,3.946200000000003,2,0,26.3,7,1,17,1,arctander
264.36499999999995,3.255600000000002,3,0,38.83,3,0,19,2,arctander
214.34899999999996,3.7680000000000025,2,0,18.46,8,0,15,0,arctander
236.39899999999997,4.408000000000004,1,0,9.23,0,0,17,3,arctander
168.23599999999996,1.8974,2,0,25.06,2,0,12,2,arctander
196.28999999999996,2.7643000000000013,2,0,26.3,1,0,14,2,arctander
226.40399999999994,4.822300000000006,1,1,20.23,0,0,16,1,arctander
192.30199999999994,2.9809000000000014,1,1,20.23,4,1,14,1,arctander
232.32300000000004,3.8233000000000024,2,0,26.3,7,1,17,1,arctander
268.312,3.9475000000000042,3,0,35.53,4,2,20,2,arctander
180.156,-3.3787999999999987,6,5,118.22000000000001,5,0,12,0,arctander
192.21399999999997,1.9159,3,0,35.53,4,1,14,1,arctander
178.275,3.2681000000000022,1,0,17.07,2,0,13,1,arctander
168.236,2.1281999999999996,2,0,26.3,1,0,12,2,arctander
178.27499999999995,2.637700000000001,1,1,20.23,5,1,13,1,arctander
152.237,2.878000000000001,1,0,17.07,4,0,11,0,arctander
276.42,5.049400000000005,2,0,18.46,10,1,20,1,arctander
168.28,3.323900000000002,1,0,9.23,5,0,12,0,arctander
256.3419999999999,2.8653000000000013,4,0,52.60000000000001,7,0,18,0,arctander
186.295,3.2985000000000024,2,0,26.3,7,0,13,0,arctander
216.36499999999995,4.136100000000003,2,0,18.46,11,0,15,0,arctander
212.292,3.4459000000000017,1,0,9.23,5,2,16,2,arctander
270.45699999999994,5.640700000000006,2,0,26.3,14,0,19,0,arctander
380.5720000000001,6.603700000000007,2,0,18.46,13,2,28,2,arctander
230.392,4.382100000000004,2,0,18.46,11,0,16,0,arctander
206.28499999999997,3.3369000000000018,2,0,26.3,4,1,15,1,arctander
202.338,3.4578000000000024,2,0,18.46,8,0,14,0,arctander
222.28399999999996,2.794900000000001,3,0,27.69,6,1,16,1,arctander
272.42900000000003,4.174700000000003,3,0,27.69,12,0,19,0,arctander
226.35999999999999,3.6464000000000025,2,0,26.3,3,0,16,1,arctander
178.275,2.636100000000001,1,1,20.23,4,1,13,1,arctander
208.34499999999994,4.128200000000004,1,0,17.07,4,0,15,1,arctander
275.392,4.198200000000003,3,1,52.32,7,1,20,1,arctander
262.393,4.522900000000004,2,0,26.3,10,1,19,1,arctander
282.4679999999999,5.806800000000006,2,0,26.3,15,0,20,0,arctander
186.33899999999997,4.163600000000003,1,0,9.23,10,0,13,0,arctander
182.21899999999997,1.9666,3,0,43.370000000000005,3,0,13,1,arctander
180.24699999999996,2.7434000000000016,2,1,29.46,4,1,13,1,arctander
198.35,4.065700000000004,1,1,20.23,10,0,14,0,arctander
231.295,3.5318000000000023,3,0,38.66,5,1,17,1,arctander
210.31699999999995,3.1594000000000015,2,0,26.3,6,0,15,0,arctander
204.266,-0.35830000000000006,4,4,80.92,2,0,14,1,arctander
156.269,3.0378000000000016,1,0,17.07,6,0,11,0,arctander
196.33399999999997,3.818000000000003,1,0,17.07,3,0,14,1,arctander
238.37099999999992,3.934600000000003,2,0,26.3,4,0,17,2,arctander
204.31299999999996,3.2626000000000017,1,0,17.07,5,1,15,1,arctander
166.26399999999998,2.9579000000000013,1,0,17.07,3,0,12,1,arctander
206.329,3.904200000000003,1,0,17.07,2,0,15,1,arctander
140.182,1.3347,2,0,34.14,2,0,10,1,arctander
124.18299999999999,1.9317,1,0,17.07,1,0,9,1,arctander
178.27499999999998,3.4342000000000024,1,0,17.07,5,0,13,0,arctander
194.27399999999997,2.684400000000001,2,0,26.3,2,0,14,2,arctander
198.309,3.266700000000002,0,0,0.0,0,0,15,5,arctander
176.215,2.476800000000001,2,0,26.3,3,1,13,1,arctander
240.38699999999994,4.3483000000000045,2,0,26.3,8,0,17,0,arctander
228.37599999999998,4.158100000000004,2,0,18.46,9,0,16,0,arctander
154.253,2.5053000000000005,1,1,20.23,1,0,11,1,arctander
238.37099999999992,4.410900000000004,2,0,26.3,8,0,17,0,arctander
260.37699999999995,4.616000000000004,2,0,26.3,7,1,19,1,arctander
286.41499999999996,5.0156000000000045,2,0,26.3,8,1,21,1,arctander
180.203,1.2831,3,1,46.53,3,1,13,1,arctander
198.35,4.352200000000003,1,0,17.07,10,0,14,0,arctander
180.203,1.2831,3,1,46.53,3,1,13,1,arctander
218.29600000000002,3.433200000000002,2,0,26.3,6,1,16,1,arctander
234.38299999999995,4.540300000000004,1,0,17.07,4,0,17,1,arctander
200.32199999999997,3.5461000000000027,2,0,26.3,8,0,14,0,arctander
168.236,2.4384000000000006,2,0,26.3,4,0,12,1,arctander
244.33099999999996,2.8417000000000012,4,0,52.6,9,0,17,0,arctander
184.27899999999997,2.7643000000000013,2,0,26.3,2,0,13,1,arctander
156.26899999999998,2.751300000000001,1,1,20.23,4,0,11,0,arctander
242.40299999999996,4.716400000000005,2,0,26.3,11,0,17,0,arctander
170.20799999999997,2.3106,3,0,35.53,3,0,12,0,arctander
254.41399999999993,4.882500000000005,2,0,26.3,10,0,18,0,arctander
182.26299999999995,2.540300000000001,2,0,26.3,3,0,13,1,arctander
168.27999999999997,3.1819000000000015,1,0,17.07,4,0,12,1,arctander
168.27999999999997,3.3260000000000023,1,0,17.07,5,0,12,1,arctander
192.25799999999992,2.9004200000000013,2,0,18.46,2,1,14,2,arctander
194.31799999999996,3.738100000000003,1,0,17.07,3,0,14,1,arctander
162.188,2.2203999999999997,2,0,26.3,2,1,12,1,arctander
168.27999999999997,3.4921000000000024,1,0,17.07,7,0,12,0,arctander
202.29699999999997,3.5863000000000023,1,0,17.07,2,1,15,1,arctander
208.25699999999998,2.3944,3,0,35.53,4,1,15,1,arctander
258.361,4.058200000000003,2,0,26.3,2,1,19,3,arctander
152.237,2.8560000000000008,1,0,17.07,4,0,11,1,arctander
207.22899999999996,1.8216999999999999,3,1,55.400000000000006,3,1,15,1,arctander
166.26399999999998,3.246100000000002,1,0,17.07,3,0,12,1,arctander
140.226,2.711900000000001,1,0,17.07,5,0,10,0,arctander
156.26899999999998,2.4411000000000005,1,1,20.23,1,0,11,1,arctander
176.25899999999996,3.112400000000002,1,0,17.07,3,1,13,1,arctander
194.31799999999996,3.594000000000003,1,0,17.07,2,0,14,1,arctander
178.275,2.780200000000001,1,1,20.23,4,1,13,1,arctander
212.33299999999994,3.6902000000000026,2,0,26.3,6,0,15,1,arctander
206.285,2.8184000000000013,2,0,26.3,5,1,15,1,arctander
137.22599999999997,3.0365800000000016,1,0,23.79,5,0,10,0,arctander
270.45699999999994,5.640700000000006,2,0,26.3,14,0,19,0,arctander
200.322,3.6886000000000028,2,0,26.3,8,0,14,0,arctander
214.34899999999996,4.080300000000003,2,0,26.3,12,0,15,0,arctander
150.22099999999998,2.1776999999999997,1,0,17.07,0,0,11,3,arctander
220.35599999999997,3.6262000000000025,1,0,12.53,0,0,16,4,arctander
206.329,3.904200000000003,1,0,17.07,3,0,15,1,arctander
168.14799999999997,0.22129999999999994,4,0,60.440000000000005,1,0,12,1,arctander
150.17699999999996,1.8161199999999997,2,0,26.3,2,1,11,1,arctander
134.17799999999997,2.0615,1,0,17.07,2,1,10,1,arctander
100.11699999999998,1.0372000000000001,1,1,37.3,1,0,7,0,arctander
114.18799999999999,2.0116,1,0,17.07,1,0,8,0,arctander
102.13299999999998,0.5053000000000001,2,1,29.46,0,0,7,1,arctander
138.254,3.6990000000000025,0,0,0.0,3,0,10,0,arctander
194.27399999999997,2.9323000000000015,2,0,18.46,5,1,14,1,arctander
164.248,2.550100000000001,1,1,20.23,2,1,12,1,arctander
142.19799999999998,1.4366,2,0,34.14,3,0,10,0,arctander
142.19799999999998,1.7247999999999999,2,0,34.14,5,0,10,0,arctander
208.26,3.4261000000000017,1,0,17.07,3,2,16,2,arctander
225.31600000000003,4.271720000000002,2,0,12.89,1,3,16,3,arctander
192.21400000000003,1.7089,3,0,43.370000000000005,4,1,14,1,arctander
178.23099999999994,2.1372,2,0,26.3,2,1,13,1,arctander
166.176,1.1421999999999997,3,1,46.53,3,1,12,1,arctander
192.30199999999994,3.171900000000002,1,1,20.23,7,1,14,1,arctander
180.24699999999996,2.2993000000000006,2,0,26.3,5,0,13,0,arctander
220.31199999999998,3.3510000000000018,2,0,26.3,5,1,16,1,arctander
218.33999999999997,3.594000000000003,1,0,17.07,0,0,16,3,arctander
281.56600000000003,4.051100000000003,2,0,26.3,3,1,16,1,arctander
214.30499999999998,2.3908000000000005,3,0,35.53,4,0,15,1,arctander
250.38199999999998,3.7905000000000033,2,0,26.3,2,0,18,3,arctander
198.35,4.352200000000003,1,0,17.07,10,0,14,0,arctander
170.25199999999998,2.684400000000001,2,0,26.3,5,0,12,0,arctander
180.29099999999997,3.6362000000000023,1,0,17.07,5,0,13,1,arctander
194.31799999999998,3.283900000000002,1,1,20.23,0,0,14,2,arctander
164.20399999999998,1.4445999999999999,2,0,26.3,5,1,12,1,arctander
128.171,1.5157,2,0,26.3,3,0,9,0,arctander
119.16399999999999,0.30269999999999975,2,1,76.63,3,0,8,0,arctander
158.24099999999996,2.375800000000001,2,0,26.3,5,0,11,0,arctander
194.23,2.492000000000001,3,0,39.44,4,1,14,1,arctander
194.27399999999997,1.8825,2,0,26.3,2,0,14,3,arctander
196.29,3.2406000000000024,2,0,26.3,5,0,14,0,arctander
175.275,3.592780000000002,1,0,23.79,1,0,13,1,arctander
200.32199999999997,3.342600000000002,2,0,26.3,11,0,14,0,arctander
222.32799999999997,3.3072000000000026,2,0,34.14,5,0,16,1,arctander
254.41399999999993,4.8605000000000045,2,0,26.3,11,0,18,1,arctander
206.32899999999992,3.904200000000003,1,0,17.07,3,0,15,1,arctander
146.23000000000002,1.6576000000000004,2,2,40.46,5,0,10,0,arctander
214.349,3.936200000000003,2,0,26.3,9,0,15,0,arctander
210.361,4.064000000000004,1,0,17.07,4,0,15,1,arctander
232.38899999999998,3.6001000000000025,3,1,26.3,10,0,15,0,arctander
316.48499999999996,5.294600000000005,2,0,26.3,2,0,23,3,arctander
224.34399999999994,3.400400000000002,2,0,26.3,2,0,16,2,arctander
288.431,5.079100000000005,2,0,26.3,12,1,21,1,arctander
196.28999999999996,3.076100000000002,2,0,26.3,2,0,14,1,arctander
182.307,3.714000000000003,1,0,9.23,6,0,13,0,arctander
234.3389999999999,3.361500000000002,2,0,18.46,4,1,17,2,arctander
380.5720000000001,6.603700000000007,2,0,18.46,13,2,28,2,arctander
292.463,5.271000000000005,2,0,26.3,4,0,21,2,arctander
184.323,4.588900000000004,1,1,20.23,9,0,13,0,arctander
158.24099999999999,1.9067000000000003,2,1,37.3,7,0,11,0,arctander
1223.3630000000012,-4.069299999999992,27,15,422.05000000000007,14,0,85,11,arctander
118.17599999999999,0.5297999999999998,2,2,40.46,4,0,8,0,arctander
265.312,3.888900000000003,3,0,38.66,4,2,20,2,arctander
156.26899999999998,3.0378000000000016,1,0,17.07,2,0,11,0,arctander
176.25900000000001,2.8443000000000014,1,0,17.07,4,1,13,1,arctander
144.214,1.5166,2,1,37.3,5,0,10,0,arctander
190.24200000000002,2.6286000000000014,2,0,34.14,5,1,14,1,arctander
186.25099999999995,1.9448999999999999,3,0,43.370000000000005,6,0,13,0,arctander
198.30599999999998,3.0103000000000018,2,0,26.3,2,0,14,1,arctander
290.35599999999994,0.8868,6,2,93.06000000000002,9,0,20,0,arctander
360.579,5.692000000000006,3,3,77.76,17,0,25,0,arctander
164.20399999999998,1.9976,2,0,26.3,3,1,12,1,arctander
244.37800000000004,5.019500000000005,1,0,17.07,9,1,18,1,arctander
234.33899999999997,3.742700000000003,2,0,26.3,8,1,17,1,arctander
178.231,2.1822999999999997,2,0,26.3,4,1,13,1,arctander
220.312,3.3526000000000025,2,0,26.3,7,1,16,1,arctander
232.32299999999998,3.629900000000003,2,0,18.46,2,1,17,2,arctander
198.30599999999995,3.1544000000000016,2,0,26.3,3,0,14,1,arctander
222.28700000000003,3.8911200000000026,1,0,17.07,3,2,17,2,arctander
215.29600000000002,2.712300000000001,1,0,20.310000000000002,2,1,16,2,arctander
222.37199999999999,3.920000000000003,1,1,20.23,1,0,16,2,arctander
192.21400000000003,1.4736,3,0,38.83,2,1,14,2,arctander
184.279,2.7643000000000013,2,0,26.3,2,0,13,1,arctander
182.30699999999996,3.7161000000000026,1,0,17.07,5,0,13,1,arctander
185.226,2.3663,2,0,29.96,2,2,14,2,arctander
124.13899999999997,1.4111,2,0,30.21,2,1,9,1,arctander
206.28499999999997,3.4338200000000025,2,0,26.3,3,1,15,1,arctander
172.268,2.910000000000001,2,0,26.3,9,0,12,0,arctander
214.349,3.936200000000003,2,0,26.3,9,0,15,0,arctander
250.338,3.8224000000000027,3,0,35.53,8,1,18,1,arctander
234.339,3.5493000000000023,2,0,18.46,3,1,17,2,arctander
190.28599999999994,3.0166000000000013,1,0,17.07,5,1,14,1,arctander
204.313,3.577600000000002,1,0,17.07,5,1,15,1,arctander
204.31299999999996,3.361600000000002,1,0,17.07,3,1,15,1,arctander
136.19399999999996,2.0978,1,0,17.07,2,0,10,1,arctander
172.26799999999997,2.910000000000001,2,0,26.3,7,0,12,0,arctander
200.32199999999997,3.6902000000000026,2,0,26.3,11,0,14,0,arctander
214.34899999999996,4.080300000000003,2,0,26.3,10,0,15,0,arctander
228.37599999999995,4.470400000000004,2,0,26.3,11,0,16,0,arctander
186.29499999999996,2.9658000000000015,2,0,18.46,4,0,13,1,arctander
208.257,1.6169999999999998,3,0,27.69,4,1,15,2,arctander
200.32199999999997,3.6886000000000028,2,0,26.3,8,0,14,0,arctander
248.36599999999999,4.132800000000004,2,0,26.3,9,1,18,1,arctander
192.258,2.3790000000000004,2,0,18.46,2,1,14,2,arctander
192.25799999999992,2.4283,2,0,26.3,4,1,14,1,arctander
232.75099999999995,3.541000000000002,2,0,26.3,7,0,15,0,arctander
207.27599999999998,3.758700000000002,0,1,15.79,2,3,16,3,arctander
282.296,3.371500000000003,5,0,95.51,4,1,20,1,arctander
240.38699999999992,4.614500000000005,2,0,26.3,0,0,17,1,arctander
192.258,2.5515000000000008,2,0,18.46,2,1,14,2,arctander
186.295,3.0103000000000018,2,0,26.3,5,0,13,0,arctander
126.11099999999996,0.5844,3,1,50.44,2,1,9,1,arctander
208.25699999999998,2.2253999999999996,3,0,35.53,5,1,15,1,arctander
252.22199999999995,1.5400999999999998,6,0,71.06,3,1,18,2,arctander
283.24,3.017120000000002,6,0,129.42000000000002,3,1,20,1,arctander
250.38199999999995,4.188600000000004,2,0,18.46,10,1,18,1,arctander
264.409,4.490800000000004,2,0,26.3,2,0,19,2,arctander
332.443,5.549800000000005,2,0,18.46,8,3,25,3,arctander
150.22099999999998,2.6320000000000014,1,0,17.07,1,0,11,1,arctander
150.17699999999996,1.9032199999999997,2,1,37.3,1,1,11,1,arctander
194.18599999999998,1.0737,4,0,52.6,6,1,14,1,arctander
208.25699999999998,2.538500000000001,3,0,35.53,5,1,15,1,arctander
256.42999999999995,5.106500000000005,2,0,26.3,12,0,18,0,arctander
170.25199999999992,2.6624000000000008,2,0,26.3,3,0,12,1,arctander
194.23,2.2603999999999997,3,0,35.53,3,1,14,1,arctander
194.22999999999996,2.2620000000000005,3,0,35.53,4,1,14,1,arctander
222.284,3.042200000000001,3,0,35.53,6,1,16,1,arctander
232.323,3.8233000000000024,2,0,26.3,7,1,17,1,arctander
240.3869999999999,4.492400000000004,2,0,26.3,11,0,17,0,arctander
256.4299999999999,5.250600000000005,2,0,26.3,13,0,18,0,arctander
200.27799999999996,2.4791000000000007,3,0,43.370000000000005,8,0,14,0,arctander
128.21499999999997,2.5458000000000007,1,0,17.07,5,0,9,0,arctander
234.33599999999998,2.564800000000001,4,0,36.92,11,0,16,0,arctander
238.37099999999992,3.7905000000000033,2,0,26.3,3,0,17,2,arctander
212.33299999999994,3.6425000000000027,2,0,18.46,4,0,15,2,arctander
152.193,1.3716,2,0,26.3,1,0,11,2,arctander
190.24200000000002,2.6960000000000006,2,0,26.3,3,1,14,1,arctander
184.27899999999994,2.908400000000001,2,0,26.3,3,0,13,1,arctander
198.30599999999993,3.3001000000000023,2,0,26.3,5,0,14,1,arctander
222.284,2.798800000000001,3,0,35.53,7,1,16,1,arctander
240.38699999999994,4.612900000000004,2,0,26.3,8,0,17,1,arctander
230.30700000000004,3.575700000000002,2,0,26.3,3,1,17,2,arctander
272.38800000000003,4.4634000000000045,2,0,26.3,7,1,20,1,arctander
142.19799999999998,1.9058,2,0,26.3,4,0,10,0,arctander
216.236,2.679100000000001,3,0,39.44,4,2,16,2,arctander
250.38199999999998,4.577000000000004,2,0,26.3,9,0,18,0,arctander
150.22099999999998,2.721400000000001,1,0,9.23,3,1,11,1,arctander
178.231,2.650100000000001,2,0,18.46,4,1,13,1,arctander
148.20499999999996,2.728300000000001,1,0,9.23,2,1,11,1,arctander
154.209,1.5956,2,0,26.3,1,0,11,2,arctander
154.165,1.3852,3,0,39.44,3,1,11,1,arctander
164.15999999999997,1.1567,3,0,35.53,2,1,12,2,arctander
143.211,0.9863200000000001,3,1,33.120000000000005,2,1,9,1,arctander
201.225,2.6785000000000005,3,1,45.730000000000004,3,2,15,2,arctander
206.329,4.173600000000003,1,0,9.23,8,1,15,1,arctander
192.25799999999998,3.1270000000000016,2,0,18.46,4,1,14,1,arctander
184.2789999999999,2.908400000000001,2,0,26.3,3,0,13,1,arctander
180.291,3.6582000000000026,1,0,17.07,5,0,13,0,arctander
218.33999999999992,3.904200000000003,1,0,17.07,0,0,16,2,arctander
220.35600000000002,3.950500000000004,1,1,20.23,8,1,16,1,arctander
194.23000000000002,1.7663,3,0,35.53,5,1,14,1,arctander
162.23199999999997,2.4542,1,0,17.07,4,1,12,1,arctander
182.26299999999998,2.521700000000001,2,0,26.3,4,0,13,0,arctander
192.258,2.570800000000001,2,0,26.3,2,1,14,1,arctander
126.199,2.1557000000000004,1,0,17.07,2,0,9,1,arctander
238.28599999999997,3.5568000000000026,2,0,26.3,4,2,18,2,arctander
178.23099999999997,2.3877000000000006,2,0,26.3,3,1,13,1,arctander
145.20499999999996,2.7303000000000006,0,1,15.79,1,2,11,2,arctander
182.26299999999998,2.5233000000000008,2,0,26.3,5,0,13,0,arctander
210.31699999999998,3.3035000000000023,2,0,26.3,7,0,15,0,arctander
174.23999999999998,2.058,2,1,46.53,8,0,12,0,arctander
202.29399999999998,2.536500000000001,3,0,35.53,9,0,14,0,arctander
236.311,3.4323000000000023,3,0,35.53,7,1,17,1,arctander
240.302,3.476200000000002,2,0,26.3,5,2,18,2,arctander
178.275,2.780200000000001,1,1,20.23,4,1,13,1,arctander
150.221,2.611600000000001,1,0,9.23,3,1,11,1,arctander
180.20299999999995,1.8719,3,0,35.53,3,1,13,1,arctander
146.18599999999998,0.5203,3,1,38.69,3,0,10,1,arctander
164.20399999999995,2.2879000000000005,2,0,26.3,3,1,12,1,arctander
174.24299999999997,3.069000000000001,1,0,17.07,4,1,13,1,arctander
150.22099999999998,2.6320000000000006,1,0,17.07,0,0,11,1,arctander
190.19799999999998,2.1100199999999996,3,0,39.44,1,2,14,2,arctander
211.39299999999994,4.222900000000004,1,0,3.24,8,0,15,1,arctander
164.15999999999997,1.2111,2,1,49.83,2,1,12,2,arctander
114.14399999999998,1.1256000000000002,2,0,26.3,2,0,8,0,arctander
182.24399999999997,1.6596,3,1,26.3,3,1,12,1,arctander
136.238,3.308900000000002,0,0,0.0,1,0,10,1,arctander
156.26899999999998,2.4395000000000007,1,1,20.23,1,0,11,1,arctander
324.4240000000001,3.173200000000002,4,1,45.59,4,2,24,5,arctander
170.252,1.4745,2,2,40.46,1,0,12,1,arctander
160.129,-1.7815999999999992,4,3,101.64999999999999,2,0,11,1,arctander
90.14699999999999,0.4116,1,0,17.07,1,0,5,0,arctander
184.27899999999997,3.052500000000002,2,0,26.3,6,0,13,1,arctander
204.35699999999997,4.7252000000000045,0,0,0.0,1,0,15,2,arctander
580.5390000000006,-1.1652,14,8,225.05999999999997,6,2,41,5,arctander
196.29,2.7643000000000013,2,0,26.3,1,0,14,2,arctander
150.22099999999998,2.1776999999999997,1,0,17.07,0,0,11,3,arctander
150.22099999999998,2.7128200000000007,1,0,13.14,0,1,11,2,arctander
152.23699999999997,2.711900000000001,1,0,17.07,0,0,11,1,arctander
196.20199999999997,1.6119999999999997,4,1,55.760000000000005,3,1,14,1,arctander
522.6760000000004,1.9984000000000006,10,3,133.14000000000001,25,0,36,1,arctander
116.07199999999997,-0.28819999999999985,2,2,74.6,2,0,8,0,arctander
116.07199999999997,-0.28819999999999985,2,2,74.6,2,0,8,0,arctander
222.37199999999999,4.3979000000000035,1,1,20.23,7,0,16,0,arctander
282.4679999999999,6.1085000000000065,1,1,37.3,15,0,20,0,arctander
214.349,3.936200000000003,2,0,26.3,9,0,15,0,arctander
188.22299999999996,1.2829,4,0,52.60000000000001,6,0,13,0,arctander
214.34899999999993,4.080300000000004,2,0,26.3,10,0,15,0,arctander
182.263,2.3742,2,0,26.3,2,0,13,2,arctander
196.28999999999996,2.913400000000001,2,0,26.3,6,0,14,0,arctander
194.31799999999996,3.8822000000000028,1,0,17.07,3,0,14,1,arctander
144.25799999999998,2.9933000000000014,1,0,9.23,7,0,10,0,arctander
164.20399999999998,2.248,2,0,26.3,2,1,12,1,arctander
158.24099999999999,2.2317,2,0,26.3,4,0,11,0,arctander
146.18599999999998,0.7104999999999999,3,1,46.53,4,0,10,0,arctander
178.27499999999995,2.781800000000001,1,1,20.23,6,1,13,1,arctander
206.285,2.8184000000000013,2,0,26.3,5,1,15,1,arctander
172.268,2.908400000000001,2,0,26.3,6,0,12,0,arctander
172.26799999999997,2.908400000000001,2,0,26.3,6,0,12,0,arctander
152.237,2.567800000000001,1,0,17.07,1,0,11,1,arctander
158.24099999999999,2.375800000000001,2,0,26.3,5,0,11,0,arctander
242.40299999999993,4.860500000000005,2,0,26.3,12,0,17,0,arctander
149.23699999999997,2.8169200000000014,1,1,12.03,3,1,11,1,arctander
154.25300000000001,2.671400000000001,1,1,20.23,4,0,11,0,arctander
130.231,2.603200000000001,1,0,9.23,6,0,9,0,arctander
270.45699999999994,5.640700000000006,2,0,26.3,14,0,19,0,arctander
207.273,2.5411,3,1,38.33,4,1,15,1,arctander
186.25099999999995,1.9449,3,0,43.370000000000005,6,0,13,0,arctander
256.4299999999999,5.250600000000006,2,0,26.3,13,0,18,0,arctander
154.253,2.9102000000000015,1,0,9.23,1,0,11,1,arctander
252.313,3.4857000000000022,2,0,26.3,5,2,19,2,arctander
224.344,3.710600000000003,2,0,26.3,3,0,16,1,arctander
116.21,2.0368,2,1,0.0,0,1,6,1,arctander
228.37599999999998,4.326300000000004,2,0,26.3,10,0,16,0,arctander
158.19699999999997,1.1647,3,0,43.370000000000005,4,0,11,0,arctander
227.26299999999998,2.6258,3,1,52.32,3,2,17,2,arctander
284.484,6.030800000000006,2,0,26.3,15,0,20,0,arctander
244.3309999999999,2.843300000000001,4,0,52.60000000000001,10,0,17,0,arctander
254.4139999999999,5.0030000000000046,2,0,26.3,5,0,18,1,arctander
178.27499999999998,3.517120000000002,1,0,9.23,3,1,13,1,arctander
176.215,2.4195,2,0,26.3,3,1,13,1,arctander
158.28499999999997,3.3834000000000026,1,0,9.23,8,0,11,0,arctander
196.202,1.4638999999999998,4,1,55.760000000000005,3,1,14,1,arctander
176.171,1.8015999999999999,3,0,39.44,1,2,13,2,arctander
208.345,3.2197000000000022,1,1,20.23,0,0,15,3,arctander
226.275,3.1431200000000015,2,0,26.3,3,2,17,2,arctander
158.19699999999997,1.1647,3,0,43.370000000000005,4,0,11,0,arctander
210.27299999999997,2.8015000000000008,3,0,39.44,6,1,15,1,arctander
238.41499999999994,5.276500000000005,1,0,17.07,0,0,17,1,arctander
113.185,1.6653,2,0,12.36,2,0,7,0,arctander
200.36599999999993,4.5537000000000045,1,0,9.23,11,0,14,0,arctander
184.27899999999997,3.0745000000000013,2,0,26.3,7,0,13,0,arctander
208.34499999999997,4.128200000000003,1,0,17.07,3,0,15,1,arctander
260.377,4.603500000000004,2,0,26.3,9,1,19,1,arctander
222.37199999999999,3.9420000000000033,1,1,20.23,3,0,16,1,arctander
180.203,1.8357999999999999,3,0,35.53,3,1,13,1,arctander
226.3599999999999,4.246400000000004,2,0,26.3,11,0,16,0,arctander
198.30599999999995,3.3221000000000025,2,0,26.3,6,0,14,0,arctander
242.40299999999993,4.8605000000000045,2,0,26.3,12,0,17,0,arctander
172.22399999999993,1.5087000000000002,3,0,35.53,4,0,12,1,arctander
172.26799999999997,2.765900000000001,2,0,26.3,6,0,12,0,arctander
154.209,1.7430999999999999,2,0,26.3,5,0,11,0,arctander
274.4479999999999,4.556100000000005,1,1,20.23,0,0,20,4,arctander
152.23699999999997,2.2576,1,0,17.07,0,0,11,2,arctander
126.199,2.1557000000000004,1,0,17.07,1,0,9,1,arctander
218.33999999999997,4.214400000000004,1,0,17.07,4,0,16,1,arctander
196.33399999999995,4.106200000000003,1,0,17.07,7,0,14,1,arctander
200.32199999999997,3.402000000000002,2,0,26.3,7,0,14,0,arctander
214.349,3.936200000000003,2,0,26.3,9,0,15,0,arctander
276.41999999999996,4.913000000000005,2,0,26.3,11,1,20,1,arctander
248.36599999999999,4.131200000000003,2,0,26.3,8,1,18,1,arctander
262.393,4.870500000000004,2,0,26.3,10,1,19,1,arctander
180.20299999999997,1.7583,3,0,35.53,3,1,13,1,arctander
176.215,1.7922,2,0,26.3,2,1,13,2,arctander
219.06699999999998,2.533500000000001,2,0,26.3,3,1,13,1,arctander
152.23699999999997,1.9695000000000005,1,1,20.23,1,0,11,2,arctander
252.39799999999994,4.801000000000005,2,0,26.3,9,0,18,0,arctander
168.19199999999998,2.2349000000000006,3,0,39.44,3,1,12,1,arctander
210.273,3.4068000000000023,3,0,39.44,7,1,15,1,arctander
240.38699999999997,4.036500000000004,2,0,26.3,4,0,17,1,arctander
196.24599999999998,2.5555000000000003,3,0,39.44,6,1,14,1,arctander
188.31099999999998,3.069300000000002,2,0,18.46,8,0,13,0,arctander
228.37599999999995,4.470400000000004,2,0,26.3,11,0,16,0,arctander
242.40299999999993,4.692300000000005,2,0,18.46,13,0,17,0,arctander
194.23000000000002,1.4187,3,0,35.53,5,1,14,1,arctander
166.264,3.102000000000002,1,0,17.07,3,0,12,1,arctander
196.28999999999996,3.0981000000000014,2,0,26.3,5,0,14,0,arctander
172.31199999999998,3.2197000000000027,1,1,20.23,5,0,12,0,arctander
160.216,2.3743000000000007,1,0,17.07,3,1,12,1,arctander
242.40299999999993,4.860500000000005,2,0,26.3,12,0,17,0,arctander
206.285,2.989300000000002,2,0,26.3,4,1,15,1,arctander
206.285,3.1334000000000017,2,0,26.3,5,1,15,1,arctander
150.221,2.2656,1,0,9.23,4,1,11,1,arctander
224.34399999999994,3.854700000000003,2,0,26.3,4,0,16,1,arctander
164.20399999999995,2.2879000000000005,2,0,26.3,3,1,12,1,arctander
192.25799999999995,3.1254000000000017,2,0,26.3,3,1,14,1,arctander
300.48600000000005,5.5445000000000055,1,0,17.07,1,0,22,4,arctander
238.28600000000003,3.6138200000000023,2,0,26.3,3,2,18,2,arctander
220.35599999999997,3.3874000000000026,1,1,20.23,1,0,16,3,arctander
192.25799999999998,3.364200000000002,2,0,18.46,3,1,14,2,arctander
208.345,3.5299000000000023,1,1,20.23,0,0,15,2,arctander
238.37099999999998,4.100700000000003,2,0,26.3,4,0,17,1,arctander
166.21999999999997,2.4023200000000005,2,0,18.46,3,1,12,1,arctander
270.45699999999994,5.640700000000006,2,0,26.3,14,0,19,0,arctander
164.24799999999996,3.208700000000002,1,0,9.23,3,1,12,1,arctander
176.25899999999996,2.725500000000001,1,0,17.07,2,1,13,1,arctander
164.20399999999998,2.1205,2,0,18.46,1,1,12,2,arctander
196.20199999999997,1.4958200000000001,4,1,55.760000000000005,2,1,14,1,arctander
164.20399999999998,2.1293,2,1,29.46,3,1,12,1,arctander
207.27599999999998,3.3434800000000013,1,0,23.79,3,2,16,2,arctander
185.27,3.532300000000002,1,0,12.89,0,2,14,2,arctander
202.29699999999997,3.5031000000000025,1,0,17.07,0,1,15,2,arctander
206.28499999999994,2.699600000000001,2,0,26.3,2,1,15,1,arctander
304.51800000000003,5.416200000000006,1,1,20.23,1,0,22,4,arctander
338.57600000000014,6.934900000000008,2,0,26.3,14,0,24,0,arctander
132.16199999999995,1.8987,1,0,17.07,2,1,10,1,arctander
184.279,3.076100000000001,2,0,26.3,6,0,13,0,arctander
148.20499999999996,2.728300000000001,1,0,9.23,2,1,11,1,arctander
154.253,2.671400000000001,1,1,20.23,4,0,11,0,arctander
192.302,3.6582000000000026,1,0,17.07,2,0,14,1,arctander
285.3430000000001,2.997200000000001,3,0,38.77,3,1,21,3,arctander
410.73000000000025,10.604999999999992,0,0,0.0,15,0,30,0,arctander
100.11699999999999,0.7355,2,0,26.3,1,0,7,0,arctander
162.188,1.9072999999999998,2,0,26.3,3,1,12,1,arctander
162.188,1.9072999999999998,2,0,26.3,3,1,12,1,arctander
110.11199999999998,0.94822,2,0,30.21,0,1,8,1,arctander
112.12799999999999,1.2033,1,1,37.3,2,0,8,0,arctander
154.253,2.671400000000001,1,1,20.23,4,0,11,0,arctander
100.11699999999998,1.0372000000000001,1,1,37.3,1,0,7,0,arctander
98.145,1.5416,1,0,17.07,3,0,7,0,arctander
396.91500000000013,1.9456000000000016,4,1,108.59,4,2,27,5,arctander
154.25300000000001,2.1935000000000007,1,1,20.23,0,0,11,2,arctander
228.28799999999995,1.7749000000000001,4,0,52.60000000000001,2,0,16,1,arctander
254.32899999999998,4.307300000000005,2,0,18.46,5,2,19,2,arctander
254.32899999999998,4.337620000000003,2,0,26.3,3,2,19,2,arctander
164.20399999999998,2.4339000000000013,2,1,29.46,2,1,12,1,arctander
206.24099999999996,2.653600000000001,3,0,35.53,3,1,15,1,arctander
189.30200000000002,3.095200000000002,1,0,3.24,2,1,14,2,arctander
305.41800000000006,3.789600000000002,3,2,58.56,9,1,22,1,arctander
164.248,3.022100000000002,1,0,17.07,3,0,12,1,arctander
164.248,3.022100000000002,1,0,17.07,3,0,12,1,arctander
196.29,3.242200000000002,2,0,26.3,5,0,14,0,arctander
196.29,3.242200000000002,2,0,26.3,5,0,14,0,arctander
180.20299999999997,1.4062999999999997,3,2,49.69,3,1,13,1,arctander
194.31799999999998,4.048300000000003,1,0,17.07,6,0,14,0,arctander
140.18199999999996,1.6818,2,0,26.3,3,0,10,0,arctander
129.16199999999995,2.2233800000000006,1,0,23.79,1,1,10,1,arctander
216.324,4.239300000000004,1,0,17.07,7,1,16,1,arctander
149.237,3.2026800000000017,1,0,23.79,3,0,11,0,arctander
202.297,3.8492000000000033,1,0,17.07,6,1,15,1,arctander
196.20599999999996,1.9657999999999998,4,1,78.39,4,1,14,1,arctander
235.259,1.3971,4,0,66.43,6,1,17,1,arctander
188.176,-6.453299999999999,5,3,117.89000000000001,3,0,11,0,arctander
142.19799999999998,1.9058,2,0,26.3,4,0,10,0,arctander
126.199,2.1776999999999997,1,0,17.07,1,0,9,0,arctander
227.263,2.7964199999999995,3,1,52.32,2,2,17,2,arctander
192.30200000000002,3.1703000000000023,1,1,20.23,6,1,14,1,arctander
298.511,6.420900000000007,2,0,26.3,16,0,21,0,arctander
112.17199999999998,1.7875999999999999,1,0,17.07,3,0,8,0,arctander
354.6190000000002,7.981300000000009,2,0,26.3,20,0,25,0,arctander
318.5009999999999,6.4309000000000065,2,0,26.3,14,1,23,1,arctander
178.23099999999994,2.5644,2,0,26.3,3,1,13,1,arctander
156.269,3.1819000000000015,1,0,17.07,7,0,11,0,arctander
260.377,4.603500000000004,2,0,26.3,9,1,19,1,arctander
250.338,3.7088000000000028,3,0,35.53,8,1,18,1,arctander
254.28499999999997,3.2624000000000026,3,1,46.53,4,2,19,2,arctander
182.26299999999998,2.850500000000001,2,0,26.3,7,0,13,0,arctander
228.37599999999998,4.158100000000004,2,0,18.46,9,0,16,0,arctander
263.38100000000003,4.176200000000002,3,1,52.32,9,1,19,1,arctander
222.23999999999995,2.2280999999999995,4,0,44.760000000000005,3,1,16,2,arctander
222.328,3.4052000000000024,2,0,18.46,6,1,16,1,arctander
244.37499999999994,3.5595000000000026,3,0,35.53,10,0,17,0,arctander
162.23199999999997,2.868240000000001,1,0,9.23,3,1,12,1,arctander
222.284,3.0476200000000015,3,1,46.53,5,1,16,1,arctander
280.408,4.1521000000000035,3,0,27.69,9,1,20,1,arctander
234.33899999999997,3.992700000000003,2,0,18.46,8,1,17,1,arctander
194.23399999999995,1.6001999999999998,2,1,55.56,3,1,14,1,arctander
228.28799999999993,2.2072000000000003,4,0,52.6,0,0,16,1,arctander
204.35699999999997,5.179500000000004,0,0,0.0,3,0,15,1,arctander
144.25799999999998,2.583600000000001,1,1,20.23,4,0,10,0,arctander
98.14499999999998,2.0242999999999998,1,1,20.23,2,0,7,0,arctander
152.19299999999998,1.9632,2,1,29.46,2,1,11,1,arctander
190.24199999999993,2.6530000000000005,2,0,26.3,3,1,14,1,arctander
266.42499999999995,5.192700000000006,2,0,26.3,10,0,19,0,arctander
366.5420000000001,5.618000000000006,4,0,52.60000000000001,12,0,26,0,arctander
192.30200000000002,3.7835000000000027,1,0,9.23,7,1,14,1,arctander
272.38800000000003,3.9871000000000034,2,0,26.3,3,1,20,3,arctander
240.30200000000002,3.533500000000002,2,0,26.3,4,2,18,2,arctander
192.25799999999998,2.805200000000001,2,0,26.3,2,1,14,1,arctander
192.30199999999996,3.6582000000000026,1,0,17.07,4,0,14,1,arctander
152.23699999999997,2.711900000000001,1,0,17.07,2,0,11,1,arctander
117.08,-1.7005999999999994,4,0,66.43,2,0,8,0,arctander
182.17499999999995,1.1874,4,1,55.760000000000005,2,1,13,1,arctander
235.327,3.3960000000000017,3,1,52.32,7,1,17,1,arctander
207.20499999999993,0.2599,4,0,66.43,5,1,15,1,arctander
226.35999999999996,4.080300000000003,2,0,26.3,9,0,16,1,arctander
156.269,3.1819000000000015,1,0,17.07,7,0,11,0,arctander
218.34,4.538220000000004,1,0,17.07,7,1,16,1,arctander
166.26399999999998,3.246100000000002,1,0,17.07,4,0,12,1,arctander
206.285,2.8184000000000013,2,0,26.3,4,1,15,1,arctander
184.191,1.2662,4,1,59.67,4,1,13,1,arctander
126.19899999999997,2.1776999999999997,1,0,17.07,3,0,9,0,arctander
232.27900000000002,2.4220000000000006,3,0,35.53,4,1,17,2,arctander
192.25799999999995,2.874900000000001,2,0,26.3,3,1,14,1,arctander
138.21,2.3218000000000005,1,0,17.07,0,0,10,1,arctander
224.3,2.8546000000000014,3,0,27.69,8,1,16,1,arctander
172.17999999999995,0.6688,4,0,52.60000000000001,4,0,12,0,arctander
228.28799999999993,2.2291999999999996,4,0,52.60000000000001,8,0,16,0,arctander
284.396,3.7896000000000027,4,0,52.60000000000001,12,0,20,0,arctander
218.29600000000002,3.289100000000002,2,0,26.3,5,1,16,1,arctander
168.236,2.763700000000001,1,1,37.3,4,0,12,0,arctander
296.539,6.364100000000008,1,1,20.23,13,0,21,0,arctander
536.8880000000004,12.605799999999977,0,0,0.0,10,0,40,2,arctander
176.171,1.80702,3,1,50.44,0,2,13,2,arctander
178.14299999999997,1.2042000000000006,4,2,70.67,0,2,13,2,arctander
220.356,4.604500000000004,1,0,17.07,7,0,16,0,arctander
128.17099999999996,1.5157,2,0,26.3,2,0,9,0,arctander
100.161,1.335,1,1,20.23,3,0,7,0,arctander
98.14499999999998,1.5416,1,0,17.07,3,0,7,0,arctander
162.14399999999998,1.4986,3,1,50.44,0,2,12,2,arctander
204.35699999999997,4.7252000000000045,0,0,0.0,0,0,15,2,arctander
204.35699999999997,5.201500000000005,0,0,0.0,7,0,15,0,arctander
206.32899999999998,3.760100000000003,1,0,17.07,2,0,15,1,arctander
208.25699999999995,2.7455000000000016,3,0,27.69,4,1,15,1,arctander
276.376,4.039000000000003,3,1,46.53,9,1,20,1,arctander
224.29999999999995,2.501100000000001,3,0,43.370000000000005,5,0,16,1,arctander
192.30199999999996,3.5141000000000027,1,0,17.07,2,0,14,1,arctander
150.218,-3.127399999999999,2,0,40.129999999999995,2,0,9,0,arctander
114.14399999999998,1.4273,1,1,37.3,3,0,8,0,arctander
112.17199999999997,1.9317,1,0,17.07,4,0,8,0,arctander
112.172,1.9317,1,0,17.07,4,0,8,0,arctander
356.547,4.920300000000006,4,2,66.76,18,0,25,0,arctander
253.30099999999996,3.139000000000001,3,1,52.32,4,2,19,2,arctander
138.59699999999998,2.8961000000000015,0,0,0.0,1,1,9,1,arctander
100.161,1.335,1,1,20.23,3,0,7,0,arctander
208.301,3.589800000000002,2,0,26.3,2,0,15,1,arctander
134.17799999999997,1.6921000000000002,1,1,20.23,2,1,10,1,arctander
372.3700000000001,-1.1120000000000003,9,5,138.07000000000002,7,1,26,2,arctander
156.228,2.808600000000001,0,0,0.0,2,1,12,1,arctander
196.28999999999996,3.242200000000002,2,0,26.3,5,0,14,0,arctander
100.16099999999999,1.335,1,1,20.23,3,0,7,0,arctander
222.37199999999993,3.465700000000003,1,1,20.23,0,0,16,3,arctander
154.325,3.0558000000000014,3,0,0.0,4,0,7,0,arctander
231.383,4.547000000000004,1,0,12.89,0,1,17,2,arctander
138.21,2.0116,1,0,17.07,0,0,10,2,arctander
84.11799999999998,1.1515,1,0,17.07,1,0,6,0,arctander
210.31699999999995,3.440500000000002,2,0,18.46,4,0,15,1,arctander
262.393,4.268400000000003,2,0,26.3,5,0,19,2,arctander
224.34399999999994,4.022400000000004,2,0,26.3,7,0,16,0,arctander
170.25199999999998,2.686000000000001,2,0,26.3,6,0,12,0,arctander
156.22499999999997,2.2959000000000005,2,0,26.3,4,0,11,0,arctander
170.25199999999995,2.686000000000001,2,0,26.3,6,0,12,0,arctander
156.22499999999997,2.2959000000000005,2,0,26.3,5,0,11,0,arctander
198.30599999999995,3.4662000000000024,2,0,26.3,8,0,14,0,arctander
198.30599999999995,3.4662000000000024,2,0,26.3,8,0,14,0,arctander
184.27899999999997,3.076100000000002,2,0,26.3,7,0,13,0,arctander
182.26299999999998,2.852100000000001,2,0,26.3,5,0,13,0,arctander
258.361,4.536100000000004,2,0,26.3,6,1,19,1,arctander
312.49399999999997,5.167700000000005,3,1,46.53,15,0,22,0,arctander
354.5750000000001,6.338000000000007,3,1,46.53,18,0,25,0,arctander
352.6030000000001,7.757300000000009,2,0,26.3,19,0,25,0,arctander
178.231,2.824000000000002,2,1,29.46,3,1,13,1,arctander
190.24200000000002,2.3484000000000007,2,0,26.3,4,1,14,1,arctander
338.5760000000001,7.367200000000008,2,0,26.3,18,0,24,0,arctander
182.263,2.852100000000001,2,0,26.3,6,0,13,0,arctander
152.14899999999997,1.4658,3,0,39.44,2,1,11,1,arctander
210.31699999999995,3.6323000000000025,2,0,26.3,6,0,15,0,arctander
224.34399999999994,4.022400000000004,2,0,26.3,7,0,16,0,arctander
176.215,2.3059000000000003,2,0,26.3,3,1,13,1,arctander
204.269,2.738500000000001,2,0,26.3,4,1,15,1,arctander
170.25199999999998,2.686000000000001,2,0,26.3,6,0,12,0,arctander
144.21399999999997,1.3740999999999999,2,1,37.3,5,0,10,0,arctander
158.24099999999999,1.9083,2,1,37.3,7,0,11,0,arctander
220.26799999999997,2.1721199999999996,3,0,38.83,3,1,16,2,arctander
310.522,6.587000000000008,2,0,26.3,16,0,22,0,arctander
142.198,1.9058,2,0,26.3,4,0,10,0,arctander
192.30199999999996,3.5141000000000027,1,0,17.07,2,0,14,1,arctander
296.49499999999995,6.1969000000000065,2,0,26.3,15,0,21,0,arctander
140.18199999999996,1.6818,2,0,26.3,3,0,10,0,arctander
156.22499999999997,2.2959000000000005,2,0,26.3,4,0,11,0,arctander
170.296,3.285500000000002,1,1,20.23,8,0,12,0,arctander
156.225,2.2959000000000005,2,0,26.3,5,0,11,0,arctander
172.26799999999997,2.7418000000000013,2,0,18.46,7,0,12,0,arctander
128.171,1.5157,2,0,26.3,5,0,9,0,arctander
252.3979999999999,4.780600000000004,2,0,26.3,0,0,18,1,arctander
180.291,3.8392000000000026,1,0,9.23,6,0,13,0,arctander
182.307,3.715600000000003,1,0,9.23,6,0,13,0,arctander
168.28,3.3255000000000017,1,0,9.23,5,0,12,0,arctander
238.37099999999995,4.412500000000004,2,0,26.3,8,0,17,0,arctander
224.34399999999997,3.878300000000003,2,0,26.3,7,0,16,0,arctander
232.36699999999993,4.460400000000004,1,0,17.07,5,0,17,1,arctander
210.31699999999995,3.6323000000000025,2,0,26.3,6,0,15,0,arctander
252.39799999999994,4.802600000000004,2,0,26.3,9,0,18,0,arctander
272.38800000000003,4.465000000000004,2,0,26.3,7,1,20,1,arctander
170.25199999999998,2.541900000000001,2,0,26.3,4,0,12,0,arctander
218.29600000000002,3.1286000000000023,2,0,26.3,6,1,16,1,arctander
204.26900000000003,3.1997000000000018,2,0,26.3,5,1,15,1,arctander
226.35999999999996,4.078200000000003,2,0,18.46,10,0,16,0,arctander
236.35499999999993,4.188500000000004,2,0,26.3,6,0,17,0,arctander
156.22499999999997,2.1517999999999997,2,0,26.3,3,0,11,0,arctander
218.296,3.1286000000000023,2,0,26.3,6,1,16,1,arctander
154.253,2.6698000000000013,1,1,20.23,4,0,11,0,arctander
136.23799999999997,3.4750000000000023,0,0,0.0,2,0,10,0,arctander
148.20499999999998,2.0806,1,1,20.23,2,1,11,1,arctander
220.26800000000003,2.9053000000000018,3,1,46.53,5,1,16,1,arctander
219.28400000000002,2.7819000000000003,3,1,52.32,5,1,16,1,arctander
146.18899999999996,2.2888,1,0,17.07,2,1,11,1,arctander
194.318,3.4500000000000024,1,1,20.23,2,0,14,1,arctander
206.32899999999998,3.904200000000003,1,0,17.07,2,0,15,1,arctander
178.27499999999998,2.637700000000001,1,1,20.23,5,1,13,1,arctander
142.242,2.3376,1,1,20.23,0,0,10,1,arctander
204.31300000000002,3.624500000000003,1,0,17.07,6,1,15,1,arctander
162.232,2.5166200000000005,1,0,17.07,3,1,12,1,arctander
156.269,3.0378000000000016,1,0,17.07,6,0,11,0,arctander
228.37599999999998,4.326300000000004,2,0,26.3,10,0,16,0,arctander
172.26799999999997,2.7418000000000013,2,0,18.46,7,0,12,0,arctander
212.28899999999993,2.4534000000000002,3,0,38.83,5,0,15,1,arctander
238.32699999999997,3.2014000000000014,3,0,43.370000000000005,7,0,17,0,arctander
246.30599999999995,3.577900000000003,3,0,35.53,6,1,18,2,arctander
222.32799999999995,3.7984000000000027,2,0,26.3,6,0,16,0,arctander
248.36599999999999,4.269200000000004,2,0,18.46,8,1,18,1,arctander
190.19799999999998,2.0174999999999996,3,0,35.53,2,1,14,2,arctander
282.339,3.876400000000003,3,0,35.53,5,2,21,2,arctander
176.215,2.0727,2,0,18.46,2,1,13,2,arctander
154.25300000000001,2.1935000000000007,1,1,20.23,0,0,11,2,arctander
280.452,5.582800000000006,2,0,26.3,11,0,20,0,arctander
238.37099999999995,4.268400000000004,2,0,26.3,7,0,17,0,arctander
174.23999999999998,2.7398000000000007,3,0,35.53,6,0,12,0,arctander
144.214,1.9857,2,0,26.3,4,0,10,0,arctander
222.284,2.928600000000001,3,0,35.53,6,1,16,1,arctander
192.25799999999995,2.822400000000001,2,0,18.46,5,1,14,1,arctander
206.32899999999998,3.760100000000003,1,0,17.07,2,0,15,1,arctander
428.74500000000035,8.869200000000003,1,1,20.23,6,0,31,3,arctander
246.35,4.211800000000003,2,0,26.3,7,1,18,1,arctander
136.23799999999997,3.3309000000000024,0,0,0.0,3,0,10,0,arctander
210.31699999999995,3.6307000000000027,2,0,26.3,6,0,15,0,arctander
238.37099999999995,4.268400000000004,2,0,26.3,7,0,17,0,arctander
271.40400000000005,4.689300000000005,2,1,25.16,6,2,20,2,arctander
152.19299999999998,1.8479,2,0,26.3,4,0,11,0,arctander
232.32299999999998,3.8233000000000033,2,0,26.3,8,1,17,1,arctander
218.33999999999995,4.358500000000004,1,0,17.07,0,0,16,1,arctander
272.38800000000003,4.465000000000004,2,0,26.3,7,1,20,1,arctander
238.37099999999995,4.412500000000004,2,0,26.3,8,0,17,0,arctander
196.29,2.8946000000000014,2,0,26.3,7,0,14,0,arctander
273.37600000000003,4.118300000000002,3,1,52.32,6,1,20,1,arctander
294.47900000000004,5.972900000000006,2,0,26.3,12,0,21,0,arctander
326.521,5.5578000000000065,3,1,46.53,16,0,23,0,arctander
234.339,4.2973000000000035,2,0,18.46,7,1,17,1,arctander
168.236,2.4384000000000006,2,0,26.3,3,0,12,1,arctander
220.35599999999994,4.294300000000003,1,0,17.07,3,0,16,1,arctander
380.6570000000002,8.537500000000005,2,0,26.3,21,0,27,0,arctander
202.29700000000003,3.499500000000002,1,0,17.07,4,1,15,1,arctander
252.3979999999999,4.780600000000004,2,0,26.3,0,0,18,1,arctander
173.188,-0.1402000000000001,4,0,66.43,6,0,12,0,arctander
154.253,2.1935000000000002,1,1,20.23,0,0,11,2,arctander
149.16899999999998,0.28742,2,0,40.129999999999995,2,1,11,1,arctander
201.24199999999996,0.6399999999999999,4,0,66.43,8,0,14,0,arctander
188.22299999999996,1.2812999999999999,4,0,52.60000000000001,5,0,13,0,arctander
178.231,2.10062,2,0,26.3,3,1,13,1,arctander
138.20999999999998,2.4659000000000004,1,0,17.07,3,0,10,1,arctander
212.33299999999997,3.8327000000000027,2,0,26.3,8,0,15,1,arctander
582.5550000000006,-1.3506,14,9,236.05999999999995,9,2,41,4,arctander
178.23099999999997,1.9645,2,0,26.3,3,1,13,1,arctander
186.25099999999995,1.7530999999999999,3,0,38.83,4,0,13,1,arctander
242.274,3.052200000000002,3,0,35.53,4,2,18,2,arctander
180.29099999999997,3.6362000000000023,1,0,17.07,6,0,13,1,arctander
402.4840000000002,2.3427000000000002,8,1,116.20000000000002,15,0,28,0,arctander
242.35899999999998,3.457600000000002,3,0,38.83,10,0,17,1,arctander
154.209,1.7431,2,0,26.3,4,0,11,0,arctander
168.28,2.7513000000000014,1,1,20.23,2,0,12,1,arctander
168.623,2.4715000000000007,1,0,17.07,3,1,11,1,arctander
232.36699999999993,4.484200000000004,1,0,17.07,1,1,17,1,arctander
198.30599999999995,3.4426000000000023,2,0,26.3,6,0,14,1,arctander
184.238,3.1422000000000017,1,0,17.07,2,2,14,2,arctander
196.28999999999996,2.913400000000001,2,0,26.3,6,0,14,0,arctander
154.209,1.9058,2,0,26.3,3,0,11,1,arctander
192.258,2.7433000000000014,2,0,26.3,4,1,14,1,arctander
164.20399999999998,1.7922,2,0,26.3,5,1,12,1,arctander
128.171,1.3496,2,0,26.3,2,0,9,1,arctander
176.25900000000001,3.161400000000002,1,0,17.07,3,1,13,1,arctander
158.241,2.1856,2,0,18.46,3,0,11,1,arctander
186.295,2.9658000000000015,2,0,18.46,5,0,13,1,arctander
110.11199999999998,1.021,2,0,30.21,2,1,8,1,arctander
164.24799999999996,2.2476000000000007,1,1,20.23,4,1,12,1,arctander
184.32299999999995,3.3638000000000026,1,1,20.23,3,0,13,1,arctander
192.258,2.7417000000000016,2,0,26.3,3,1,14,1,arctander
242.27399999999997,2.577000000000001,3,1,46.53,4,2,18,2,arctander
224.34399999999997,3.6936000000000027,2,0,26.3,8,0,16,0,arctander
224.38799999999995,4.8864000000000045,1,0,17.07,8,0,16,1,arctander
248.322,3.382900000000002,3,0,43.370000000000005,8,1,18,1,arctander
142.24200000000002,2.5053000000000005,1,1,20.23,7,0,10,0,arctander
226.31599999999995,3.8522000000000034,3,0,35.53,6,0,16,0,arctander
166.22,1.8496000000000001,2,0,18.46,5,1,12,1,arctander
124.18299999999998,2.0758,1,0,17.07,1,0,9,1,arctander
180.29099999999997,3.636200000000003,1,0,17.07,5,0,13,1,arctander
192.25799999999995,2.570800000000001,2,0,26.3,4,1,14,1,arctander
196.249,3.5562000000000022,1,0,17.07,2,2,15,2,arctander
222.23999999999998,1.9093999999999998,4,0,44.760000000000005,3,1,16,2,arctander
258.361,4.536100000000004,2,0,26.3,6,1,19,1,arctander
164.248,2.390100000000001,1,1,20.23,4,1,12,1,arctander
128.21499999999997,1.9695000000000005,1,1,20.23,4,0,9,0,arctander
232.32299999999998,3.646020000000002,2,0,26.3,2,1,17,2,arctander
254.23799999999997,1.5255999999999998,6,1,82.06,4,1,18,1,arctander
192.30200000000002,4.035800000000003,1,0,9.23,7,1,14,1,arctander
226.27499999999998,3.3957000000000015,2,0,26.3,3,2,17,2,arctander
114.18799999999999,1.7235,1,1,20.23,4,0,8,0,arctander
248.36599999999996,4.102700000000004,2,0,26.3,2,1,18,1,arctander
180.24699999999999,2.7434000000000016,2,1,29.46,4,1,13,1,arctander
198.30599999999995,3.1319000000000017,2,0,18.46,5,0,14,1,arctander
240.25499999999997,1.9119,5,0,53.99000000000001,5,1,17,1,arctander
116.16,0.5478000000000001,2,1,29.46,2,0,8,1,arctander
224.38799999999995,4.8864000000000045,1,0,17.07,0,0,16,1,arctander
173.259,3.3664000000000014,0,1,15.79,2,2,13,2,arctander
162.232,2.6251000000000007,1,0,17.07,3,1,12,1,arctander
122.12299999999996,1.6483,2,0,30.21,2,1,9,1,arctander
140.182,1.6598,2,0,26.3,2,0,10,1,arctander
212.289,2.3486,2,2,57.53,5,0,15,1,arctander
173.259,3.3664000000000023,0,1,15.79,2,2,13,2,arctander
210.27299999999997,2.556800000000001,2,1,54.370000000000005,5,0,15,1,arctander
128.17099999999996,1.5157,2,0,26.3,2,0,9,0,arctander
164.248,2.6557000000000013,1,0,9.23,5,1,12,1,arctander
122.16699999999999,1.8518,1,0,17.07,2,0,9,1,arctander
88.175,1.7862,1,0,0.0,2,0,5,0,arctander
150.22099999999998,2.3438,1,0,17.07,1,0,11,1,arctander
192.25799999999998,2.7300000000000004,1,1,37.3,4,1,14,1,arctander
138.20999999999998,2.3218000000000005,1,0,17.07,1,0,10,1,arctander
164.248,2.766100000000001,1,1,20.23,3,1,12,1,arctander
194.22999999999996,1.8008,3,0,35.53,4,1,14,1,arctander
180.29099999999997,3.6362000000000023,1,0,17.07,4,0,13,1,arctander
159.23199999999997,3.2913000000000014,0,1,15.79,1,2,12,2,arctander
126.15499999999999,1.1256,2,0,26.3,2,0,9,1,arctander
252.39799999999994,4.802600000000004,2,0,26.3,9,0,18,0,arctander
249.354,3.786100000000002,3,1,52.32,8,1,18,1,arctander
170.296,2.829600000000001,1,1,20.23,0,0,12,1,arctander
148.20499999999998,2.3892000000000007,1,0,9.23,4,1,11,1,arctander
212.289,2.7803000000000013,2,1,46.53,7,0,15,0,arctander
200.27799999999996,2.4791000000000007,3,0,43.370000000000005,8,0,14,0,arctander
206.28499999999997,2.9609000000000014,2,0,26.3,5,1,15,1,arctander
170.25199999999998,2.518300000000001,2,0,26.3,4,0,12,1,arctander
158.285,3.381800000000002,1,0,9.23,7,0,11,0,arctander
192.25799999999995,2.7433000000000005,2,0,26.3,4,1,14,1,arctander
184.32299999999998,3.5079000000000025,1,1,20.23,6,0,13,1,arctander
172.26799999999997,2.765900000000001,2,0,26.3,6,0,12,0,arctander
194.22999999999996,1.40132,3,1,38.69,2,1,14,2,arctander
166.22,1.7430999999999999,2,0,26.3,1,0,12,1,arctander
212.37699999999995,4.742300000000005,1,0,17.07,11,0,15,0,arctander
122.16699999999999,1.66,1,0,12.53,0,0,9,2,arctander
212.33299999999994,3.6902000000000026,2,0,26.3,7,0,15,1,arctander
196.202,1.5774999999999997,4,1,55.760000000000005,3,1,14,1,arctander
236.39899999999997,4.167600000000004,1,1,20.23,2,0,17,2,arctander
196.33399999999995,4.106200000000004,1,0,17.07,6,0,14,1,arctander
90.07799999999999,-1.1139000000000001,3,2,57.53,1,0,6,0,arctander
196.28999999999996,2.7879000000000014,2,0,26.3,2,0,14,1,arctander
170.25199999999995,2.686000000000001,2,0,26.3,6,0,12,0,arctander
252.39799999999994,4.473800000000004,2,0,26.3,10,0,18,0,arctander
190.242,2.866620000000001,2,0,26.3,2,1,14,1,arctander
200.281,4.017100000000003,1,0,9.23,3,2,15,2,arctander
210.36099999999993,4.496300000000004,1,0,17.07,7,0,15,1,arctander
298.511,6.420900000000007,2,0,26.3,16,0,21,0,arctander
206.28499999999994,3.7543000000000024,2,0,18.46,4,1,15,2,arctander
206.28499999999997,3.4661000000000026,2,0,18.46,2,1,15,2,arctander
226.31599999999997,2.8687000000000014,3,0,35.53,7,0,16,0,arctander
296.40700000000004,3.811600000000003,4,0,52.60000000000001,9,0,21,0,arctander
164.204,1.9137999999999997,2,1,37.3,3,1,12,1,arctander
198.30599999999998,2.2100999999999997,2,1,29.46,3,0,14,2,arctander
226.35999999999996,3.7680000000000033,2,0,18.46,5,0,16,1,arctander
314.466,4.790600000000005,4,0,52.60000000000001,9,0,22,0,arctander
144.214,1.5182,2,1,37.3,6,0,10,0,arctander
126.15499999999999,1.1256000000000002,2,0,26.3,1,0,9,1,arctander
238.32700000000003,2.9924000000000017,3,0,27.69,9,1,17,1,arctander
182.17499999999998,1.2826,4,0,51.97,3,1,13,2,arctander
212.37699999999998,4.742300000000005,1,0,17.07,11,0,15,0,arctander
256.301,2.505900000000001,3,1,46.53,5,2,19,2,arctander
170.25199999999998,2.375800000000001,2,0,26.3,4,0,12,1,arctander
234.38299999999998,4.374200000000004,1,0,17.07,2,0,17,2,arctander
196.33399999999997,3.6262000000000025,1,0,9.23,2,0,14,2,arctander
194.18599999999998,1.1724999999999997,4,1,63.60000000000001,3,1,14,1,arctander
244.37799999999996,4.279200000000004,1,0,9.23,0,1,18,3,arctander
194.23000000000002,1.6732,3,1,46.53,4,1,14,1,arctander
208.257,2.0633000000000004,3,1,46.53,5,1,15,1,arctander
208.34499999999994,3.9841000000000033,1,0,17.07,3,0,15,1,arctander
242.35899999999992,3.6494000000000026,3,0,43.370000000000005,11,0,17,0,arctander
198.30899999999997,4.580040000000003,0,0,0.0,1,2,15,2,arctander
234.3389999999999,3.551700000000002,2,0,26.3,5,1,17,1,arctander
248.366,4.303700000000004,2,0,26.3,8,1,18,1,arctander
214.30499999999995,2.6774000000000013,3,0,38.83,7,0,15,1,arctander
226.40399999999997,4.844200000000004,1,0,17.07,10,0,16,0,arctander
208.34499999999994,3.9841000000000033,1,0,17.07,3,0,15,1,arctander
208.34499999999994,4.128200000000003,1,0,17.07,3,0,15,1,arctander
240.30199999999996,3.533500000000002,2,0,26.3,4,2,18,2,arctander
216.36499999999998,4.132900000000004,2,0,18.46,9,0,15,0,arctander
100.11699999999998,0.4104,2,0,34.14,2,0,7,0,arctander
206.285,2.9158000000000017,2,0,26.3,3,1,15,1,arctander
208.257,1.8088,3,0,35.53,6,1,15,1,arctander
234.33899999999997,3.597000000000002,2,0,26.3,6,1,17,1,arctander
220.356,4.2161000000000035,1,0,9.23,9,1,16,1,arctander
182.263,2.852100000000001,2,0,26.3,5,0,13,0,arctander
166.26399999999998,2.791800000000001,1,0,17.07,1,0,12,2,arctander
143.189,2.3972000000000007,1,0,12.36,0,0,11,2,arctander
206.28499999999997,2.8168000000000015,2,0,26.3,4,1,15,1,arctander
190.28599999999994,3.0166000000000013,1,0,17.07,5,1,14,1,arctander
164.24799999999996,2.2576,1,0,17.07,1,0,12,3,arctander
220.26799999999997,2.3064400000000003,3,0,38.83,3,1,16,2,arctander
276.37600000000003,3.9364000000000035,3,0,38.83,5,1,20,2,arctander
114.18799999999997,2.3367000000000004,1,0,9.23,4,0,8,0,arctander
1701.2060000000008,4.838100000000011,46,25,777.9800000000005,21,10,122,11,arctander
304.47400000000005,4.847400000000005,2,0,34.14,2,0,22,2,arctander
266.425,5.191100000000006,2,0,26.3,10,0,19,0,arctander
220.31199999999998,3.206900000000002,2,0,26.3,5,1,16,1,arctander
210.31699999999992,3.6307000000000027,2,0,26.3,7,0,15,0,arctander
224.25599999999994,1.7358,4,1,71.44,0,0,16,2,arctander
352.33600000000007,-1.0529999999999982,10,2,145.66,8,0,24,0,arctander
168.23600000000002,2.4620000000000006,2,0,26.3,5,0,12,0,arctander
178.23099999999997,2.0189399999999997,2,0,26.3,2,1,13,1,arctander
172.31199999999995,3.773500000000003,1,0,9.23,9,0,12,0,arctander
180.24699999999996,2.0086,2,1,29.46,4,1,13,1,arctander
212.37699999999998,4.167600000000004,1,1,20.23,8,0,15,0,arctander
142.24200000000002,2.6016000000000012,1,0,9.23,2,0,10,1,arctander
146.23,1.5135,2,2,40.46,4,0,10,0,arctander
182.30699999999996,3.5720000000000027,1,0,17.07,4,0,13,1,arctander
184.32299999999998,3.2197000000000027,1,1,20.23,2,0,13,1,arctander
196.28999999999996,3.0866200000000017,2,1,29.46,1,1,14,1,arctander
228.33199999999997,3.2593000000000023,3,0,43.370000000000005,10,0,16,0,arctander
145.134,-1.0644999999999998,4,0,66.42999999999999,2,0,10,0,arctander
158.19699999999995,2.1037,3,0,35.53,0,0,11,1,arctander
268.4849999999999,5.9926000000000075,1,1,20.23,11,0,19,1,arctander
230.216,1.2795999999999998,4,4,115.06,0,1,16,1,arctander
237.25499999999997,2.713400000000001,4,0,69.44,3,1,17,1,arctander
174.19899999999998,2.3554000000000004,2,0,30.21,1,2,13,2,arctander
204.31299999999996,4.136000000000004,1,0,17.07,3,1,15,1,arctander
342.4380000000001,5.948800000000005,2,1,29.46,4,4,26,4,arctander
174.28400000000002,2.437800000000001,2,2,40.46,8,0,12,0,arctander
140.13799999999998,0.9128999999999996,3,2,57.53,0,1,10,1,arctander
154.20899999999997,1.9632199999999995,2,1,29.46,0,1,11,1,arctander
154.20899999999997,1.96322,2,1,29.46,0,1,11,1,arctander
172.268,3.0676000000000014,1,1,37.3,1,0,12,1,arctander
284.52799999999996,6.894300000000007,1,0,9.23,17,0,20,0,arctander
228.41999999999993,5.333900000000006,1,0,9.23,13,0,16,0,arctander
270.5009999999999,6.504200000000007,1,0,9.23,16,0,19,0,arctander
256.4739999999999,6.114100000000007,1,0,9.23,15,0,18,0,arctander
242.44699999999992,5.724000000000006,1,0,9.23,14,0,17,0,arctander
242.3149999999999,2.5973000000000006,4,0,52.60000000000001,0,0,17,1,arctander
274.404,4.860400000000006,2,1,29.46,4,2,20,2,arctander
218.296,3.5882000000000027,2,1,29.46,2,2,16,2,arctander
156.612,2.662440000000001,1,1,20.23,0,1,10,1,arctander
238.41499999999994,5.228800000000005,1,0,12.53,0,0,17,2,arctander
323.43300000000005,3.208100000000001,5,2,89.62,7,1,23,1,arctander
305.418,4.013300000000002,4,1,69.39,6,1,22,1,arctander
164.248,3.1324400000000017,1,1,20.23,1,1,12,1,arctander
186.25099999999998,1.8987999999999998,3,0,35.53,5,0,13,1,arctander
156.18099999999998,1.3603999999999998,3,2,49.69,0,1,11,1,arctander
252.44199999999995,5.6645000000000065,1,0,9.23,11,0,18,0,arctander
182.26299999999992,2.828500000000001,2,0,26.3,2,0,13,1,arctander
178.27499999999998,3.3065400000000023,1,1,20.23,0,1,13,1,arctander
222.328,3.099100000000002,2,1,29.46,2,1,16,2,arctander
138.20999999999998,2.0336,1,0,17.07,1,0,10,1,arctander
194.23000000000002,1.7663,3,0,35.53,5,1,14,1,arctander
198.30599999999995,3.3001000000000023,2,0,26.3,7,0,14,1,arctander
242.35899999999992,4.444300000000005,3,0,35.53,0,0,17,1,arctander
286.71500000000003,4.070740000000004,4,0,86.28,2,1,19,1,arctander
140.226,2.2577000000000007,1,1,20.23,1,0,10,1,arctander
180.247,2.2397,2,0,18.46,6,1,13,1,arctander
162.23199999999997,2.6058400000000006,1,0,17.07,2,1,12,1,arctander
192.21399999999997,2.2635000000000005,3,0,35.53,4,1,14,1,arctander
284.399,4.768000000000004,2,0,26.3,4,1,21,2,arctander
150.22099999999998,2.463800000000001,1,0,9.23,2,0,11,1,arctander
136.194,2.2529000000000003,1,0,17.07,3,0,10,0,arctander
278.351,5.179520000000003,2,1,29.46,2,3,21,3,arctander
222.28399999999993,2.775800000000001,3,1,38.69,5,1,16,1,arctander
170.20799999999997,1.6688199999999997,3,2,49.69,0,1,12,1,arctander
194.23000000000002,1.1531,3,1,46.53,4,1,14,1,arctander
274.404,5.148600000000006,2,1,29.46,6,2,20,2,arctander
192.25799999999995,1.8026,2,0,26.3,3,0,14,3,arctander
184.23499999999999,2.1406,3,2,49.69,2,1,13,1,arctander
168.27999999999997,3.0378000000000016,1,0,17.07,3,0,12,1,arctander
212.37699999999995,4.598200000000004,1,0,17.07,10,0,15,0,arctander
180.29099999999997,3.1819000000000015,1,0,17.07,2,0,13,2,arctander
164.248,2.5898000000000003,1,0,17.07,3,0,12,1,arctander
176.25900000000001,3.015200000000002,1,0,17.07,4,1,13,1,arctander
224.38799999999998,4.454100000000004,1,0,17.07,5,0,16,1,arctander
178.275,2.9799000000000015,1,0,17.07,3,0,13,1,arctander
154.20899999999997,1.9632199999999995,2,1,29.46,0,1,11,1,arctander
168.27999999999997,3.3480000000000016,1,0,17.07,5,0,12,0,arctander
170.20799999999997,1.6688199999999997,3,2,49.69,0,1,12,1,arctander
178.231,2.448220000000001,2,0,26.3,3,1,13,1,arctander
190.28599999999997,3.7459000000000024,1,0,17.07,3,1,14,1,arctander
215.26899999999998,1.0301,4,0,66.43,9,0,15,0,arctander
238.283,2.603700000000001,4,1,55.760000000000005,5,1,17,1,arctander
205.18599999999998,-2.1985999999999977,6,2,106.89000000000001,6,0,14,0,arctander
124.13899999999997,1.2022000000000002,2,0,30.21,1,1,9,1,arctander
284.484,6.030800000000006,2,0,26.3,15,0,20,0,arctander
182.30699999999996,3.5720000000000027,1,0,17.07,4,0,13,1,arctander
194.22999999999996,2.2388999999999997,2,1,46.53,5,1,14,1,arctander
156.225,2.2959000000000005,2,0,26.3,5,0,11,0,arctander
194.27399999999997,3.0013000000000014,2,0,18.46,2,1,14,1,arctander
298.51099999999997,6.276800000000007,2,0,26.3,15,0,21,0,arctander
206.285,3.1334000000000017,2,0,26.3,5,1,15,1,arctander
234.33899999999994,4.534500000000004,2,0,18.46,6,1,17,2,arctander
156.18099999999998,1.3604,3,2,49.69,0,1,11,1,arctander
173.18799999999996,-0.1402000000000001,4,0,66.43,6,0,12,0,arctander
155.12899999999996,-0.9783000000000002,4,0,66.43,4,0,11,0,arctander
172.22399999999996,2.493800000000001,3,0,35.53,0,0,12,1,arctander
228.28799999999993,2.2072000000000003,4,0,52.60000000000001,0,0,16,1,arctander
221.23199999999997,0.8629,4,0,66.43,4,1,16,1,arctander
145.134,-0.9204000000000001,4,0,66.43,3,0,10,0,arctander
250.42599999999993,4.798100000000005,1,0,9.23,1,0,18,3,arctander
190.242,2.808000000000001,2,1,29.46,0,2,14,2,arctander
154.16499999999996,1.6874,3,0,47.28,1,1,11,1,arctander
103.053,-2.0907,4,0,66.43,0,0,7,0,arctander
144.16999999999996,1.7136,3,0,35.53,0,0,10,1,arctander
184.23499999999999,2.140600000000001,3,2,49.69,2,1,13,1,arctander
131.219,0.7585,2,2,32.26,0,0,9,1,arctander
244.4189999999999,4.916300000000005,2,0,18.46,13,0,17,0,arctander
228.33199999999994,4.054200000000003,3,0,35.53,0,0,16,1,arctander
214.30499999999992,3.664100000000003,3,0,35.53,0,0,15,1,arctander
304.298,2.472000000000001,6,2,85.22000000000001,5,2,22,2,arctander
290.447,4.990800000000005,2,0,18.46,10,1,21,1,arctander
171.172,-0.38780000000000014,4,0,66.43,1,0,12,1,arctander
303.314,2.2687,6,2,98.85000000000001,3,2,22,2,arctander
206.28499999999997,2.8184000000000013,2,0,26.3,4,1,15,1,arctander
332.305,1.4859999999999993,6,4,158.42999999999998,2,1,23,1,arctander
159.16099999999997,-0.5303,4,0,66.43,5,0,11,0,arctander
192.30199999999994,3.1234000000000024,1,1,20.23,3,1,14,1,arctander
182.17499999999995,1.4134,4,0,44.760000000000005,3,1,13,1,arctander
326.5650000000001,7.201100000000008,2,0,26.3,18,0,23,0,arctander
158.24099999999999,2.375800000000001,2,0,26.3,5,0,11,0,arctander
210.273,2.2122,3,0,27.69,7,1,15,1,arctander
184.279,3.076100000000001,2,0,26.3,6,0,13,0,arctander
226.35999999999999,4.246400000000004,2,0,26.3,10,0,16,0,arctander
182.30699999999996,3.919100000000003,1,0,9.23,7,0,13,0,arctander
172.18,1.066,4,3,69.92,0,1,12,1,arctander
144.214,2.4315000000000007,1,1,37.3,0,0,10,1,arctander
178.231,2.448220000000001,2,0,26.3,3,1,13,1,arctander
192.302,3.6435000000000026,1,1,20.23,4,1,14,1,arctander
192.30199999999996,3.5141000000000027,1,0,17.07,2,0,14,1,arctander
145.20499999999996,2.4835400000000005,1,0,23.79,0,1,11,1,arctander
164.24800000000002,2.3084200000000004,1,1,20.23,3,1,12,1,arctander
239.44699999999992,5.051000000000005,1,1,12.03,0,0,17,1,arctander
160.21300000000002,1.0412,3,2,49.69,5,0,11,0,arctander
220.356,4.294300000000003,1,0,17.07,3,0,16,1,arctander
278.392,3.6457000000000024,3,0,38.83,4,0,20,2,arctander
242.3149999999999,2.5973000000000006,4,0,52.6,0,0,17,1,arctander
206.285,2.989300000000002,2,0,26.3,4,1,15,1,arctander
172.31199999999998,3.629400000000003,1,0,9.23,8,0,12,0,arctander
162.23199999999997,3.0367200000000016,1,0,9.23,2,1,12,1,arctander
182.263,2.7434200000000017,2,1,29.46,2,1,13,1,arctander
180.24699999999999,2.7563200000000014,2,0,18.46,4,1,13,1,arctander
270.45699999999994,5.640700000000006,2,0,26.3,14,0,19,0,arctander
198.30599999999998,3.0119000000000016,2,0,26.3,2,0,14,1,arctander
184.27899999999997,3.279600000000002,2,0,26.3,7,0,13,0,arctander
222.284,2.1989,3,0,35.53,7,1,16,1,arctander
116.15999999999998,0.8937999999999999,2,1,29.46,1,0,8,1,arctander
212.333,2.9329000000000014,2,1,37.3,5,0,15,1,arctander
248.322,4.129100000000004,3,0,39.44,6,1,18,1,arctander
154.253,2.0494,1,1,20.23,1,0,11,2,arctander
206.28499999999997,2.951900000000001,2,0,26.3,5,1,15,1,arctander
236.39899999999997,4.263900000000004,1,0,9.23,1,0,17,3,arctander
158.19699999999997,1.1186,3,0,35.53,3,0,11,1,arctander
142.24200000000002,2.5037000000000016,1,1,20.23,5,0,10,0,arctander
194.31799999999998,3.1398000000000024,1,1,20.23,2,0,14,2,arctander
193.22199999999995,0.7226999999999997,3,0,49.36,3,1,14,1,arctander
216.32099999999997,2.9266000000000014,3,0,35.53,10,0,15,0,arctander
250.38199999999995,4.578600000000004,2,0,26.3,7,0,18,0,arctander
223.18499999999997,-3.0229999999999997,3,0,101.06,0,1,14,2,arctander
142.19799999999998,1.4366,2,0,34.14,3,0,10,0,arctander
124.13899999999997,1.2851,2,1,33.370000000000005,2,1,9,1,arctander
222.23999999999995,2.4656000000000002,4,0,36.92,3,1,16,2,arctander
222.23999999999995,2.4656000000000002,4,0,36.92,3,1,16,2,arctander
172.22399999999996,1.5087000000000002,3,0,35.53,4,0,12,1,arctander
256.4299999999999,5.250600000000006,2,0,26.3,13,0,18,0,arctander
218.33999999999997,3.594000000000002,1,0,17.07,4,0,16,4,arctander
196.19899999999998,-0.4587000000000004,4,4,115.06000000000002,1,0,13,0,arctander
186.295,3.4577000000000018,1,1,37.3,2,0,13,1,arctander
128.21499999999997,3.028500000000001,1,1,20.23,4,0,9,0,arctander
184.27899999999994,3.2337000000000025,1,1,37.3,2,0,13,1,arctander
198.30599999999993,3.623800000000003,1,1,37.3,3,0,14,1,arctander
470.7820000000003,8.834700000000005,1,1,37.3,2,0,34,9,arctander
90.078,-1.9728999999999994,3,0,55.349999999999994,2,0,6,0,arctander
162.23199999999997,3.118400000000002,1,0,9.23,3,1,12,1,arctander
168.28,3.3480000000000025,1,0,17.07,6,0,12,0,arctander
324.4610000000002,4.351800000000004,4,0,36.92,15,1,23,1,arctander
166.26399999999998,3.2681000000000022,1,0,17.07,4,0,12,0,arctander
228.29099999999997,2.7643000000000013,2,1,29.46,5,2,17,2,arctander
142.267,2.8718000000000012,1,0,0.0,4,0,9,0,arctander
133.19399999999996,2.5048000000000004,1,0,12.89,2,1,10,1,arctander
228.37599999999995,4.470400000000004,2,0,26.3,11,0,16,0,arctander
260.421,5.550800000000006,1,0,17.07,8,0,19,0,arctander
140.226,2.711900000000001,1,0,17.07,5,0,10,0,arctander
196.29,3.445700000000002,2,0,26.3,6,0,14,0,arctander
154.253,2.9579000000000013,1,0,17.07,6,0,11,0,arctander
128.171,1.8174000000000001,1,1,37.3,3,0,9,0,arctander
182.30700000000002,3.715600000000003,1,0,9.23,8,0,13,0,arctander
204.31300000000002,3.624500000000002,1,0,17.07,7,1,15,1,arctander
256.42999999999995,5.106500000000005,2,0,26.3,12,0,18,0,arctander
198.30599999999998,3.813800000000003,2,0,26.3,8,0,14,0,arctander
210.31699999999995,3.1560000000000015,2,0,26.3,2,0,15,2,arctander
174.24299999999997,2.924900000000001,1,0,17.07,3,1,13,1,arctander
170.20799999999997,1.2847,3,0,35.53,3,0,12,1,arctander
194.23,2.6361000000000008,3,0,39.44,5,1,14,1,arctander
165.28,3.5285800000000025,1,0,23.79,3,0,12,0,arctander
270.45699999999994,5.496600000000005,2,0,26.3,13,0,19,0,arctander
240.38699999999997,4.984100000000005,2,0,26.3,11,0,17,0,arctander
212.33299999999997,4.2039000000000035,2,0,26.3,9,0,15,0,arctander
192.214,1.4492,3,1,46.53,4,1,14,1,arctander
130.231,2.4575000000000005,1,0,9.23,4,0,9,0,arctander
254.4139999999999,4.860500000000005,2,0,26.3,9,0,18,1,arctander
236.39899999999992,5.196600000000005,1,0,17.07,0,0,17,1,arctander
182.307,3.8822000000000036,1,0,17.07,8,0,13,0,arctander
206.32899999999998,3.904200000000003,1,0,17.07,2,0,15,1,arctander
234.38299999999992,4.850500000000005,1,0,17.07,7,0,17,0,arctander
162.23199999999997,2.8138000000000014,1,0,9.23,3,1,12,1,arctander
100.16099999999997,2.1042,1,1,20.23,2,0,7,0,arctander
212.333,4.2039000000000035,2,0,26.3,9,0,15,0,arctander
184.279,3.076100000000001,2,0,26.3,7,0,13,0,arctander
156.225,2.2959000000000005,2,0,26.3,4,0,11,0,arctander
254.41399999999996,4.882500000000005,2,0,26.3,11,0,18,0,arctander
162.14399999999998,1.4985999999999995,3,1,50.44,0,2,12,2,arctander
178.23099999999997,2.653620000000001,2,0,26.3,3,1,13,1,arctander
152.23699999999997,2.1372000000000004,1,1,20.23,2,0,11,1,arctander
220.31199999999998,3.4890000000000025,2,0,18.46,6,1,16,1,arctander
232.367,4.604500000000004,1,0,17.07,3,0,17,1,arctander
206.32899999999995,3.760100000000003,1,0,17.07,2,0,15,1,arctander
144.214,1.6381,2,0,26.3,6,0,10,0,arctander
220.35599999999994,4.294300000000003,1,0,17.07,4,0,16,1,arctander
206.329,3.904200000000003,1,0,17.07,2,0,15,1,arctander
280.45200000000006,5.414600000000005,2,0,18.46,13,0,20,0,arctander
246.306,-1.0274,6,6,115.06000000000002,3,0,14,0,arctander
136.147,-0.5496000000000001,3,3,77.76,1,0,9,0,arctander
196.28999999999996,3.242200000000002,2,0,26.3,8,0,14,0,arctander
288.431,5.3837000000000055,2,0,26.3,11,1,21,1,arctander
484.80900000000037,9.224800000000002,1,1,37.3,3,0,35,9,arctander
456.7550000000003,8.444600000000008,1,1,37.3,2,0,33,9,arctander
214.30499999999995,2.8676000000000013,3,0,43.370000000000005,8,0,15,0,arctander
181.257,1.0885000000000002,2,2,80.39,0,0,11,1,arctander
246.21499999999995,-2.659199999999997,7,1,126.79,8,0,17,0,arctander
144.214,1.9857,2,0,26.3,4,0,10,0,arctander
186.295,3.0119000000000016,2,0,26.3,6,0,13,0,arctander
180.24699999999999,2.2993000000000006,2,0,26.3,3,0,13,0,arctander
230.30700000000004,3.599300000000002,2,0,26.3,6,1,17,1,arctander
182.28799999999998,2.5560000000000014,2,1,9.23,3,1,12,1,arctander
232.36700000000002,4.928320000000005,1,0,17.07,8,1,17,1,arctander
218.337,2.838300000000001,3,0,27.69,10,0,15,0,arctander
248.41000000000003,5.034800000000006,1,1,20.23,9,1,18,1,arctander
228.33199999999997,3.0675000000000017,3,0,38.83,8,0,16,1,arctander
236.26699999999997,1.8722999999999999,4,0,48.06,4,1,17,2,arctander
192.25799999999995,2.777800000000001,2,0,26.3,4,1,14,1,arctander
194.31799999999996,4.0263000000000035,1,0,17.07,6,0,14,1,arctander
194.27399999999994,2.708000000000001,2,0,26.3,3,0,14,1,arctander
216.28,3.209200000000002,2,0,26.3,4,1,16,1,arctander
198.34999999999997,3.8980000000000037,1,1,20.23,6,0,14,1,arctander
164.20399999999995,2.1494,2,0,18.46,2,0,12,2,arctander
220.312,3.523500000000003,2,0,26.3,6,1,16,1,arctander
205.345,4.308780000000004,1,0,23.79,2,0,15,1,arctander
180.24699999999996,1.8247,2,1,29.46,3,0,13,1,arctander
172.31199999999993,3.221300000000002,1,1,20.23,1,0,12,1,arctander
184.23499999999999,1.7584,3,1,46.53,3,0,13,1,arctander
192.258,2.0077,2,0,26.3,1,0,14,3,arctander
130.187,1.5495,2,0,18.46,0,0,9,1,arctander
224.344,3.8668200000000037,2,1,29.46,3,1,16,1,arctander
192.25799999999995,2.708800000000001,2,0,18.46,4,1,14,1,arctander
218.29599999999996,2.9604000000000017,2,0,18.46,8,1,16,1,arctander
278.43600000000004,4.968800000000005,2,0,18.46,12,1,20,1,arctander
350.41400000000004,3.615400000000003,3,3,77.76,5,3,26,3,arctander
274.36000000000007,4.241700000000003,3,1,46.53,6,1,20,1,arctander
228.37599999999995,4.628000000000004,1,1,37.3,5,0,16,1,arctander
180.29099999999997,3.3480000000000025,1,0,17.07,1,0,13,1,arctander
224.29999999999995,3.191600000000002,3,0,39.44,7,1,16,1,arctander
284.39900000000006,4.935700000000004,2,0,26.3,7,1,21,1,arctander
321.37600000000003,4.097800000000002,4,1,69.39,2,3,24,3,arctander
212.3329999999999,4.013900000000003,1,1,37.3,4,0,15,1,arctander
236.311,3.0448000000000013,3,0,35.53,7,1,17,1,arctander
192.25799999999998,3.1270000000000016,2,0,18.46,4,1,14,1,arctander
240.38699999999992,4.266900000000004,2,0,26.3,0,0,17,1,arctander
224.34399999999994,3.5461000000000027,2,0,26.3,3,0,16,2,arctander
162.14399999999998,2.029,3,0,43.35,1,2,12,2,arctander
210.317,3.5236200000000033,2,1,29.46,4,1,15,1,arctander
182.263,2.7434200000000017,2,1,29.46,2,1,13,1,arctander
198.26200000000003,2.4436000000000004,3,1,38.69,3,1,14,1,arctander
182.17199999999997,-0.8472000000000002,4,4,115.06,1,0,12,0,arctander
156.225,2.1282000000000005,2,0,26.3,3,0,11,1,arctander
168.28,3.059900000000002,1,1,20.23,4,0,12,0,arctander
280.28,3.229840000000002,5,0,103.35,3,1,20,1,arctander
238.37099999999995,4.124300000000003,2,0,26.3,7,0,17,0,arctander
224.38799999999998,3.855800000000003,1,1,20.23,1,0,16,2,arctander
204.134,-3.829499999999998,7,1,126.79,5,0,14,0,arctander
180.29099999999997,3.4921000000000024,1,0,17.07,2,0,13,1,arctander
126.19899999999996,2.804500000000001,1,1,20.23,4,0,9,0,arctander
187.21499999999995,0.1057999999999999,4,0,66.43,6,0,13,0,arctander
164.248,2.878000000000001,1,0,17.07,2,0,12,1,arctander
200.32199999999997,3.544500000000003,2,0,26.3,7,0,14,0,arctander
210.229,2.280700000000001,4,1,55.760000000000005,5,1,15,1,arctander
180.29099999999997,3.6582000000000026,1,0,17.07,6,0,13,0,arctander
200.14599999999996,-2.634199999999998,6,0,106.56,5,0,14,0,arctander
196.33399999999995,3.962100000000003,1,0,17.07,6,0,14,1,arctander
277.28,3.2890200000000025,5,0,110.07,2,1,20,1,arctander
140.22599999999997,3.194600000000001,1,1,20.23,5,0,10,0,arctander
178.27499999999998,3.1240000000000014,1,0,17.07,2,0,13,1,arctander
186.254,3.235100000000002,1,0,17.07,3,1,14,1,arctander
168.236,2.460400000000001,2,0,26.3,4,0,12,0,arctander
226.35999999999993,4.246400000000004,2,0,26.3,10,0,16,0,arctander
338.49100000000004,5.491200000000005,2,0,26.3,7,1,25,3,arctander
154.253,3.5847000000000024,1,1,20.23,6,0,11,0,arctander
142.19799999999998,1.9058,2,0,26.3,3,0,10,0,arctander
142.242,3.4186000000000014,1,1,20.23,4,0,10,0,arctander
156.269,3.8087000000000026,1,1,20.23,5,0,11,0,arctander
181.25499999999997,1.3428,2,0,40.129999999999995,1,0,13,2,arctander
192.258,2.710400000000001,2,0,18.46,6,1,14,1,arctander
142.19799999999998,2.1093,2,0,26.3,3,0,10,0,arctander
184.279,2.9320000000000013,2,0,26.3,6,0,13,0,arctander
172.26799999999997,1.7237,2,2,40.46,6,0,12,0,arctander
280.36699999999996,4.515900000000004,2,0,18.46,7,2,21,2,arctander
192.25799999999995,3.097800000000001,2,0,26.3,2,0,14,2,arctander
199.297,4.173880000000004,1,0,23.79,5,1,15,1,arctander
164.20399999999995,2.517900000000001,2,0,30.21,3,1,12,1,arctander
202.29699999999997,3.8023000000000025,1,0,17.07,4,1,15,1,arctander
216.32399999999996,4.048300000000003,1,0,17.07,4,1,16,1,arctander
200.27799999999996,2.2873,3,0,38.83,6,0,14,1,arctander
192.21399999999994,2.1596000000000006,3,1,46.53,4,1,14,1,arctander
119.23300000000002,1.0436,2,2,26.02,3,0,7,0,arctander
196.33399999999997,3.818000000000003,1,0,17.07,4,0,14,1,arctander
196.24599999999998,3.015100000000002,3,0,39.44,5,1,14,1,arctander
194.27399999999994,2.4841000000000006,2,0,18.46,5,1,14,1,arctander
224.253,0.32149999999999995,4,4,115.06,3,0,15,0,arctander
168.28,3.1819000000000015,1,0,17.07,0,0,12,1,arctander
204.313,3.5141000000000027,1,0,17.07,2,0,15,2,arctander
193.17799999999997,-0.4778,4,0,66.43,3,1,14,1,arctander
187.21499999999997,0.24829999999999997,4,0,66.43,6,0,13,0,arctander
166.26399999999998,2.693400000000001,1,1,20.23,6,0,12,0,arctander
196.271,1.7021,3,1,26.3,4,1,13,1,arctander
224.38799999999998,4.764300000000005,1,0,17.07,9,0,16,0,arctander
170.252,2.8436000000000003,1,1,37.3,4,0,12,0,arctander
251.28199999999995,3.1035000000000013,4,0,69.44,4,1,18,1,arctander
230.21599999999995,0.030999999999999694,6,0,86.74000000000001,7,0,16,0,arctander
171.17199999999997,-0.3642000000000001,4,0,66.43,5,0,12,0,arctander
184.27899999999997,2.5844000000000005,2,0,26.3,7,0,13,0,arctander
292.39900000000006,3.4102000000000023,4,1,64.88000000000001,10,1,21,1,arctander
176.16799999999998,-1.1397,5,2,83.83000000000001,4,0,12,0,arctander
202.297,3.7051000000000025,1,0,17.07,5,1,15,1,arctander
287.315,2.5631000000000004,5,1,78.62,3,2,21,2,arctander
200.234,1.846200000000001,4,3,69.92,2,1,14,1,arctander
379.40900000000005,3.5817000000000028,7,3,128.31,5,2,27,2,arctander
188.27,3.4811000000000023,1,0,17.07,2,1,14,1,arctander
164.24499999999998,0.7908,3,2,49.69,1,0,11,0,arctander
238.32699999999994,2.8896000000000015,3,0,43.370000000000005,4,0,17,1,arctander
172.224,1.5070999999999999,3,0,38.83,5,0,12,1,arctander
154.20899999999997,1.7431,2,0,26.3,3,0,11,0,arctander
188.26999999999998,2.725500000000001,1,0,17.07,0,1,14,2,arctander
220.31199999999998,3.2085000000000017,2,0,26.3,5,1,16,1,arctander
240.38699999999994,4.470400000000004,2,0,26.3,0,0,17,1,arctander
198.306,3.813800000000003,2,0,26.3,10,0,14,0,arctander
224.34399999999997,3.5665000000000022,2,0,26.3,3,0,16,1,arctander
226.31599999999997,2.8687000000000014,3,0,35.53,7,0,16,0,arctander
190.24199999999996,2.729700000000001,2,0,26.3,2,0,14,2,arctander
270.41299999999995,4.094800000000004,3,0,27.69,11,0,19,0,arctander
271.404,5.125800000000004,1,1,32.86,5,2,20,2,arctander
247.338,4.145900000000003,3,0,38.66,7,1,18,1,arctander
278.389,1.7042,5,2,68.15,13,0,19,0,arctander
208.30099999999996,3.0981000000000014,2,0,26.3,3,0,15,1,arctander
212.377,3.8558000000000034,1,1,20.23,4,0,15,1,arctander
154.20899999999997,1.7431,2,0,26.3,3,0,11,0,arctander
154.20899999999997,1.7431,2,0,26.3,3,0,11,0,arctander
252.44199999999995,5.666100000000006,1,0,9.23,11,0,18,0,arctander
290.44699999999995,5.303100000000005,2,0,26.3,12,1,21,1,arctander
204.269,2.714900000000001,2,0,26.3,3,1,15,2,arctander
172.26799999999997,2.6218000000000012,2,0,26.3,5,0,12,0,arctander
192.30199999999996,2.909000000000001,1,1,20.23,4,1,14,1,arctander
154.253,2.3612,1,1,20.23,2,0,11,1,arctander
198.30599999999995,3.3221000000000025,2,0,26.3,5,0,14,0,arctander
196.24599999999998,2.2058,3,0,27.69,6,1,14,1,arctander
182.307,3.4500000000000024,1,1,20.23,5,0,13,0,arctander
168.28,3.0615000000000014,1,1,20.23,5,0,12,0,arctander
132.159,-0.29279999999999995,3,2,57.53,4,0,9,0,arctander
154.253,3.102000000000001,1,0,17.07,5,0,11,0,arctander
184.279,3.0745000000000013,2,0,26.3,6,0,13,0,arctander
220.31199999999998,3.206900000000002,2,0,26.3,4,1,16,1,arctander
230.307,3.313500000000002,2,0,26.3,5,1,17,1,arctander
266.52200000000005,5.596600000000004,4,0,0.0,9,0,14,0,arctander
290.491,6.122800000000007,1,1,20.23,9,0,21,0,arctander
160.216,3.161600000000001,1,1,20.23,2,1,12,1,arctander
246.394,4.364200000000005,1,1,20.23,8,1,18,1,arctander
248.366,4.687400000000004,2,0,18.46,8,1,18,1,arctander
212.37699999999998,4.167600000000003,1,1,20.23,8,0,15,0,arctander
164.248,2.878000000000001,1,0,17.07,1,0,12,1,arctander
168.28,3.0378000000000016,1,0,17.07,3,0,12,1,arctander
140.226,2.2813,1,1,20.23,3,0,10,0,arctander
190.24199999999996,2.5856000000000003,2,0,26.3,1,0,14,2,arctander
240.38699999999994,4.470400000000004,2,0,26.3,10,0,17,1,arctander
182.21899999999997,2.229800000000001,3,2,49.69,2,1,13,1,arctander
303.40200000000004,3.9334000000000024,4,1,69.39,5,1,22,1,arctander
262.393,4.772900000000004,2,0,18.46,10,1,19,1,arctander
184.32299999999995,3.387400000000002,1,1,20.23,6,0,13,0,arctander
242.3149999999999,2.5973000000000006,4,0,52.60000000000001,0,0,17,1,arctander
170.20799999999997,1.6323,3,0,35.53,2,0,12,1,arctander
190.24200000000002,2.3484000000000007,2,0,26.3,4,1,14,1,arctander
294.47900000000004,5.9713000000000065,2,0,26.3,12,0,21,0,arctander
306.49,5.993300000000007,2,0,26.3,10,0,22,0,arctander
234.33899999999997,3.741100000000003,2,0,26.3,6,1,17,1,arctander
212.33299999999997,3.400400000000002,2,0,26.3,1,0,15,1,arctander
274.404,4.993600000000005,2,0,26.3,10,1,20,1,arctander
303.93399999999997,1.5578,4,0,52.60000000000001,5,0,12,0,arctander
224.29999999999998,2.809700000000001,3,0,43.370000000000005,6,0,16,0,arctander
220.31199999999998,3.727000000000002,2,0,26.3,5,1,16,1,arctander
228.37599999999995,4.038100000000004,2,0,26.3,8,0,16,0,arctander
182.30699999999996,3.4516000000000018,1,1,20.23,6,0,13,0,arctander
184.32299999999998,3.2213000000000025,1,1,20.23,4,0,13,1,arctander
162.232,3.168300000000002,1,0,17.07,2,1,12,1,arctander
204.313,4.054320000000003,1,0,17.07,3,1,15,1,arctander
196.33399999999997,3.818000000000003,1,0,17.07,3,0,14,1,arctander
208.345,4.294300000000003,1,0,17.07,7,0,15,0,arctander
210.36099999999996,4.0861000000000045,1,1,20.23,6,0,15,0,arctander
260.2419999999999,-2.269099999999997,7,1,126.79,9,0,18,0,arctander
262.349,3.866400000000003,3,0,35.53,8,1,19,1,arctander
168.28,2.9174000000000015,1,1,20.23,6,0,12,0,arctander
241.28999999999996,2.9779,3,1,52.32,3,2,18,2,arctander
212.33299999999997,3.6902000000000026,2,0,26.3,8,0,15,1,arctander
240.302,4.520600000000004,2,0,18.46,4,2,18,2,arctander
204.31299999999996,3.674800000000003,1,0,17.07,4,1,15,1,arctander
183.27099999999996,2.0430999999999995,2,0,40.129999999999995,8,0,13,0,arctander
157.189,-0.15640000000000004,3,1,60.36,5,0,11,0,arctander
208.30099999999996,3.2642000000000015,2,0,26.3,7,0,15,0,arctander
184.32299999999995,3.531500000000002,1,1,20.23,7,0,13,0,arctander
170.29599999999996,2.831200000000001,1,1,20.23,3,0,12,1,arctander
237.30200000000002,3.595900000000002,1,1,32.86,2,3,18,3,arctander
168.28,2.773300000000001,1,1,20.23,2,0,12,1,arctander
158.19699999999997,2.2782,1,2,57.53,0,0,11,0,arctander
130.187,1.2839,2,1,29.46,1,0,9,1,arctander
228.3319999999999,3.0707000000000013,3,0,35.53,0,0,16,1,arctander
