SMILES,MaxSimilarity,NearestNeighbor
CCCc1cccc(C)c1,0.6538461538461539,Cc1cccc(CCO)c1
C=CC(C)CCC=C(C)S,0.6923076923076923,C=CC(C)CCC=C(C)C
CCCCCCC1C=CC(=O)C1,0.43243243243243246,CCCCCC1C=CC(=O)O1
CC(N)c1cccc(C(C)CC=O)c1,0.7419354838709677,CC(C)c1cccc(C(C)CC=O)c1
CCCCSCCCCCCCC=O,0.6521739130434783,CCCCCCCC=O
CSC(O)c1ccccc1,0.5217391304347826,CC(O)c1ccccc1
CC(=O)CC(C)CCC=C(C)CCCC(C)O,0.5,CC(=O)CCCC(C)CCC=C(C)C
C=C(C)C(C)OCC,0.42857142857142855,CCOC(C)OCC
CCC1CCC(C)O1,0.6842105263157895,CCC1CCC(CC)O1
CC1CNSC1,0.24,CC1CSCS1
CC(C)C1CCCCC1,0.5,CC(C)C1CCC(O)CC1
CC1CCNC1C,0.36363636363636365,CC1CCCCN1
C=CC(C)CCCCCC,0.6,CCCCCCC(C)C=O
O=CC1=CC(O)=CC1,0.2972972972972973,C=C(C)C1CC=C(C=O)CC1
CC(C)OC(O)C(C)C,0.375,CC(C)C(C)O
CCOC(O)C(S)CC,0.38461538461538464,CCC(S)C(C)CO
CCC(C)OC1CC=CC=CCC1,0.2857142857142857,COC(=O)OC1CCC=CCCC1
C=C(C)C1CC(C(C)=O)=CC=N1,0.3333333333333333,CC(=O)C1=CCC2C=CCC2C1
CCCCNC=CC=O,0.4444444444444444,CCCCC=CC=O
C=CCC1=CC2=C(CCC2)CC1CC,0.2727272727272727,C=CCC1=C(C)CCC1=O
CC=C(C)CCC(=O)C(C)CC,0.43333333333333335,CC=CC(=O)C(C)CC
OC(CCCCc1ccccc1)c1ccccc1,0.5925925925925926,OC(Cc1ccccc1)c1ccccc1
COC1CC(C=O)CC=C1OC(C)C(C)C,0.2765957446808511,COC1CC2CC1C1CC(C=O)CC21
CC(=O)CCSCCCCO,0.6818181818181818,CC(=O)CCSCCC(C)=O
CC1CCCC(C)(C)CC1S,0.40625,CC(O)C1CCCC(C)(C)C1
C=C(C)C1(OC(C)=O)CCCCC1,0.6923076923076923,CC(=O)OC1(C(C)=O)CCCCC1
CCC(C)C(C)CCCCCO,0.5652173913043478,CC(C)CCCCCO
CCCCCC1C(C)CCC1C,0.45161290322580644,CCCCCC1C(=O)CCC1C
CC(CC(C)(O)COC(=O)C1CC1)C1CCCC(C)(C)C1,0.66,CC(OC(C)(C)COC(=O)C1CC1)C1CCCC(C)(C)C1
CCCCN=CCO,0.38461538461538464,CCCCC=CCO
CC(C)CCC(=O)C(C)C,0.5714285714285714,CC(C)CCC(=O)O
CC1CCC2C(C)CCC(C(C)C)C2C1,0.5,CC1CCC(C(C)C)C(O)C1
CC(C)SC(S)CC1CCCCC1,0.3157894736842105,CC(C)CC1CCCC(C)(O)C1
CCCCCC1CC(O)CC(C)C1C(O)CCC,0.36585365853658536,CCCCCC1CCCC1O
COC1C=CC(C)C1,0.2571428571428571,COC1CC2CC1C1C=CCC21
CCC(C)C(C)CC,0.47058823529411764,CCC(C)C(C)C=O
CC1CCC2=C(CCC2C)O1,0.42857142857142855,CC1CCC(=O)O1
CCCC(O)CCCc1ccccc1,0.6333333333333333,CCCC(O)Cc1ccccc1
CC(C)CC(C)(C)C,0.42857142857142855,CC(CCO)CC(C)(C)C
C=C1CCC(CCCCCC)CC1,0.42857142857142855,CCCCCCCC1CCCC1=O
CC(C)CCCCCC(C)O,0.65,CCCCCCCC(C)O
O=C1CCC2C=CCCC2O1,0.4117647058823529,O=C1CCC2CCCCC2O1
CSC(C)O,0.45454545454545453,CC(C)O
CC(S)C1CCCCC1,0.4583333333333333,CC(CO)C1CCCCC1
CCCNCC1CCCC(=O)O1,0.6176470588235294,CCCC1CCCC(=O)O1
CCC(C)COc1ccco1,0.3888888888888889,CCOC(OCC)c1ccco1
CC=CC1=CC(SC)C(CC)C(CC)=C1,0.19607843137254902,CC=Cc1ccc(OCC)c(O)c1
COCCCCO,0.5,CCCCCCCCCCOC
CCCC(=O)CCC(C)C,0.631578947368421,CCCC(=O)CCC
CCC1C=CCC(O)C1,0.28205128205128205,CCOC(=O)CC1C=CCC1
CC(=O)OCC(C)CC(C)C,0.6521739130434783,CC(=O)OCC(C)C
CCCCCCCCCCCCC(C)O,1.0,CCCCCCCC(C)O
C=C1CC(C)CCC1C(C)(C)CC(C)O,0.35,CC1CCC(C(C)(C)S)C(=O)C1
CCCC(=O)OCCC(C)CCCC(C)S,0.6578947368421053,C=C(C)CCCC(C)CCOC(=O)CCC
C=C(C)OC(CS)CCC,0.3611111111111111,CCCC(CC(=O)OC)OC(C)=O
CCC(C)Cc1ccc(CC(C)C)cc1,0.5,CC(C)Cc1ccc(CC(C)C=O)cc1
COC1=CC(C)=CCC1,0.42857142857142855,COC1=CCCCC1
CCCC(O)CC(C)CC,0.5714285714285714,CCCC(O)CC
CC(CC1C=COC=C1)c1ccccc1,0.4375,CC(CO)c1ccccc1
CC(C)CC(C)S,0.4666666666666667,CCC(C)S
CC=CC1=CC(OC)C(CC(C)O)C=C1,0.2542372881355932,CC=Cc1ccc(OC(=O)Cc2ccccc2)c(OC)c1
C=C(O)C(=CC(C)O)CC(=O)O,0.3548387096774194,O=C(O)C=C(CC(=O)O)C(=O)O
CCCCC(C)CS,0.5217391304347826,CCCCC(CC)CS
C=COC(C)=CCC,0.34615384615384615,CCC=C(C)C=O
C=CCCCCCC(O)OC,0.45454545454545453,C=CCCCCCCCCC(=O)OC
COC1CC=CC=C1C(C)C,0.2631578947368421,COC1CCc2ccccc21
C1CO1,0.19047619047619047,O=C1CCCCCCCCCOCCCCCO1
CC1CCC2C(CCCC2(C)C)C1,0.3,C=C1C2CCC3C2C(C)(C)CCCC13C
CC1=C(OC(C)O)C(=O)C(C)O1,0.5806451612903226,COC1=C(C)OC(C)C1=O
Cc1ccc(C)c2c1CCC(C(C)(C)C)C2,0.4,CC(C)(C)C1CCC(=O)CC1
CCCCC=C(C)C,0.48,CCCCCC=C(C)C=O
C=C(O)C(C)CC,0.5,CCC(C)C(=O)O
CNCC(C)Cc1ccccc1,0.5333333333333333,COCC(C)Cc1ccccc1
CC1=CC=C2C(CCCC2(C)C)C1,0.3333333333333333,CC1CCCC(C)(C)C1=O
CCCC1C=CC(O)C(OC)C1,0.2894736842105263,CCC1CC2CC1CC2OC
C=C(CCCC=CCC)CCc1ccccc1,0.43243243243243246,CCC=CCCCC(=O)O
C=C(C)C(C)c1ccccc1,0.5,CC(O)c1ccccc1
CCOCCC1CCCCCCCCCCC1,0.5,CC(=O)OCCC1CCCCC1
CCCC=CCCN(O)CCCO,0.5769230769230769,CCCC=CCCCO
CCC1C=C(C)CCC1C,0.4375,CC1=CC(C)C(CO)CC1
CC(=O)C(O)CCCC(C)C,0.6,CCCCCC(O)C(C)=O
c1ccccc1,1.0,c1ccccc1
CC(C)CCCC(C)COCC(O)Cc1ccccc1,0.5,CC(C)CC(O)Cc1ccccc1
OC(=S)CCC1=CC=CCC1,0.34375,CC1=CC=CCC1
CCCCCCCCCSCC,0.5555555555555556,CCCCSCCCC
CCC(C)C(=O)OCC1=CC=CC1,0.45454545454545453,CCOC(=O)C(C)CC
CCc1ccc(C(C)CC)cc1,0.44,CCc1ccc(O)cc1
CCCCCSC,0.9333333333333333,CCCCCCCCSC
CC1=CC(C)C=CC1C,0.25806451612903225,CC1=CCC(C(C)C)C=C1
C=CCCSCC,0.43478260869565216,C=CCSCCC
CC(=O)C1=CCC=C1,0.3225806451612903,CC(=O)C1=CCCN1
CCCC(=O)CCSC,0.7083333333333334,CCCCCC(=O)CCSC
CCCCC1CC=CC=C1C,0.3170731707317073,CCCCC1C=C(C)CC(C)O1
CCCCC(C)(C)C,0.5,CCCCC(C)(C)CO
CC=CCOC,0.4,C=CCCCC=CCOC
CC(C)C1CCC(C)(C)C(C(C)O)O1,0.32432432432432434,CC(O)C1CCCC(C)(C)C1
CCC1C=CSC1C,0.23076923076923078,CCC1SSC(CC)S1
CC1=CC(CC(C)C)=CCC1CCC=O,0.3333333333333333,CC1=CCCC(C)(C)C1C(C)CCC=O
C=CCCCC=C,0.5625,C=CCCCCO
CCN(C)CC(C)CCC=C(C)C,0.5161290322580645,CC(C)=CCCC(C)CCO
CC1=CCC(OC(O)CC2C=CCCC2)C=C1,0.32142857142857145,CC(C)=CCCC(C)C1C=CC(C)=CC1
CCCCCCCCC(C)CCCC,0.631578947368421,CCCCCCCCCCCCCCCCCCCCC(C)C
C=C(CCCC)C(C)(C)C,0.375,CCCCC(=O)O
CCCCCCCOC,1.0,CCCCCCCCCCOC
CCCCCCCC(O)OCC,0.6,CCCCCCC(OCC)OCC
CCCNCOC(O)C(C)CC,0.35294117647058826,CCC(C)C(O)C(=O)OC
CCCCCCCOCCC(C)O,0.6,CCCCCCCC(C)O
CCC(CC(C)C)OC,0.38461538461538464,CC(=O)OC(CC(C)C)CC(C)C
C=C(C=O)C(C)CC(C)(C)O,0.7307692307692307,C=C(C=O)C(C)CC(C)(C)C
CC(CO)CC1CCC(C(C)C)CO1,0.38235294117647056,CC(C)C1CCC(CO)CC1
COCOOCCCC(C)C,0.375,CC(C)CCCOC(=O)CCC(C)C
C1CCCC1,0.3333333333333333,C1CCNCC1
CCC(=O)C(C)CC1C(C)=CCCC1(C)C,0.5348837209302325,CC(=O)CCC1C(C)=CCCC1(C)C
CC(C)(C)CC(N)CCCC=O,0.4,CC(C)CCCCC=O
C=CC(C)CS,0.43478260869565216,C=CC(C)CCCC(C)C
C=C(CCC)C(C)(C)OC,0.3333333333333333,CCCC(=O)OC
CC1=c2ccccc2=NC1C,0.30434782608695654,Cc1ccccc1C
CCCOCCCO,0.65,CCOCCCO
C=CCC(C)C(=O)CCC,0.5555555555555556,C=CCC(C)C(=O)O
CC1=CCC=C1,0.4090909090909091,CC1=CCC=CC1
CCC(C)c1ccc(C(C)C)cc1,0.5,Cc1ccc(C(C)C)cc1
CC=CC=CCCC(C)=O,0.5384615384615384,CCCC=CCCC(C)=O
CCC(C)CSC(C)O,0.4090909090909091,CCC(C)CO
CC(C)CC(O)C(C)C,0.5294117647058824,CC(C)CC(C)O
C=C(CC(C)C)OCCC(C)C,0.5555555555555556,CC(C)CCOC(=O)CC(C)C
OCCCC1=CC=CC1,0.3333333333333333,OCCCc1ccccc1
CCCCCOCCCCC(C)CC,0.4482758620689655,CCCCCCOC(CCCCC)OCCCCCC
CCC1=CCCC1CC,0.3333333333333333,CCC1CCC(=O)C1=O
C=CC1=CCC(OC)C(CC)C1,0.3333333333333333,CCC1CC2CC1CC2OC
CC(O)O,0.7142857142857143,CC(C)O
C=C(C)C,0.4166666666666667,C=C(C)C=O
CCCC1=CCC=CC1C,0.25,CC1=CCC=CC1
CCC=COCCCC(CC)OC,0.35135135135135137,CCC=CCCCCC(OC)OC
CC(C)CC(=O)C1=CCCC=C1N,0.34375,CC(=O)C(=O)CC(C)C
CCCCCCCCOC(C)Cc1ccccc1,0.5555555555555556,CCCCOC(C)OCCc1ccccc1
CC(C)=CCCC(C)CCCC(C)CC(C)C,0.6451612903225806,CC(C)=CCCC(C)CCCC(C)C=O
CC(C)C1=CCC(O)C=C1,0.3333333333333333,CC1=CCC(C(C)C)C=C1
CCC(O)SCOCc1ccccc1,0.5,CCOCc1ccccc1
CC(C)CCCCC(=O)C1CC=CCC1C,0.3611111111111111,CC(C)CCCC(=O)O
CCCCCOC(C)C,0.6666666666666666,CCCCCCOC(C)OCCCCCC
COc1cccnc1C(C)C,0.5172413793103449,COc1nccnc1C(C)C
CC(C)CC1CC(C)CC(C)C1,0.41379310344827586,CC(C)CC1CC(C)CCO1
C=CCNCCO,0.3684210526315789,C=CCO
CCCCCCC(C)COC(C)C,0.48,CCCCCCCCCCCCCCCCCCCCC(C)C
CCCCCCCCCC(C)C,1.0,CCCCCCCCCCCCCCCCCCCCC(C)C
CCCCCCCCCOCCC,0.55,CCCCCCCCCCOC
CC(C)CCCC(C)CCOC(O)C1=C(N)C=CCC1,0.3541666666666667,CC(=O)OCCC(C)CCCC(C)C
C=CCCOC,0.45454545454545453,CCC=CCCOC
CCCCC(C)C(C)=O,0.6521739130434783,CCCCC(C)C(=O)O
CCCCOSCCC,0.391304347826087,CCCCSSCCC
CCCCCCCCN,1.0,CCCCCCN
CC1C=CC(C)C(C)C1,0.2692307692307692,CC1C=CCCC1
CCC(C)CCC(C)CC,0.625,CCC(C)CCO
CC(C)C1CCC2CCC(O)COC2C1,0.4827586206896552,CC(C)C1CCC(O)CC1
C=C(C)C(CC)CC=C(C)C,0.68,C=C(C)C(CO)CC=C(C)C
C=C(CCC)SC1CCCC1C1CCCC1,0.30434782608695654,CC=CC(=O)OC1CCCC1C1CCCC1
NC=Cc1ccccc1,0.55,BrC=Cc1ccccc1
CCCCCc1ccoc1C,0.46875,CCCCCc1ccco1
COCC(=O)C=O,0.35,CC(=O)C=O
CC1=CSC(C(C)C=O)C=C1,0.3170731707317073,CC1=CCC(C(C)C=O)CC1
CC1CSC(c2cccnc2)C1,0.3157894736842105,CCc1cccnc1
C=C(CCCCCCOCC)CC(CCCCCCCC)C(C)O,0.358974358974359,CCCCCCCC(C)O
CCC1C=CC(C(C)O)CC1,0.2903225806451613,CC(C)C1CCC(C(C)O)CC1
CCC(C)C1=CCCCC1OC,0.2857142857142857,CCC(C)c1nccnc1OC
C=C(C)c1ccccc1N,0.6,CC(=O)c1ccccc1N
CC1=CC=C(C)OC1,0.2857142857142857,CC1=CC=C(C(C)C)CC1
CC1CCC(CO)C(C)(C)C1,0.3548387096774194,CC1CCC(CO)C(C)C1
C=C(CC)CC1CC=CCC1,0.39473684210526316,CCOC(=O)C1CC=CCC1
C=CCCC(O)CCCCCC,0.5555555555555556,CCCCCCC(O)CC
CCCCC1CC(C)CC(C)(C)C1,0.4411764705882353,CCOC1CC(C)CC(C)(C)C1
CC(CO)CCC(C)C(C)C,0.42857142857142855,CCC(C)CO
OCCC(O)C1C=CC=C1,0.2916666666666667,CC(C)CCO
CC(=O)C1=NCCO1,0.36666666666666664,CC(=O)C1=NCCC1
CC(O)CCC1=CC=CC(C)C1,0.35135135135135137,CC(O)CCc1ccccc1
C=C(CCCCC)CCCC(O)CCC,0.47058823529411764,CCCC(O)CCCC(=O)OCC
OC1=CCCC1,0.34782608695652173,CC1=CCCCC1
CCC(C)C(O)O,0.5333333333333333,CCC(C)O
CC1=C(C)CS2(CCCCC2)C(C)C1,0.2222222222222222,CC1CCCCCCCCCCCCC(=O)C1
CCCCOC(C)CCC(=O)CCCCO,0.42424242424242425,CCCCCCC(=O)CCCCCC
CC(=O)C1CCCC1C,0.42857142857142855,CC(=O)C1CCC(C)CC1O
CC(C)C(C)Sc1ccccc1,0.43478260869565216,CSc1ccccc1
COC(O)C1(C)CCCCC1,0.4,COC1(C)CCCCCCCCCCC1
CC(Cc1ccccc1)SO,0.5769230769230769,CC(O)Cc1ccccc1
CCCC(O)C1C=CCS1,0.3,CCCC(C)O
CCCCCC(=O)C1C=CC=CC1O,0.3870967741935484,CCCCCC(C)=O
COc1ccccc1C(C)C,0.6,COc1ccccc1OC
CCC1CC(C)=C(O)C1C,0.36363636363636365,CCC1CC(C)=C(O)C1=O
CCC(O)(CC)C(C)N,0.3684210526315789,CCC(C)N
CCOC(=O)C1CC2=CC1CC2,0.45,CCOC(=O)C1CC2C=CC1C2
CCCCCCCC(O)CCCCC,0.7894736842105263,CCCCCCC(O)CC
CCCCOCCCCC(=O)O,0.6521739130434783,CCCCCC(=O)O
CCCC(O)CC(C)N,0.5,CCCC(O)CC
CC=CCSCCC,0.5217391304347826,C=CCSCCC
CC(=O)C(C)C(C)C(C)O,0.5882352941176471,CC(=O)C(C)O
CCC(C)C(O)CCCC(C)C,0.5,CCCCC(O)C(C)CCC
CC(C)CC(O)C(C)O,0.5294117647058824,CC(C)CC(C)O
C=C1CCCCCSCC=CCOCCCC1,0.275,O=C1CCCCCCCCCOCCCCCO1
CC(C)C(O)CCC1=NCC=C1,0.2564102564102564,CC(O)CCc1ccccc1
CCCC1=CCC(C(C)C)C=C1,0.53125,CC1=CCC(C(C)C)C=C1
C=CCCCC(C)C(C)O,0.41935483870967744,COC(C)(C)CCCC(C)C(C)O
CCOC(C)SCCCSC,0.4482758620689655,CCOC(CCSC)OCC
C=CC1(O)CCC(=O)O1,0.5333333333333333,C=CC1(C)CCC(=O)O1
CC(=O)OCC1CC=COC1C,0.425,CC(=O)OCC1CCC(C)CC1C
CCCCSCCCCCC=O,0.6521739130434783,CCCCCCCC=O
CSc1cc(C(C)C)ccc1C,0.5172413793103449,Cc1ccc(C(C)C)cc1O
CC1CC(=O)C(C)O1,0.4,CC1OCCC1=O
CC(C)=CCCC1(C)CCC(C)C1,0.4594594594594595,CC(C)=CCCC1(C)CC1C=O
CCCC(CC)CC,0.5,CCCC(CC)CCC(=O)O
C=C(OCc1ccccc1)C(C)CC,0.5294117647058824,CC(C)C(=O)OCc1ccccc1
C=CC1(C)CCC(C(C)(C)CCNC(C)C)S1,0.29411764705882354,C=CC1(C)CCC(C(C)C=O)O1
CCCCC(C)OCC(O)CC,0.5384615384615384,CCCCC(O)CC
C=Cc1ccc2c(c1)OCO2,0.6428571428571429,O=Cc1ccc2c(c1)OCO2
CC(O)CC(C)c1ccccc1,0.6296296296296297,CC(CO)CC(C)c1ccccc1
CC(C)=CCCC(C)CC=CC(C)C,0.6129032258064516,CC(C)=CCCC(C)CC=NO
CC(C)CCCC(C)CCCC(=S)Cc1ccccc1,0.5581395348837209,CC(C)CCCC(C)CCOC(=O)Cc1ccccc1
CCC(CC(C)CCCC(C)C)OC,0.6071428571428571,COC(CC(C)CCCC(C)C)OC
CC1CCC2C(C1)CC(O)C2C,0.43333333333333335,CC1CCC(O)C(C(C)(C)C)C1
CCCCCC(C)CCC(C)CC,0.5217391304347826,CCC(C)CCCO
CCCC(O)C1=CC=CC1,0.32142857142857145,CCCC(C)O
C=CCCc1ccccc1,0.5833333333333334,O=CCCc1ccccc1
CC(C)C1CC=C(CO)CC1,0.5142857142857142,C=C(C)C1CC=C(CO)CC1
C=C(C)C(=O)C(C)C,0.5555555555555556,CC(=O)C(=O)C(C)C
CCCC(O)C(C)C(C)O,0.5,CCCC(C)O
COCCC1C=CC=C1,0.3076923076923077,COCCOCCO
C=CC1=CCC(C)C(CC(C)C)C1,0.2857142857142857,CC1=CCC(C)C(C=O)C1
COC(C)CC1C=CCCC1,0.375,CC1C=CCCC1
C=CNCC1C=CC(OC)CC1,0.2,C=CCC=CCCC(=O)OC
CCC1(CC)CCCCC1CO,0.3125,CCC1(O)C2(C)CCCC1(C)CC2
CCCCCCCCCCCCC(O)O,0.65,CCCCCCCC(C)O
CC(=O)CC1CCC2C3CCC(C3)C12,0.6666666666666666,CC(=O)OCC1CCC2C3CCC(C3)C12
CCCCc1ccccc1,0.6153846153846154,CCCCOCCc1ccccc1
CCCC,0.5,CCCCCC
CC(S)C=O,0.5384615384615384,CC(C)C=O
C=C(CC)OC(C)(C)C,0.2972972972972973,C=CC(C)(CCC=C(C)C)OC(=O)CC
C=C(OCC)C(C)(O)c1ccccc1,0.43333333333333335,CC(C)(O)c1ccccc1
CCCOCCC,0.4117647058823529,CCCOC(C)OCCC
CCCCCCOC(C)CCCC,0.625,CCCCCCOC(C)OCCCCCC
CCCCCOCCCCOC(=O)Oc1ccc(C)cn1,0.3829787234042553,CCCCCOC(=O)c1ccccc1
CCC1=COC(CC)O1,0.29411764705882354,CCC1OC=C(CO)C1=O
Cc1ccc(C(C)C)c(C)n1,0.375,Cc1cccc(C)n1
C=CC(C)(C)C(=O)CC(C)C,0.40625,C=CCOC(=O)CC(C)C
CCC1OC(OC(C)C)CC1C,0.2857142857142857,CCC1OCC(C)O1
C=C(C)C1CC(CCCC)CC1O,0.42424242424242425,C=C(C)C1CCC(C)CC1O
C=CC1(C)CCC(O)C1,0.38235294117647056,C=CC1(C)CCC(O)C(C)(C)O1
C=CC(=C)CCCC(C)CC,0.4838709677419355,C=CC(=C)CCCC(C)(C)O
C=C(CC)CCC,0.4,CCCC(=O)CC
CCCCC(C)CCCC,0.5909090909090909,CCCCC(C)CCC(=O)O
CCC(Cc1ccccc1)NC,0.5172413793103449,CCC(O)Cc1ccccc1
C=C(C)C1CCC(C)CC1,0.52,C=C(C)C1CCC(C=O)CC1
CCCCOC,0.75,CCCCCCCCCCOC
COC(O)C1OC1c1ccccc1,0.375,CCOC(=O)C1OC1c1ccccc1
CCCC(C)CCC1C(C)CCCC1(C)C,0.7027027027027027,CCCC(O)CCC1C(C)CCCC1(C)C
CC1CCC(=O)C1,0.7142857142857143,CC1CCCC(=O)C1
Cc1cccc(C)c1C,0.6111111111111112,Cc1cccc(O)c1C
CC=CC(O)C1C(C)CC=CC1(O)O,0.28,CCC(=O)C(C)=CC1C(C)CC=CC1(C)C
C=CCC,0.3888888888888889,C=CCCCCCC
CC(C)C(O)O,0.6,CC(C)C(C)O
CC(O)COc1ccccc1,0.48484848484848486,CC(C)C(=O)OCCOc1ccccc1
CCCCCCCC(C)OO,0.5714285714285714,CCCCCCC(C)OC(C)=O
CCCC(C)CC(C)OC,0.3793103448275862,COC(CC(C)CCCC(C)C)OC
CCC(=O)CCCCCCCCCSC,0.6,CCCCCCCC(=O)CC
CC(C)OCO,0.375,CC(C)CO
CCCCCC=N,0.5263157894736842,CCCCCCC=CCCCCCCCCC
CC(C)CCC(C)OCC(C)C,0.391304347826087,CC(C)CCOC(C)OCCC(C)C
COCCCCCCC=O,0.5217391304347826,CCCCCCCC=O
CC1CCOC1C,0.5238095238095238,CC1OCCC1S
CC1CC=C2N(CCCC2(C)C)C1,0.28205128205128205,CC1CCCC(C)(C)C1=O
CCCCC1CCC2(CCCC2)O1,0.5142857142857142,CCCCC1COC2(CCCC2)O1
CCCCCN1C(C)CCC1C,0.4117647058823529,CCCCCN1C(=O)OCC1C
CCC1=CC(OC)C(O)CC1,0.2826086956521739,CC(C)=CCCC1=CCC(C=O)CC1
CCCSOC1C=CC=C1C,0.23333333333333334,CCCSCCC
CCCCCCCCOC(C)O,0.6521739130434783,CCCCCCOC(C)OCCCCCC
C=CC(CCCCC)Cc1ccccc1,0.4444444444444444,CCCC(O)Cc1ccccc1
COC(C)(C)CC(C)O,0.5,CC(O)CC(C)(C)S
CCNC(=O)C1=C(CC)C(C)CCC1(C)C,0.3023255813953488,CCC1=C(O)C(=O)CC1C
CCC(C)CCN,0.5555555555555556,CCC(C)CN
CC=Cc1ccc(OC(C)CCC)c(OC)c1,0.6666666666666666,CC=Cc1ccc(OC(C)OCC)c(OC)c1
CCC(=O)C1=COC=CC1CC(C)C,0.275,CCC(=O)c1ccccc1
CCCC(=O)CC1=CC=C(C)CC1,0.3793103448275862,CCCC(=O)CCC
CCSC(C)(C)C1CCC(C)CC1,0.4444444444444444,CC1CCC(C(C)(C)O)CC1
CCCC1CCC2CC1C2(C)C,0.4827586206896552,CC1CCC2CC1C2(C)C
CCCC(C)CCC(C)(CCC)COC,0.3055555555555556,CCC(C)CCC(C)(O)CC
CC(C)C1(C)CCS23CC1C(C)(O)C2CCC3C,0.2727272727272727,CC1CCCC2(C)CCCCC12O
CC(=O)C1C=CC(C)=CC1C,0.4,CC(=O)C1CC(C)=CC(C)C1C
CC(=O)CCCC(C)(C)C,0.5,CCCCC(C)=O
CC=C(C)C(O)CCC(C)C,0.3548387096774194,CCC=C(C)C(O)CCCCC
CC1OC(C)(O)C(C)CC1(C)C,0.5217391304347826,CC1OC(C)(O)C(C)OC1(C)O
CC1CC(C)CC(C(C)C)C1,0.34782608695652173,CC(C)C1CCC(O)CC1
CCCC(=O)CCCCCCOC,0.56,CCCCCCC(=O)CCCCCC
CCC1CC=CO1,0.375,CCC1CCC(CC)O1
CCC1=CCC(C(C)CC)C=C1,0.4,CC1=CCC(C(C)C)C=C1
CC1CCCC2(C)CCC(C(C)(C)S)CC12,0.3404255319148936,C=C1CCCC2(C)CCC(C(C)(C)O)CC12
CC(C)OC1C(=O)CCC1C,0.35294117647058826,CC1CCC(C(C)C)C(=O)C1
CCC(C)=CCCC(C)=CCO,0.7083333333333334,CC(C)=CCCC(C)=CCCC(C)=CCO
CCCOCOC(=O)c1ccccc1,0.7333333333333333,CCCOC(=O)c1ccccc1
CCC(C)C1C=CC=C1,0.2857142857142857,CCC(C)O
CS(=O)C(O)CS,0.34782608695652173,CC(O)C(C)CS
CC(C)C(C)OCCC1=CCCCC1,0.43902439024390244,CC(C)OC(=O)CC1=CCCCC1
CCCc1ncccc1C,0.5357142857142857,CCCc1nccnc1C
CCOC(O)C(C)CC(C)C,0.5,CCOC(CC(C)C)OCC
CCCCCC(C)OC,0.5909090909090909,CCCCCC(OC)OC
CC1OCC(C2=CC3SCOC3C=C2)O1,0.37209302325581395,CC1OCC(c2ccccc2)O1
CCC1CC(C(C)NC)CC1C,0.25,CC1CCC(CO)C(C)C1
CCCC(CC)CC=O,0.5416666666666666,CCCC(C)CC=O
CCCCC(=O)C(C)S,0.68,CCCCC(=O)C(S)CCC
CCC(C)CC(O)C=C(C)C,0.3870967741935484,C=CC(=C)CC(O)C=C(C)C
CC1CCC(CNc2ccccc2)O1,0.3333333333333333,CC1CCOC(C=Cc2ccccc2)O1
CCCCOCC,0.5789473684210527,CCOCCCO
CCCOC,0.5294117647058824,CCCCCCCCCCOC
C=C1C(C)OC(CC)C1O,0.24324324324324326,CCC1=C(O)C(=O)C(C)O1
CCCC(C)C1C(C=C(C)C)C1(C)C,0.375,CCOC(=O)C1C(C=C(C)C)C1(C)C
CC(C)CCCCc1ccccc1,0.5666666666666667,CC(C)CCOCCc1ccccc1
COC1CC=CO1,0.25,COC1CC2CC1C1C=CCC21
CC(C)CCSC(N)C(C)C,0.45454545454545453,CC(C)CCSSCCC(C)C
CC1CCCCC1C,0.3888888888888889,CC1CCCCN1
C=C(CCC)OCC,0.4782608695652174,CCCC(=O)OCC
C1=CCC=C1,0.29411764705882354,C1=CCOC=C1
CCOC1CC(C(C)C)C=CC1C,0.275,CCOC1CC(C)CC(C)(C)C1
CCC=CCCCCCC,0.8235294117647058,CCCCCCC=CCCCCCCCCC
CC(C)C1CCC(=O)OC1,0.42857142857142855,CC(C)C1CCC2(CCC(=O)O2)CC1
C=C(CCCC=CCC)C(C)O,0.4838709677419355,CCC=CCCCC(=O)O
C=CCC(C)C1CCCC(C)(C)C1,0.5294117647058824,CC(O)C1CCCC(C)(C)C1
C=C1CCCC1,0.3333333333333333,O=C1CCCC1
CC1=NCCC1,0.4,CC(=O)C1=NCCC1
CC(CO)CCC1CCC(C)C1(C)C,0.5128205128205128,CC1=CCC(CCC(C)CO)C1(C)C
CC1CCC(C(C)C(C)(C)C)C(C)C1,0.41935483870967744,CC1CCC(C(C)C)C(O)C1
C1COSC1,0.23529411764705882,C1CCSC1
CCC(=O)NCC(C)(C)CC(C)C1CCCC(C)(C)C1,0.4642857142857143,CCC(=O)OCC(C)(C)OC(C)C1CCCC(C)(C)C1
CSCO,0.5,CSCCO
CC(C)CC1CCCS1,0.32142857142857145,CC(C)CC1SSC(CC(C)C)S1
CC1CC(C)(C)CC(C)C1O,0.4782608695652174,CC1CC(O)CC(C)(C)C1
CCCCCOCCS,0.5,CCCCCS
CC(C)CCCC(=O)CCC(C)CCCC(C)C,0.6666666666666666,CC(=O)CCCC(C)CCCC(C)CCCC(C)C
CCC1CCC(OC)C1,0.36,COC1CCCCCCCCCCC1
CC(=CC(=O)O)CCCC(C)C,0.6153846153846154,CC(=O)CCCC(C)C
CC(=O)C(C)CC(C)C,0.5714285714285714,CC(=O)C(O)CC(C)C
CC1CCC2C(CC(=O)C2O)C1,0.3783783783783784,CC1CCC2C(C1)OC(=O)C2C
Cc1cc(CCO)ccn1,0.4838709677419355,Cc1cccc(CCO)c1
C=C(O)C(C)CC(C)C,0.5217391304347826,C=C(O)C(C)CCCC(C)C
CCCCCC1=CC(C)C=C1,0.3157894736842105,CCCCCc1cccc(=O)o1
CC1=CC(C(C)C)C(C)=C1,0.2972972972972973,CC1=CC2C(CC1)C(C)=CCC2C(C)C
CCCC(CC)OC,0.375,CCCCCC(OC)OC
C=C(O)C1CC=CCC1,0.42424242424242425,CCOC(=O)C1CC=CCC1
O=C(O)C=CC(O)O,0.55,CC(C)C=CC(=O)O
C1COCOC1,0.25,O=C1CCCCCCCCCOCCCCCO1
CCC(C)C(CC)OC(C)=O,0.56,CCC(C)OC(C)=O
COCCC(C)CCC(C)=O,0.45161290322580644,CC(=O)CCCC(C)CCCC(C)CCCC(C)C
CCC(C)C(=O)C(O)CC,0.5,CCC(C)C(=O)O
CC1CCC(C(C)C)C(C)C1,0.6,CC1CCC(C(C)C)C(O)C1
CCCCC1CCCCC(=O)C1,0.4864864864864865,CCCCC1CCCCC(=O)O1
CC(C)C(C)C(C)CCc1ccccc1,0.5714285714285714,CC(O)CCc1ccccc1
CCC(O)CCOCCCO,0.5,CCOCCCO
CC(C)CC(O)Cc1ccccn1,0.6666666666666666,CC(C)Cc1ccccn1
CC(C)CCCC(C)COOC(C)C1=CC=CCC1,0.28888888888888886,COC(CC(C)CCCC(C)C)OC
CC1=CCCC(C)CCC(C)(C)CCC1,0.40625,CC1=CCCCC1
CCC(C)CCCC(C)CCOC(C)CC,0.45161290322580644,CCOCCC(C)CCCC(C)C
CCCCCCCC(O)C(CC)CC,0.5833333333333334,CCCCCCC(O)CC
CCC(O)CCC(CC)CCNC,0.44,CCCC(O)CC
CCOCCC1=C(C)COC1C,0.2926829268292683,CCOC1=C(C)OC(C)C1=O
CCCCCCCCCCOCCCC,0.5789473684210527,CCCCCCCCCCOC
CCC=CCCCC(=O)C(C)O,0.5862068965517241,CCC=CCCCC(=O)O
CC(=O)C1CC(C)CC1C,0.48148148148148145,CC(=O)C1CCC(C)CC1O
CCCCCC(C)CCO,0.6086956521739131,CC(C)CCCC(C)CCO
CC1COC(O)CC1C,0.2727272727272727,CC(C)=CC1CC(C)CCO1
C=C(C)CCCC(C)CCCC(C)C,0.6923076923076923,C=C(C)CCCC(C)CCO
CCC(O)OCC(C)C,0.47619047619047616,CCC(O)OC(O)CC
CCCCCCC1CC(C)C(C)O1,0.5,CCCCCCC1OC(C)C(C)O1
Cc1cccc(Sc2ccccc2)c1,0.5,Cc1cccc(C)c1
C=CCCCCCC(=C)C,0.64,C=CCCCCCCC(C)=O
CCC1CCCC=N1,0.28,C1=NCCC1
Cc1cc(CC(C)C)c(C)o1,0.41935483870967744,Cc1nc(CC(C)C)oc1C
OCCCCCCCOCC1=CONC=C1,0.2631578947368421,CCOCCCO
CCCC(C)CCc1ccco1,0.5806451612903226,CCCCc1ccco1
CC1C=CCC1,0.6842105263157895,CC1C=CCCC1
C=CC(CCC)c1ccccc1,0.45454545454545453,C=CCC(C=O)c1ccccc1
CC1CCSNC1,0.2608695652173913,CC1SCCS1
C=C(CCCCCCC)CCCCCCC,0.5238095238095238,CCCCCCC(=O)CCCCCC
CCCCCCCC(=O)Cc1ccccc1,0.5833333333333334,CCCCCCCCCCCC(=O)OCc1ccccc1
O=C(O)CCC(O)O,0.55,CC(C)CCC(=O)O
CC1C=C2C(C)(C)CCCC2(C)C1C,0.35294117647058826,CC1CCCC(C)(C)C1=O
CC=Cc1ccc(CC(C)OCC)c(CC)c1,0.46808510638297873,CC=Cc1ccc(OC(C)OCC)c(OC)c1
CCCCCC1C=CCCCCCCCCC1,0.35135135135135137,CCCCCC1CCCC1O
CC1OCC=C1CCCC1CCCC1,0.3023255813953488,CC(=O)OCCCC1CCCCC1
CCCCCCCC(C)OC(C)C,0.5217391304347826,CCCCCCCCCCCCCCCCCCCCC(C)C
C=CCCCCCC(C)=N,0.6153846153846154,C=CCCCCCCC(C)=O
CCCC1CCC2CC1C2(C)S,0.3235294117647059,CC1CCC2CC1C2(C)C
COC(C)C(O)CC(C)C,0.42857142857142855,CC(C)CC(C)O
CC(C)CC(C)CCC1=CC=C(O)CC1,0.34285714285714286,CC(C)CC(C)CCCC(C)O
C=C(CO)C1CC=C(C)CS1,0.5,C=C(CO)C1CC=C(C)CC1
C=C(C)CCCCCCCC,0.5454545454545454,CCCCCCC(C)=O
CC(C)CCC(C)C1C=CC=CC1C,0.25,CC(C)CCN
CCc1cccc(CO)c1O,0.39285714285714285,CCc1ccccc1S
CCC1=CC=C(OC)CO1,0.28125,CCc1ccc(OC)cc1
CCC=CC(C)CCONCCC,0.2972972972972973,CCC=CCCOC(C)OCCC=CCC
CC1=CC=C(C(C)CC=O)C1,0.4166666666666667,Cc1ccc(C(C)CC=O)o1
CCCC(C)OC(C)C,0.44,CCCC(C)OC(C)=O
CC(=O)C=C(C)CCCC(C)C,0.64,CC(=O)CCCC(C)C
C=C(CC)C1CCC(C)CS1,0.3142857142857143,C=C(C)C1CCC(C)CC1O
C=CCCOCCCC,0.5,C=CCCCCCC
CC1CCC(C)C1C,0.32142857142857145,CCOC(=O)OC1C(C)CCC(C)C1C
CCCc1ccc(O)c(CC)c1,0.5625,CCCc1ccc(O)c(OC)c1
CC(C)=CCCC1CCCC(C)(C=O)C1,0.40476190476190477,CC(C)=CCCC1(C)CC1C=O
CC(=O)C(C)C1=CCCC1,0.35,CC(C)OC(=O)CC1=CCCCC1
CC1CCSC1C,0.3684210526315789,CC1SCCS1
CCCCCCCCCCCC(C)COCC,0.48,CCCCCCCCCCCCCCCCCCCCC(C)C
CCCOC1OCC(C)O1,0.43333333333333335,CCC1OCC(C)O1
CC1(C)CCCC1=O,0.42857142857142855,CC1=C(C=O)C(C)(C)CCC1
CCCCOCCCCCC(C)CC,0.45161290322580644,CCC(C)CCCCCCC=O
CCCCCCC(CC)CC(O)O,0.5384615384615384,CCCCCCC(O)CC
CC1OC2(CC1=O)C(C)CC=CC2(C)C,0.4318181818181818,CC1=CC=CC(C)(C)C12CC(=O)C(C)O2
CCCC1=CC(c2ccccc2)C=C1,0.3170731707317073,CCCc1ccn(-c2ccccc2)n1
CCOc1ccc2c(C)cc(C)cc2c1,0.5151515151515151,CCOc1ccc2ccccc2c1
CCCCCCCOC(O)CCCCC,0.6153846153846154,CCCCCCOC(CCCCC)OCCCCCC
CCCC(C)(O)O,0.625,CCCC(C)(C)O
COCC1=CC=C(OC)CC1,0.3125,COC1=CCCCC1
NC1=CC=CC1,0.34782608695652173,CC1=CC=CCC1
CSCC(C=O)CC(C)C,0.375,CCC(C=O)CC
CCOC(CC)CC,0.5,CCOC(C)CC
CCCC(=O)C(S)CCO,0.64,CCCC(=O)C(S)CC
CCCC(CCO)OC,0.44,CCCC(S)CCO
CC=CC(O)CO,0.5,CC=CC(O)CCCC
C=COCCC1CCCCN1,0.3125,CC1CCCCN1
CC(=O)c1ccc(N)cc1,0.5909090909090909,CC(=O)c1ccc(O)cc1
CCCC(C)CCOC(O)CCC,0.4,CCCC(C)O
CC(C)OC(C)CCc1ccccc1,0.5757575757575758,CC(=O)OC(C)CCc1ccccc1
C=CC=CCC,0.7647058823529411,C=CC=CC=CCC
CC1=C(O)C=CCS1,0.2222222222222222,Cc1ccc(O)cc1
CCCCC(C)C(C)CCC,0.6190476190476191,CCCCC(O)C(C)CCC
CC(C)NC(O)(CC(O)O)C(=O)O,0.2727272727272727,COC(=O)CC(C)O
CCCC1CC=CCC1,0.4230769230769231,CC1CC=CCC1
CCCC(C)CC=C(C)C,0.52,CCCC(C)CC=O
CCC(C)CCCOC,0.5,CCC(C)CCCO
CC(=O)CC(C)C1CCC(C)C1(C)C,0.3548387096774194,CC(=O)CC(C)C
CCC(CC(C)CCC=C(C)C)OC,0.5625,CC(C)=CCCC(C)CC(C)O
CC1=NC(C(C)C)C=C1,0.3125,CC1=CCC(C(C)C)C=C1
CCC1=CC(C(C)(C)C)C(OC)C=C1,0.22727272727272727,CCCCCC1C=CC(=O)O1
CC(=O)OC1=C(C(C)C)CC=C(C)C1,0.3404255319148936,CC(=O)OCC(C)C1CC=C(C)CC1
CC1=CCCC(C)(S)CC1C,0.35,COC(=O)C1C(C)=CCCC1(C)C
Cc1ccc(C(C)CCCC(C)C)cc1,0.5151515151515151,CC(C)=CCCC(C)c1ccc(C)cc1
CC(=S)C=O,0.5,CC(=O)C=O
CCC=CCCCC(CC)CC,0.4827586206896552,CCC=CCCCCC(OC)OC
CCCCC1C2CCC(C2)C1C,0.3235294117647059,CCCCC1OCC(C)O1
CC1CCC(C)(C(C)C)N1,0.2857142857142857,CC1CCCCN1
CC=CCOCC,0.43478260869565216,CCOCC=C(C)C
CC(C)C(=O)CCCCc1ccccc1,0.5714285714285714,CC(C)C(=O)OCCCc1ccccc1
CC1CC(C)C(C)C(C(C)O)C1,0.3125,CC1CCC(C(C)C)C(O)C1
CCCCCCC(N)CCCc1ccccc1,0.4444444444444444,CCCCOCCc1ccccc1
CCCCCC(CC)OC(C)C,0.5357142857142857,CCCCCC(CC)OC=O
OCOCCC1CCCCN1,0.3225806451612903,CC1CCCCN1
CC1(C)C2CCC(C=O)C1C2,0.5,CC1CCC2CC1C2(C)C
CC1CCCC1O,0.4230769230769231,C=C(C)C1CCC(C)C(O)C1
CCC(O)C(CC)CC,0.4375,CCC(C)O
C=C(CCCC)NCC,0.37037037037037035,CCCCC(=O)OC
Cc1ccc(CN)cc1,0.5238095238095238,Cc1ccc(CO)cc1
CCCCCC(O)CC(C)C,0.6086956521739131,CCCCCC(O)CC
C=CC(=C)CCC,0.5,C=CC(=O)CCC
C=CCCOCS,0.3684210526315789,C=CCS
CC=CCCCCC(C)=O,0.6538461538461539,CCCCCCC=CCCCCC(C)=O
CC(N)CS,0.5384615384615384,CC(C)CS
CCC(O)CCC1C(C)SOCC1(C)C,0.4883720930232558,CCC(O)CCC1C(C)CCCC1(C)C
CC1CC2C(CC3=COC=CN32)C(C)O1,0.275,CC1CC(S)C(C)O1
CCC(C)C1=CC(C)CC=C1C,0.3076923076923077,CCC(C)c1cnc(C)c(C)n1
C=C(C)C1=CC=CC2CCCCC12,0.2727272727272727,C=C(C)C1C=C2C(C)CCC2C(C)CC1
CCCCCCCC(C)C(C)C,0.6,CCCCCCCCCCCCCCCCCCCCC(C)C
CCCc1ccccc1,0.5454545454545454,CCCc1ccc(O)cc1
C=C=CCCC1C=CCC=C1,0.17142857142857143,CC1C=CCCC1
CCCC=CC(C)CC,0.48,CCCC=CC(OC)OC
CCC(C)C1C=CCCC1,0.41379310344827586,CC1C=CCCC1
C=CC(C)CCCC(C)COC(C)C,0.5357142857142857,C=CC(C)CCCC(C)C
C=CCCSCC(O)C(C)(C)C,0.2903225806451613,C=CCC(C)O
CCCCCC(C)C(C)C,0.55,CCCCCCCCCCCCCCCCCCCCC(C)C
C=CCC(CC)c1ccccn1,0.45454545454545453,CC(C)c1ccccn1
CC(=N)Cc1ccccc1C,0.5,Cc1ccccc1CCO
CCC(C)(O)OC,0.4444444444444444,CCC(C)(O)CC
NCCCS,0.5,NCCCCN
CCCCCCCCC(C)CCCc1ccccc1,0.5,CC(CCO)CCc1ccccc1
CCC(C)C(O)CCC1CCCO1,0.4594594594594595,CCCCCCCC1CCCO1
CCCCCCCCCC(C)CC,0.6,CCCCCCCCCCCCCCCCCCCCC(C)C
OC1CCC2=C1OCCC2,0.3103448275862069,O=C1CCCO1
C1CCSCC1,0.8888888888888888,C1CCSC1
CC=CCCC(CCC)CCC,0.44,CC=CCCCCCC
CC1CCCC1C1CCCC1,0.391304347826087,OC1C(C2CCCC2)CCC1C1CCCC1
C=C(COC)c1ccccc1,0.47058823529411764,C=C(CCOC(C)=O)c1ccccc1
CCCCCCOC(O)C(C)CC,0.5555555555555556,CCCCCCOC(C)OCCCCCC
CCCCSNSCC,0.43478260869565216,CCCCSSCC
C=C(CCCCCCC)OC(C)C,0.5862068965517241,CCCCCCCCCCCCCC(=O)OC(C)C
CCCCCCC1=C(C)CC(C)O1,0.38461538461538464,CCCCCCC1OC(=O)CC1C
CCCC(O)CC(O)CC,0.7222222222222222,CCCC(O)CC
CC1CC(C)CC(C=O)C1,0.3793103448275862,CC1=CC(C)CC(C=O)C1
OC(OCCC1C=CC=CC1)C1=CCC=CN1,0.2033898305084746,CC1=CCC(CCC(C)C(C)O)C1(C)C
CC(C)CCC(O)C(C)O,0.42105263157894735,CC(C)CCO
CCC1C=NC=CC1CCCCOC,0.3235294117647059,CCCCCCCCCCOC
CC(=O)OCCC(C)(C)O,0.64,CC(=O)OCCC(C)(C)S
CC(C)C1C=CN(C(C)(C)C)C=C1,0.2,CC1=CCC(C(C)C)C=C1
CC(O)C(=O)Cc1ccccc1,0.5666666666666667,CC(C)CC(=O)Cc1ccccc1
CC(O)C(C)CO,0.5,CC(O)C(C)CS
CCC(O)C(C)C,0.5333333333333333,CCC(C)O
CCC1CC2CC1OC2CC,0.3333333333333333,CCC1CC2CC1CC2OC
CCCCCCCCC,1.0,CCCCCCC
CC(=O)CC(C)c1ccccc1,0.5806451612903226,CC(=O)OCC(C)c1ccccc1
CCC1NC(C)C(O)C1C,0.23333333333333334,CCC1NC(CC)SC(CC)S1
C1=CCCCC1,0.47058823529411764,O=C1CCCCCCCC=CCCCCCCC1
CCc1cc(C)co1,0.37037037037037035,CCc1ccco1
CCCCCCCC(O)CCCc1ccccc1,0.5,CCCC(O)Cc1ccccc1
C=CCCC(O)OCC,0.375,C=CCCC(=O)OCC
CC1C=CCC(C)N1C,0.25,CC1CC=CCC1
CCC1=C(O)C=CCC1,0.3548387096774194,CCC1=C(O)C(=O)CC1
CCC(C)c1cccs1,0.5555555555555556,CC(S)c1cccs1
C=C(CC)CCCOc1ccccc1,0.5666666666666667,CCCCOc1ccccc1
CCCC=C1CC2C(CC1O)C2(C)C,0.4186046511627907,CC1CC2C(CC1=CCC#N)C2(C)C
CCC1CCCC(C)(C)S12COC(C)C2,0.25,CCC1OCCC(C)(C)S1
CC1CC=CC1(C)SC1=CCCC1O,0.2692307692307692,C=C(C)C1CCC2=CCCC(C)C2(C)C1
CSc1c[nH]cc1C,0.32142857142857145,CSc1ccoc1C
CC1CCCCO1,0.38461538461538464,CC1CCCC(=O)O1
C=C(CC)CC(O)C=C(C)C,0.5714285714285714,C=CC(=C)CC(O)C=C(C)C
CC=Cc1ccc(O)c(OC)c1CC,0.4,CC=Cc1ccc(O)c(OC)c1
CC(C)CC1C=CC=NC1C,0.30303030303030304,CC(C)CC1SC(C)NC(C)S1
C=C(CC)CC,0.3333333333333333,CCO
CC1CC=COC1,0.36,CC1CC=CCC1
CC(C)C1CCC(C)(C)CC1,0.43478260869565216,CC(C)C1CCC(O)CC1
CNC=CCCCC(C)=O,0.4838709677419355,CCCCCCC=CCCCCC(C)=O
CCOC1C=CC(C=O)C=C1,0.3076923076923077,CCOC=O
CCC=CCOC(=O)CCC,0.75,CCC=CCOC(=O)CCCCC
CCc1ccc(C)cc1,0.55,Cc1ccc(CO)cc1
CC1C=CCO1,0.2692307692307692,CC1C=CCCC1
NCOCCCO,0.5238095238095238,CCOCCCO
CC(C)CCCC(OCCC(C)C)C(C)C,0.5652173913043478,CC(C)CCOC(C)OCCC(C)C
CCC(=O)C1CCCN1,0.3235294117647059,CCC(=O)OC1CCCCC1
CC(C)=CCC(C)(C)C(C)C(C)C,0.5357142857142857,COC(OC)C(C)(C)CC=C(C)C
CC(C)CCCC(N)CC(C)C,0.39285714285714285,COC(CC(C)CCCC(C)C)OC
CC(C)C(C)C(=O)O,0.5333333333333333,CC(C)C(=O)O
C=C1CC(C)CCC(C(C)C)C1,0.45161290322580644,CC1CCC(C(C)C)CC1=O
C=CC1CC(CC)C(O)C(OC)C1,0.4166666666666667,CCC1CC2CC1CC2OC
CC1CCC2C=C1C2(C)C,0.2727272727272727,CC1CCCC(C)(C)C1=O
CCCCCCCOC(C)CC(C)C,0.6,CCCCCCOC(C)OCCCCCC
CCCC(C)CC1C(C)CCC1C,0.3333333333333333,CCCC(C)CC=O
CC(O)COC(C)C,0.5555555555555556,CC(O)COCC(C)O
COC(C)CCC1=CCC(C)C=C1,0.2619047619047619,CC1=CCC(C(C)C)C=C1
CC1C=CC(C(C)C)C(C)C1,0.24242424242424243,CC1CCC(C(C)C)C(O)C1
CCCCC(C)CC(C)C,0.5652173913043478,CC(C)CC(C)CCCC(C)O
CC(C)OC(C)(C)C,0.3333333333333333,COC(C)(C)C
CCCCCCCCCC1CCCC(=O)C1,0.5428571428571428,CCCCCCCC1CCCC1=O
CNC1=CCC(CCC(C)C)=CS1,0.2727272727272727,Cc1cnc(C)c(CCC(C)C)n1
CC(C)CC(C)(C)c1ccccc1,0.6923076923076923,CC(O)CC(C)(C)c1ccccc1
CC1C=CC(C(C)(C)C)C(O)C1,0.3870967741935484,CC1CCC(O)C(C(C)(C)C)C1
CCCC(C)CC(C)CCCC(C)C,0.5384615384615384,COC(CC(C)CCCC(C)C)OC
CC(C)=CCCC(C)CCCC=O,0.6774193548387096,CC(C)=CCCC(C)CCCC(C)C=O
CCCC(C)OCC1C=CCC1,0.3902439024390244,CCOC(=O)CC1C=CCC1
C=C(CCC)C(Cc1ccccc1)C(C)=O,0.5789473684210527,CCOC(=O)C(Cc1ccccc1)C(C)=O
CC(C)=CCCC(C)CC(C)OC(C)O,0.6333333333333333,CC(C)=CCCC(C)CC(C)O
CCC1=CC=C(C(O)CC)CO1,0.3235294117647059,CCC(O)c1ccccc1
CCCCCC(C)OC(C)OCC,0.5357142857142857,CCOC(C)OCC(C)OC(C)OCC
CC1=C(C)CC(C)C(C)C1,0.32,COC1=C(C)CC(C)C1=O
CC1=COC=C(C)C1,0.25,CC1=CCCCC1
C=C(CCC)C(=O)CC(C)CC,0.4642857142857143,CCC(C)CC(=O)O
CC1C(C)(C)CCCC1(C)C,0.3333333333333333,CC1(C)CCCC2(C)C3CCC2(C)C(O)C31
CCCC(O)CCCC(C)CCCCS,0.4,CCCCCC(O)CC
CCCCC(=O)c1ccccc1N,0.5833333333333334,CCCCOC(=O)c1ccccc1N
CCC1=CC=CC1C(C)=O,0.29411764705882354,CCc1ccc(C(C)=O)cc1
C=C(C)OCCCCCC=CCC,0.6774193548387096,CCC=CCCCCCOC(C)=O
CC(O)C1CCC(O)=CO1,0.28125,CC(C)C1CCC(C(C)O)CC1
COCC1C=CC=C1,0.2222222222222222,COCc1ccccc1
CC=CC(=O)C(C)C(C)C(C)C,0.48148148148148145,CC=CC(=O)C(C)CC
CCC(O)C(C)(C)C,0.4117647058823529,CCC(C)O
C=C(CCCCC)CCC(C)C,0.48,CCCCCCCCCCCCCCCCCCCCC(C)C
CCCC(C)CC,0.5555555555555556,CCC(C)CCO
CCc1ccc(C)c(CC)c1,0.42857142857142855,CCc1ccc(C(C)=O)cc1
CC(C)C1CCC(C(C)O)OC1,0.5,CC(C)C1CCC(C(C)O)CC1
C=C(C)C=CCC(C)C,0.5833333333333334,CC(=O)C=CCC(C)C
CCCCCCCCC(=O)CCc1ccccc1,0.6216216216216216,CCCCCCC(=O)OCCc1ccccc1
CCC1=C(S)CCC=C1,0.2727272727272727,CCCCC1OC(=O)C2=C1CCC=C2
CC=CC(O)OCCC,0.41379310344827586,CC=CC(O)CCCC
CC=CC(=O)CCC=C(C)CCCC(C)C,0.46511627906976744,CC(=O)OCC=C(C)CCCC(C)CCCC(C)CCCC(C)C
CCC1=C(CC(O)C(C)C)CC=C(C=O)C1,0.28,CC1=CCC(=C(C)CCC=O)CC1
CC=CCCCCCO,0.7894736842105263,CC=CCCCO
CSC(=O)C1C=CCC1,0.34210526315789475,CCOC(=O)CC1C=CCC1
CCC(N)S,0.5384615384615384,CCC(S)S
CCc1ccoc1,0.4666666666666667,CC(C)=CCCc1ccoc1
CCCC(C)c1ccc(C(C)(C)C)cc1,0.3888888888888889,CC(C=O)Cc1ccc(C(C)(C)C)cc1
C=C(C)CC(C)O,0.4074074074074074,C=C(C)CC(C)OC(=O)C(C)C
CCCC(=O)CCCCc1ccccn1,0.6470588235294118,CCCCCc1ccccn1
COC(C)C1=COC2CCC=CC2C1,0.22916666666666666,C1=CC2COCC2CCCCCCCC1
CC1=CC2C3CCC(C3)C2CC1C,0.45454545454545453,CC1CC2C3CCC(C3)C2CC1=O
O=C1CCC2CCCCC2C1,0.7142857142857143,O=C1CCC(C2CCCCC2)CC1
CC(C)OCC(C)c1ccccc1,0.5483870967741935,CC(=O)OCC(C)c1ccccc1
CCCCC(C)C=Cc1ccccc1,0.5,CC(O)C=Cc1ccccc1
CCCCCC1CCCC1,0.4642857142857143,CCCCCC1CCCC1O
CCC1=NC(C=O)=CC1,0.30303030303030304,CCc1ccc(C=O)cc1
CCC(C)CNCC(C)(C)O,0.4482758620689655,CCC(C)CCCC(C)(C)O
CC(=O)CCC(C)CCC(C)C,0.6153846153846154,CC(=O)CCCC(C)CCCC(C)CCCC(C)C
C=C(CCC)OCCC(C)CCC=C(C)C,0.6842105263157895,CCCC(=O)OCCC(C)CCC=C(C)C
C=C(C)C1CCC(C)(S)C(C)C1,0.5,C=C(C)C1CCC2(C)OC2C1
COC1=CCC=CC1C1=CCCC=C1,0.225,COC1=CCCCC1
CCCCCCOC(C)C(C)C,0.6521739130434783,CCCCCCOC(C)OCCCCCC
C=C(O)CCCCCCCCC,0.5454545454545454,CCCCCCCC(=O)O
C=CC(CCCCC)CC(C)CC,0.45161290322580644,C=CC(O)CCCCC
C=C(C)CC(O)C(O)O,0.35714285714285715,C=CC(=C)CC(O)C=C(C)C
CCCCC(CC)C(C)C,0.45454545454545453,CCCCC(C)O
C=C(C)C1C2CC(C(=O)OC)C(C)(C2)C1C,0.425531914893617,C=C(C)C1=C(C)C2(C)CC1CC2C(=O)OC
CCCC(=O)C1=CC=C(C)C(SC)C1,0.325,CCCC(=O)c1ccccc1
CCCCC1CC(C)CO1,0.4375,CCCCC1OCC(C)O1
CC=CC(=O)CC(C)C1=CCCCC1,0.3695652173913043,CC(C)OC(=O)CC1=CCCCC1
CC1=CC(O)C(C(C)C)=CO1,0.2631578947368421,CC1=CC(O)C(C(C)C)CC1
CCC(C)CC(C)O,0.5625,CCC(C)O
CCCCCC(C)CC=O,0.6956521739130435,CCCC(C)CC=O
CC(C)CC1C=COC1C,0.3333333333333333,CC(C)CC1OC(CC(C)C)OC(CC(C)C)O1
CC1=C(CCC2=CCC=C2)CC=CO1,0.2702702702702703,CC1=CCC=CC1
CCCCCC1OC1CO,0.5172413793103449,CCCCCC1OC1C=O
CCC(C)C(O)CC,0.5,CCC(C)O
CC1=CC2CCCC=C2CC1C,0.2647058823529412,CC1=CCCCC1
CC(C)C1C=CC=CO1,0.20588235294117646,CC1=CCC(C(C)C)C=C1
CCC(C)CCC(C)=O,0.6521739130434783,CCC(C)CCC(=O)O
C=CC(C)CCC(C)(C)C(NC)C(C)C,0.4411764705882353,C=CC(C)CCCC(C)(C)O
CCC(=O)C1=CCCC=C1NCC1CCC(CCCC(C)(C)O)CC1,0.3050847457627119,CC(C)(O)CCCC1=CCC(C=O)CC1
CC1=CC(C)=C(C(C)C)CC1,0.44,CC1=CC(=O)CC1
CC(C=O)C(C)CC(C)(C)O,0.6666666666666666,CC(C=O)C(C)CC(C)(C)C
Cc1ccn(C)c1,0.3,Cn1cccc1
CCC(C)CCC(=O)C1=CC=CCC1C,0.38461538461538464,CCC(C)CCC(=O)O
CC(=O)C(C)OCC(C)C,0.5,CC(=O)OCC(C)C
C=CCC(C)CC,0.47619047619047616,C=CCC(C)O
CC(C)CCC(C)(C)C(C)C(C)C,0.4,CC(C)CCCC(C)(C)O
CC(=O)C1(C)CCC(C)CC1,0.36363636363636365,CC(=O)C1(C)CC=C(C)CC1
CCC=CCCN,0.5,CCC=CCCO
CCC(C)C1CCCCC1CCC1CCC(C)CC1C,0.40540540540540543,CC1CCC(CO)C(C)C1
CCC(C1=CC=CCC1)C(C)C,0.3870967741935484,CC1=CC=CCC1
CCCCCCCCCCC(O)CCC,0.7142857142857143,CCCCCCC(O)CC
C=CC(CC)CCCCC,0.5384615384615384,C=CC(O)CCCCC
CC1=CC(OC=O)C(C(C)C)CC1,0.5,CC1=CC(O)C(C(C)C)CC1
C=C(C)C1C(C)CC(C)C1C,0.36666666666666664,C=C(C)C1CCC(C)C(O)C1
CCC1C=COC=C1,0.27586206896551724,CCC1C=CC(=O)O1
C=CC(CC)c1ccc(C)o1,0.42857142857142855,Cc1ccc(C(C)CC=O)o1
CC(c1ccccc1)C1C=C2CC=CC=C2CC1,0.3902439024390244,CC(c1ccccc1)C1OCCO1
CC(C)C1OC(C)C2C=CC=CC21,0.25806451612903225,CC1NC(C)SC(C(C)C)S1
OC(CCc1ccccc1)C1C=CCC1,0.4444444444444444,CC(O)CCc1ccccc1
CC(C)CCCC(C)CCNC(N)C(C)C,0.43333333333333335,CC(C)CCCC(C)CCO
COSC(=O)CC(C)C,0.5416666666666666,CSC(=O)CC(C)C
CCOC(C)CC(C)O,0.5238095238095238,CCOC(C)CC
CCCCCC1CCCC(CCC)C1,0.45161290322580644,CCCCCC1CCCC1O
CC=CCCC(O)C(C)CCC,0.5357142857142857,CCCCC(O)C(C)CCC
CCSCC1=CC=CC1,0.30434782608695654,CCSCC
C=CC(C)(CCC=C(C)CC)OC(C)C,0.6216216216216216,C=CC(C)(CCC=C(C)CC)OC(C)=O
CCCCC(CO)OC,0.46153846153846156,CCCCC(CC)CO
CC(CCc1ccccc1)CCc1ccccc1,0.7916666666666666,CC(CCO)CCc1ccccc1
CC(C)C1=CC=CC(C(C)C)C1O,0.25,CC(C)C1CCC(O)CC1
CCC=CCCC(C)C,0.52,CCC=CCCC(OCC)OCC
C=CC(=C)CCCC(C)CCCC(C)CC,0.45454545454545453,C=CC(=C)CCCC(C)(C)O
CCCCC=CCC(O)C(C)CCC,0.5517241379310345,CCCCC(O)C(C)CCC
CC(=O)C1C=CC2=CC=CCC21,0.26666666666666666,CC(=O)C1=CCC2C=CCC2C1
CCCCCC1CC1C(C)O,0.42424242424242425,CCCCCC1CCCC1O
C1=c2ccccc2=CC1,0.3125,c1ccc2ccccc2c1
CC(C)C1=c2ccccc2=CC1,0.3225806451612903,CC(C)c1ccccc1O
CC(C)CC(=O)CCCC(C)(C)N,0.46153846153846156,CC(C)CC(=O)CC(C)C
COC1C=C(C(C)C)C=CC1O,0.2564102564102564,CC1=CC(O)C(C(C)C)CC1
CCCC(C)CCCC(C)=O,0.6923076923076923,CC(=O)CCCC(C)CCCC(C)CCCC(C)C
CCCCCCC(CCCCC)CCCCC,0.6111111111111112,CCCCCCCCCCCCCCCCCCCCC(C)C
SC1=CCC=C1,0.2916666666666667,CC1=CCC=CC1
CCCCCCCC,1.0,CCCCCCC
CCC1CC=CN=C1C(C)C,0.2571428571428571,CCC1CCC(=O)C1=O
CCCN(C)C(C)CCC(C)C,0.34615384615384615,CCCCCCCCCCCCCCCCCCCCC(C)C
CCCC(CC)CCC,0.5714285714285714,CCCC(CC)CCC(=O)O
C=C(CC)C(C)CC,0.4166666666666667,CCC(=O)C(=O)C(C)CC
CC1=CC(O)CC(C)(S)C1(S)CCNO,0.26666666666666666,CC(C)=CCCC1(C)CC1C=O
CCC=CC(=O)CCC,0.6086956521739131,CC=CC(=O)CCC
CCC1C=CC(C)O1,0.3448275862068966,CCC1C=CC(=O)O1
O=C(Cc1ccccc1)OCC1=CCC=C1,0.6,O=C(Cc1ccccc1)OCc1ccccc1
CC1CCC(C(C)C)C2(CCC(C)C2)C1,0.41025641025641024,CC1CCC(C(C)C)C2(C1)OC(=O)C(C)O2
O=CCO,0.38461538461538464,CCC=O
CCCC(C=O)CC,0.6666666666666666,CCC(C=O)CC
CC(C)=CCCC(C)CCCCCO,0.7037037037037037,CC(C)=CCCC(C)CCO
CC1=CCC=CC1C,0.34615384615384615,CC1=CCC=CC1
CC1=CC(C=CC=O)CC1,0.4411764705882353,CC1=CC(C)C(C=O)CC1
COC1C=C(C(O)O)C=CC1C,0.2571428571428571,CC1C=CC(=O)O1
COCSCOC,0.2727272727272727,COC(=O)CSC
CCC1C(C)CCCC1(C)C,0.5588235294117647,CCC(O)CCC1C(C)CCCC1(C)C
CCC1CC(C=O)=COO1,0.3157894736842105,CCC1CCCC(=O)O1
CCC(C)COC(C)O,0.46153846153846156,CCC(C)COC(C)=O
OCS,0.42857142857142855,SCS
CC(O)C1=CCCC1,0.3333333333333333,CC1=CCCCC1
OCCC(O)O,0.4375,CC(C)CCO
C=C(CCCCO)OCCC,0.41935483870967744,CCCCCC(=O)OCCC
CC1=CC2CC=CC=C2O1,0.2727272727272727,CC1=CC=CCC1
CCOC(C)C1C=CCO1,0.32142857142857145,CCOC(C)OCC
CC(C)=CCN,0.47058823529411764,CC(C)=CCO
Cc1cccc(Cc2ccccc2)c1,0.5714285714285714,c1ccc(Cc2ccccc2)cc1
CCCCCCCCC1CCC(C)C1,0.3888888888888889,CCCCCCC1OCCC(C)O1
CCC(O)C(C)=CC1(C)CC2CCC1C2,0.5116279069767442,CCC(O)C(C)=CC1(C)CC2C=CC1C2
CC1COC(C)C1,0.36666666666666664,C=C(C)C=CC1CC(C)CO1
CCC(c1ccccc1)C1CC=CCC1,0.3611111111111111,CCC(O)c1ccccc1
CCCC(=O)C(C)(C)C,0.47368421052631576,CCCC(=O)CCC
CCC=CC1CC1CCC,0.2631578947368421,CCCC1C2C=CC(C2)C1C=O
CC(C)CC(C)Cc1ccccc1,0.6296296296296297,CC(C)CC(O)Cc1ccccc1
O=C(CCC=CC1C=CC=CC1)c1ccccc1,0.4523809523809524,C=CCCC(=O)c1ccccc1
CC(C)(C)C1C=CC(CO)=CC1,0.275,CC1=CCC(CCO)C1(C)C
CC(C)=C1CCC(C)CC1,0.48148148148148145,CC(C)=C1CCC(C)C2=C(C1)C(C)CC2
CC(=O)CC1(C(C)C)CC=CCC1,0.358974358974359,COC(=O)C1(C)CC=CCC1
CCC1C=CCC1CC(C)C,0.2903225806451613,CC(C)CC1SSC(CC(C)C)S1
CCCC(C)C(C)CCOC,0.4444444444444444,CCCCC(S)CCOC
CCC(C)CC(C)COC,0.36666666666666664,COCC(C)Cc1ccccc1
CC1CC=C(C(C)C)CC1,0.5161290322580645,CC(C)C1=CCC(C(=O)O)CC1
C=C(CCCCC)CCCCCCC,0.5238095238095238,CCCCCCC(=O)CCCCCC
O=C1CCCCC1O,0.5,CC1CCCCC1=O
CC(C)CC1CCCC(C)(C)C1,0.6666666666666666,CC(C)CC1CCCC(C)(O)C1
CCCOC(CCC)CCCNC,0.3448275862068966,CCCOC(C)OCCC
CCC(C)C(C)OC(C)C,0.3333333333333333,CCC(C)C(C)C=O
CCCCC(C)C(O)=S,0.5833333333333334,CCCCC(C)C(=O)O
CCCC(=O)C=C(C)C,0.5217391304347826,C=CC(=O)CCC
CC1=CC(C(C)C)SC1,0.36666666666666664,CC1=NC(C(C)C)SC1
CSC1=C(C(C)(C)C)CC(C(=O)O)C(C)C1C(C)O,0.23529411764705882,CC1=CC(C)C(C(=O)C(C)(C)C)CC1
CC=CC=CCCC(=O)O,0.5384615384615384,CCCC=CCCC(=O)O
CCCC(O)OC1C=C2CCC1(C)C2(C)C,0.2641509433962264,CCCC(O)CCC1C(C)CCCC1(C)C
C=C(C)C1OC=CC1C,0.2857142857142857,C=C(C)C1C=CC(C)=CC1
CCNCCCCCCC(C)CC(C)C,0.43333333333333335,CC(C)CC(C)CCCC(C)O
CC1=C(O)C=CCC1,0.3333333333333333,CC1=CC=CCC1
CCNCCCCCCO,0.47619047619047616,CCCCCCCCO
CCCCCC(=O)CCCC(C)C,0.6521739130434783,CCCCCCC(=O)CCCCCC
CC1CC(C)NC(OO)C1,0.23076923076923078,CC(=O)OCC1CCC(C)CC1C
CCC(C)OCCC(C)CCCC(C)C,0.5862068965517241,CCOCCC(C)CCCC(C)C
CCNCC1CC(C)CC(C)O1,0.2727272727272727,CC1CC(S)C(C)O1
CC1=CC(O)CC(C)(C)C1(C)C=CC(O)O,0.30612244897959184,CC1=CC(=O)CC(C)(C)C1(O)C=CC(C)O
COC(O)C1CCCC1,0.37037037037037035,CC(CO)C1CCCCC1
CC(C)CC(C)CNC1C(C)CCCC1(C)C,0.38636363636363635,CC(O)CCC1C(C)CCCC1(C)C
CC(C)=CCCC(C)(C)C1CS1,0.45714285714285713,CC(C)=CCCC(C)(O)C1CO1
CC(C)C(C)C(C)(C)C,0.4444444444444444,CC(O)C(C)C(C)C(C)C(C)(C)C
CCCCCCNC(C)CCC1=CC=CCC1,0.2857142857142857,CCCCCCC1=CCCC1=O
CC(O)c1ccccc1O,0.6818181818181818,CC(C)c1ccccc1O
C=CCCSOOC,0.3225806451612903,C=CCCCC=CCOC
CCC(O)C(CC)CC(C)=O,0.4166666666666667,CC(=O)CC(C)C
C=C(CC(C)C)CC(C)S,0.4166666666666667,CC(=O)CC(C)S
CC(C)COCC(C)c1ccccc1,0.53125,CC(=O)OCC(C)c1ccccc1
CCCCCCCCSCC(O)OC,0.3870967741935484,CCCCCCCCCC(OC)OC
CC1CCC(C(C)(C)C)OC1,0.3333333333333333,CC(C)(C)C1CCC(O)CC1
CCC1=C(C)N=CC(C)C1,0.2647058823529412,CCc1cnc(C)cn1
C=C(O)C1NC1CCCCC,0.3333333333333333,CCCCCCC1OCCO1
C=C1CCC(C)C1CCCCC,0.625,CCCCCC1C(=O)CCC1C
C=C(C=CCC)OCCCCCC,0.5,CCCCCCOC(=O)C=CC(=O)OCCCCCC
CC1=CC=CC(C)C1,0.3333333333333333,CC1=CC=CCC1
CCC1C=CC(O)O1,0.3333333333333333,CCC1C=CC(=O)O1
C=CC(C)(C)CCC1C(C)(O)CC=C2C(C)(C)C=CCC21C,0.30158730158730157,C=CC(C)(O)CCC1C(C)(O)CCC2C(C)(C)CCCC21C
CC(C)CCCC(C)CCC(C)C,0.65,CC(C)CCCC(C)CCO
COc1cc(C2CC(C)C(C)O2)ccc1O,0.6153846153846154,COc1cc(C2OC(C)C(C)O2)ccc1O
CC=CC(=O)CC1CCCCC1,0.5,O=C(O)CC1CCCCC1
COC(C)(C)CC(C)C,0.4074074074074074,COC(C)(C)CCCC(C)C(C)O
CC1OC(C)C(C)C1=O,0.3333333333333333,CC1=CC(=O)C(C)O1
CCCCC1CC=C(CC)N1,0.3170731707317073,CCCCC1C=C(C)CC(C)O1
C=C(C)OC1C(=O)CCC1C,0.35135135135135137,C=C(C)C1CCC(C)C(=O)C1
CC1(C)CCCC2(C)C(C)(C)C3CCC12C3,0.6896551724137931,CC1(C)CCCC2(O)C(C)(C)C3CCC12C3
CCCC(=O)C1CCCCC1CC,0.4,CCCC(=O)OC1CCCCC1
CC1CCCCC1C1CCCCC1,0.391304347826087,OC1C(C2CCCC2)CCC1C1CCCC1
CC=CC(C)CCCC,0.56,CC=CC(O)CCCC
CC(C)CC(C)OCCCCOCO,0.3548387096774194,CC(=O)OC(C)CC(C)C
C=C(C)C(C)CO,0.4117647058823529,CC(C)CO
CCCCCCCCCCCC(C)C1=C(N)CC=CC1,0.375,CCCCCCCCCCCCCCCCCCCCC(C)C
CC1=C(C(O)CCCCc2ccccc2)CCC=C1,0.3902439024390244,CC(O)CCc1ccccc1
CCCCCCCCC(CCC)CCC,0.55,CCCCCCCCCCCCCCCCCCCCC(C)C
CCCC1OC=CC=C1C,0.2631578947368421,CCCC1CC(=O)C=C(C)C1
CCC1CCC(C=C(C)CCNC(C)C)C1,0.23255813953488372,CC(C)C1CCC(CO)CC1
CCCC1=C(C)CCC1,0.4642857142857143,CC=CCC1=C(C)CCC1
CCCCCC(C)OCCCC,0.5652173913043478,CCCCOC(C)OCCCC
CCc1coc(C)c1,0.32142857142857145,CCc1ccc(C)o1
C=CCCCC(C)C(=O)O,0.5555555555555556,CCCCC(C)C(=O)O
C=C(CCC)CCCCCC,0.4782608695652174,CCCCCCC(=O)CCCCCC
CCCC(C)CC(=CC(C)=O)C(C)C,0.3870967741935484,CCCC(C)CC=O
CCC(C)=CCCC(C)CCO,0.6666666666666666,CC(C)=CCCC(C)CCO
C=CCOC(C)CC,0.5,CCOC(C)CC
CCCCCCOC(=O)O,0.6666666666666666,CCCCCCCOC(C)=O
COC(=O)C1CC1c1ccc(C)cc1,0.4117647058823529,COC(=O)c1ccc(C)cc1
CCCOCCCCCCC=CCO,0.6296296296296297,CCCCCCC=CCO
CC1=CCC2C3CC(C2C1)C1(C3)CC1C,0.6410256410256411,CC1=CCC2C3CC(C2C1)C1(C3)OC1C
CCCCCc1ccccc1,0.5925925925925926,CCCCOCCc1ccccc1
CCOC(=O)C(CC1=CC=CCC1)C(C)C,0.35,CCOC(=O)C(O)C(C)C
CC1CCC2CCC(C)C2C1,0.35714285714285715,CC1CCC(CO)C(C)C1
CCC1=COC(CC)CC1,0.40625,CCC1CCC(=O)O1
OCCC1CCC=C1S,0.3,OCCC1CCCCC1
CCCC1CCCC1,0.47619047619047616,OCCC1CCCCC1
C1=Cc2ccccc2C1,0.34782608695652173,c1ccc2c(c1)CCC2
C=C1CCC2C=CCCC2C1,0.3142857142857143,C=C1CCC2C(C1)C2(C)C
CCC1OCC(=O)C1S,0.29411764705882354,CCC1CCC(=O)O1
CC1=C(C)CCC=C1,0.36,O=C1C=CCCC1
CCC1=CCC(C)=C1,0.3103448275862069,CC1=CCC(C(C)C)=CC1
c1ccc(CCCc2ccccc2)cc1,0.6842105263157895,OCCCc1ccccc1
CCCCCCCC(=O)CCCCC,1.0,CCCCCCC(=O)CCCCCC
CCC1(CC)CCCC1,0.36363636363636365,CCOC1(OCC)CCCCC1
CCC(C)CC(C)SC,0.38095238095238093,CCC(C)SSC(C)CC
CCCC(=O)OC1C=CC=CC1,0.43243243243243246,CCCC(=O)OC1CCCCC1
CCC1=NC=C(C)CC1C,0.2702702702702703,CCC1=C(O)C(=O)CC1C
CCCCC1CC(C(C)C)C(=O)O1,0.5526315789473685,CCCCC1CC(C(C)=O)C(=O)O1
Cc1ncoc1CCCC(C)C,0.3684210526315789,Cc1cnc(C)c(CCC(C)C)n1
CCCC(O)CC(C)C,0.6111111111111112,CC(C)CC(O)CC(C)C
CC1=CC=CC1C,0.23333333333333334,CC1C=Cc2nccnc21
CCSCNC1CCCCC1C(C)CC,0.3170731707317073,CCC(C)C1CCCCC1=O
C=C(CCO)C(=CC)OCC,0.3548387096774194,CCOC(=O)CCCO
C=C(C)CCC(C)C,0.48,C=C(C)CCCC(C)CO
CSCC1=CC=CC1,0.32142857142857145,CSCc1ccccc1
C=COC(C)C,0.4444444444444444,CC(C)OC=O
CCC=CCCCCCOC(C)O,0.5294117647058824,CCC=CCCCCCOC(C)=O
C=C(CC)CCCc1ccccc1,0.5483870967741935,CC(=O)CCCc1ccccc1
CC1(C)C=COCC1,0.25,CC12C=CC(CC1)C(C)(C)O2
CCCC1C=C(OC)C(O)C(OC)C1,0.2619047619047619,CCC1CC2CC1CC2OC
CCC(O)CC1C=CC(C(C)(C)C)CC1,0.37209302325581395,CCC(O)COC1CCCCC1C(C)(C)C
CCCC(C)C(S)OC,0.45454545454545453,CCCC(C)S
CCCCCCC1CCCC1C,0.5862068965517241,CCCCCC1CCCC1O
CC1=CCC=CC1O,0.3333333333333333,CC1=CCC=CC1
C=C(CC)OC(C)c1ccccc1,0.625,CCC(=O)OC(C)c1ccccc1
COC1=CC=C(C)ON1C,0.23333333333333334,COc1ccc(C)cc1
Cc1ccc(CC(=O)C(C)C)cc1,0.45161290322580644,CC(=O)CCc1ccc(C)cc1
CCCC(C)CCc1ccc(OC)cc1,0.6206896551724138,CCCc1ccc(OC)cc1
COC(O)CO,0.35294117647058826,CC(C)CO
CCNC(C)OC=O,0.43478260869565216,CC(C)OC=O
CCCCCC(CCCC)OCCCC,0.5833333333333334,CCCCOC(CCCC)OCCCC
Cc1cc(CC(C)C)oc1C,0.375,Cc1nc(CC(C)C)oc1C
CCC1CC(C)CCC1C,0.5,CC1CCC(CO)C(C)C1
CC(O)CCOCCOO,0.375,CC(O)COCC(C)O
CC(C)CCCC=O,0.8421052631578947,CC(C)CCCCC=O
C=CC(=CC)CCC,0.5,C=CC(=O)CCC
CCC1C=C(CC=N)C=CC1O,0.23076923076923078,CCC1C=CC(=O)O1
CCC(C)CC1(C)CCCCC1(C)C,0.2857142857142857,CCC(C)CN
CC1=C(CC(C)C)CC(C)C1,0.2647058823529412,Cc1nccnc1CC(C)C
CC1CC2C3CCC(C3)C2CC1C,0.46153846153846156,CC1CC2C3CCC(C3)C2CC1=O
CCCCCCCCCCC(C(C)O)C(C)OCC,0.5555555555555556,CCCCCCCC(C)O
COC(=O)C1CCCC1,0.9473684210526315,COC(=O)C1CCCCC1
CCCC(=O)C1C(C)OCCC1(C)C,0.3333333333333333,CCOC(=O)C1C(C)CCCC1(C)C
C=C1C=C(C)OC1,0.2608695652173913,Cc1cnc(C)cn1
CCC(C)CC(C)(C)C1CCC(C)CC1,0.4,CC1CCC(C(C)(C)O)CC1
CCCCCCC(CC)CO,0.8095238095238095,CCCCC(CC)CO
CC=Cc1ccc(OCO)c(OC)c1,0.7352941176470589,CC=Cc1ccc(OCC)c(OC)c1
CCC1=CCCC(O)=C1,0.3,O=C1CCC=C1O
CCCCCC(C)CCC(C)=O,0.7037037037037037,CCCCCC(C)CCC(=O)O
CCCCCCCCC1CCCC1=O,1.0,CCCCCCCC1CCCC1=O
CC(C)(C)CCOCO,0.2916666666666667,CC(C)(S)CCO
CC=COO,0.25,CC=CC(=O)O
CCCC(=O)C(CO)CCC,0.5384615384615384,CCCC(=O)C(O)CCC
CCC=CCCCC=CC=O,0.8095238095238095,CCC=CCCC=CC=O
CC(=O)C=CC1C=C(C)CC(C)C1C,0.6216216216216216,CC(=O)C=CC1C(C)C=C(C)CC1C
CC(C)C=CN,0.3684210526315789,CC(C)C=CC=O
CCCCCCCCCC(=O)CC,1.0,CCCCCCCC(=O)CC
CC(C)C1CCC(CCCO)CC1,0.6153846153846154,CC(C)C1CCC(CO)CC1
CC(=O)C1CCCCO1,0.38235294117647056,CC(=O)OCC1CCCO1
CC(C)CCC1(C)CCCCCC1,0.3870967741935484,CC(C)CCC1(C)OCC=CCO1
CC(O)c1ccco1,0.4482758620689655,CCOC(OCC)c1ccco1
CCCC(C)SCC,0.6190476190476191,CCSC(C)CCO
C=C(C)CC,0.4375,C=C(C)CCO
CCCCCCCCC(=O)CC,1.0,CCCCCCCC(=O)CC
CCC(C)CCCC(C)CCCC(C)C,0.5909090909090909,CC(C)CCCC(C)CCO
CC1CC2CC1(C)CC2(C)C,0.28125,CC12CCC(C1)C(C)(C)C2O
CC(=O)C=CC1C(C)CCCC1(C)C,0.48717948717948717,CC=CC(=O)C1C(C)CCCC1(C)C
CCCCCCCCCCCCCCCCN,1.0,CCCCCCN
C=C(CC(C)NC)OC,0.32142857142857145,COC(=O)CC(C)C
COCSCCCC(=O)CCCC1C=COC1C,0.25,COC(=O)CCCSC
CCCC1CC(C)=CC(O)C1,0.45714285714285713,CCCC1CC(=O)C=C(C)C1
CCCCCCCCCCCC(O)CCCCCCC,0.7894736842105263,CCCCCCC(O)CC
C=CCCCCCCC(=O)S,0.64,C=CCCCCCCCCC(=O)O
CC1CCCCCCC=CCCCCCCC1C,0.4166666666666667,CC1C=CCCC1
O=C(CCO)OCCCc1ccccc1,0.8333333333333334,O=C(CCO)OCCc1ccccc1
C=CCCCCC=CO,0.5238095238095238,C=CCCCCO
CCC(C)C(C)C(C)COC,0.3448275862068966,CCC(C)C(O)C(=O)OC
CCC(CC)CC1=CCCC=C1,0.2413793103448276,CCC(CC)CO
C=C(CCC)C(CC)CC(C)C,0.32142857142857145,C=CC(O)CC
CCCCCCC1=CCC=CS1,0.358974358974359,CCCCCCC1=CCCC1=O
CC1=CCCC=N1,0.2727272727272727,Cc1cnc(C)cn1
C=C(C)COCC,0.48148148148148145,C=C(C)COCCC=CCC
C=C(C)CCCC(C)CCC,0.6923076923076923,C=C(C)CCCC(C)CCO
CCCCCC1CCCC(C)C1,0.42424242424242425,CCCCCC1CCCC1O
C=CCCC(=O)C(C)CC,0.48148148148148145,C=CCCC(C)=O
CCCC(C)NCC,0.38095238095238093,CCCC(C)O
CCNC,0.45454545454545453,CCNCC
CCCCC1OC(O)CC1C,0.42857142857142855,CCCCC1OC(=O)CC1C
CCCCCCCC(C)C,1.0,CCCCCCCCCCCCCCCCCCCCC(C)C
Cc1ccc(CC(C)C)o1,0.56,CCc1ccc(C)o1
CC(=O)CCCC1=CCC=CO1,0.40540540540540543,CC(=O)CCCc1ccccc1
Cc1occc1OC(C)O,0.38461538461538464,Cc1occc(=O)c1OC(=O)C(C)C
CCCCCCC(=O)CCC1=CCC=C1,0.5,CCCCCCC(=O)CCCCCC
C=C(CCC)CCC,0.4117647058823529,CCCC(=O)CCC
CCCC=CCC(C)C,0.45454545454545453,CCCC=CCCO
C=CC1C(C)CCCC1(C)C,0.40540540540540543,CC=CC(=O)C1C(C)CCCC1(C)C
CCC(C)C1=CC=CCC1,0.41379310344827586,CC1=CC=CCC1
C=C(CC(C)C)C(=O)O,0.5454545454545454,CC(C)CC(=O)C(=O)O
CCCC1=CSC=CO1,0.2571428571428571,CCCc1nccs1
CCC=Cc1ccccc1,0.5833333333333334,OCC=Cc1ccccc1
CSCC(SCO)C1C=CC2CCCC2=C1,0.2222222222222222,CC1=CCC(C(C)CCO)CC1
CCCC=CCCCC,0.6470588235294118,CCCCCCC=CCCCCCCCCC
C=CC(=O)C(C)CC(C)(C)C,0.5172413793103449,C=C(C=O)C(C)CC(C)(C)C
CC=C(C)C(C)CCC(C)CC,0.44,CCC(C)CCO
CCCC(O)C(=O)C(C)CO,0.4642857142857143,CCCC(=O)C(O)CCC
CC1=CC(C)CC(C)C1C,0.34375,CC1=CC(C)CC(C=O)C1
C=CC1(C)CCC(C(C)(C)O)C1,0.5,C=CC1(C)CCC(C(C)(C)O)CC1C(=C)C
CCc1ccc(C2CC=C(C)O2)nc1,0.43243243243243246,CCc1ccc(C)nc1
CCCCCOC(O)C1OC=CC=C1C,0.3333333333333333,CCCCCCOC(C)OCCCCCC
CC(=O)CCCCCOCC(C)O,0.4444444444444444,CC(O)COCC(C)O
CCCCCC(CC)CC,0.5714285714285714,CCCCC(CC)CO
CC(C)C1CCC(C)C23CCC(C)C2C13,0.5277777777777778,CC(C)C1CCC(C)C23CCC(C)(O)C2C13
CCCCCC(C)CC(C)=O,0.5517241379310345,CCCCCC(C)CCC(=O)O
C=C=NCCCC,0.5454545454545454,CCCCN=C=S
CC(O)CCCCCC(C)O,0.7647058823529411,CCCCCCCC(C)O
CC(C)OCC(CO)OC(C)C,0.3333333333333333,CCOC(C)OCC(COC(C)OCC)OC(C)OCC
CCCCCCCC(=O)C1=CCC(CC)C=C1,0.35714285714285715,CCCCC(=O)c1ccccc1
C=CCC1C=CC(O)C=C1,0.2727272727272727,C=CCO
CCCCC(CCC(C)C)CCC(C)C,0.5238095238095238,CCCCCCCCCCCCCCCCCCCCC(C)C
CCCCCOOCOCC,0.4,CCCCCCCCCCOC
C=C(C)C=Cc1ccccc1,0.6153846153846154,CC(=O)C=Cc1ccccc1
C=C(CC)CCC1CCCC1,0.45454545454545453,CCOC(=O)CCC1CCCCC1
C=CC(=C)CCCC(C)(C)C,0.72,C=CC(=C)CCCC(C)(C)O
CCCC(C)CCCCC1CCCCC1,0.42105263157894735,CC(C)C(=O)OCCCC1CCCCC1
CCCC(CCC)CCS,0.4375,CCCS
CCCCC1=CC(C)C(C)O1,0.35135135135135137,CCCCCC1=CCC(=O)O1
CCC1C=CC(CS)=CN1,0.24324324324324326,CCC1C=CC(=O)O1
CCC1CCC(OO)C1,0.2903225806451613,CCOC(=O)C1CCC(C(=O)OCC)CC1
CCC1NC=CCC1OC,0.3055555555555556,CCC1CC2CC1CC2OC
CCC1=CC=CCC1C=O,0.2553191489361702,CCOC(=O)C1C(CC)=CCCC1(C)C
CCCC(=O)CCCC(C)CCCC(C)C,0.6206896551724138,CC(=O)CCCC(C)CCCC(C)CCCC(C)C
CCCc1ccc(C)c(OC)c1,0.6451612903225806,CCCc1ccc(O)c(OC)c1
CC=CCCC,0.5789473684210527,CC=CCCCCCC
CCC(C)C1=CCC(C)CC1,0.3684210526315789,CC(C)C1=CCC(C(=O)O)CC1
CC1C=CC=CC1C=O,0.2727272727272727,CC1=CC(C)C(C=O)CC1
CCCC(CCC)c1ccccc1,0.46153846153846156,CCC(O)c1ccccc1
c1ccc(Cc2ccncc2)cc1,0.6666666666666666,c1ccc(Cc2ccccc2)cc1
C=CC1CC(C)CCC1C,0.3333333333333333,CC1CCC(CO)C(C)C1
CC(C)C(=O)CO,0.5555555555555556,CCC(=O)C(C)C
CC(=CCCC(C)Cc1ccccc1)CCCC(C)C,0.4523809523809524,CC(=CCO)CCCC(C)CCCC(C)CCCC(C)C
CCCCCCOCCCCCC(C)O,0.7391304347826086,CCCCCCCC(C)O
OC1=CC=CCC1O,0.2413793103448276,CC1=CC=CCC1
CCOC(=O)C1=C(O)C=CCC1,0.42105263157894735,CCOC(=O)c1ccccc1O
CCCCC1CCOS1,0.38235294117647056,CCCC1CCOC(C)S1
CC1=CCC2C(C1)OC(C)C2C,0.37209302325581395,CC1=CCC2C3CC(C2C1)C1(C3)OC1C
CC1=C(O)C(C)CC(C)(C)C1,0.3870967741935484,CC1=C(O)C(=O)CC(C)(C)C1
CC1=CC(O)C(C(O)CCS)CC1,0.6176470588235294,CC1=CC(O)C(C(C)C)CC1
CC1=C(C(=O)OC2CCCCC2)C=COC1,0.42857142857142855,O=C(OC1CCCCC1)c1ccccc1
CSC(O)CC(C)O,0.47368421052631576,CC(C)CC(C)O
CCCC(CCC)C(C)C,0.4444444444444444,CCCC(C)O
CC1=S(CCO)C=CO1,0.28125,Cc1ccc(CCO)cc1
CCCC(O)C(C)Cc1ccccc1,0.6428571428571429,CC(O)C(C)Cc1ccccc1
CCCCCCCCCCCC(=O)CC(C)C,0.6521739130434783,CCCCCCC(=O)CCCCCC
CC1CC(C(C)C)CC(C)S1,0.3333333333333333,CC1CC(C)SS1
CC1C=CC=CC1,0.32,CC1C=CCCC1
CCC(C)c1ccc(C)c(C)c1C,0.37142857142857144,CCOc1cc(C(C)C)ccc1C
CCSCCC(C)C,0.5263157894736842,CC(C)CCSSCCC(C)C
CCCC(=O)OC1(C)CC(C)CO1,0.375,CCCC(=O)OC1CCCCC1
CSCCC1CCC(C)O1,0.46875,CSCCC1OCC(C)O1
CC(C)CCCC(C)CCC(C)CO,0.6818181818181818,CC(C)CCCC(C)CCO
C=C1CCC2CCC(C)CC2C1,0.36363636363636365,C=C1CCC2C(C1)C2(C)C
CCC(O)C1OC(C)C(O)C1O,0.2692307692307692,CCC(C)O
CC(C)C1CC(=O)CO1,0.5,CC1CC(=O)CO1
CCNCC(C)(C)C,0.4666666666666667,CCNCC
CC(C)CC(O)CCc1ccccc1,0.6551724137931034,CC(C)CC(O)Cc1ccccc1
CCCCCCCCC(O)C=O,0.6153846153846154,C=CC(O)CCCCCC
COC(C)C1CCCC=C1CC(C)O,0.28888888888888886,COC(=O)OC1CCC=CCCC1
CCCC1C=CC=C1,0.28125,CCCC1C2C=CC(C2)C1C=O
CC(C)CC1CCCC(C)C1,0.45161290322580644,CC(C)CC1CC(C)CCO1
C=CCOC(O)C(C)C,0.4090909090909091,C=CC(C)O
CCC(C)C(O)Cc1ccccc1,0.6296296296296297,CC(O)C(C)Cc1ccccc1
CC=C(C)C(O)CC,0.47619047619047616,CCC(O)C(C)=O
c1ccc(CCCC2CCCC2)cc1,0.5588235294117647,c1ccc(CCCC2CCCO2)cc1
CC1CCC2(C1)C(C)CCCC2(C)C,0.40540540540540543,CC1(C)CCCC2C(=O)C3CCC21C3
CCCCOCCC(O)C1=CCC=C1,0.3333333333333333,CCCCOCCc1ccccc1
CC(=O)C(C)C(C)O,0.5625,CC(=O)C(C)O
O=C(CCC1=CC=CCC1)OCCCc1ccccc1,0.5434782608695652,CCCCC(=O)OCCCc1ccccc1
CCCCCC1CCCC(C)N1,0.4117647058823529,CCCCCC1CCCC1O
CCC(CC)CCC1CC=C(C)C1(C)O,0.5121951219512195,CC1=CCC(CCC(C)C(C)O)C1(C)C
COC1CC=CCC1,0.4583333333333333,CC1CC=CCC1
CCCCCCCCCC(O)CC(CCCCCOCO)C(C)C,0.4166666666666667,CCCCCCC(O)CC
CCC1C=CC(O)=CC1,0.3055555555555556,C=C(C)C1C=CC(C)=CC1
CC(C)CC(C)(C)O,0.47619047619047616,CC(C)CCCC(C)(C)O
CC(CN(C)O)c1ccccc1,0.5555555555555556,CC(CO)c1ccccc1
CC(C)OC(=O)CC1CCCCC1,0.6206896551724138,COC(=O)CC1CCCCC1
CC1=NC(CC(C)C)CCC1O,0.35135135135135137,CC1=NC(CC(C)C)SC1C
C=CC(C)(C)CC(C)=O,0.4583333333333333,CC(=O)CC(C)(C)S
CCCC(C)C(C)C,0.45454545454545453,CCCCC(O)C(C)CCC
CCC(=O)CC(C)C,0.7058823529411765,CC(C)CC(=O)CC(C)C
CC(C)CCCC(C)CCNC(O)CC(C)C,0.4666666666666667,CC(C)CCCC(C)CCO
CC1CCC(C(C)c2ccccc2)O1,0.5277777777777778,CC1COC(C(C)c2ccccc2)O1
CCCC1CC=CO1,0.35135135135135137,CCCCCC1CC=CC(=O)O1
CC(C)CCC1=CONC=C1,0.2682926829268293,Cc1cnc(C)c(CCC(C)C)n1
CCCCCCCC(C)CC(C)C,0.6190476190476191,CCCCCCCCCCCCCCCCCCCCC(C)C
CCC=C(C)C(C)CCC,0.4827586206896552,CCC=C(C)C(O)CCCCC
CCCCC(C)CCC,0.5416666666666666,CCCCC(C)CCC(=O)O
CCCCC1CCC(CC)C1,0.3235294117647059,CCCCC1CCC(=O)O1
CCCC(CCC)CNC,0.32142857142857145,CCCC(CC)CCC(=O)O
OCC1=CCC=N1,0.25,CC1(C)C2CC=C(CO)C1C2
CC(=O)C1C(C)OC(C)C1C,0.2571428571428571,CC(=O)C1CC(C)=CC(C)C1C
CCCCCCCCCC(C)OCC,0.625,CCCCCCC(OCC)OCC
CCCCCCOCCC(C)CC(C)C,0.45454545454545453,CCCCCCOC(C)OCCC(C)C
CCC(=O)CC1(C)CCCCC1(C)C,0.36,CCC(=O)CC
CCCN1C=CC(OC)=CO1,0.23684210526315788,CCCc1ccc(OC)cc1
CCCC(=O)CC(C)CCC,0.5,CCCC(=O)CCC
CCC1=CC(C)C(C)O1,0.3125,CCC1=C(O)C(=O)C(C)O1
C=Cc1ccc(C)cc1,0.5238095238095238,Cc1ccc(C=O)cc1
OCN1C=CC2=C(C1)OCC2,0.1875,CCC(=O)c1ccc(N2CCOCC2)cc1
CNC1C=CC=CC1C,0.21621621621621623,COC(=O)C1C(C)C=CCC1(C)C
CCCCCCC1CCC(C)N1,0.3888888888888889,CCCCCC1C(=O)CCC1C
C=CCCCCCC(=O)CCC,0.6071428571428571,C=CCCCCCCC(C)=O
C=CCCC(=O)C(C)=O,0.6363636363636364,C=CCCC(C)=O
CC(C)CCCCC1C=CC=CC1,0.3548387096774194,CCCCCCCCCCCCCCCCCCCCC(C)C
CCCC(C)CCC1=CC=CCC1,0.35294117647058826,CC1=CC=CCC1
C=C(C)C1CCC(C)CC1C,0.6666666666666666,C=C(C)C1CCC(C)CC1O
CCC(C)(C)C,0.46153846153846156,CCC(C)(O)CC
COc1cc(C(C)O)ccc1O,0.6363636363636364,COc1cc(C(O)C(=O)O)ccc1O
CCCCCN(CC)OC,0.3684210526315789,CCCCCC
CC1CC(S)CO1,0.36,CC1CC(S)C(C)O1
CC1CCCC(C)(C)C1CC=O,0.4864864864864865,CC(O)CCC1C(C)CCCC1(C)C
COC1C=CC(C=O)C(O)C1,0.2682926829268293,COC1CC2CC1C1CC(C=O)CC21
CCCCCC(=O)CCCC,0.8823529411764706,CCCCCCC(=O)CCCCCC
CC1=CC(N)C(C(C)S)S1,0.2647058823529412,CC1=CC(S)CS1
COC(C)C1CCCC1,0.4,CC(CO)C1CCCCC1
CCCCCCCc1ccccc1,0.6153846153846154,CCCCCCCCCc1ccc(O)cc1
COC(C)CCCc1ccccc1,0.4838709677419355,CC(O)CCc1ccccc1
CCCCCC1CCC(=O)C1,0.47058823529411764,CCCCCC1CCCC1=O
C=C(CCCCCCCOCCCCCC)OC,0.45161290322580644,CCCCCCC(=O)OC
CC1=CC(C=O)CC=C1,0.3055555555555556,CC1=CC(C)C(C=O)CC1
CCC(=O)C(O)O,0.6111111111111112,CCC(=O)C(C)O
CCCC(C)CCCC(C)C,0.5909090909090909,CC(C)CCCC(C)CCO
CCc1cc(C)cnc1C,0.41379310344827586,CCc1cnc(C)c(C)n1
CCCC(C)(C)c1ccccc1,0.5,CCC(=O)CC(C)(C)c1ccccc1
C=C(O)C(O)Cc1ccccc1,0.5714285714285714,CC(=O)C(O)Cc1ccccc1
CCCCCCC(C)CC(C)=O,0.5333333333333333,CCCCCC(C)CCC(=O)O
CCCCC1N=CC(C)CC1C,0.3076923076923077,CCCCC1OC(=O)CC1C
CCOC(=O)OCSc1ccccc1,0.47058823529411764,CCOC(=O)c1ccccc1
CCCCSCC=C=O,0.4782608695652174,CCCCSCCCC
CCC(=O)C(C)CC1C(C)=CCOC1(C)C,0.34,CCC(=O)C1CC(C(C)C)CC=C1C
CCCOC(=O)CCCc1ccccc1,0.7941176470588235,CCCCC(=O)OCCCc1ccccc1
COCCCCc1ccco1,0.6333333333333333,CCCCCc1ccco1
CCC(C)C1N=CCO1,0.275,CCCC(C)C1OCC(C)(CCC)CO1
CCCCC(=O)CCC(C)CC,0.5555555555555556,CCC(C)CCC(=O)O
CC(S)CC(=O)CCc1ccccc1,0.53125,CC(=O)CCc1ccccc1
CCC=CCCCC(O)C(CC)CC,0.4642857142857143,CCC=CCCCO
CCCCC(O)O,0.6111111111111112,CCCCC(C)O
C=C(CC(C)S)CC(C)(C)C1CCC(C)CC1,0.37142857142857144,CC1CCC(C(C)(C)O)CC1
CCC1=CC=CCC1,0.48,CC1=CC=CCC1
CCCC(CC)CCCC(C)C,0.4782608695652174,CCCCCCCCCCCCCCCCCCCCC(C)C
CC12C=CC(CC1)C(C)(N)C2,0.38235294117647056,CC12C=CC(CC1)C(C)(C)O2
CC(=O)CCCC(C)S,0.6521739130434783,CC(=O)CCCC(C)C
CC(=O)OCC=C(C)OCCC(C)C,0.6428571428571429,CC(=O)OCCC(C)C
c1ccc(CCCCc2ccccc2)cc1,0.7368421052631579,OCCCCc1ccccc1
Cc1ccc2c(c1)C(C)OC2C,0.42424242424242425,Cc1ccc2c(c1)OC(=O)C2C
CCC1=COC(C)C=C1,0.3333333333333333,CC1C=CC(=O)O1
CCC1C=CC=N1,0.21875,CCC1C=CC(=O)O1
CC(C)CCC(CCC(C)C)CC(C)C,0.3684210526315789,CC(C)CCN
CC=CC1=CC(OC)C(CCC)C=C1,0.2608695652173913,CCCCCC1C=CC(=O)O1
CSC1=CCC(C)C=N1,0.24242424242424243,CC1=NC(C)OC1
CC(C)CC(C)C1C=CC=CC1C,0.25925925925925924,CC(C)CC(C)O
CC(C)=CC1=CC(C)CCO1,0.28205128205128205,CC(C)=CC1CC(C)CCO1
O=c1cccco1,0.36,O=Cc1ccco1
C=C(C)C1=CCC(C)C=C1,0.37142857142857144,C=C(C)C1C=CC(C)=CC1
CON(O)CCc1ccccc1,0.4827586206896552,COCCc1ccccc1
CCCCc1ccc(C)cc1,0.5416666666666666,Cc1ccc(CCO)cc1
CC1CC=CC1,0.5882352941176471,CC1CC=CCC1
CC1C=CC(CO)=CN1,0.23529411764705882,CC(C)c1ccc(CO)cc1
CCC(C=O)CO,0.6666666666666666,CCC(C=O)CC
CCC(=O)C1CCCC=C1CC,0.37209302325581395,CCC(=O)C1CC(C(C)C)CC=C1C
CC=CC(=O)CCCC(C)CCCC(C)C,0.5806451612903226,CC(=O)CCCC(C)CCCC(C)CCCC(C)C
CCCC(S)Cc1ccccc1,0.5862068965517241,CCCC(O)Cc1ccccc1
C=CC(C)CCCC(C)CC,0.625,C=CC(C)CCCC(C)C
CSc1ccccc1S,0.5,CSc1ccccc1O
CC(C)=CCC1C=CC=C1C,0.3157894736842105,CC(C)=CCc1occc1C
CC(=O)OC(C)CCCO,0.6923076923076923,CCCCC(C)OC(C)=O
CCCC(C)CCC(C)C,0.43478260869565216,CCCC(C)CC=O
CCOCCCCCCC=CC(C)C,0.36666666666666664,CCOCCCO
C=CCCC(O)CCCC,0.52,CCCCC(O)CC
CC(C)CCCCCCCCCCCO,1.0,CC(C)CCCCCO
CCC(C)CCC1CCCCC1C(C)(C)C,0.4146341463414634,CCC(O)COC1CCCCC1C(C)(C)C
CC(C)CCC1CCCC1C,0.34210526315789475,CC(O)CCC1C(C)CCCC1(C)C
C=CC1=CCCC1C,0.2558139534883721,C=C(C)C1CCC2=CCCC(C)C2(C)C1
CC1C=CCC1O,0.3235294117647059,COC(=O)C1C(C)C=CCC1(C)C
C=CCC1CCC(CC=C)C(CC)C1,0.23684210526315788,CCC1CC2CC1CC2OC
CCC1C=C(C=O)C=CC1,0.38461538461538464,CCCCCC1CC=CC(=O)O1
CC(=O)c1cccc(C)c1,0.5416666666666666,CC(=O)c1ccccc1
CCCCCC(=O)CCC(C)C,0.6521739130434783,CCCCCCC(=O)CCCCCC
CC(C)C(=O)CCCS,0.6086956521739131,CCCCC(=O)C(C)C
CCCC1=CC2NCOC2C=C1,0.21739130434782608,CCCc1ccc2c(c1)OCO2
CC(C)CCC1(O)C(C)CC(O)CC1(C)S,0.30952380952380953,CC(C)CCC1(C)OCC=CCO1
O=C(CC1=COCC=C1)C1CCC=CC1O,0.25,CCOC(=O)CC1C=CCC1
C=C(C)CC(=O)C=CCCC,0.5925925925925926,CCCC=CC(=O)CC
CC(O)C1C=CCC1,0.3333333333333333,CC(C)C1CCC(C(C)O)CC1
CCCC(C)C(C)(C)C(O)CCC,0.43478260869565216,CCCC(C)O
CC(=O)C1C=CCCC1C(C)C,0.34146341463414637,CC(=O)C1CC2=C(C)CC1C(C(C)C)C2
C=CC(C)(CC)Cc1ccccc1,0.5454545454545454,C=CC(C)(C#N)Cc1ccccc1
CSc1ccc(C(O)O)cc1,0.43478260869565216,CSc1ccccc1
C=C(CCC)C(C)O,0.36363636363636365,CCCC(C)O
CCCC(C)OC=O,0.4583333333333333,CCCC(C)C=O
CCCCC1CC(=O)C2CCCSC12,0.3488372093023256,CCCCCC1CCCC1=O
CCC(C)C1=CC=CCC1NCCCc1ccccc1,0.3018867924528302,CC(C)C(=O)OCCCc1ccccc1
CCCCC1CC1C=O,0.41935483870967744,CCCCC1OC1C=O
CCC(C)(C)CC(C)=O,0.5652173913043478,CCC(C)(S)CC(C)=O
CCCCCC(=N)C(C)O,0.5,CCCCCC(C)O
C=CC(C)=CCCCCC,0.6153846153846154,CCCCCC=C(C)C=O
CCC(O)CCCCCCCCC(=O)OC,0.5862068965517241,CCCCCCC(=O)OC
C=CCC1C=CC(OC)C=C1,0.2571428571428571,C=CCc1ccc(OC)cc1
CCCC(C)CCCC(C)(C)O,0.7083333333333334,CCC(C)CCCC(C)(C)O
C=CC(C)(CCCC(C)S)CC(C)OOC,0.34146341463414637,C=CC(C)(O)CCCC(C)C
CC(C)(C)CCCC(N)CC=O,0.45454545454545453,CC(CC=O)CCCC(C)(C)O
CC(=O)CCCC(C)OCC=C(C)C,0.5428571428571428,CC(=O)CCCC(C)CCC=C(C)C
CNC1=CCCCC1C(=O)CC(C)C,0.3488372093023256,CC(C)CC(=O)OC1CCCCC1
CC1CC(C)C(NC(C)O)C1,0.3,CC1CCC(C(C)C)C(NC(=O)C2CC2)C1
CCC1=CC=C(C(CC)CC)CC1,0.3125,CC1=CC=C(C(C)C)CC1
CCCCCOCCCCCCC(O)CCC,0.5555555555555556,CCCCCCC(O)CC
COC1CCCCC1O,0.391304347826087,COC1CCCCCCCCCCC1
CC(C)=CCCC(C)CCCC(C)CCCC(C)CCCCC(C)CCCC(C)CCCC(C)CCCC(C)C,0.6451612903225806,CC(C)=CCCC(C)CCCC(C)C=O
CC1CCC(C(C)O)C2(C1)OC(C)C(C)O2,0.43902439024390244,CC1CCC(C(C)C)C2(C1)OC(=O)C(C)O2
CCCCCCCC(=O)CCCC,0.9411764705882353,CCCCCCC(=O)CCCCCC
CC=CCCC(C)C,0.48,CC(=O)C=CCCC(C)C
CC(C)C1=CC=CCC1,0.48,CC1=CC=CCC1
CC1=CN=CC1,0.35,Cc1cnc(C)cn1
C=C(CCC)C(C)C(C)CC(C)=O,0.4074074074074074,CCCC(C)=O
CCOC,0.45454545454545453,CCOCC
CC(C)C(S)C(C)C,0.5454545454545454,CC(C)C(C)S
CCCCCCCCCCCCC,1.0,CCCCCCC
CC(O)OC(C)C1CCC(C)C1(C)C,0.30952380952380953,CC(C)C1CCC(C)C23CCC(C)(O)C2C13
CCC(O)OC1CCCCCCC1,0.41935483870967744,CCC(=O)OC1CCCCC1
CCCCCC(C)OCOC,0.45161290322580644,CCCCCC(C)OC(C)=O
CCCCCCCCC1COC(C)C1,0.5151515151515151,CCCCCCC1OCC(C)O1
CCOSC,0.42857142857142855,CCOCC
COC(C)C,0.5454545454545454,COC(C)OC
CC1=CCC(C(C)C)C(O)=C1,0.3939393939393939,CC1=CCC(C(C)C)C=C1
CCCSCCCCCCOC(C)O,0.41935483870967744,CCCCCCOC(C)OCCCCCC
CCC1C=C(OC)C(CC)CC1,0.29411764705882354,CCC1CCC(=O)C1=O
C=C(C)C(C)CCCC(C)O,0.4583333333333333,CCCCC(C)O
CCCCOCCCNC,0.41379310344827586,CCCCOCCOC(C)=O
CC(C)CCCC(C)CCCC(C)CCCC(C)CCCC(C)O,0.6818181818181818,CC(C)CC(C)CCCC(C)O
C=C(C=Cc1ccccc1)CC,0.5,CCOC(=O)C=Cc1ccccc1
CCCCCCCC=CNC,0.6190476190476191,CCCCCCC=CCCCCCCCCC
COC1CCCCC1C(=O)CC(C)C,0.43243243243243246,CC(C)CC(=O)OC1CCCCC1
O=C1CCC(S)C1O,0.2857142857142857,CC(C)=CCC1CCCC1=O
CC(=O)C1CCCCN1,0.44,CC1CCCCN1
CC(=O)c1ccc(C)nc1C,0.45161290322580644,CC(=O)c1ncc(C)nc1C
CC(S)OCCC(O)O,0.375,CC(C)CCOC(C)OCCC(C)C
CCSc1cc(C2CCC(C)C2)ccc1O,0.3090909090909091,CCOc1cc(C2OCC(C)O2)ccc1O
CCC(C)C1CCCC1,0.5652173913043478,CC(CO)C1CCCCC1
OC1CCC=C1S,0.24390243902439024,CC(C)=CCCC1=CCCC(C=O)C1
C=CCC(CCCCC)CC(C)C,0.42857142857142855,CCCCCCCCCCCCCCCCCCCCC(C)C
C=CC1CC(C)CC(C)C1C,0.2571428571428571,C=C(C)C1CCC(C)C1C=O
CCCC(C)CCC=C(C)C,0.68,CC(C)=CCCC(C)CCO
CC(=O)CCCCc1ccccc1,0.88,CC(=O)CCCc1ccccc1
CCC(C)(CCCC(C)C)OC(C)O,0.5806451612903226,CCC(C)(CCCC(C)C)OC(C)=O
CCCCCCCCC(=O)CC(C)C,0.6521739130434783,CCCCCCC(=O)CCCCCC
CC1C=CC(CO)S1,0.2647058823529412,CC1=CC(C)C(CO)CC1
CC1=CCC(OC(C)C)C=C1,0.5161290322580645,CC1=CCC(C(C)C)C=C1
C=C(C)C=C(C)C,0.4375,C=C(C)C=O
CC1C=CSC1OC1NC1(C)C,0.22727272727272727,COC(=O)C1C(C)C=CCC1(C)C
CC(=O)CCC1CCC(C(C)S)CC1,0.35294117647058826,CC(C)C1CCC(CO)CC1
CCCCC1OCCS1,0.4375,CCCC1OCCC(C)S1
CC1C(O)C(O)CC1C(O)CN,0.2857142857142857,CC(O)CN
CSC1(C)CCCCCCCCCNC1,0.3333333333333333,C1CCNCC1
CCC1CCCC=C1C,0.3225806451612903,CCC1CCC(=O)C1=O
CCC1=C(C(C)=O)C=CCC1,0.3170731707317073,CCc1cc2c(cc1C(C)=O)C(C)(C)CCC2(C)C
CCCCCCCOCC=O,1.0,CCCCCCCCOCC=O
OCC1=CC=CC1,0.3076923076923077,CC1=CC=CCC1
C=Cc1cccc(CC)c1,0.4827586206896552,CCc1cccc(O)c1
C=C1C(C)CC23CC1C(C)(C)C2CCC3C,0.7142857142857143,C=C1C(O)CC23CC1C(C)(C)C2CCC3C
CCCCCCCC(=O)CCCc1ccccc1,0.6216216216216216,CCCCCCC(=O)OCCc1ccccc1
NC1=C(C(=O)CCc2ccccc2)C=CCC1,0.43243243243243246,O=C(O)CCc1ccccc1
CC(O)C1C=CS2=CC=CC=C2N1,0.175,CC(O)c1ccccc1
CCC1C=CC(CC)C=C1,0.28,CCC1C=CC(=O)O1
CCC1(C)CCC(C)C1,0.3235294117647059,CCC1(O)C2(C)CCC(C2)C1(C)C
C=CCC1=CC=C(O)CC1,0.3548387096774194,C=CCc1ccc(O)cc1
C=C(Cc1ccccc1)c1ccccc1C,0.41935483870967744,CC(=O)c1ccccc1C
CC=Cc1ccc(NC(C)CC(C)C)c(CC)c1,0.35294117647058826,CC=Cc1ccc(OC(C)OCC)c(OC)c1
CCCCCCCOCCCCS,0.6842105263157895,CCCCCCS
CC(CCCCO)c1ccccc1,0.5925925925925926,CC(CO)c1ccccc1
COC1CCCCC1OC,0.5,COC1CCCCCCCCCCC1
CC(O)CCC1CCCCC1,0.48,OCCC1CCCCC1
CCC(C)C(O)OCc1ccccc1,0.4857142857142857,CC(O)C(=O)OCc1ccccc1
CCCCCC(C)OC(O)CC(C)C,0.4642857142857143,CCCCCC(C)O
CCCCC(C)CCC(C)C,0.5238095238095238,CCCCCCCCCCCCCCCCCCCCC(C)C
COC(=O)CCCCNCO,0.6521739130434783,COC(=O)CCCCC(=O)OC
CCC1CCCC1,0.38095238095238093,OCCC1CCCCC1
C=C(CC)CCCC(C)C=O,0.5,CCCCCCC(C)C=O
CCOCCC(C)O,0.48148148148148145,CCOCCC(C)CCCC(C)C
CCC1CC(C)=CC(C)S1,0.3333333333333333,CCCCC1C=C(C)CC(C)O1
CC(C)(C)c1ccccc1,0.5789473684210527,CC(C)(O)c1ccccc1
CCCC1CCC(CO)C=C1OC,0.2558139534883721,CCCC1CCOC(C)S1
CC(=O)C1=CC(C)CC=N1,0.28205128205128205,CC(=O)C1CC(C)=CC(C)C1C
CCOC(O)C1=CCCC=C1CO,0.26666666666666666,CCOC(OCC)c1ccc2c(c1)OCO2
COC1C=C(C(C)=O)C=CC1OO,0.2702702702702703,COc1ccc(C(C)=O)cc1
CCC(C)C1=CC(C)=C(C)CC1,0.30303030303030304,CC1=CC=C(C(C)C)CC1
CC(C)CNN,0.375,CC(C)CN
CCOC(=O)C1C=CC(O)C(C)=C1,0.38235294117647056,CCOC(=O)C1CCC(C(=O)OCC)CC1
C=C(C)C1CCC(C)(O)C(C)C1,0.6666666666666666,C=C(C)C1CCC(C)(O)C(O)C1
CC(C)C1CCCC(O)C1,0.5,CC(C)C1CCC(O)CC1
CCC1CC=C(O)CC1,0.28205128205128205,C=C(C)C1CC=C(CO)CC1
CCC=C(C)C(C)OCCCCCC,0.5,CCCCCCOC(C)OCCCCCC
CC1C=C2C(C)CC(C)C2CO1,0.3170731707317073,C=C(C)C1C=C2C(C)CCC2C(C)CC1
C=CCCOCCSCCCC,0.46153846153846156,CCCCSCCCC
CCCCC1CCCC1,0.46875,CCCC(=O)OCCCC1CCCCC1
CCC(C)CCS,0.5555555555555556,CCC(C)CS
CSN1C=NC=CO1,0.16,CSCCSC
CC(C)CC1=NC2C=CC=CC2C=C1,0.275,Cc1ncc(CC(C)C)nc1C
CC(=O)C1C=C2CCCCC2O1,0.2926829268292683,CC(=O)C1CC=C(C)CC1
CC(=O)CC(C)C(C)NCO,0.44,CC(=O)CC(C)C
CCCCCCCC(CC)CC,0.55,CCCCCCCCCCCCCCCCCCCCC(C)C
OC(O)C1CCCCC1,0.43478260869565216,CC(CO)C1CCCCC1
CC1CCC(C(C)(C)N)C(C)C1,0.43333333333333335,CC1CCC(C(C)(C)O)C(O)C1
CC(C)C(O)CC(C)(C)Cc1ccccc1,0.5666666666666667,CC(C)(CO)Cc1ccccc1
CCCCCC(C)(C)CC(C)C,0.6153846153846154,CCCCCC(C)(O)CC(C)C
C=CCCC(=O)CCO,0.5217391304347826,C=CCCC(=O)O
CC1CCC(C(C)CO)CC1,0.625,CC(CO)C1CCCCC1
C=CCCC(=O)CCC1C=CNC=C1,0.36363636363636365,C=CCCC(=O)O
CCC1CSC(CC)S1,0.391304347826087,CCC1SSC(CC)S1
CC1CCC(C(C)(C)OC=O)OC1,0.3488372093023256,CC1=CCC(C(C)(C)OC=O)CC1
CCC(C)c1ccccc1,0.6086956521739131,CC(CO)c1ccccc1
CCC(C)C1CC(C)C(CC)O1,0.25806451612903225,CCC1CCC(CC)O1
CC(C)SC(C)C(C)O,0.55,CC(O)C(C)SC(C)C(C)S
COC1=CCNCC1,0.42857142857142855,COC1=CCCCC1
c1ccc(Cc2ccccn2)cc1,0.6071428571428571,c1ccc(CCCc2ccccn2)cc1
CCS1(C)CC(=O)C(C)=C(C)C1C,0.3684210526315789,CCC1(C)CC(=O)C(C)=C(C)C1C
C=C(C=CC)C1C(C)CCCC1(C)C,0.6571428571428571,CC=CC(=O)C1C(C)CCCC1(C)C
CCCC(O)C(C)C(C)C,0.5,CCCC(C)O
CC(O)COC(=O)c1ccccc1O,0.78125,CC(C)COC(=O)c1ccccc1O
CCCCCC(C)CCCC(O)CCC1CCC(C)(C)C1,0.35294117647058826,CCCC(O)CCC1C(C)CCCC1(C)C
CC(C)CCCC(C)CC1CCCO1,0.40540540540540543,CCCCCCCC1CCCO1
CCC(Cc1ccccc1)OC,0.6153846153846154,COC(Cc1ccccc1)OC
CCCC(C)C(C)CC,0.43478260869565216,CCCCC(O)C(C)CCC
CCCCCCCCC(CC(C)C)C(=O)OC,0.47058823529411764,CCCCCCCCC(CC)C(=O)O
CCC1C(OC)=CCC=C1OC,0.26666666666666666,CCc1ccc(OC)cc1
C=C1C(C)COC1C,0.2962962962962963,CC1OCCC1=O
CCCC1CCC(C)C1(C)C,0.2926829268292683,CCCC(O)CCC1C(C)CCCC1(C)C
CC1CC(C)(C)OC(c2ccccc2)S1,0.5,CC1CC(C)(C)OC(c2ccccc2)O1
CC=CC(O)OC1CCCCC1,0.4117647058823529,CC=CC(=O)OC1CCCCC1
CC,0.25,CS
CC1CCCC(C(C)(C)O)C1O,0.42857142857142855,CC(C)(C)C1CCCCC1O
CC(CO)CCc1ccccc1,0.7407407407407407,CC(CCO)CCc1ccccc1
COC1C=NCCC1,0.2962962962962963,COC1CCCCCCCCCCC1
C=CC(C)(CCC)CCCC(C)C,0.5666666666666667,C=CC(C)(O)CCCC(C)C
CCCC(=O)CCCCC(C)CCC,0.5161290322580645,CCCCCC(C)CCC(=O)O
COC(C)C(C)C,0.42857142857142855,COC(C)OC
COCCCCC(=O)CC(C)C,0.48,CC(C)CC(=O)CC(C)C
CCC(C)(C)C1CCC(C)CC1,0.5769230769230769,CCOC1CCC(C(C)(C)CC)CC1
OCC1C=CCC=C1,0.2222222222222222,CC1C=CCCC1
C=C1C(C)CC(C)C1OC,0.25925925925925924,CC1CC(C)C(=O)C1=O
CCCC(=Cc1ccccc1)CO,0.7666666666666667,CCCCCC(=Cc1ccccc1)CO
COC(C)CCC(=O)CC(C)C,0.5,CC(C)CC(=O)CC(C)C
CCCC(O)CC(C)=O,0.5769230769230769,CCCC(O)CC(=O)OC
CCCC(C)CC(CC)c1ccccc1,0.40625,CCC(O)c1ccccc1
CC(N)CC(C)O,0.5294117647058824,CC(C)CC(C)O
CCC=CCCCC(C)CCCC=CCC,0.5,CCC=CCCCO
CCCCCC(CCC=O)Cc1ccccc1,0.5,CCCCC(CC)CCC=O
C=CCCCC(O)CCC,0.46153846153846156,C=CCCCCCC
CCOC(C)C(C)NC,0.42857142857142855,CCOC(C)OCC
CCC1COC(C)C1,0.4074074074074074,CCC1OCC(C)O1
CCC(C)C(C)C(C)=O,0.45454545454545453,CCC(O)C(C)=O
CC(=O)OO,0.5454545454545454,CC(=O)C(C)=O
CC1=CC(C)CS1,0.5416666666666666,CC1=CC(S)CS1
CC(C)OSC(C)C,0.3125,CC(C)SC(C)C
C=CCC1=CC(OC)C(C)C(OC)=C1,0.325,C=CCc1ccc(OC)cc1
CCC1CCCCC1C(C)=O,0.34375,CC(=O)C1CCC(C)CC1O
C=C(CC)CSCCCC,0.5,CCCCSCCCC
CC1CCSCC1,0.35714285714285715,C1CSCCS1
CCCCCCCC=CC(C)OC,0.52,CCCCCCC=CCCCCCCCCC
C=CCCC=CCC,0.5238095238095238,CCC=CCCC=CCO
CCCCc1ccc(CC)cc1,0.5384615384615384,CCCCCCCCCc1ccc(O)cc1
CCC(CC1CCOO1)c1ccccc1,0.34210526315789475,CCC(O)c1ccccc1
CSCC(=O)C1OC1C1C=CCCC1,0.30434782608695654,C1=CC2COCC2CCCCCCCC1
CC1CCCC2(C=CCCC2)C1,0.3125,CC1C=CCCC1
CCc1ccc(C)cc1C,0.5,Cc1ccc(C)c(C)c1
CCCC(CCC)CCCCC(C)C,0.6,CCCCCCCCCCCCCCCCCCCCC(C)C
CCCCC(CC)CC,0.6842105263157895,CCCCC(CC)CO
CCC1C=CC=CC1C,0.22580645161290322,CCC1C=CC(=O)O1
CCC1CC(C(C)O)=CC=C1O,0.32432432432432434,CCC1CC(=O)C(O)=C1C
COC1=CC2C=CC=CC2=CC1,0.2702702702702703,COC1=CCCCC1
COC(C)C1CCCCC1C,0.2962962962962963,COC1CCCCCCCCCCC1
CCCCCC(CCCOC)CCCSC,0.4482758620689655,CCCCCCCCCCOC
c1ccc2c(c1)CCC2,1.0,c1ccc2c(c1)CCC2
CCCC(C)OO,0.5,CCCC(C)OC(C)=O
COC(=O)OS,0.4117647058823529,COC(C)=O
C=CCCC(=O)CCCC(C)(C)CC,0.5675675675675675,C=CCOC(=O)CCCC(C)(C)CC
CCC1CC(C(C)C)CCC1C,0.3548387096774194,CC(C)C1CCC(CO)CC1
CCC1CC(C)C(O)C1C,0.2903225806451613,CC1CCC(CO)C(C)C1
CCCCCCCCCC(O)OCCCC,0.5555555555555556,CCCCCCOC(CCCCC)OCCCCCC
OCCCCCOCCCS,0.4,CCOCCCO
CC(C)=S,0.3333333333333333,CC(C)=O
CC(C)C1CCCC(C(C)C)C1O,0.46153846153846156,CC1CCC(C(C)C)C(O)C1
CCCN1C=CCC(OC)C1C,0.2857142857142857,COC1CC2CC1C1C=CCC21
CC1=CC2CCCOC2C=C1,0.2619047619047619,CC1=CC2OCC(C)C2CC1
CC(CO)CC1C=CCC=C1,0.3333333333333333,CCC(C)CO
CC1CCC(C(C)COC(C)C)CN1,0.2727272727272727,CC1CCCCN1
C1=CC2OCOC2C=C1,0.21212121212121213,CC1=CC2OCC(C)C2CC1
C=CCOC1C=CC(C)C=C1C,0.2765957446808511,C=CCOC1CC2CC1C1C=CCC21
C=C(CCC)CC(C)SCC,0.42424242424242425,CCOC(=O)CC(C)SCC
CCCSCCCCCCC(C)O,0.6,CCCCCCCC(C)O
CC12CCN(CC1OCCO)C2(C)C,0.43902439024390244,CC1(C)C2CCC1(C)C(OCCO)C2
CC1=CCCC2(CCCCC2)C1,0.5185185185185185,CC1=CCCC(C)(C)C1
OC1CCC(CS)CC1,0.35,OC1CCCCC1
CCC(C)C(C)C(C)O,0.47058823529411764,CCC(C)O
CC1=C(C)OSC=C1,0.20833333333333334,Cc1ccc(C)o1
CCCCOC(C)C(C)CC,0.5652173913043478,CCCCOC(C)OCCCC
C=CCOC(C)CCCCC,0.42424242424242425,CCCCCC(C)OC(C)=O
CCCCCC1CCCO1,0.9583333333333334,CCCCCCCC1CCCO1
CCCCCC(CCC(C)C)OCC(C)C,0.5,CCCCCCCCCCCCCCCCCCCCC(C)C
CC(C)OC(C)C=Cc1ccccc1,0.5517241379310345,CC(O)C=Cc1ccccc1
CCCCNCCCC(C)O,0.6363636363636364,CCCCC(C)O
C=CCCCCCCOCC(=O)CCC=C(C)CCC=C(C)C,0.5652173913043478,C=CCCCCCCCCC(=O)OCC=C(C)CCC=C(C)C
CC(C)Cc1cccc2c1OCC=C2,0.29545454545454547,CC(C)Cc1ccnc2ccccc12
CC=C(C)C(C)C,0.375,CC(=O)C(C)C
CC(C)CC1CCC(S)CC1,0.36363636363636365,CC(C)CC1CCCC(C)(O)C1
C=C(C)CCCC(C)CCOCC,0.6176470588235294,C=C(C)CCCC(C)CCOC(C)=O
CCC1CCC(C)C(C)C1,0.28,CCC1CCC(CC)O1
CC(CO)Cc1ccccc1,0.6,CC(O)Cc1ccccc1
CC1=NC(CC(C)C)=CC1C,0.3235294117647059,Cc1nccnc1CC(C)C
CCCC1=CCCC1,0.42424242424242425,CCCCCC1=CCCCC1=O
CCCCSCCC,0.8571428571428571,CCCCSCCCC
CC(O)CCC(=O)S,0.4090909090909091,CCCC(C)O
CC1C=CC2=C1SCC2,0.2571428571428571,CC1C=Cc2nccnc21
CCNC(O)CC(C)CC,0.375,CCC(C)CO
CCC(=O)COC(C)C,0.45,CCC(=O)CC
O=CCCCO,0.6,O=CCCCC=O
COC1=C(S)CCC=C1,0.28125,COC1=CCCCC1
CC1C=CC(C=O)C=C1,0.25,CC1=CC(C)C(C=O)CC1
O=CC1=CC2C=CC=CC2=C1,0.22857142857142856,Cc1ccccc1C=O
CCC(C)C=CC1CCC(CC)NC1,0.2571428571428571,CCC(C)C=O
CCCCC(C)C1C(C)=CCCC1(C)C,0.65,CC1=CCCC(C)(C)C1C(C)CCC=O
CCCCCCC(CC)C(=O)CO,0.6428571428571429,CCCCCCCCC(CC)C(=O)O
C1CCCCCC2CCCC2CCCC1,0.5,O=C1CCC(C2CCCCC2)CC1
CCCCCCCCCCCCCCCCCC(O)OC,0.5833333333333334,CCCCCCCCCC(OC)OC
CCCCC(CN)c1ccccc1,0.5,CCCCC(C#N)c1ccccc1
CCC(O)CC(C)OC,0.45,CCC(O)CC
CC=CC=CCCC(C)O,0.4444444444444444,CC(C)=CCCC(C)O
C=CCCOCC=C,0.5714285714285714,C=CCOCCO
CC(C)CC(=O)C(C)C,0.631578947368421,CC(C)CC(=O)C(C)O
C=C(CC)CCCCCCC,0.5,CCCCCCCC(=O)CC
CC1CCC(C(C)(C)O)C(C)C1,0.6538461538461539,CC1CCC(C(C)(C)O)C(O)C1
Cc1ccsc1CCS,0.3448275862068966,Cc1sccc1S
OCC(O)SO,0.3333333333333333,OCC(O)C(O)C(O)C(O)CO
CCc1ccc(CCC(O)C(C)C)cc1,0.45161290322580644,CC(O)CCc1ccccc1
C=CCCCCCC(S)CCC,0.5384615384615384,C=CCCCCCC
CCCCCc1ccc(CCC)cc1SC,0.38461538461538464,CCCc1ccc2c(c1)OCO2
C=C(C)C(CC(C)=O)CC(C)O,0.4642857142857143,C=C(C)C(CC(=O)O)CC(=O)O
Oc1ccc2c(c1)CCC2,0.45454545454545453,c1ccc2c(c1)CCC2
C=C(CCC=O)CCCC(C)CC,0.5806451612903226,CCC(C)CCCCC=O
COCCCCOC,0.6666666666666666,CCCCCCCCCCOC
CC=CCC=CC,0.5263157894736842,CC=CCC=CC(C)=O
CCC(S)CCCC(C)CCCC(C)C,0.5,CC(C)CCCC(C)CCO
CCC(=O)C(C)CC(C)O,0.5454545454545454,CCC(=O)C(C)O
CCSCCCCOOC(=O)CC,0.3870967741935484,CCSCCCO
CC1CC(C)C2(C)CC(C(C)C)CCC2C1,0.5526315789473685,CC(C)C1CCC2CC(=O)CC(C)C2(C)C1
CC(=O)C1C=CCC1,0.375,CC(=O)C1CC=CCCCC1
CC1=CCC(C)=C1,0.36,CC1=CCC(C(C)C)=CC1
OCOCCCc1ccccc1,0.5769230769230769,OCCCc1ccccc1
Cc1ccc(C)c(C)c1C,0.42857142857142855,Cc1ccccc1C
CCCOC(CC)C(=O)OCCc1ccccc1,0.631578947368421,CCC(C)C(=O)OCCc1ccccc1
COCCCC(CO)COC,0.39285714285714285,CCCCC(CC)CO
C=CC(=C)CCCC(C)C=O,0.46875,C=CC(=C)CCCC(C)(C)O
CC1CCC(CC=S)C1(C)C,0.2619047619047619,CC1C(=O)CC23CC1C(C)(C)C2CCC3C
C1CC1,0.3333333333333333,C1CCNCC1
CC1=CC(C=CC=O)C=C1,0.29411764705882354,Cc1ccc(C=CC=O)cc1
CCC1C=CC=C1C,0.25,CCC1C=CC(=O)O1
C=CC(C)(C)C(N)CC(C)C,0.34375,C=CC(C)(O)CCCC(C)C
CCCC1=CCC(CC)C=C1,0.25,CCCCCC1=CCCC1=O
CC1C=CCC(C)C1=O,0.3333333333333333,CC(C)C1=CC(=O)C(C)CC1
CCCC1CCC2CCCCC2C1,0.39285714285714285,OC1CCC2CCCCC2C1
COc1ccc(C)nc1C,0.41379310344827586,COc1ncc(C)nc1C
CCCC(O)C1=CC=C(CC)CC1,0.29411764705882354,C=CC(O)CCC
CCCC(CCC)OCC,0.43478260869565216,CCCCCC(OCC)OCC
C1=COCCC1,0.3103448275862069,O=C1CCCCCCCCCC=CCCCO1
CCc1ccccc1C(C)S,0.5384615384615384,CCc1ccccc1S
CCCC1SC=C(C)C=C1C,0.2894736842105263,CCCC1CC(=O)C=C(C)C1
C=C(O)CCCCCCCCCCOCCCCCC,0.45161290322580644,CCCCCCCC(=O)OCCCCCC
CC=CC1=CC=CCC1,0.4444444444444444,CC1=CC=CCC1
CCCC(C)OCCC(C)C,0.5454545454545454,CC(C)CCOC(C)OCCC(C)C
C=C1CC(N)C2CC1C2(C)C,0.3939393939393939,C=C1CCC2CC1C2(C)C
CCOC(=O)C1(c2ccncc2)CC1CS,0.34615384615384615,CCOC(=O)C1(CC)OC1(C)c1ccccc1
CCC1C=CCC(C)C1,0.32142857142857145,CC1CC=CCC1
CCCc1ccccc1C,0.625,Cc1ccccc1CCO
COC1=CCC(C(C)O)C=C1,0.4,CC1=CCC(C(C)C)C=C1
CC(C)C(O)OC(C)(C)CCC1=CCCC=C1,0.2692307692307692,CC(C)C(=O)OC(C)(C)CCc1ccccc1
C=CCC1CC(C(=C)C)CCC1C,0.5151515151515151,C=C(C)C1CCC(C)C(O)C1
CCC1=CC=C(C)ON1,0.25806451612903225,CCc1ccc(C)o1
CCC(C)C(O)C(S)C(C)CO,0.52,CCC(S)C(C)CO
CCCC(=O)CCCCCCCCC(O)CCC,0.5185185185185185,CCCCCCC(=O)CCCCCC
CCC1CC(C)CCC1C(C)C,0.5172413793103449,CC1CCC(C(C)C)C(O)C1
CCCC(=O)CCCCCCC(C)C,0.56,CCCCCCC(=O)CCCCCC
C=C(CCC)OCCCCCCCC,0.5714285714285714,CCCCCCOC(=O)CCC
OCC1C=CCO1,0.27586206896551724,OCC1CCCO1
COC(=O)C1C(C)CCCC1(C)C,0.6764705882352942,CCOC(=O)C1C(C)CCCC1(C)C
CCCCCCCC(C)CCCCSCC,0.46153846153846156,CCCCCCCCCCCCCCCCCCCCC(C)C
CN(C)C1(C)CC(C)(CCC2C=CC=C2)C(O)O1,0.24,CC(C)=CCCC1(C)OCC(C)O1
COC1CC(C=O)C=CC1C,0.34210526315789475,COC1CC2CC1C1CC(C=O)CC21
CC1CCCC(c2cccnc2)C1,0.3333333333333333,CC1CCOC(c2ccccc2)C1
C=C(C(C)C)C(C)C,0.3333333333333333,CC(C)O
CC(C)CCC(C)C1C=CC=C1,0.2916666666666667,CC(C)CCN
CCC1=CCCC=C1,0.25806451612903225,CCC1=CCC(=O)O1
CCCCCC=C(C)C,0.5833333333333334,CCCCCC=C(C)C=O
C=CC(C)(C)CCCC(C)CCCCCC(=C)C,0.5,C=C(C)CCCC(C)CCO
CCCC(C)CCCC(O)CCC,0.4782608695652174,CCCC(O)CC
CC(C)CC1(C)CCCCS1,0.2564102564102564,CC(C)CC1CCCC(C)(O)C1
C1CNCOC1,0.35294117647058826,C1CCNC1
CC1CC2CCC(C)(C)CC2CC1C,0.45161290322580644,CC1CC2CC(C)(C)COC2CC1C
CC(C)C(O)Cc1ccccc1,0.6666666666666666,CC(O)Cc1ccccc1
CCCC(C)OCCC(C)CCCC(C)C,0.5666666666666667,CCOCCC(C)CCCC(C)C
C=C(OC)C(=O)C(C)CC,0.5384615384615384,CCC(C)C(=O)OC
CC1(C)C2CCC3(C2)C1CCCC3(C)C,0.4594594594594595,CC1(C)C2CCC3(C2)C1C(=O)CCC3(C)C
CCCC1C=C(CC)N=C1NC,0.23255813953488372,CCCC1C2C=CC(C2)C1C=O
CCC(C)(O)CC(C)C,0.56,CCCCCC(C)(O)CC(C)C
CCC=CCCNCCO,0.5652173913043478,CCC=CCCO
CCC=CCCCCCCCCCC,0.8235294117647058,CCCCCCC=CCCCCCCCCC
CCCC(=O)C(CC)C(C)O,0.48148148148148145,CCCC(=O)C(O)CCC
C=C(O)C1=CCCC=C1O,0.3333333333333333,O=C1CCC=C1O
CCCC(C)CCOC(C)=O,0.6551724137931034,CC(=O)OCCC(C)CCCC(C)C
CC1=CC(C)C(C)C=C1,0.3,CC1=CCC(C(C)C)C=C1
C=CC(C)(CCCC(C)C)CC(=O)Cc1ccccc1,0.47619047619047616,CC(C)CC(=O)Cc1ccccc1
CCCCCCOC(C)CCC,0.625,CCCCCCOC(C)OCCCCCC
OC1=CC2C=CCSC2CC1,0.21428571428571427,CC1=CC(C)C(CO)CC1
CC(C)C1CCCC(c2ccccc2)C1,0.325,CC1CCOC(c2ccccc2)C1
CCCc1ccccc1CO,0.6666666666666666,CCCc1ccccc1O
CCC1OC(C)C(O)C1O,0.2692307692307692,CCC1CCC(CC)O1
CC(C)C1CCSS1,0.3076923076923077,CC1SCCSS1
CC(C)CCC(CCC(C)C)C(C)C,0.3888888888888889,CC(C)CCN
CCC1CC2CCC1(C)C2(C)C,0.53125,CCOC1CC2CCC1(C)C2(C)C
CCOC(C)CC(C)C,0.6,CCOC(CC(C)C)OCC
C1=CN=CCC1,0.23809523809523808,C1=NCCC1
C=C(C)C(C)C(C)(C)c1ccccc1,0.42857142857142855,CC(C)(O)c1ccccc1
CCCC(CC)CCCSC,0.4782608695652174,CCCCSC
CC(C)C1C=CC=C2C=CCCC21,0.2682926829268293,C=C1C=CC(C(C)C)CC1
CCCC(C=S)c1ccccc1,0.3888888888888889,CCCCC(C#N)c1ccccc1
CCCCCC(C)(C)C,0.5,CCCCCC
CC(O)CC(C)CCOC(C)C,0.43333333333333335,CC(C)=CCCC(C)CC(C)O
C=CCCCCCCCCCCC,1.0,C=CCCCCCC
CCOCC(C=O)Cc1ccccn1,0.47368421052631576,CC(C)Cc1ccccn1
C=CC(C)(C=O)CCC(C)C,0.45161290322580644,C=CC(C)(O)CCCC(C)C
CC1CCC2C(CC(=O)C2C)C1,0.4411764705882353,CC1CCC2C(C1)OC(=O)C2C
CC1=CCCO1,0.32,CC1=CCC(=O)O1
C=CC(S)CCCC(C)(O)O,0.45161290322580644,C=CC(C)CCCC(C)(C)O
C=CC(C)C(S)CC,0.5652173913043478,CCC(S)C(C)C=O
CCC1(C)OCC(O)O1,0.4117647058823529,CCC1(C)OCC(C)(C)C(C(C)C)O1
CCCOC(C)OCCS,0.7368421052631579,CCCOC(C)OCCC
CC(C)C1CCCC1,0.5263157894736842,CC(C)C1CCC(O)CC1
CC1CC(c2ccccc2)CCN1,0.3783783783783784,CC1CCOC(c2ccccc2)C1
CCCC(=S)CCC,0.4117647058823529,CCCC(=O)CCC
CC(C)=CCCC1=CSCC(C=O)C1,0.5952380952380952,CC(C)=CCCC1=CCCC(C=O)C1
CCCC(=O)C=Cc1cccnc1,0.3953488372093023,CCOC(=O)c1cccnc1
CCCCC(CCC)OCO,0.41935483870967744,CCCCC(CC)OC(C)=O
C=C(O)CCC(=O)C(CC(O)CCC(N)C(C)=O)C(C)C,0.2619047619047619,CC(=O)C(O)CC(C)C
CCC1CCC(C)=CC1C,0.6785714285714286,CC1=CC(C)C(CO)CC1
CCC1CCCC(C)S1,0.3333333333333333,CCCC1OCCC(C)S1
OCCC1CCCCO1,0.56,OCC1CCCO1
CCOC(O)C1=CCC=C1,0.2857142857142857,CCOC(OCC)c1ccccc1
CC1=CCC(CO)=C1,0.3055555555555556,C=C(C)C1CC=C(CO)CC1
CC1CCC(=O)CC1C,0.5,CC1CCC(=O)CC1
CCCCCC(CCCCC)CC(C)C,0.5714285714285714,CCCCCCCCCCCCCCCCCCCCC(C)C
C=C(CCCC)CCCCCCC,0.5,CCCCCCC(=O)CCCCCC
CCCCCC(CCC)CCC,0.5,CCCCCCCCCCCCCCCCCCCCC(C)C
CC=CC(O)C1CCC(C)(C)CC1C,0.34210526315789475,CC(O)C1CCCC(C)(C)C1
CCCCNC(C)CCCC(C)C,0.48,CCCCCCCCCCCCCCCCCCCCC(C)C
CCCCCCc1ccccc1,0.6153846153846154,CCCCCCCCCc1ccc(O)cc1
CC1CCC2CCC(=O)CC2C1,0.5,CC(C)C1CCC2CC(=O)CCC2C1
CC1CCCC(C)C1C,0.3181818181818182,CC1CCCC(O)C1
C=CCC(C)CCc1ccccc1,0.6774193548387096,CC(CC=O)CCc1ccccc1
CCCC(C)CC1=C(C)CCN1,0.2857142857142857,CCCC(C)CC=O
CC(Cc1ccccc1)C(N)=O,0.5357142857142857,CC(O)Cc1ccccc1
CCC(CCCCO)Cc1ccccc1,0.48484848484848486,CCC(O)Cc1ccccc1
CC1CCC=C(C(C)(C)C)C1,0.3142857142857143,CC1CCC(C(C)(C)S)C(=O)C1
CC1=CCC(NS)C=C1,0.45161290322580644,CC1=CCC(C(C)C)C=C1
COC1CCC(C=O)=CC1O,0.36585365853658536,C=C(C)C1CC=C(C=O)CC1
CC1CCC2C(=CC(C)N2C)C1,0.3142857142857143,CC1CCC(C(C)C)C(=O)C1
Cc1ccc(O)c(C(C)C)c1,0.68,Cc1ccc(C(C)C)c(O)c1
CCCCCC(C)C1CC=CC=C1N,0.3055555555555556,CCCCCCCCCCCCCCCCCCCCC(C)C
CCC1(C)C(C)C(C)CC(C)C1C,0.30303030303030304,CCC1(C)C(C)C(=O)C=C(C)C1C
C=C1CCCC(C)(C)C1C=CC(C)C,0.5945945945945946,C=C1CCCC(C)(C)C1C=CC(C)=O
CCCC(=O)CC(CC(N)=O)C(N)=O,0.46153846153846156,CCCC(N)=O
CCCOC(C)(CS)CCC,0.3076923076923077,CCCC(C)(C)O
CCCCC1=C(C)CCC=C1,0.3488372093023256,CCCCC1OC(=O)C2=C1CCC=C2
C=C1CCC(C)CC1,0.5,CC1CCC(=O)CC1
C=C1CCC2CCOCC2O1,0.3055555555555556,O=C1CCC2CCCCC2O1
CCCCCC(CC)Cc1ccccc1,0.48484848484848486,CCCC(O)Cc1ccccc1
CC1C(=O)C(O)C(C)C1C,0.2962962962962963,CC1=C(O)C(=O)C(C)C1C
CCCCCCCN,1.0,CCCCCCN
OC(CSCC1C=C2C=CC=CC2C1)CC1=CC2CCCCC2CC1,0.1935483870967742,C1=CC2COCC2CCCCCCCC1
CC(=O)CCC(C)C1CCC(C)CC1,0.375,CC(=O)CCCC(C)C
C=C(C)OCCCCCCC,0.6,CCCCCCCOC(C)=O
CC=CC(=O)C1C(C)OCCC1(C)C,0.5526315789473685,CC=CC(=O)C1C(C)CCCC1(C)C
C=C(C)C(C)C(C)C,0.3333333333333333,C=C(C(C)C(C)O)C(C)C(C)(C)C
C=C(C)C1C=CC(C(C)C)C=C1,0.2571428571428571,C=C(C)C1C=CC(C)=CC1
CCCC(=O)CS,0.6470588235294118,CCCC(=O)CCC
CCC(C)Cc1ccccc1,0.5925925925925926,COCC(C)Cc1ccccc1
CCC(C)CCC(C)O,0.55,CCC(C)CCO
COCCSC,0.4666666666666667,CSCCSC
CCCC(CCC)c1ccc(C)cc1,0.4583333333333333,Cc1ccc(C(C)C)cc1
CCC(=O)C1CCCC1,0.48148148148148145,CCOC(=O)C1CCCCC1
C=CCCC=C=O,0.45,C=CCCC=O
CCC(O)C(C)(C(C)C)C(C)C,0.42105263157894735,CCC(C)O
C=C(CC)CCC(C)CC,0.5,CCC(C)CCC(=O)O
CC(O)C1CCC(O)C(O)C1,0.5217391304347826,CC(C)C1CCC(C(C)O)CC1
CC(CO)CC1C=CC2OCOC2O1,0.325,CC(C)CC1OCC(O)CO1
CCC(C)C(O)OC,0.46153846153846156,CCC(C)C(O)C(=O)OC
CC1CCOC1,0.3,CC(C)=CC1CC(C)CCO1
CC(C)CCCC(=O)C=Cc1ccccc1,0.575,CC(C)CCOC(=O)C=Cc1ccccc1
CCCC(O)CCCCO,0.5,CCCCCC(O)CC
C1=COCC(C2CC=CCC2)=C1,0.29411764705882354,CC1CC=CCC1
CCCCCOCCCCCC(OCC)OCC,0.7916666666666666,CCCCCCC(OCC)OCC
C=C(C)C(C)CC(C)=O,0.5238095238095238,CC(=O)CC(C)C
CCCOCSCCC,0.47368421052631576,CCCSCCC
CCC1=C(OC)C=CC(C(C)O)C1,0.2926829268292683,CC1=CCC(C(C)C)C=C1
CC(C)CC1C=CC=C1,0.36363636363636365,CC(C)CC1OC(CC(C)C)OC(CC(C)C)O1
CCCCCCCC=CC(C)=O,1.0,CCCCCCC=CC(C)=O
C=CC(C)CCCC,0.6363636363636364,C=CC(C)CCCC(C)C
CCC(=O)CCCOc1ccccc1,0.6060606060606061,CCC(=O)OCCOc1ccccc1
C=CCCCCCCOC,0.5357142857142857,C=CCCCCCCCCOC(C)=O
O=C(CC1CCCCC1)c1ccccc1O,0.5263157894736842,O=C(OC1CCCCC1)c1ccccc1O
CC1(C)CCC2CC1C2(C)C,0.6,CC1(S)CCC2CC1C2(C)C
C=C(C)CC(=O)OOC(C)C,0.4230769230769231,C=C(C)CC(C)=O
CC(C)CC(=O)c1ccccc1,0.5769230769230769,CCC(=O)c1ccccc1
CC(CC=O)C1C=CC(C(C)(C)C)=CC1,0.4,CC1=CCC(C(C)CC=O)CC1
CCCOCC(C)OC1CCCCC1,0.37142857142857144,CCOCOC1CCCCCCCCCCC1
CC1C=CSC1C,0.21739130434782608,CC1NC(C)SC(C)S1
CCOCC(C)CC,0.44,CCC(C)COC(C)=O
CC1(C)CCCC2CCC(C=O)CC21,0.34285714285714286,CC(C)(C)C1CCC(C=O)CC1
CCCC(C)CC(=O)CC,0.6521739130434783,CCC(=O)CC(C)CC
CCC=CC(O)O,0.4,C=CC(O)CC=CCC
CCCCC(CCC)CCC,0.5238095238095238,CCCCC(CC)CO
CCC(C)COC(C)C(C)O,0.42857142857142855,CCC(C)COC(C)=O
COC1C=CC(CS)C=C1,0.22580645161290322,COc1ccc(CS)cc1
CCCC(C)OC,0.4583333333333333,CCCC(C)OC(C)=O
CCC1=CCC(OC)=C(C)C1,0.2647058823529412,CCc1ccc(OC)cc1
C=C(C)C1CC2CCC1C2,0.4,C=C(C)C1CCC(C)CC1O
O=C(O)C1CCCS1,0.36,O=C(O)C1CCCCC1
CCC(C)C(O)CC(C)S,0.45,CCC(C)S
C=CC(C)(C)CCC=C(C)C,0.6538461538461539,C=CC(C)(O)CCC=C(C)C
c1ccc(CCCC2CCCCC2)cc1,0.5428571428571428,c1ccc(CCCC2CCCO2)cc1
CC=CCCC(O)CCCCCCC,0.5555555555555556,CC=CCCCCCC
C=C(C=CC)C(N)C(C)C(C)C,0.2727272727272727,CC=CC(=O)C(C)CC
CCCC1=CC(CC)C(CC)C1,0.23809523809523808,CCCCC1C=C(C)CC(C)O1
CCCCCCC(C)CCC=C(C)C,0.59375,CC(=O)CCCC(C)CCC=C(C)C
CCCC(CC(C)C)CC(O)C1C=C(C)C(C)CC1,0.28846153846153844,CC1=CC2C(=CC1O)C(C)CCC2C(C)C
CCCCC(=O)CCCOCC,0.52,CCCCC(=O)CC
CCC=CC(O)CCC,0.5,C=CC(O)CCC
CCOC1C=CCCC1CC,0.358974358974359,CCOC(=O)CC1C=CCC1
CC1=C(C)C(C)C(C)(C)C1,0.3333333333333333,CCC1(C)CC(=O)C(C)=C(C)C1C
C=CC(C)CCC,0.5454545454545454,C=CC(C)CCCC(C)C
CC=CCCCSC,0.5217391304347826,CSCCCC=O
C=CCCC(O)CCC,0.48,C=CC(O)CCC
CCC1=C(C)CCC1,0.5,CC=CCC1=C(C)CCC1
Cc1cccc(C(C)O)n1,0.5217391304347826,Cc1cccc(C)n1
CCCC(=O)C(CC)C(C)C,0.5,CCCC(=O)C(S)CC
CCC1=C(C)COC=C1,0.25,CCc1ccc(C)o1
C=C(O)CC(C)CCCC(C)C,0.5384615384615384,C=C(O)C(C)CCCC(C)C
C=C(C)C1CC(C(C)C)C=CO1,0.2926829268292683,C=CC1(C)CCC(C(=C)C)O1
CCCCCC(C)CCC,0.56,CCCCCC(C)CCC(=O)O
CC(C)=CCCC(C)CC(C)(C)C,0.7407407407407407,CC(C)=CCCC(C)CC(C)(C)O
CCCCCCCC(C)CC,0.6,CCCCCCCCCCCCCCCCCCCCC(C)C
C=CCCC(C)CCc1ccccc1,0.59375,CC(CCO)CCc1ccccc1
COC1C=CC(C)=N1,0.22580645161290322,COc1nccnc1C
CCC(C)C1=CCCS1,0.3142857142857143,CCC(C)c1nccs1
COCC=O,0.375,CCC=O
CC1(C)CCOCC1,0.2916666666666667,CC1(C)COC2(CCCCC2)OC1
CCCCCC(=O)CCCC(C)O,0.625,CCCCCCC(=O)CCCCCC
C=C(CC)C1OC1(C)CCC1C(C)=CCCC1(C)C,0.48936170212765956,CC(=O)CCC1C(C)=CCCC1(C)C
CCCCCCCCCCCOCC(C)=O,0.6428571428571429,CCCCCCCOCC(=O)CO
CC(C)CC(O)CCC(C)N,0.55,CC(C)CC(O)CC(C)C
CC(C)CCCC1CCCCC1,0.48484848484848486,CC(C)C(=O)OCCCC1CCCCC1
CC=CC1C=CC(CC(C)NCC)=C(OC)C1,0.20967741935483872,CC=Cc1ccc(OC(C)OCC)c(OC)c1
CC(O)CC(C)(C)C,0.5789473684210527,CC(O)CC(C)(C)S
CCOCCC1=CCCC1,0.34146341463414637,CC(C)OC(=O)CC1=CCCCC1
CCCCC(CCCC)COCC,0.4230769230769231,CCCCC(CC)CO
CCC1C=CC=CC1,0.23684210526315788,CCOC(=O)CC1C=CCC1
c1ccc(CCC2CCCC2)cc1,0.5,c1ccc(CCOC2CCCCC2)cc1
C=C(CCC)CCC(C)c1ccccc1,0.48717948717948717,CCCC(=O)OCC(C)c1ccccc1
CCCOCCCCC(C)C,0.5217391304347826,CCCCCCCCCCCCCCCCCCCCC(C)C
C=C1CC(C)(CC)CO1,0.2571428571428571,CC1CC(C)(C)CC(=O)O1
C=CC(=C)CC,0.45,C=CC(=O)CC
CCCC(=O)CC(O)OCC,0.4583333333333333,CCCC(=O)CCC
C=CCC=CCCC(O)CC,0.4166666666666667,C=CCC=CCCC(=O)OCC
CC(=O)CC1CCC2C(C)(C)C3CC12CCC3C,0.42,CC(=O)C=C1CCC2C13CCC(C)C(C3)C2(C)C
CCC1CCCS1,0.28,CCC1CCC(CC)O1
CCCCCC1CCCOC1O,0.5625,CCCCCC1CCCC1O
C=CC=C(C)CCC=C(C)CC,0.5161290322580645,CCC(C)=CCCC(C)=CC#N
CCc1ccc2ccccc2c1,0.5,CCOc1ccc2ccccc2c1
CCCC(O)CCC(C)C,0.55,CCCC(O)CC
C=C(OCCC(C)C)C(C)C,0.56,CC(C)CCOC(=O)C(C)C
CCCCCC(C)CO,0.5454545454545454,CCCCCC(C)O
CC(C)CCCN,0.7333333333333333,CC(C)CCN
C=CC(C)CCCCC,0.6086956521739131,C=CC(C)CCCC(C)C
CCCCCC(C)Cc1ccccc1,0.5,CCCC(O)Cc1ccccc1
CCCC(C)CC(CC)CCCO,0.5185185185185185,CCC(C)CCCO
CC=CCC,0.4117647058823529,CCC=CCO
CC(C)CC1CC(CC(C)C)NC(CC(C)C)C1,0.3448275862068966,CC(C)CC1SC(C)NC(C)S1
CC1CC(CS)C(=O)C1O,0.27586206896551724,CC1CC(C)C(=O)C1=O
CCCOCCCCCCCCCCCCCCCC(C)=O,0.6,CCCCCCC(C)=O
C=CCOC(O)CC,0.4482758620689655,C=CCOC(=O)C(CC)CC
CCC1=CC=CC1,0.3076923076923077,CC1=CC=CCC1
C=C(CC)C(O)c1ccccc1,0.5,CCC(O)c1ccccc1
CC(C)CCCC1CCC(C)(CO)CC1,0.3548387096774194,CC(C)CCCO
Cc1cccc(CCC(C)C)c1,0.5862068965517241,Cc1cccc(CCO)c1
CCC(C)CC(=O)OC,0.64,CCOC(=O)CC(C)CC
CCCCC1=CC=CC1,0.3142857142857143,CCCCc1ncc(C)nc1C
C=C1CCCC(C)(C)C1C(=O)CC,0.6111111111111112,C=C1CCCC(C)(C)C1C(=O)OC
CC(O)OCCCc1ccccc1,0.5882352941176471,CC(C)C(=O)OCCCc1ccccc1
C=CCCCOCCCCCCCCCC,0.6521739130434783,C=CCCCCCC
CCC(CC)C(C)C,0.4,CCC(C)O
CCC(C)C1=C(C)OCCC1,0.3125,CC1=C(S)CCO1
CCC(C)CC1CCCC1,0.3333333333333333,CCC(C)CN
CCCC(C)N,0.5333333333333333,CCC(C)N
CCc1cccc(C)c1,0.5769230769230769,Cc1cccc(CCO)c1
C=CCC1=CC(OC)C(OC)=CC1,0.325,C=CCc1ccc(OC)cc1
CC1CCCC(C)(C)C1C=O,0.4444444444444444,CC=CC(=O)C1C(C)CCCC1(C)C
CCOC(C)CC1(C)CCC(C)C1,0.34375,CCOC(C)CC
CC(C)=CCCc1ccco1,0.5483870967741935,CCCCc1ccco1
CC(Cc1ccccc1)OCc1ccccc1,0.5517241379310345,CC(C)COC(Cc1ccccc1)OCC(C)C
CCC1CCc2ccccc21,0.5,COC1CCc2ccccc21
CSCOSC,0.3125,CCSC
CCCCCCCCCCC1CCC(C)O1,0.6,CCCCCC1CCC(O)O1
CCC(C)C(C)S,0.5333333333333333,CCC(C)S
CCC(O)C(C)S,0.47058823529411764,CCC(C)O
CC1=CC(C)C(C=CC(C)O)C(C)C1,0.5945945945945946,CC(=O)C=CC1C(C)C=C(C)CC1C
CCCCCCCCC(C)C,1.0,CCCCCCCCCCCCCCCCCCCCC(C)C
CCCOC1C=CCC1,0.34210526315789475,CCOC(=O)CC1C=CCC1
CC=CC(C)OC(C)(C)Cc1ccccc1,0.4878048780487805,CC=CC(=O)OC(C)(C)Cc1ccccc1
CC(=O)CCC1CCC(C)CC1C,0.5588235294117647,CC(=O)OCC1CCC(C)CC1C
CC(C)OCCC(C)c1ccccc1,0.5333333333333333,CC(C)OCCc1ccccc1
CCCCCCCOC(O)CCc1ccccc1,0.5384615384615384,CCCCOC(C)OCCc1ccccc1
CCc1ccc(CO)cc1OC,0.6129032258064516,COc1cc(CO)ccc1O
CC1C=CCC(C)C1,0.375,CC1CC=CCC1
C=CCCCCCCCC(=O)CCC,0.6071428571428571,C=CCCCCCCC(C)=O
CSC=CC(C)C,0.3888888888888889,CC=CSC
C1CSCCSC1,0.7,C1CCSC1
C=CCCNCCSCC=C,0.4444444444444444,C=CCSCCC
CCCCC(O)C1=CC=CC1,0.3793103448275862,CCCCC(C)O
CC(=O)CCC(=O)C(C)CCOO,0.4411764705882353,CC(=O)CCC(=O)OCCC(C)C
CCC(C)C,0.5,CCC(C)O
CCC(C)CC(C)C(C)O,0.42857142857142855,CCC(C)CO
CCC(C)C1CCC(C)C(C)=N1,0.42857142857142855,CCC(C)C1N=C(C)C(C)S1
CC=CCCCC,0.7777777777777778,CC=CCCCCCC
CCC(C)CCC(C)C1=CCC=CC1C,0.2777777777777778,CCC(C)CCO
C=CCC(C)c1ccccc1,0.6296296296296297,CC(CC=O)c1ccccc1
C=C(CCCCCC)OCC=O,0.4857142857142857,C=CCOC(=O)CCCCCC
CC(C)CCCC(C)CC1CC(C)CC(C)(C)C1,0.35135135135135137,CC1CC(O)CC(C)(C)C1
C=C(CC)CCCC(C)C,0.46153846153846156,CC(C)CCCC(=O)O
CCCC(C)C(=O)CC,0.5909090909090909,CCCC(C)C(=O)O
CC(O)S,0.6363636363636364,CC(O)C(C)S
CCC(C)CCCC(C)OCC=C(C)C,0.41025641025641024,CCC(C)CCCC(C)(C)OC(C)=O
CCC(C)(C=O)SC1C=CC=C1,0.2631578947368421,CCc1ccc(CC(C)(C)C=O)cc1
C=CCCCC1CCCC(=O)C1,0.5128205128205128,C=CCCCC1CCCC(=O)O1
COC1C=C(C(C)C)C=CC1C,0.2647058823529412,CC1C=CC(=O)O1
CCCCC(O)CCCc1ccccc1,0.53125,CCCC(O)Cc1ccccc1
CCCCC1CCC(C)O1,0.5333333333333333,CCCCCC1CCC(O)O1
COC(C)C1CCCC=C1NCC1CCC(C)CC1C,0.3191489361702128,CC1CCC(CO)C(C)C1
CNC(C)CC(C)O,0.47368421052631576,CC(C)CC(C)O
CC1C=CC2=CC=CCC21,0.24242424242424243,CC1=CC=CCC1
CC(C)C1CCC(C)(C)CC1C,0.36363636363636365,CC(O)C1CCCC(C)(C)C1
C=C(CC)CCCCC,0.48,C=C(CCCCC)C(C)=O
CC1CCC(CCCCCO)OC1,0.3783783783783784,CCCCCCCC1CCCO1
CCCCC(CCC)C(C)C,0.45454545454545453,CCCCC(C)O
CC(OCC=Cc1ccccc1)c1cccnc1,0.4444444444444444,CC(C)C(=O)OCC=Cc1ccccc1
CCCC(O)C(CC)CCC,0.47619047619047616,CCCC(O)CC
CC(C)=CCCC(C)C(C)C,0.6086956521739131,CC(C)=CCCC(C)O
CCCOC(O)CC,0.5,CCC(O)OC(O)CC
C=CC1=NC=CNC1,0.2571428571428571,C=Cc1ncc(C)nc1C
CC1Cc2ccccc2CC1C,0.38095238095238093,c1ccc2c(c1)CCC2
CCC=CCCCC(=O)C1C=CC=CC1C,0.4722222222222222,CCC=CCCCC(=O)O
C=C(CCCCCCCC)OC,0.5384615384615384,CCCCCCC(=O)OC
C=C(COOC(C)=N)c1ccccc1,0.4358974358974359,C=C(CCOC(C)=O)c1ccccc1
CC(C)C(O)OCCCc1ccccc1,0.5555555555555556,CC(C)C(=O)OCCCc1ccccc1
C=C(CCOCCCC)OCCC(C)C,0.5,CCCCC(=O)OCCC(C)C
C=C1C(O)C(C)CCC1C(C)C,0.3939393939393939,CC1CCC(C(C)C)C(=O)C1
CCCCCCCCCC(C)CCC,0.6,CCCCCCCCCCCCCCCCCCCCC(C)C
C=CC(C)=N,0.3181818181818182,C=CC(C)=CCC=C(C)C
CCCCCCCCCOC(C)C,0.7142857142857143,CCCCCCOC(C)OCCCCCC
C=C(CCC)CCSC,0.42857142857142855,CCCSC
CCC(=O)C(C)CC,0.5789473684210527,CCC(=O)C(C)C
CCCC1CCC(O)O1,0.7307692307692307,CCCCCC1CCC(O)O1
CCCC(CCC)C1=CCC=CN1,0.24242424242424243,CC1=CCC=CC1
COC(O)CCC(C)C,0.38461538461538464,COC(=O)CCC(C)C
CCCC=CC(CC)CO,0.44,CCCC=CCCO
C=C(O)CC(C)CCC,0.391304347826087,CCCC(C)O
CC(=O)C1CCCC1,0.56,CC(=O)C1CC=CCCCC1
CC(C)CCCCCS,0.5555555555555556,CC(C)CCS
CSC=CCC1NCC(=O)C1C,0.29411764705882354,CCC=CSC
CCC(=O)CCSOC(=O)OC,0.39285714285714285,CCCC(=O)CC
C=C(C)C(C)C,0.42857142857142855,CC(=O)C(C)C
CCCCC(S)CC,0.5416666666666666,CCCCC(S)CCOC
CC(C)CCC(CO)CC(C)O,0.45454545454545453,CC(C)CC(C)O
CCOCCCCC(C)CC,0.5357142857142857,CCOCCC(C)CCCC(C)C
CCOC(O)CC(C)CCCC(C)C,0.4838709677419355,COC(CC(C)CCCC(C)C)OC
C=C(C)C=CC1C(C)CCOC1(C)C,0.375,C=C(C)C=CC1CC(C)CO1
SC(Cc1ccccc1)OCCc1ccccc1,0.5666666666666667,CC(C)OCCc1ccccc1
NCCCCCCC=CCO,0.5833333333333334,CCCCCCC=CCO
CCSC(O)C(C)OCO,0.3793103448275862,CCSC(C)CCO
CCCN(C)CCC(C)O,0.5,CCCC(C)O
CCCSCC(C)C,0.5294117647058824,CCCSCCC
C=CC(C)(CCC=C(C)C)CC(=O)c1ccccc1,0.5869565217391305,C=CC(C)(CCC=C(C)C)OC(=O)c1ccccc1
C=C(C)C(=O)CCC(C)C,0.5,CC(C)CCC(=O)O
CC1CCC2C=CC=CC12,0.25,CC1C=CCCC1
CCCC(CCC)CCC,0.4375,CCCC(C)O
C=C(OCC)C(C)CCC(C)CCC,0.45161290322580644,CCCC(C)C(=O)OCC
CCCC(=O)C(C)C1C=CC=CC1,0.32432432432432434,CCCC(=O)C(O)CCC
CC1=C(O)CC(C(C)C)=CC1,0.4482758620689655,CC1=CCC(C(C)C)=CC1
CCCCC(C)C(C)CC,0.47619047619047616,CCCCC(C)O
C=C(O)CCC,0.4444444444444444,CCCC(=O)O
C=CC1=CC(CC)C=C1,0.2571428571428571,CCC1C=CC(=O)O1
CNC1CC=CS1,0.20689655172413793,CC1CC=CCC1
C=C(CCC)CCC1=CC=S(C)OC1,0.22,CCCC(=O)OCCc1ccccc1
CC(C)C(O)COCc1ccccc1,0.5185185185185185,c1ccc(COCc2ccccc2)cc1
CCC1C=C(CO)CC1,0.3888888888888889,C=C(C)C1CC=C(CO)CC1
CCC1C=NC(C)=C(C)O1,0.3333333333333333,CCC1C=CC(=O)O1
CCCCOCC(CC)CC(C)=O,0.4444444444444444,CCCCC(CC)COC(C)=O
CC1CCC2(CC1)C(C)CCC2C(C)(C)C,0.36585365853658536,CC1=CCC2(CC1)C(C)CCC2C(C)(C)O
CCCCC(O)C(C)CC(C)(C)CC,0.5714285714285714,CCCCC(O)C(C)CCC
NCC1C=CC(C=O)C1,0.2631578947368421,CCCC1C2C=CC(C2)C1C=O
CCCCCCCCCC(=O)CCC,0.8888888888888888,CCCCCCC(=O)CCCCCC
CCC(C)C1CCC(C)(C)C1,0.4375,CC(O)C1CCCC(C)(C)C1
CC(C)C1(C)CCC23CC1C(C)(C)C2CCC3C,0.6,CC1CCC2C(C)(C)C3CC12CCC3(C)O
CCCCCC=CCCC(CCC)CCC,0.5909090909090909,CCCCCCC=CCCCCCCCCC
CCCOC(C)CCC1CC=CCC1,0.3142857142857143,CCCOC(C)OCCC
CC1=CC=CC1CS,0.21875,Cc1ccc(CS)o1
CCC(=O)CCc1ccco1,0.6774193548387096,CC(=O)CCc1ccco1
CCC(CCC1C(C)CCCC1(C)C)CC(C)=O,0.6190476190476191,CCC(O)CCC1C(C)CCCC1(C)C
CCCCCCC1CC(CS)CO1,0.4878048780487805,CCCCCCC1CC(OC(C)=O)CO1
C=C(CCC)CCCO,0.45,CCCCO
CCC(=O)CCCCCOOC,0.5555555555555556,CCCCCCCC(=O)CC
CCCCCOC(C)C(C)CC,0.56,CCCCCCOC(C)OCCCCCC
CC(C)COC(C)Oc1ccccc1,0.6785714285714286,CCOC(C)Oc1ccccc1
CCCOCC,0.5384615384615384,CCOCC
CCC1=COC(C)O1,0.2727272727272727,CCC1=C(O)C(=O)C(C)O1
CC1CC(C)OC(C)C1,0.42857142857142855,CC1CC(S)C(C)O1
CCCCC(CC)CCC(O)C(CC)CCCC,0.5,CCCCC(CC)CO
CSCC1OCC(C)CC1C,0.2972972972972973,CSCCC1OCC(C)O1
CC1CC(C)C(C)C1,0.36363636363636365,CC1CCC(CO)C(C)C1
CCC1(C)C2(C)CCCC1(C)CC2,0.5652173913043478,CCC1(O)C2(C)CCCC1(C)CC2
CCCCC(C)CCO,0.6363636363636364,CC(C)CCCC(C)CCO
CCCCCC(C)CCCC(S)CCC,0.52,CCCCCC(C)S
COC1=CC(C=O)=CCC1CC(=O)C(C)C,0.28846153846153844,COc1cc(C=O)ccc1OC(=O)C(C)C
CCCOCCC(=O)CO,0.45161290322580644,CCCCCCCOCC(=O)CO
COCCC(O)C(C)O,0.3448275862068966,CCCCC(S)CCOC
COC(O)C1=C(C)CCOC1,0.22857142857142856,CC1=C(S)CCO1
CCCC=CCCC(C)C,0.46153846153846156,CC(=O)C=CCCC(C)C
CCCCCCCC1SC1CC,0.4,CCCCCCC
CC1=CCCC1,0.8235294117647058,CC1=CCCCC1
COC(C)C1=C(C=CC2CCC(CCC=C(C)C)CC2)CCC=C1,0.296875,C=C1C=CC(C(C)CCC=C(C)C)CC1
C1=CCC(CC2=CCCCC2)C=C1,0.3111111111111111,CC(C)OC(=O)CC1=CCCCC1
CCC(C)CCC(C)OCCC(C)C,0.48,CC(C)CCOC(C)OCCC(C)C
CCCCSCC(C)OC,0.4782608695652174,CCCCSCCCC
CCCCOC(C)CCC(C)CC,0.5,CCCCOC(C)OCCCC
CC1CCC=CC1C=O,0.35294117647058826,CC1C=CCCC1(C)C=O
CC(C)CC1CCC(S)CO1,0.4117647058823529,CC(C)CC1CC(C)CCO1
CCc1ccc(C=CC(C)C)cc1,0.5,CCc1ccc(C=O)cc1
C=CCC1C=C(O)C(OC)CC1,0.27906976744186046,C=CCc1cc(OC)c(O)c(OC)c1
CC(C)CCC(=O)CCC(C)O,0.5217391304347826,CC(C)CCC(=O)O
C=C(O)C1C=C(O)C(S)=CC1,0.2894736842105263,C=C(C)C1C=CC(C)=CC1
CC(CO)CCC1C(C)CCCC1(C)C,0.7142857142857143,CC(O)CCC1C(C)CCCC1(C)C
CCCCCC1CCC(=O)C1C,0.5757575757575758,CCCCCC1C(=O)CCC1C
CCOC1CC=CC=C1CC,0.2553191489361702,CCOC(=O)C1C(CC)=CCCC1(C)C
CCCC=C1CC2C(CC1C)C2(C)C,0.6216216216216216,CC1CC2C(CC1=CCC#N)C2(C)C
CCCC(=O)C(=O)OCC,0.5652173913043478,CCCC(=O)OCC
Cc1ccc(C(C)C)nc1,0.5,Cc1cnc(C(C)C)cn1
CC(C)CC(O)O,0.6,CC(C)CC(C)O
C=C1C=C(C)C(=C)C(C)(C)C1,0.3548387096774194,CC1=CC(=O)CC(C)(C)C1=O
CCC(C)(OO)C(C)C,0.3333333333333333,CCC(C)(CCCC(C)C)OC(C)=O
CCCCOC(C)CCCOC,0.5,CCCCOC(C)OCCCC
CCCCOC(C)CCc1ccccc1,0.6764705882352942,CCCCOC(C)OCCc1ccccc1
CCCc1cc(C=O)ccc1O,0.5333333333333333,O=Cc1ccc(O)c(O)c1
CCCOCOCCCCCCC(C)C,0.52,CCCCCCCCCCCCCCCCCCCCC(C)C
CCC(=O)C(C)CCC1C=CC=C1,0.3793103448275862,CCC(=O)C(C)C
CCC1CCC(C)CC1(C)C,0.3,CCC1OCC(C)(C)CO1
CC(C)CCCc1ccccc1,0.5862068965517241,CC(C)CCOCCc1ccccc1
CCCC(C)C(C)NC(C)COC,0.3333333333333333,CCCC(C)C(=O)OC
C=C(CCCCC)OC(C)C,0.5714285714285714,CCCCCC(=O)OC(C)C
C=CCCC(=C)C(C)C,0.44,C=CCCC(C)=O
CCCCCCCOC(=O)OC(C)C,0.6206896551724138,CCCCCCOC(=O)C(C)C
CC(=O)OC1=CC2CC1C1CCCC21,0.4090909090909091,CC(=O)OC1=CCC2C3CCC(C3)C12
O=C1CCCCCO1,1.0,O=C1CCCCCCCCCCCCCCCO1
CC(=O)C(S)CC(=O)O,0.5454545454545454,CCC(S)C(C)=O
CC1=CC(O)CC1,0.5,CC1=CC(O)C(C(C)C)CC1
CC1CCCC2(C)CCC(C(C)(C)O)CC12,0.5,C=C1CCCC2(C)CCC(C(C)(C)O)CC12
CCOC(=O)C1=CC=C(C)CC1C,0.3783783783783784,CCOC(=O)c1ccccc1
CC(CO)C(C)CS,0.5263157894736842,CC(O)C(C)CS
OCCc1ncco1,0.3548387096774194,CC(=O)c1ncco1
CC(O)CC(C)(C)Cc1ccccc1,0.5862068965517241,CC(C)(CO)Cc1ccccc1
CCCCC(CC=N)SC,0.6428571428571429,CCCCC(CC=O)SC
CC1CCC(C)N1,0.3684210526315789,CC1CCCCN1
CCC1CCOC1C,0.44,CC1OCCC1S
C=CCCC(C)C(C)CC,0.34615384615384615,C=CCCCCCC
CC1CC(=O)C(O)C1C,0.3333333333333333,CC1CC(=O)C(=O)C1C
CCCC(C)SCC(=O)C(C)CCC,0.4642857142857143,CCCC(C)C(=O)O
CC1=C(N)C(N)C(O)C(C(O)CC2CCCCC2C)=C1S,0.22807017543859648,CC(O)C(C)CC1C(C)CCCC1(C)C
CCC(C)(CCc1ccccc1)CC(C)C,0.5294117647058824,CCC(C)(O)CCc1ccccc1
CC(C)CCCC1C=CCC=C1,0.32142857142857145,CC(C)CCCO
CC(C)CCC(C(C)C)C(C)CC(C)C,0.32142857142857145,CC(C)CC(C)CCCC(C)O
CC(=O)C1=CC(C)=CC1,0.32432432432432434,CC(=O)C1=CCC2C=CCC2C1
C=CC(C)C1CCC(C)CC1,0.3448275862068966,CC(C=O)C1CCCCC1
C=C(C)C(C)CC,0.42857142857142855,CCC(C)C(=O)O
CCC1CC(C)CC(C)C1,0.2608695652173913,CCC1CCC(CC)O1
CCC(C)C(S)CCCC(C)C,0.4,CCCCCCCCCCCCCCCCCCCCC(C)C
Cc1cc2c(cc1C(C)C)C(C)(C)CC(C)C2(C)C,0.5609756097560976,CC(=O)c1cc2c(cc1C)C(C)(C)C(C)CC2(C)C
C=C(C=CO)NCCc1ccccc1,0.3870967741935484,OCCc1ccccc1
C=CCC(CC)CCC,0.38461538461538464,C=CC(O)CCC
CC(C)=CCCC(C)CCCC(=O)c1ccccc1,0.6136363636363636,CC(C)=CCCC(C)CCOC(=O)c1ccccc1
CCCCC(CC)C1CCCO1,0.5625,CCCCC(CC)C1OCCO1
COCCCCC(C)=O,0.5217391304347826,CCCCCC(C)=O
CCCC(C)CCc1ccccc1,0.6785714285714286,CC(CCO)CCc1ccccc1
C=CCCC(C)C(C)C,0.34615384615384615,CC(C)C(C)CCC(C)(C)O
CCC1CCC(C)N1O,0.25925925925925924,CCC1CCC(CC)O1
CCNCCCCCC(O)CC(C)C,0.4074074074074074,CC(C)CC(O)CC(C)C
C=CC(=O)CCO,0.5714285714285714,C=CC(=O)CCC
CC(N)CCC1C=CC(C)CC1,0.2647058823529412,CC1C=CCCC1
CCCCCC1C(C)CCC1CC(=O)OC,0.5454545454545454,CCCCCC1C(=O)CCC1CC(=O)OC
CC(O)CC1CCCCCCOCCCC1,0.3333333333333333,CC(CO)C1CCCCC1
OCOC1CCCCS1,0.26666666666666666,OCCC1CCCCC1
CCCOCCCCCC(C)CC,0.45161290322580644,CCC(C)CCCCCCC=O
CC(CC1CCCCC1)CN1C=CCC=C1,0.26666666666666666,CC(C)C(=O)OCCCC1CCCCC1
CCSCCCCCCO,0.7894736842105263,CCSCCCO
CC1CCC(C(C)O)C1,0.5217391304347826,CC(C)C1CCC(C(C)O)CC1
CC(C)CC(O)CCO,0.6111111111111112,CC(C)CC(O)CC(C)C
CC(O)OC1CCCC1C,0.3076923076923077,CC(O)CCC1C(C)CCCC1(C)C
CCC1CC(C)CC=C1C(C)C,0.3157894736842105,CC1CC=C2C(C1)OC(=O)C2C
CC(C)CC(O)c1ccccc1,0.6,CCC(O)c1ccccc1
C=CC1CCC(OCC)C(OC)C1,0.28205128205128205,CCC1CC2CC1CC2OC
CCC1CCC(C)C1,0.37037037037037035,CC1CCC(CO)C(C)C1
CC1CCC2CCC(S)CC2C1,0.2903225806451613,CC1CCC(CO)C(C)C1
CC1=CC2COCC2C=C1,0.3142857142857143,C=C(C)C1C=CC(C)=CC1
CCC1C=CC(C)CC1,0.3333333333333333,CC1C=CCCC1
CCCCCCCCCC(C)C(CCC)CCC,0.5454545454545454,CCCCCCCCCCCCCCCCCCCCC(C)C
CC1CCCC(C)C1,0.6111111111111112,CC1CCCC(O)C1
CCCC(O)CCOC,0.5,CCCC(O)CC
CC=C(C)C(=O)OCCCc1ccccc1,0.8181818181818182,CC=C(C)C(=O)OCCc1ccccc1
C=CC(C)CCCC(C)CCCC(C)C,0.8571428571428571,C=CC(C)CCCC(C)C
C=C(CCCCCCCCC)CC(C)=O,0.6,CCCCCCC(C)=O
CC(CO)CCCC(C)CCC=O,0.47058823529411764,CC(C)=CCCC(C)CCCC(C)C=O
C=C1C(C)=CCCC1C(C)C,0.34146341463414637,C=C1C=CC(C(C)C)CCC(C)=CCC1
CCSC1=C(C)CCC(OC)C1,0.27906976744186046,C=C(C)C1CCC(C)=C(OO)C1
CCC(=O)C1C=CC=C1,0.3333333333333333,CCC(=O)O
CCc1ccccc1OC,0.6296296296296297,CCOCc1ccccc1OC
CCCCCCCCOC(=O)CCc1ccccc1,0.7777777777777778,CCCCCCC(=O)OCCc1ccccc1
CC1CCSC(C2C=CCCC2)O1,0.38235294117647056,CC1C=CCCC1
CC1(C)C2CCC(C2)C1(C)C,0.631578947368421,CC1(C)C2CCC(C2)C1(C)O
C=C1CC(CC)C(C)C1O,0.25,C=C1C2CC3CC1C(O)C(C2)C3C
CSOC(C)C(C)CCO,0.375,CC(C)CCO
C=CCC1=CC(CC)C(CC(=O)CC(C)C)C=C1,0.3103448275862069,C=CCc1ccc(OC(=O)CC(C)C)c(OC)c1
CC(C)COC=Cc1ccccc1,0.5277777777777778,CC(C)COC(=O)C=Cc1ccccc1
CC(C)C=CC(C)C,0.4666666666666667,CC(C)C=CC=O
CC(=O)CC1CC2CCC1(C)OC2(C)C,0.55,CC(=O)OC1CC2CCC1(C)OC2(C)C
CCOCCC(=O)OC,0.5714285714285714,COC(=O)CCC(=O)OC
C=CC=CC=C,0.5833333333333334,C=CC=CC=O
CCCC(C=O)CC(C)CC,0.46153846153846156,CCCC(C)C=O
CCCC(CCC)SC,0.7368421052631579,CCCC(CCO)SC
CCc1ccc2c(c1)OCC2,0.38235294117647056,CCc1ccc(OC)c(OC)c1
O=CC1=CCC2OCCC2=C1,0.2857142857142857,CC1OCCC1=O
CC1OCC2CC1C2(C)C,0.42857142857142855,CC1CCC2CC1C2(C)C
CCCC(O)CC(CC)CCC(C)C,0.48,CCCC(O)CC
CCC(C)C(O)CCC(C)C,0.4230769230769231,CCCCC(O)C(C)CCC
CC(=O)Cc1ccc(CCC(C)O)cc1,0.5862068965517241,CC(O)CCc1ccccc1
CC(C)CC1CCCCC1C,0.3333333333333333,CC(C)CC1CC(C)CCO1
C=CC(C)(C)OCC=C(C)C,0.41935483870967744,C=CC(C)(O)CCC=C(C)C
CC1CCC(C)(C(C)C)CC1,0.3125,CC1CCC2(CCC(=O)O2)CC1
CCCCCCC(O)OO,0.5416666666666666,CCCCCCCC(C)O
C=C=CCC=C,0.2857142857142857,C=CCCC=O
CCC1C=CC=C1,0.25925925925925924,CCC1C=CC(=O)O1
CC(=CCCC=O)CCCC(C)C,0.5483870967741935,CC(C)=CCCC(C)=CCCC=O
CCC(S)C(O)OCCc1ccccc1,0.5294117647058824,CC(C)OCCc1ccccc1
CC1OCCC(C)(C)C1C=O,0.3333333333333333,CC1OCCC(C)(C)S1
CC1CC(C)(C)CC(=O)C1O,0.40625,CC1CC(C)(C)CC(=O)O1
CCCCCCCC(=O)C(C)C,0.8095238095238095,CCCCC(=O)C(C)C
CCOC(N)C(C)C,0.47368421052631576,CCOC(C)OCC
CC(C)C1CCC(OO)CC1,0.5217391304347826,CC(C)C1CCC(O)CC1
CC1=CC=CC(O)C1C,0.26666666666666666,CC1=C(O)C(=O)C(C)C1C
NCCC1C=CC(O)=CO1,0.25,CCC1C=CC(=O)O1
CC(C)OC(C)S,0.38461538461538464,CC(C)S
CCCC(C)C(C)SC,0.38461538461538464,CCCC(CCO)SC
CCCCCCCCC(C)CC,0.6,CCCCCCCCCCCCCCCCCCCCC(C)C
CCCCC1=CC=CCC1,0.41379310344827586,CC1=CC=CCC1
CCCCSC1=CCC=C1C,0.3333333333333333,CCCCSCCCC
CCCCOCCC(=O)CCC,0.5454545454545454,CCCC(=O)CCC
CCC(C)C(S)CC,0.631578947368421,CCC(S)C(C)CO
C=CC(C)(C)CCCC(C)C,0.6538461538461539,C=CC(C)(O)CCCC(C)C
OCCCCCCCO,0.6153846153846154,CCCCCCCCO
CCCC1=C(C(=O)CC)C=CCC1,0.3,CCC(=O)C1=NCCC1
C=CCCCCCCCC(C)O,0.52,CCCCCCCC(C)O
C=C(OC(CC)CCCCC)C(C)=CC,0.6571428571428571,CC=C(C)C(=O)OC(CC)CCCCC
O=CC1C=CCC1,0.3142857142857143,CCOC(=O)CC1C=CCC1
CC(O)CC(O)OC1CC(C)CCC1C(C)C,0.5609756097560976,CC(O)CC(=O)OC1CC(C)CCC1C(C)C
CCOCCCCCC(O)C(C)CC,0.40625,CCCCC(O)C(C)CCC
CC1CC(C)NC(C)C1,0.2727272727272727,CC1CCCCN1
CCC(C)C1CCCCCCCCCCO1,0.3611111111111111,CCC(C)C1CCCCC1=O
COCO,0.3888888888888889,COCCOCCO
C=C(CC)CCCCCCCCC,0.5,CCCCCCCC(=O)CC
CCC(C)CCCCCCCCCCCCCO,0.8,CCC(C)CCCO
CCCCC(CC)CCCO,0.6818181818181818,CCCCC(CC)CO
Cc1ccn(C(C)C)c1,0.3076923076923077,Cc1ccc(C(C)C)cc1
C=CCCC(C)C(CC)CC,0.3333333333333333,C=CCCCCCC
C=CCCCNC,0.43478260869565216,C=CCCCCCC
CC(C)CCCC(CCCC(C)C)CC(C)C,0.42857142857142855,CC(C)CCCO
C=C(CC)C(C)CCCCCC,0.5,CCCCCCCC(C)O
CCCC(C)CCC(C)CC,0.5,CCC(C)CCO
CCCCCCCCC(=O)CCC,0.8888888888888888,CCCCCCC(=O)CCCCCC
COC(O)C=C(C)C,0.3333333333333333,C=CC(C)(C)C(O)C=C(C)C
CCC(C)CC1C=CC2C3C=C(CC3)C12,0.23404255319148937,CCC(C)C1CCCCC1=O
CCCCCCCCC(CC(C)=O)C(C)CCC,0.45714285714285713,CCCCCCC(C)OC(C)=O
CCCCCCCCCCCCCCCC(C)O,1.0,CCCCCCCC(C)O
CCC(CC)CCCCCCSC,0.5217391304347826,CCCCCCCCSC
C=Cc1cccnc1,0.4782608695652174,C=Cc1ccccc1
c1ccc2c(c1)CCCC2,0.8571428571428571,c1ccc2c(c1)CCC2
CCCCCCCCCC(O)CC,1.0,CCCCCCC(O)CC
CCC1=C(C)C(OC)CC(C(C)C)=C1,0.2682926829268293,CC1=CCC(C(C)C)C=C1
CCCC1=COCO1,0.35294117647058826,CCCc1ccc2c(c1)OCO2
CCC1C=CC(C)=CC1CC,0.28125,CCC1C=CC(=O)O1
CCC(O)SCC1C(C)CCCC1(C)C,0.575,CCC(O)CCC1C(C)CCCC1(C)C
CCCCCCCCC(C)C1C=CC=CC1,0.375,CCCCCCCCCCCCCCCCCCCCC(C)C
CCCC(C)OCC(C)C,0.41379310344827586,CCCC(C)OC(=O)CC(C)C
CC(C)CCCC(C)CCCC(C)C,0.7222222222222222,CC(C)CCCC(C)CCO
OC1CCCCCCCCC1,1.0,OC1CCCCC1
CCCC=C(C)CCCC(C)C,0.5625,CC(=CCO)CCCC(C)CCCC(C)CCCC(C)C
CCC1=CC(OS)C(CC)CC1,0.2682926829268293,CC1=CC(C)C(CO)CC1
CC(C)C1CC(c2ccccc2)CCO1,0.4473684210526316,CC1CCOC(c2ccccc2)C1
CCOC1C=CCC=C1CC,0.2826086956521739,CCOC(=O)C1C(CC)=CCCC1(C)C
CCCC(CCC)SS,0.44,CCCC(CC=O)SC
CCC(C)(O)CCCC(C)C(C)O,0.6538461538461539,CCC(C)(O)CCCC(C)C
CCCC=CCC(C)O,0.4782608695652174,CCCC=CCCO
CC1C=C(O)C(C(C)C)=CC1,0.3333333333333333,CC(C)c1cccc(C(C)C)c1O
CC(=O)NCC(C)C,0.4090909090909091,CC(=O)CC(C)C
C=CCCc1ccc(C)cc1,0.6153846153846154,Cc1ccc(CCC=O)cc1
CCC(=O)C(C)(C)C,0.4117647058823529,CCC(=O)O
C=C(CCC)CNc1ccccc1O,0.3611111111111111,CCCc1ccccc1O
CCCC1CC=C(C)N1,0.2972972972972973,CCCC1CC(=O)C=C(C)C1
CCCCCCCC(C)C(C)O,0.6363636363636364,CCCCCCCC(C)O
CCC(CC)OC,0.3181818181818182,CCCCCC(OC)OC
CCCCCC1CCC(C)C1,0.37142857142857144,CCCCCC1C(=O)CCC1C
CC1CCC(C(C)C)CC(C)C1,0.42857142857142855,CC1CCC(C(C)C)C(O)C1
COC1C=CC=CC1,0.2857142857142857,COC1CC2CC1C1C=CCC21
C=C(C)CCCC,0.5,CCCCC(C)=O
CC(O)OC1CCC(C(C)(C)C)CC1,0.4838709677419355,CC(=O)OC1CCC(C(C)(C)C)CC1
CC1OC(C)C(O)C1=O,0.32142857142857145,CC1=CC(=O)C(C)O1
COC1C=CC(OC)C(C(C)(C)C)C1,0.275,CC(=O)OC1CCC(C)CC1C(C)(C)C
CCCC1CCOC(C)C1,0.42424242424242425,CCCC1CCOC(C)S1
CCCCCC(O)OCOC,0.4444444444444444,CCCCCC(C)O
C=C(CCC=CC1C=CC=CC1)C(C)CC,0.23529411764705882,CCCC=CCOC(=O)C(C)CC
CCOCC(C)OC(C)C,0.4074074074074074,CCOC(C)OCC(C)OC(C)OCC
CCCCCCCCCCCCCCS,1.0,CCCCCCS
CC(=O)C1(CC(C)C)CCCCC1,0.375,CC(=O)OC1(C(C)=O)CCCCC1
C=CC(C)SCCC(C)CCCC(C)C,0.4666666666666667,C=CC(C)CCCC(C)C
CCCCCCCCCSC(C)CC(C)C,0.4230769230769231,CCCCCCCCSC
CCCC1C=CSO1,0.2702702702702703,CCCCCC1C=CC(=O)O1
CC(C)CCCCC(O)O,0.55,CC(C)CCCCCO
C=CCCC(C)C,0.43478260869565216,C=CC(C)CCCC(C)C
CCCCCC(C)C,0.9333333333333333,CCCCCCCCCCCCCCCCCCCCC(C)C
CCCCCCCCCCCOC(C)O,0.6521739130434783,CCCCCCOC(C)OCCCCCC
C=CCCOSCOSCC=C,0.3076923076923077,C=CCSCC=C
CC1=CCC(C(C)C)CC1,0.6333333333333333,CC1=CCC(C(C)CO)CC1
O=C(CCc1ccccc1)OCO,0.7,CCOC(=O)CCc1ccccc1
CC(C)(C)C1CCC(O)OC1,0.5416666666666666,CC(C)(C)C1CCC(O)CC1
CCCC(C)CCCC(C)CCCC(C)C,0.5909090909090909,CC(C)CCCC(C)CCO
CCC(O)C1C=CC=C1,0.3333333333333333,CCC(C)O
CCCCCCCCCOC(O)CC(C)C,0.5555555555555556,CCCCCCOC(C)OCCCCCC
CC=CCCC(O)CC(C)C,0.4782608695652174,CC(C)CC(O)CC(C)C
CC(C)CC1CCCN1,0.3333333333333333,CC1CCCCN1
CC(C)C1CC=C2OCCCC2C1,0.32608695652173914,CCC(=O)C1CC(C(C)C)CC=C1C
CCCC=CCCCCCC,0.875,CCCCCCC=CCCCCCCCCC
CC1C=CC(C(C)O)=CC1,0.3142857142857143,CC1=CCC(C(C)C)C=C1
CC1CCC(O)C1C,0.37037037037037035,C=C(C)C1CCC(C)C(O)C1
CC(C)CCN(C)O,0.4,CC(C)CCO
CCC(C)C1NC(C)C(C)O1,0.2702702702702703,CCC(C)C1N=C(C)C(C)S1
CC(=O)C1CCC=C1C,0.5588235294117647,CC(=O)C1CCC(C)=CCCC(C)=CCC=C1C
COC(C)OC(C)=O,0.55,CC(=O)OC(C)C
Cc1cc(C(C)(C)C)c(C)c(S(C)(C)C)c1,0.48148148148148145,Cc1cc(C(C)(C)C)c(O)c(C(C)(C)C)c1
CCC=C1C2CCC(C2)C1(C)C,0.7,CC1(C)C(=CCO)C2CCC1C2
CC(C)(C)OCc1ccccc1,0.5416666666666666,COCc1ccccc1
CCC1CCCC(OC)C1,0.44,COC1CCCCCCCCCCC1
CC(C)C1C=CC=CC1,0.4642857142857143,CC1=CCC(C(C)C)C=C1
CC1CCCCCCCCCC=CCCCO1,0.35294117647058826,O=C1CCCCCCCCCC=CCCCO1
CCC(CC)CCC(C)C,0.38095238095238093,CCCCCCCCCCCCCCCCCCCCC(C)C
CCCCOC=CCC=CCCCCCCCC(=O)O,0.7142857142857143,CCCCCC=CCC=CCCCCCCCC(=O)O
C=C(C)CCC(C)CCC(C)C,0.5,C=C(C)CCCC(C)CCO
CC=CCCC(C)CC,0.42857142857142855,CCC(C)CCCCC=O
CCCCCOCC(S)CCC1=COC=CC1,0.3191489361702128,CCCCCCOCC(OC)OC
CCC1C=C(C)CC1C,0.45161290322580644,CC1=CC(C)C(CO)C(C)C1
CCOC1C=C(OC)C(OC)=CC1,0.24390243902439024,CCOC(=O)c1ccc(OC)cc1
CCCOO,0.4,CCCOC(C)=O
CCC1N=C(C)C(C)O1,0.52,CC1=NC(C)OC1C
CCCC(C=O)c1ccccc1,0.5483870967741935,C=CCC(C=O)c1ccccc1
CCCCC1C=CNC=C1,0.3055555555555556,CCCCC1OC(C)CC(C)(C)O1
CC1=CC(C)CC(C)=C1,0.34375,CC1=CC(C)CC(C=O)C1
CCCCCC(CCC)OCC,0.5833333333333334,CCCCCC(OCC)OCC
CC(O)C(=O)CCC1=CCC=CC1,0.35294117647058826,CC1=CCC=CC1
COC(C)C(C)CCCCCCCO,0.52,CC(C)CCCCCO
CCCCC1C=CC(C)C=C1,0.3548387096774194,CCCCC1OCC(C)O1
C=C(CC)CC1CCCC1,0.4074074074074074,O=C(O)CC1CCCCC1
CCCCCCSCC=O,0.48,CCCCCCCC=O
CSCCC(C)C,0.5882352941176471,CC(C)CCSSCCC(C)C
CC(C)OC1C=CC2CCCCC2C1,0.30952380952380953,CC(C)C(=O)OC1CCC2CCCCC2C1
C=C(C)O,0.4,CC(=O)O
C=CCCCCOCC=C,0.5172413793103449,C=CCCCCCCCCCOCCC#N
CCCCC1C=CC=C1,0.3333333333333333,CCCCCC
C=CC1CCN(C)CC1,0.3333333333333333,CN1CCCC1
CC1=CC(O)C2CC1C2(C)S,0.6551724137931034,CC1=CC(O)C2CC1C2(C)C
CC=C(C)C(O)CNCC=CCC,0.3142857142857143,C=CC(O)CC=CCC
CCCCCC1CCC(C)O1,0.6206896551724138,CCCCCC1CCC(O)O1
CCCC=CC(C)CCC,0.48,CCCC=CC(OC)OC
CC(C)C(S)CCCC1CCCCC1,0.43243243243243246,CC(C)C(=O)OCCCC1CCCCC1
CC1(S)C2CCC(CO)C1C2,0.36363636363636365,CC1CCC(CO)C(C)C1
CCCC(OCC)C(C)CC,0.45454545454545453,CCOC(C)OCC
CC(C)=CCCC(C)CC(C)C,0.75,CC(C)=CCCC(C)CC(C)O
CC(C)CCCC(CC(C)C)OCC(C)C,0.3870967741935484,COC(CC(C)CCCC(C)C)OC
CC1C=CC=C(O)C1,0.2571428571428571,CC1=CC(C)CC(CO)C1
CCCCC(=O)CCCCCC1CCCCC1,0.5263157894736842,CCCC(=O)OCCCC1CCCCC1
CCCC1C=CC(O)CC1,0.2857142857142857,CCCCCC1CCCC1O
CC(C)CCCCCCC(C)C,0.7333333333333333,CCCCCCCCCCCCCCCCCCCCC(C)C
CC(C)=CC(=O)CC(C)C,0.5,CC(=O)CC(C)C
CCC(C)(C)Cc1ccccc1,0.64,CC(C)(CO)Cc1ccccc1
C=CCCC(C)CC,0.4444444444444444,CCC(C)CCCCC=O
CCC(O)CC(C)C,0.6875,CC(C)CC(O)CC(C)C
CC(N)C(C)c1ccccc1,0.5238095238095238,CC(C)c1ccccc1
CCC1=C(OC(O)C(C)C)C=CC(CC)C1,0.21739130434782608,CC1=CCC(C(C)C)C=C1
C=C(C)C1(O)CCC(C)CC1,0.3870967741935484,C=C(C)C1CCC(C)(O)C1C
CCCCCCOC(C)CC,0.6521739130434783,CCCCCCOC(C)OCCCCCC
CCC(C)CCCC(C)=CCO,0.7,CC(=CCO)CCCC(C)CCCC(C)CCCC(C)C
COC1C=CC(C)O1,0.2413793103448276,CC1C=CC(=O)O1
CC(CC(C)C(C)C)c1ccccc1,0.5925925925925926,CC(CO)CC(C)c1ccccc1
CC(C)c1ccccc1,1.0,CC(C)c1ccccc1
CC(C)CC(O)C1=CCCC=C1N,0.3103448275862069,CC(C)CC(C)O
CCC(O)C1=NC=CC1,0.3548387096774194,CCC(O)c1ccccc1
CC1CCCC(c2ccccc2)C1,0.47058823529411764,CC1CCOC(c2ccccc2)C1
CCC1C=CC(C2CCC(C)O2)=CC1,0.24390243902439024,CCC1OCC(C)O1
CC(C)C1C=CCC1,0.41379310344827586,C=C1C=CC(C(C)C)CC1
C=C1CC(C)C2CC13C(=CCC3C)C2(C)C,0.275,CC1=CCC2C(C1)C2(C)C
CCCCCOC,0.9333333333333333,CCCCCCCCCCOC
CC(C)CC(C)(C)C1CCCC1,0.43333333333333335,CC(=O)CC(C)(C)C1CCCCC1
CCC(C)C1=CC(C)CO1,0.2631578947368421,CCC(C)c1nccs1
CCC(C)CC(C)C(C)C,0.4,CCC(C)CN
CCCCCCC(C)CCC,0.6,CCCCCCCCCCCCCCCCCCCCC(C)C
Cc1ccc(C=O)cc1C,0.5217391304347826,Cc1ccc(C=O)cc1
CC1CCCC1C,0.35,CC1CCCC(O)C1
CC(C)CCC1CCCC1,0.4166666666666667,OCCC1CCCCC1
CCC(C=O)=CC1C=CCC=C1,0.38235294117647056,CCCCC=C(C=O)CC
OC1C=Cc2ccccc2O1,0.23076923076923078,OC1COC(Cc2ccccc2)OC1
OC1C=CC2=CCC=CC2C1,0.20588235294117646,CC1=CCC=CC1
CCC(C)C(C)C1=CC=CCC1,0.3870967741935484,CC1=CC=CCC1
CNC1CCCC1C,0.25925925925925924,CC1CCCC(O)C1
CC(C)CCC1C(C)CCCC1(C)C,0.75,CC(O)CCC1C(C)CCCC1(C)C
CCCC(=O)C1N(C)CCCC1(C)C,0.3170731707317073,CCCC(=O)OC1CCCCC1
CC1CC(C)C(O)C1,0.48,C=C(C)C1CCC(C)C(O)C1
CC(C)=CCCC(C)CCOCO,0.7333333333333333,CCOCCC(C)CCC=C(C)C
CCSC=CCCS(=O)OO,0.2647058823529412,CCCS(=O)OC
CC(=O)C1CCCCC1,0.55,O=C(O)C1CCCCC1
CC1=CC(C)CC(CCC(C)C)C1,0.5757575757575758,CC1=CC(C)CC(CO)C1
COC1=CC(C)C=C1,0.25,COc1ccc(OC)cc1
O=C1C=CC=CC1,0.3333333333333333,O=C1C=CCO1
CC(=O)C1C=C(C)OC1C,0.37142857142857144,CC(=O)C1CC(C)=CC(C)C1C
CCC1=CCC(C)O1,0.3333333333333333,CCC1=CCC(=O)O1
CCCCCCOC(C)O,0.6521739130434783,CCCCCCOC(C)OCCCCCC
CCCC1C=CC(OC)C=C1,0.24324324324324326,CCCC1C2C=CC(C2)C1C=O
CC1=CCC(c2ccccc2)C=C1,0.42424242424242425,CC1=CCC(C(C)C)C=C1
CCCC(=O)CC1=CSCO1,0.36666666666666664,CCCC(=O)CCC
CC(O)CCCC(=O)CCCC1=CCC=C1,0.2894736842105263,CCCCC(C)O
CC1=CCC(C)C(C(C)O)C1,0.45454545454545453,CC1=CCC(C)C(C=O)C1
CC1CCOO1,0.3103448275862069,CC1CCOC2(CCCCC2)O1
CCCCCC1CC(C)C(C)C1,0.4074074074074074,CCCCCC1OC(C)C(C)O1
CCCCC(CNCC)CC(C)C,0.3548387096774194,CCCCC(CC)CO
CC=CC(C)CCC1=CCCN1,0.275,CC(=O)C1=CCCN1
O=C(O)CCCCO,0.6875,O=C(O)CCCCCCCCC(=O)O
CCCCC(=O)OCCCC1C=CC=CC1,0.5277777777777778,CCCCOC(=O)CCCC
CCC(C)CC(C)CC,0.5,CCC(C)CN
CC(O)C(=O)c1cccnc1,0.6,CC(=O)c1cccnc1
C=CC(CCCCC)CC(O)C(C)O,0.5161290322580645,C=CC(O)CCCCC
CC(CC=O)CC1=CC=CC1C,0.35294117647058826,CCCC(C)CC=O
CCOCC(C)C,0.4666666666666667,CCOCC
CCCCCCCCCCC(C(C)O)C(O)OCC,0.5555555555555556,CCCCCCCC(C)O
CCCCCCNC(=O)CCCC,0.46153846153846156,CCCCCCC(=O)CCCCCC
CCCC(=O)CCCC(C)C,0.5714285714285714,CCCC(=O)CCC
COC1C=CC=C(C)C1,0.3,CC1=CC=CCC1
CCCCCCC1C(C)CCC1C(=O)CS,0.37142857142857144,CCCCCCC(=O)CCCCCC
CCCCCCCC(C)CCc1ccccc1,0.59375,CC(CCO)CCc1ccccc1
C1=CC2(CC1)CC1CC2C2=CSCC21,0.18181818181818182,C=C(C)C1CCC2(C)CCC=C(C)C2C1
CCCCCC(C)CCCC(C)C,0.7368421052631579,CCCCCCCCCCCCCCCCCCCCC(C)C
CC(C)C,0.42857142857142855,CC(C)O
C=C(C)C(C)C(C)C(C)C(C)(C)C,0.4583333333333333,CC(O)C(C)C(C)C(C)C(C)(C)C
CCC1C=C(C)CC1,0.4666666666666667,CC1=CC(C)C(CO)CC1
CC(C)OC(C)c1ccccc1,0.5185185185185185,CC(OC=O)c1ccccc1
CC(C)(O)CC=O,0.5,CC(C)(S)CC=O
CCCC(O)CCc1ccccc1,0.6785714285714286,CCCC(O)Cc1ccccc1
CC(C)=CCOC(C)C,0.5,CC(C)=CCOC(=O)C(C)C
CCCCCCNCC1CCCC(=O)O1,0.6578947368421053,CCCCCCCC1CCCC(=O)O1
CC(C)CC(=O)C(O)C(C)O,0.6190476190476191,CC(C)CC(=O)C(C)O
CC1CC=C(O)C(OCO)C1,0.3,CC1CC=C2C(C1)OC(=O)C2C
COC(=O)C1CC=CCC1C,0.3783783783783784,COC(=O)C1C(C)C=CCC1(C)C
CCCC(CS)CC=O,0.5384615384615384,CCCC(S)CC=O
C=C(O)C(C)CCC,0.5652173913043478,C=C(O)C(C)CCCC(C)C
COCSC,0.3333333333333333,CCSC
CCCCC1CC(C)CCO1,0.53125,CC(C)CC1CC(C)CCO1
CCCC(C)OCc1ccccc1,0.4857142857142857,COCCOC(C)OCc1ccccc1
CC(=O)CCCC1CCC(C)C1(C)C,0.375,CCCCCC(C)=O
CC(=O)CCCC(C)COCC(C)C,0.6,CC(=O)CCCC(C)CCCC(C)CCCC(C)C
COCCCC1C=CC(CC(C)C)C=C1,0.2903225806451613,CCCCCCCCCCOC
CCC1=CC(CC)NC1C,0.21875,CCC1NC(CC)SC(CC)S1
CCC1C=CC(CC2C=C2)C=C1,0.2692307692307692,CCC1OCC(C)O1
CC(O)C=CC(C)O,0.6428571428571429,CC=CC(C)O
CS(C)(N)O,0.2727272727272727,CS(C)(=O)=O
CCCC(C)CC(=O)OCC,0.6923076923076923,CCOC(=O)CC(C)CC
CCCCC(C)CC(C)CCCC,0.5,CCCCC(C)O
CC=CC(C)S,0.4444444444444444,CC=CC(C)O
CCCCCCCCCCC(=O)CC,1.0,CCCCCCCC(=O)CC
CCC1C=CC=C(C=O)C1,0.2894736842105263,CC(C)C1=CC=C(C=O)CC1
CC(C)C1=CCC(CO)C=C1,0.3111111111111111,CC(C)=CCCC(C)C1C=CC(C)=CC1
C=CC1=CCC(C(=C)C)CC1,0.71875,C=C(C)C1CC=C(C=O)CC1
C=CCCC1CCC(C)(C)C23CC4C=C2C13C4(C)C,0.26785714285714285,C=CCCC(=O)C1CCCC(C)(C)C1
CCCCC(C)CCCC(C)N,0.4642857142857143,CCCCC(C)CCC(=O)O
CC(C)C(C)CC(C)C(C)O,0.45,CC(O)C(C)CS
CCC1CCC(O)O1,0.65,CCC1CCC(CC)O1
CCC(O)Oc1ccc(C)cc1,0.4642857142857143,CCOc1ccc(C)cc1
C=C(OCC(C)C)C(C)CCC,0.4375,CCCC(C)COC(=O)C(C)CCC
C=C(C1=CCC=C1)C(C)C,0.26666666666666666,CC1=CCC=CC1
C=CCCC(=O)CCC,0.6,CCCC(=O)CCC
CCCCCC1=CCCC1,0.5625,CCCCCC1=CCCCC1=O
CC=CC1=CC(O)C(OCC)CC1,0.2727272727272727,CC1=CC(O)C(C(C)C)CC1
CC(C)C1CCCCC1(C)C,0.32432432432432434,CC(O)CCC1C(C)CCCC1(C)C
O=C(CCC1C=CC=CC1)C1=C(S)CCC=C1,0.2413793103448276,CCCCC1OC(=O)C2=C1CCC=C2
CC1=CC=CC1CCCC=O,0.3225806451612903,CCCCC=O
COC1=CC2C=CCCC2=N1,0.23684210526315788,COC1=CCCCC1
CCC1=NCCCC1,0.3793103448275862,CC(=O)C1=NCCCC1
CC1CCCC(C)(C)C1CCC(O)O,0.78125,CC(O)CCC1C(C)CCCC1(C)C
CC(C)C(C)c1ccccc1,0.5789473684210527,CC(C)c1ccccc1
CCC(C)OC(C)(C)C1CCC(C)CC1,0.42857142857142855,CC(=O)OC(C)(C)C1CCC(C)CC1
CCC(=O)CCc1ccccc1,0.6296296296296297,CC(=O)CCc1ccccc1
CCC1=CC=C(CCC(C)O)CC1CC,0.358974358974359,CC(O)CCc1ccccc1
CC12C=CC3(CCC1)C1(C)CC1CCC23C,0.3157894736842105,CC1(O)CC2CCC1(C)C2(C)C
CCC(O)SC,0.4117647058823529,CCC(C)O
C=C1CC(C)C(CCNCCC)O1,0.41025641025641024,CCCCC1OC(=O)CC1C
C=C(CCC1C=CC(CC)C(OC)C1)OCCc1ccc(CC)c(OC)n1,0.203125,CCC1CC2CC1CC2OC
CC1CC(C)(C)CC(C)C1C,0.375,CC1CC(O)CC(C)(C)C1
CCC1=CC=C(C)CC1,0.4074074074074074,CC1=CC=C(C(C)C)CC1
CCCCCCCC(=O)c1ccccc1,0.8461538461538461,CCCCC(=O)c1ccccc1
CCOC(C)Cc1ccccc1,0.72,CCOC(Cc1ccccc1)OCC
CC=CC1C=CC(OCc2ccccc2)=C(NC)C1,0.32727272727272727,CC=Cc1ccc(OCc2ccccc2)c(OC)c1
C1=Cc2ccccc2CC1,0.375,c1ccc2c(c1)CCC2
CCC(CC)C(=O)CCOC,0.4,CCC(CC)C(=O)O
CCCOOOC,0.3181818181818182,CCCOC(C)OCCC
CC(=O)C1=CC(C)CC1,0.35135135135135137,CC1=C2CCC(C)C=C2OC1=O
CCCC1=CCCO1,0.3142857142857143,CCCc1ccc2c(c1)OCO2
CC(C1C=CCC=C1)N(C)C,0.27586206896551724,CC1C=CCCC1
CCC=CCCCCCCO,1.0,CCC=CCCCCCO
CCC1C=C=C(C)O1,0.3548387096774194,CCC1C=CC(=O)O1
CCCC(=O)CCC(C)CC(O)CCC,0.46153846153846156,CCCC(=O)CCC
C=C(CCC)OCCCC,0.5384615384615384,CCCCOC(=O)CCC
OCC1=CCC=C1,0.25925925925925924,CC1=CCC=CC1
SCCC1=CCCC=N1,0.26666666666666666,SCCc1ccccc1
OC1CCC(CCS)C1,0.32142857142857145,OC1CCC2CCCCC2C1
Cc1ccoc1C,0.5238095238095238,Cc1occc1S
CCCCCCC(O)O,0.65,CCCCCCCC(C)O
CC=CCC(=O)OCCOC,0.6333333333333333,CC=CCC(=O)OCCCC
CC(O)C1CCC=N1,0.32142857142857145,CC(C)C1CCC(C(C)O)CC1
CCCC(C)CC(C)O,0.5789473684210527,CCCC(C)O
CC=CCCCCCCC(C)CCC(C)C,0.4642857142857143,CC=CCCCCCC
CC(=O)C1C(C)=CC(C(C)(C)O)=CC1C,0.3170731707317073,CC(=O)C1CC(C)=CC(C)C1C
CCC1CC(C)C(O)C1O,0.3,CC1CCC(CO)C(C)C1
CC(C)CCC(O)CC(C)C,0.6470588235294118,CC(C)CC(O)CC(C)C
CCC1CCCC(CC)C1OC,0.36666666666666664,CCC1CC2CC1CC2OC
C=C1CC2CNC1C2(C)C,0.3235294117647059,C=C1CCC2CC1C2(C)C
CCCCC(CCC)CC(=O)OCC,0.5806451612903226,CCCC(O)CC(=O)OCC
CCCOC(C)C,0.6470588235294118,CCCOC(C)OCCC
O=CCCCSC1CCCCS1,0.35294117647058826,CSCCCC=O
CCCCC(=O)C(C)(C)O,0.5555555555555556,CCCCCC(=O)C(C)(O)C(C)=O
COC(=O)CC(C)OC,0.6363636363636364,COC(=O)CC(C)C
CCCCCCOCC,0.55,CCCCCCCCCCOC
CC1=NC(C)SC(C)C1,0.39285714285714285,CC1=NC(C)SC(C)S1
CCCC(CC(C)=O)CC(C)CC,0.4,CCCC(C)C(=O)O
CC1=CCC(C)(C)CCCC(C)CCC1,0.358974358974359,CC(=O)C1(C)CC=C(C)CC1
CC1CCC(C)C1,0.42857142857142855,CC1CCC(CO)C(C)C1
CCCCCCCCSCC,0.5555555555555556,CCCCSCCCC
CC(=O)C1CC(C)OC1C,0.4074074074074074,CC1CC(S)C(C)O1
CC(C)C(C)CO,0.5,CC(C)CO
CCC(CC)CN(C)C,0.3684210526315789,CCC(CC)CO
CC=CC=CC(C)OCCCCCC,0.5,CCCCCCOC(C)OCCCCCC
CCCCCC1CCC(C(C)C)CC1,0.5,CC(C)C1CCC(CO)CC1
CCOC(CCC(C)C)C(C)C,0.47619047619047616,CCOC(C)OCC
C=CCC(C)C(C)O,0.6,C=CCC(C)O
CC(C)C(C)Cc1ccccc1,0.6956521739130435,CC(O)C(C)Cc1ccccc1
CCCCOCCCCC(C)C,0.5909090909090909,CCCCCCCCCCCCCCCCCCCCC(C)C
C=C(OCC(C)C)C(C)C,0.5217391304347826,CC(C)COC(=O)C(C)C
CNCC(C)C(C)CC(C)=O,0.4583333333333333,CC(=O)CC(C)C
CCCC=CC(=O)CCCC,0.64,CCCC=CC(=O)CC
CC1(S)C=CC2(CCCCC2)OC1,0.3548387096774194,CC1(C)COC2(CCCCC2)OC1
CCCCC=CCC(C)OCC,0.5,CCCCCC=CCCC(OCC)OCC
CCNCCC(C)CCCC(C)C,0.48148148148148145,CC(C)CCCC(C)CCO
C=C(C)CCCC(C)O,0.6,C=C(C)CCCC(C)CO
CC(=O)OCO,0.5882352941176471,CC(=O)OCCOC(C)=O
C=C(C=C1CCOC1)CC,0.2222222222222222,CCC(=O)c1ccc(N2CCOCC2)cc1
CC1OCCC1CCO,0.4444444444444444,CC1OCCC1S
CCCC(=O)CCC1CCCCC1,0.5625,CCOC(=O)CCC1CCCCC1
CCC(C)C=C(C)C,0.42857142857142855,CCC(C)C=O
C=C(O)CCCCCCCCCCCCCC,0.5454545454545454,CCCCCCCC(=O)O
CCC1C(=O)C(C)CC1C,0.38235294117647056,CCC1=C(C)C(=O)CC(C)C1CC
COCCCCCCCCC(C)C,0.5185185185185185,CC(=O)OCCCCCCCC(C)C
Cc1ccc(C)c(C)c1,1.0,Cc1ccc(C)c(C)c1
C=C(C=CCCC)CC,0.52,CCCC=CC(=O)CC
CC(C)c1ccccc1C(C)C,0.631578947368421,CC(C)c1ccccc1O
CC(C)CCCC(C)CCCC(C)O,0.6818181818181818,CC(C)CC(C)CCCC(C)O
CC(C)=CCCC(C)CC1CCCC1,0.5,CC(C)=CCCC(C)CCO
CCCC(C)C1CC=C(C)CC1,0.7272727272727273,CC1=CCC(C(C)CCO)CC1
CCOC(C)C(C)(C)CC,0.42857142857142855,CCOC(C)OCC
CC1=CC=CC2CC(C)C(C)C12,0.3,CC1=CCC2C3CC(C(O)C3C)C12
C=C(CCC)C1C(C)CCCC1(C)C,0.5128205128205128,CCOC(=O)C1C(C)CCCC1(C)C
CC1=CC(CC(C)CC(C)C)C(C)=C1,0.25,CC(C)CC(C)CCCC(C)O
C=C(CCC)CC(O)C(C)OCO,0.2777777777777778,CCCC(=O)OC(C)C
CCCCCCCCCC(=O)COCC,0.625,CCCCCCC(=O)CCCCCC
CCC1=C(O)NC=C(CSC)C1,0.2631578947368421,CCC1=C(O)C(=O)CC1
CCCOC(=O)COC(C)CC,0.5333333333333333,CCCOC(=O)CC(C)C
OC1=CC(C(O)S)=CC1,0.19230769230769232,CC(O)C(C)S
CC1C=CC(OCCO)=CC1,0.32432432432432434,Cc1ccc(OCCO)cc1
CCC1CCCC1CC,0.38461538461538464,CCCCCC1CCCC1O
CC1CCC2=C(N1)C(C)OC2C,0.24390243902439024,CC1=C2CCC(C)CC2OC1=O
C=C(CC)CC(C)(C)C,0.3076923076923077,CCC(=O)CC(C)(C)S
C=CC(C)=CC,0.42857142857142855,C=CC(C)=CCC=C(C)C
CNCC1CCCC=C1O,0.25,CCCCC1OC(=O)C2=CCCCC21
CC(C)=CCCC(C)CCCC(CCCC(C)CCCC(C)C)Cc1ccccc1,0.5,CC(C)=CCCC(C)CCOC(=O)Cc1ccccc1
CSCCCC1=CC=C(C)C1,0.3103448275862069,CCCCSC
C=CC1=CC(CC)C(O)C(OC)=C1,0.2619047619047619,C=Cc1cc(OC)c(O)c(OC)c1
CC1CCC2CC1CC2(C)C,0.42857142857142855,CC1CCC2CC1C2(C)C
O=CCCCCCCCO,0.5294117647058824,O=CCCCC=O
CC1CCCCCCCCCCOCCCC1,0.35714285714285715,CC1CCCCCCCCCCCCC(=O)C1
CCc1ccc(NC)cc1O,0.2972972972972973,CCc1ccc(O)c(OC)c1
CCCCCCCC(O)CCC(C)=O,0.59375,CCCCCCC(O)CCOC(C)=O
CC(C)C1CCC(C)C23CCC(O)(S)C2C13,0.6857142857142857,CC(C)C1CCC(C)C23CCC(C)(O)C2C13
C=CCC(C)C(O)O,0.6,C=CCC(C)O
CCCC(CCO)CC(C)C,0.45454545454545453,CC(C)CCO
CC(C)CCCC(C)CC(C)C,0.6666666666666666,CC(C)CC(C)CCCC(C)O
C1=CC(CCCC2=CCCCC2)=COC1,0.3125,CC(C)OC(=O)CC1=CCCCC1
CCC(C)CC(C)C,0.4444444444444444,CCC(C)CN
C=C(CC=CCC)OCCCCCC,0.4411764705882353,CCCCCCOC(=O)C=CC(=O)OCCCCCC
CC1CCC2CCCNC12,0.38461538461538464,CC1CCCCN1
CCC(CC(S)CCCC(C)C)OC,0.42424242424242425,COC(CC(C)CCCC(C)C)OC
C=CC(C)CCC1OC1(C)C,0.4,C=CC(C)CCCC(C)C
CCC1=CC2CCCC2C=C1,0.22857142857142856,CCC1CCC(=O)C1=O
OCCCCO,0.5833333333333334,CCCCCO
CCC(O)C(C)O,0.5333333333333333,CCC(C)O
CCCCC(C)CC(C)=O,0.5357142857142857,CCCCC(C)CCC(=O)O
CCCC(O)C(C)(O)c1ccccc1,0.4482758620689655,CC(C)(O)c1ccccc1
CC1SCCC(C)(C)S1,0.42857142857142855,CC1SCCS1
CC1CCC2C(C)CCC2C1,0.35294117647058826,CC1CCC2C(C)COC(=O)C2C1
CCC(C)C(=O)CCCC(C)CCC=C(C)C,0.696969696969697,CC(=O)CCCC(C)CCC=C(C)C
CC1CC=CC2=C1C(C)C(=O)O2,0.3,CC1CC=C2C(C1)OC(=O)C2C
CC(C)(N)C1CCC(CC(O)CS)CC1,0.2571428571428571,CC(C)(C)C1CCC(O)CC1
CC(CCS)OCc1ccccc1,0.4722222222222222,COCCOC(C)OCc1ccccc1
CC1=CCC(C(C)C)C(C)C1,0.59375,CC1=CCC2C(C)=CCC(C(C)C)C2C1
CC1=C(C(=O)CCC=O)CC=CC1,0.38095238095238093,CC1=CCC(=C(C)CCC=O)CC1
CCCC(OSC)C1C=CC2CCOC2=C1,0.2222222222222222,CCCCCCC1CCOC1=O
CCCCCC(O)C(C)CCCC,0.7727272727272727,CCCCC(O)C(C)CCC
CCCC(C)SC,0.4166666666666667,CCCC(CCO)SC
C=C1CCC(C)C1,0.46153846153846156,C=C1CCC2C(C1)C2(C)C
CCC(C)OCCS(C)(C)C,0.4782608695652174,CCOC(C)CC
C=C(CCC)CCCCCCCC,0.4782608695652174,CCCCCCC(=O)CCCCCC
CCC1CCCCC1,0.42857142857142855,OCCC1CCCCC1
C=CC1(C)CCC(C(C)C=O)C1,0.47368421052631576,C=CC1(C)CCC(C(C)C=O)O1
CCCC(CC=O)OC,0.5,CCCC(C)CC=O
CC(C)C1=CC(C)C(C)C1,0.3333333333333333,CC(C)C1=CC(=O)C(C)CC1
C=C1CC(C(C)C)CCC1C,0.5714285714285714,CC1CCC(C(C)C)CC1=O
CCC=CCCCCCCCO,1.0,CCC=CCCCCCO
CC1SC2(CC1N)C(C)CCCC2(C)C,0.3076923076923077,CC1CCCC2(C)CCCCC12O
CC1C=CCCC1O,0.38461538461538464,CC1C=CCCC1
CCC1CCCOC1(CC)CC,0.27586206896551724,CCC1CCC(CC)O1
CC(C)C(=O)C1CCCC1,0.43478260869565216,O=C(O)C1CCCCC1
CCCC(=O)CC(C)O,0.55,CCCC(=O)CCC
Sc1ccoc1,0.375,O=Cc1ccoc1
C=CC(C)C,0.5384615384615384,C=CC(C)O
CC(=O)CCC1=CCC=C1,0.41025641025641024,CC(=O)CCC1=C(C)C=CCC1(C)C
COC(C)C1CCC(C)CC1,0.36666666666666664,COC1CC(C)CCC1C(C)C
CCCC(=O)CCC(O)C(C)CCC,0.5357142857142857,CCCCC(O)C(C)CCC
CCCC1C=CC(C)CC1,0.3103448275862069,CC1C=CCCC1
CCC(C)CC1C=CC=C1,0.3333333333333333,CCC(C)CN
CCCCCCCCC(C)O,1.0,CCCCCCCC(C)O
CC1CCC2=CCCCC21,0.3,CC1=CCCCC1
CCCCCCC(=O)NOCCC,0.5161290322580645,CCCCCCCC(=O)OCCC
CCC(=O)CC(O)C=C(C)C,0.4666666666666667,C=CC(=C)CC(O)C=C(C)C
OC1CCCC1C1CCCC1,0.5238095238095238,OC1C(C2CCCC2)CCC1C1CCCC1
CCCCCC(C)CC,0.5714285714285714,CCC(C)CCCO
CCOC1C=CC(C=O)=CO1,0.28205128205128205,CCOc1ccc(C=O)cc1
C=C(C)CC1CCCCC1,0.48,O=C(O)CC1CCCCC1
CC=CCCCCCCCCC,1.0,CC=CCCCCCC
C=C(CCC)CCC1=CC=CC1,0.23076923076923078,CCCC(=O)c1ccccc1
CCCCCC(C)CC(C)C,0.5714285714285714,CCCCCCCCCCCCCCCCCCCCC(C)C
C=C1C(C(C)C)CCC2(C)NC12,0.28888888888888886,C=C1CCC2C1C1C(C(C)C)CCC21C
CCCCCCCCC(=O)C(O)CC(=C(C)C)C(C)CC,0.4594594594594595,CCCCCC(=O)C(C)C(C)=O
CCCC(S)CCC1CCCO1,0.5294117647058824,CCCCCCCC1CCCO1
CCCCOCCC,0.5,CCCCOCCOC(C)=O
CCOC1CCC=CC1C,0.3684210526315789,CCOC(=O)CC1C=CCC1
C=CC(C)(O)CC(C)=CCC,0.6071428571428571,C=CC=C(C)CC(C)(O)C=C
CC1CCCC(C)(Sc2ccccc2)C1O,0.2857142857142857,CSc1ccccc1
CC1=CC(S)SC1,0.35714285714285715,CC1=CC(S)CS1
CCC(C)C(C)CC(C)C,0.3684210526315789,CC(C)CC(C)O
CC(=O)CC1CCNC1,0.34146341463414637,CC(=O)CC1CCC2C(C1)C(C)CC2(C)C
CCCC(C)c1ccccc1,0.56,CC(CO)c1ccccc1
CC(C)CC(=O)CCC=O,0.5454545454545454,CC(C)CC(=O)CC(C)C
CC(C)CCCC(C)CO,0.6666666666666666,CC(C)CCCC(C)CCO
CCC(C)c1c(C)cc(O)c(C)c1C,0.3448275862068966,Cc1cc(C)c(O)cc1C
C=CCC1=CCCC(SC)=C1O,0.30952380952380953,C=CCc1cc(OC)c(O)c(OC)c1
COC1=NC=CCC1,0.2903225806451613,COC1=CCCCC1
CCCCCCCCCOO,0.55,CCCCCCCCCCOC
CCSCC(=O)C(C)CC(C)(C)CC,0.2857142857142857,CCC(C)C(=O)SC
CC(C)CC1CC(C)C(C)O1,0.4375,CC(C)CC1CC(C)CCO1
CCCCC(CCC(C)C)OCC(C)C,0.4074074074074074,CCCCCCCCCCCCCCCCCCCCC(C)C
CCCC(CC(=O)CC)OC(C)O,0.41935483870967744,CCC(=O)CC(C)CC
C=CC1CC(C)OC1C,0.4230769230769231,CC1CC(S)C(C)O1
CCCC(C)C(S)CC,0.5454545454545454,CCC(S)C(C)CO
CC1CCC2C(C1)C(C(C)C)CCC2(C)C,0.4,CC1CCC(C(C)C)C(O)C1
CC(O)C1CCCS1,0.3333333333333333,CC(C)C1CCC(C(C)O)CC1
COCCCCCCCC(C)O,0.5416666666666666,CCCCCCCC(C)O
CCCCCCCCOC(C)CC(C)C,0.6,CCCCCCOC(C)OCCCCCC
CC1CC=C(C(C)O)C(C)C1,0.32432432432432434,CC1CC=C2C(C1)OC(=O)C2C
CC1CC(C)C(O)C1C,0.3125,CC1=CCC2C3CC(C(O)C3C)C12
CCCC1CC(C)C(N)C1,0.2777777777777778,CCCC1CC(=O)C=C(C)C1
COC(C)C1CC=CC=C1C,0.2647058823529412,CC1=CC=CCC1
CCCCCCCCCCCCSC(C)C(C)C,0.4583333333333333,CCCCCCCCSC
Oc1ccccc1C(O)CCCCc1ccccc1,0.46875,OCCCCc1ccccc1
CC1(C)C2=CC1CCC21CC1,0.29411764705882354,CC12C=CC(CC1)C(C)(C)O2
COC1=CCC(C)C=C1C,0.2702702702702703,CC1=CCC(C)C(C=O)C1
C1=NC=C(CCCc2ccccc2)C1,0.4166666666666667,c1ccc(CCCc2ccccn2)cc1
CC1CC2CCC1C2(C)C,0.6521739130434783,CC1CCC2CC1C2(C)C
CCCOc1ccccc1,0.7727272727272727,CCCCOc1ccccc1
CC(=O)CCCC1(C)CCC(C(C)C)C1,0.3888888888888889,CC(=O)CCCC(C)C
C=CCC=C=O,0.2727272727272727,C=CCCC=O
CCC(CO)CCC1CCC(C)C1(C)C,0.37142857142857144,CCCCC(CC)CO
CCCCCCC1CCC(O)C1,0.4666666666666667,CCCCCCC1OCCO1
CCCCCOCC(C)C,0.5769230769230769,CCCCCCOCC(OC)OC
CC1C2CCC3C2C(C)(C)CCCC13C,0.38461538461538464,C=C1C2CCC3C2C(C)(C)CCCC13C
CCC1CCCCC1CN,0.28125,CCCCCC1CCCC1O
CCCCCCCC(O)c1ccccc1,0.5925925925925926,CCC(O)c1ccccc1
CCCC1CCCC(C)S1,0.4838709677419355,CCCC1CCOC(C)S1
CC(C)CCOC(CCC(C)O)C(C)C,0.52,CC(C)CCOC(C)OCCC(C)C
CCOC1CCCC=C1CC,0.3409090909090909,CCOC(=O)C1C(CC)=CCCC1(C)C
CSC1=S(C(C)C)C=CCC1,0.24324324324324326,CSc1nccnc1C(C)C
CC1CCCCCCCCCCCCCC=CO1,0.3448275862068966,CC1C=CCCC1
C=CCCC1CC2CC1C1CCCC21,0.5294117647058824,O=CCC1CC2CC1C1CCCC21
CC(O)CC1C2(C)C=C(CC2)C1(C)C,0.2978723404255319,CC1=CCC(CCC(C)C(C)O)C1(C)C
C=C(CC)C(C)=CCC,0.4583333333333333,CCC=C(C)C(=O)O
CC1=CCCC(C)CCCC(C)CCC1C(C)C,0.3888888888888889,CC1CCC(C(C)C)C(=O)C1
CC(C)CCCC1C=CC=C1,0.36,CC(C)CCCO
CCCC1CC=C(C)C1(C)C,0.6896551724137931,CC1=CCC(CCO)C1(C)C
CC(C)CCCC(C)O,0.6190476190476191,CC(C)CC(C)CCCC(C)O
CCCOCC(C)=O,0.4782608695652174,CCCOC(C)=O
CC12CCCC(C)(CC1)C2=CO,0.46153846153846156,CC12CCCC(C)(CC1)C2=NO
OCCCc1ccoc1,0.5,CC(C)=CCCc1ccoc1
CCCCC(C)C(C)(C)CC(O)CC(C)C,0.4,CCCCC(C)O
C1CN1,0.8333333333333334,C1CNCCN1
CCC(C)CCC(C)C,0.5263157894736842,CCC(C)CCO
CCC=CCC(C)CC,0.4583333333333333,CCC=CCC(OC)OC
C=C(O)CCCC(C)C,0.5652173913043478,CC(C)CCCC(=O)O
CCC1=C(CO)C=CCC1,0.29411764705882354,CCC1=C(O)C(=O)CC1
CCC(C)CC(C)c1ccccc1,0.6666666666666666,CC(CO)CC(C)c1ccccc1
C=CCc1ccc2c(c1)CCC2,0.45714285714285713,C=CCc1ccc2c(c1)OCO2
CNSCC1CC=CO1,0.22727272727272727,CCCCCC1CC=CC(=O)O1
CCC(C)C1C=CCC1,0.3157894736842105,CCOC(=O)CC1C=CCC1
CCCC(CC)COC(C)C,0.36666666666666664,CCCC(CC)CCC(=O)O
CC(C)OC(C)C(C)C,0.25,CC(C)C(C)O
COC1=C(O)C=CC(C(O)C(C)O)C1,0.3,CC1=CCC(C(C)C)C=C1
CCCC(=O)CCCCC1CCCCC1,0.5833333333333334,CCCC(=O)OCCCC1CCCCC1
CCCCC(C)CC,0.6,CCC(C)CCCO
CCCCCCCOC(O)CC,0.56,CCCCCCOC(C)OCCCCCC
CCCCCCC(=O)c1ccccc1N,0.6052631578947368,CCCCCCCCCCOC(=O)c1ccccc1N
C=C(C)C(CC)CCCC,0.5384615384615384,CCCCC(CC)C(=O)O
CC1=CC(C)C(C(C)(C)S)CC1,0.4857142857142857,CC1=CC(C)C(C(=O)C(C)(C)C)CC1
CCCC=CC1CCC(C)OO1,0.4444444444444444,CCCC=CC1OCC(C)O1
Cc1cccc(CO)c1,0.68,Cc1cccc(CCO)c1
CCC(C)C1CCC(C)CC1,0.35714285714285715,CC(CO)C1CCCCC1
Cc1ccc(C(C)O)nc1C,0.3448275862068966,Cc1ccc(C(C)O)cc1
CC1CSC(C(C)C)C1,0.2903225806451613,CC1CCC(C(C)C)C(O)C1
CC(C)CC1=CCC=C1,0.2777777777777778,CC(C)Cc1ccc2ccccc2n1
OC(CCc1ccccc1)C1C=CC=C1,0.5161290322580645,CC(O)CCc1ccccc1
CCC1(C)CCC(C)(S)C(C(C)C)C1,0.2682926829268293,CCC1(C)OCC(C)(C)C(C(C)C)O1
COC1C=C(C)CC=C1O,0.2647058823529412,CC1=CCC(C(C)C)=CC1
CC1CSC(C)C1,0.3684210526315789,CC1CC(C)SS1
CCC1C=C(C)C=C1C,0.2571428571428571,CCC1(C)C(C)C(=O)C=C(C)C1C
COC1C=C(CCC=O)CN=C1O,0.27906976744186046,Cc1ccc(CCC=O)cc1
C=C1CCCC(C)O1,0.5384615384615384,CC1CCCC(=O)O1
CCCCCCC(O)Cc1ccccc1,0.7241379310344828,CCCC(O)Cc1ccccc1
CCCC(C)(C)C,0.5,CCCC(C)(C)O
C=C1CCC(C(C)C)CC1,0.4166666666666667,CC(C)C1CCC(O)CC1
CC(O)C1C=CCCC1,0.4444444444444444,CC1C=CCCC1
CCC1=CCC(C(C)C)CC1,0.40540540540540543,CC1=CCC(C(C)CO)CC1
CC1CC2CC(C1C)C2(C)C,0.52,CC1CCC2CC1C2(C)C
OC=CCCCCOS,0.35294117647058826,CCCCCCCCC=CCCCCCCCCOC(C)=O
O=CCC(O)CCc1ccccc1,0.625,CC(CC=O)CCc1ccccc1
C=C(C)C1CC(C(C)C)CCC1(C)CC,0.35,C=C(C)C1CCC(C)(O)C1C
CC1CC(C)OC(C)O1,0.5,CC1OC(C)OC(C)O1
CCN1C=NCCC1OC,0.2631578947368421,CCC1CC2CC1CC2OC
CC1C=CC=C(O)C1C,0.23333333333333334,CC1=C(O)C(=O)C(C)C1C
CC1C=CC(C)C1,0.3333333333333333,CC1C=CCCC1
CCCCCCCCCC(C)CCCC,0.631578947368421,CCCCCCCCCCCCCCCCCCCCC(C)C
COC1CCC=CC1CCC(O)O,0.28888888888888886,CCOC(=O)CC1C=CCC1
C1COSOCO1,0.12903225806451613,O=C1CCCCCCCCCOCCCCCO1
CNc1cccc(CO)c1,0.4230769230769231,OCc1ccccc1
O=C(CCCc1ccccc1)C1C=CCO1,0.46153846153846156,CC(=O)CCCc1ccccc1
CC(C)C1C=CC=C1O,0.2413793103448276,CC(C)c1ccc(O)cc1
CC(C)=CCCC(C)CC(C)CC(C)C,0.6923076923076923,CC(C)=CCCC(C)CC(C)O
C=C(C)N1C=COC=C1,0.21428571428571427,C=C(C)c1ccc(C)cc1
CCCCCCC(O)CCC,0.7142857142857143,CCCCCCC(O)CC
CC(C)CCCCCc1ccccc1,0.5483870967741935,CC(C)CCOCCc1ccccc1
C=CC(S)CCCC,0.52,C=CC(O)CCCC
C=C(C)C1=CC(CC)NN=N1,0.2857142857142857,C=C(C)c1ccnc(CC)c1
CCC(CC)SC,0.4090909090909091,CCCC(CCO)SC
Cc1ccc(C)cc1,0.6153846153846154,Cc1ccc(O)cc1
CC=CCCCCC(C)C(C)C,0.46153846153846156,CC=CCCCCC=O
CCc1ccc(OC)c(C(C)(C)C)c1,0.6206896551724138,CCc1ccc(OC)c(OC)c1
O=C1C=CCC1,0.6842105263157895,O=C1C=CCCC1
CC1CCOS1,0.3333333333333333,CCCC1OCCC(C)S1
CCCCCOCCCC(=O)O,0.6521739130434783,CCCCCC(=O)O
CCC(C)(S)CCC=C(C)C,0.5925925925925926,CCC(C)(O)CCC=C(C)C
CCCCCC1=CC=C(C)C1,0.34285714285714286,CCCCCc1ccccn1
CC(C)CCSC(O)C(C)C,0.45454545454545453,CC(C)CCSSCCC(C)C
Cc1occc1CC(C)C,0.39285714285714285,Cc1occc1S
CC(O)OC1CC(C(C)C)CCC1C,0.4,CC(C)C1CCC(C(C)O)CC1
CCCCCC(Cc1ccccc1)C(CS)OC,0.43243243243243246,COC(Cc1ccccc1)OC
CC1C=CC(CC(C)C)=C1,0.2647058823529412,Cc1nccnc1CC(C)C
CCCCCCC1=CCCC=C1,0.4166666666666667,CCCCCCC1=CCCC1=O
O=CCCC1=CCOC=C1,0.3333333333333333,O=CCCc1ccccc1
C=C(C)C1CCC(C)C(OC(=O)CC(C)C)C1,0.6486486486486487,C=C(C)C1CCC(C)C(OC(C)=O)C1
CCCCCCCCOCCCCOC(C)O,0.5769230769230769,CCCCCCOC(C)OCCCCCC
C=CCOC1=CCC(C)C=C1,0.2708333333333333,C=CCOC1CC2CC1C1C=CCC21
Cc1ccccc1CCC(C)O,0.6071428571428571,CC(O)CCc1ccccc1
CCCC(C)(C)CCC,0.5,CCCC(C)(C)O
CC(C)CC(C)OCCCO,0.4,CC(C)CCCO
COC(C)CC(C)C,0.45454545454545453,CC(=O)OC(C)CC(C)C
CC1COC(O)C1,0.3870967741935484,C=C(C)C=CC1CC(C)CO1
CCCCCCC1=CC(C)CC=C1,0.38095238095238093,CCCCCCCC1CC=CC(=O)O1
CC1CC(CC(O)C2CCCC2C)CC(C)(C)C1,0.39215686274509803,CC1CC(CC(=O)C2CCCC2=O)CC(C)(C)C1
CCOC(=O)C1(CN)CC1(C)c1ccccc1,0.4782608695652174,CCOC(=O)C1(CC)OC1(C)c1ccccc1
CCC(CC)CC(C)CCC=C(C)C,0.6428571428571429,CC(C)=CCCC(C)CC(C)O
Oc1ccccc1C(O)O,0.5909090909090909,CC(C)c1ccccc1O
CC1CCC(C(C)C)C(C=O)C1,0.5172413793103449,CC1CCC(C(C)C)C(O)C1
CCC=CCCCC(C)C(C)O,0.48148148148148145,CCC=CCCCO
CCCOc1ccc(C)cc1,0.8181818181818182,CCCCOc1ccc(C)cc1
CCNC(O)C1OC=CO1,0.23076923076923078,CCC(C)O
CCCC(=S)CC,0.4,CCCC(=O)CC
CCC(C)CC(C)CCCOC,0.39285714285714285,CCC(C)CCCO
CC1CCC(S)C1,0.34615384615384615,CC1CCC(CO)C(C)C1
CCC1C=CC(OC)CC1,0.2571428571428571,CCC1CC2CC1CC2OC
CCC(OC)c1ccccc1,0.52,COC(OC)c1ccccc1
CC1CC=CO1,0.28,CC1CC=CCC1
CC(C)CCC(C)C,0.5384615384615384,CC(C)CCN
CC(CCCCc1ccccn1)CCc1ccccc1,0.6285714285714286,c1ccc(CCCc2ccccn2)cc1
CCC1CCC=C1C,0.3448275862068966,CCC1CCC(=O)C1=O
C=C(C)CCCC(C)CCCC(C)CC,0.6666666666666666,C=C(C)CCCC(C)CCO
CCC(O)S,0.5384615384615384,CCC(S)S
CC(=O)CC(C)(O)O,0.55,CC(=O)CC(C)(C)S
CCCCCCCCCCC(=O)C(C)C,0.8095238095238095,CCCCC(=O)C(C)C
CC=CCCC(CCC)OOC,0.3548387096774194,CC=CCCCCCC
C=CC1(C)CCC(C(C)(C)CCC=C(C)C)C1,0.4,C=CC(C)(O)CCC=C(C)C
CC1CC(C(C)O)CCS1,0.39285714285714285,CC(C)C1CCC(C(C)O)CC1
CC1C=CC2(C1)C(C)CCCC2(C)C,0.32432432432432434,CC1CCCC2(C)CCCCC12O
CCCCCCCCCCC(O)CCCCCCCC,0.7894736842105263,CCCCCCC(O)CC
CCC=C(C)C,0.5,CC(C)=CCO
CC1CC(c2ccccc2)CO1,0.5,CC1COC(c2ccccc2)O1
CCC1CC(CC(C)C)CC1C,0.34285714285714286,CC(C)CC1CC(C)CCO1
COC1CCC(CS)CC1OC,0.29411764705882354,CCC1CC2CC1CC2OC
CCOCCCCCC1CCCC(O)C1,0.35294117647058826,CCOCCCO
COC(C)(C)C1CCC(C)CC1,0.5555555555555556,CC(=O)OC(C)(C)C1CCC(C)CC1
CCC1=NC=COC1OCS,0.1951219512195122,CCc1cnc(CC)s1
CCCCCC(O)CC=O,0.5714285714285714,CCCCCC(S)CC=O
CCOC(C)CCC(C)=O,0.4482758620689655,CCOC(C)OC(C)=O
CC(C)SCO,0.375,CC(C)CO
C=C1CCC(C(=O)O)C1,0.40625,CC1=CCC(C(=O)O)CC1
CC(C)=CCCC(=O)CC(C)C,0.5428571428571428,CC(C)=CCCC(C)=CCOC(=O)CC(C)C
C=CCCCCC,0.9375,C=CCCCCCC
CSNc1ccccc1,0.4090909090909091,CSc1ccccc1
CC(O)CC(C)CC(C)(C)C,0.5,CC(CCO)CC(C)(C)C
CCCCCCOCCCC,0.5789473684210527,CCCCCCCCCCOC
CCCCCC(=O)C(C)C,0.85,CCCCC(=O)C(C)C
CC1CC(O)CC1=O,0.4482758620689655,CC1CC2C3CCC(C3)C2CC1=O
CC1=CC(C)CCC1,0.3870967741935484,CC1=CC(C)C(C=O)CC1
CC1=C(OC(C)C)CC(CO)=CC1,0.2727272727272727,C=C(C)C1CC=C(CO)CC1
C=C=NC(C)C,0.4444444444444444,CC(C)N=C=S
CC1COC(C)(C)C1,0.36,CC1COC(C)(C)O1
CCCC(OC)c1ccccc1,0.48148148148148145,COC(OC)c1ccccc1
C=CCc1ccc(C)cc1,0.6086956521739131,Cc1ccc(CC=O)cc1
CC1CCCC1CS,0.2962962962962963,CC1CCCC(O)C1
CC(C)C(=O)OC1C(C)CCCC1C,0.5333333333333333,CC(C)C(=O)OC1CCCCC1
CCC1CCC(OC)C(OC)C1,0.3870967741935484,CCC1CC2CC1CC2OC
C=C(CN)CCCCCCCCC=S,0.30303030303030304,C=CCCCCCCCCC(=O)O
CCc1ccccc1,0.5294117647058824,c1ccc(Cc2ccccc2)cc1
CCC(C)c1ccccc1OC,0.5,COc1ccccc1OC
CCCCCC(C(C)=O)C(S)CCC,0.5,CCCCCC(O)C(C)=O
CCCCCC(C=O)CC(C)C(C)C,0.5,CCCCCCC(C)C=O
CC(C)C(C)CCC1=CCCC1,0.375,CC(C)OC(=O)CC1=CCCCC1
OC1COC2=C(OOCC2)S1,0.1875,OC1CSC(O)CS1
CCCC=CCNC(=O)C(C)CC,0.5142857142857142,CCCC=CCOC(=O)C(C)CC
CCCCCCCC(O)Cc1ccccc1,0.7241379310344828,CCCC(O)Cc1ccccc1
CCCCCC=C=N,0.45454545454545453,CCCCCCC=CCCCCCCCCC
CCC=C(S)C(C)=O,0.4583333333333333,CCC=C(C)C(=O)O
CCCCCCCCC(=O)CCCCC,1.0,CCCCCCC(=O)CCCCCC
C=CCCCC,0.7647058823529411,C=CCCCCCC
COC(O)c1ccccn1,0.5357142857142857,CC(C)c1ccccn1
CCCC(=O)C(C)CS,0.5,CCCC(=O)C(S)CC
C=C(CCCCCCCCCCC)OCC(C)C,0.6129032258064516,CCCCCCCCCCCCCCCCCC(=O)OCC(C)C
CCCCCCCCC(CCC)CSC,0.44,CCCCCCCCSC
CCCCC(C)c1ccccc1C,0.4,Cc1ccccc1C(O)O.OCC(O)CO
CCCC(O)C(CC)Cc1ccccc1,0.6129032258064516,CCCC(O)Cc1ccccc1
C=C(CC)c1ccccc1,0.52,CCC(=O)c1ccccc1
C=C(C)CC(C)OC(C)C(C)C,0.4666666666666667,C=C(C)CC(C)OC(=O)C(C)C
C=CCSCSCCC,0.7619047619047619,C=CCSCCC
CCCC(C)C(C)C(C)S,0.5,CCCC(C)S
CCOC(=O)CO,0.631578947368421,CCOC(=O)CC
CCC1=CCC=C1C,0.3103448275862069,CCc1ncc(C)nc1CC
CC1CCCC(C)COC(C)(C)CCC1,0.3333333333333333,CC1CCCC(C)(C)C1=O
CC1=CC(CC(C)(C)CS)=CCC1,0.2682926829268293,CC1=CCC(=C(C)C)CCC(C)=CCC1
C=CCCC,0.5555555555555556,C=CCCCCCC
CCCCC(O)CCC1CCCCC1,0.4482758620689655,CCCCC(O)CC
CC(C)C1=CC=C(O)CC1,0.56,CC1=CC=C(C(C)C)CC1
CCC1C=CC(COC(O)Cc2ccccc2)=CC1,0.35555555555555557,CCOC(Cc1ccccc1)OCC
C=C1CC2CCC1(C)C2(C)C,0.5925925925925926,CC12CCC(CC1=O)C2(C)C
CC1CC(=O)C(C)(C)C12CCCCCC2,0.3235294117647059,CC1CCCC(C)(C)C1=O
CC(=O)C1CCC(=O)C1,0.45161290322580644,CC(=O)C1CC=C(C)CC1
CC1=NC=COC1,0.27586206896551724,CC1=NC(C)OC1
CCOC(=O)C1=CC(OC)=C(O)CC1,0.4,CCOC(=O)c1ccc(OC)cc1
CCC1C=CC=C(NC)C1CC,0.21052631578947367,CCC1C=CC(=O)O1
CCCCCCCCCC(=O)CCC(C)C,0.6956521739130435,CCCCCCC(=O)CCCCCC
CC(C)=CCCC(C)CCCCO,0.7307692307692307,CC(C)=CCCC(C)CCO
CCCCCCCCCCC(C)C,1.0,CCCCCCCCCCCCCCCCCCCCC(C)C
CCCCCCC1CNC(CC)C1,0.35294117647058826,CCCCCCC1OCCO1
C=C1CCCC(C)(C)C1CSC(C)=O,0.6153846153846154,C=C1CCCC(C)(C)C1CCC(C)=O
CCCC(C)CCCc1ccccc1,0.53125,CC(CCO)CCc1ccccc1
CCCCCC(=O)C1C=CC=C1,0.4666666666666667,CCCCCCCC(=O)N(CC)CC
CC(O)CCCCCC(O)S,0.5909090909090909,CCCCCCCC(C)O
CCC1=CC(C)C(C)=C1,0.2857142857142857,CCC1(C)C(C)C(=O)C=C(C)C1C
CCC1CCC(C(C)=O)CC1,0.39285714285714285,CCOC(=O)C1CCC(C(=O)OCC)CC1
CCCCCC(O)CCOC,0.5806451612903226,CCCCCCC(O)CCOC(C)=O
CCC(C=O)CCN,0.6,CCC(C=O)CC
C=CCCC(C)CCCC(C)C=C,0.5769230769230769,C=CC(C)CCCC(C)C
C=C(C)C(O)CCCCC,0.6666666666666666,CCCCCC(O)C(C)=O
CSC(O)CCC1CCCC=C1C(C)(C)C,0.2545454545454545,CCCCC1OC(=O)C2=CCCCC21
C=CC(C)CC,0.47368421052631576,CCC(C)C=O
CC1=CCCN=C1C,0.3,CC1=CCCCCCCCCCCCCC1=O
CCC(C)C1OCCC1C,0.34285714285714286,CC(C)CC1CC(C)CCO1
CC(C)C1C=CC(CC=N)=CC1,0.5151515151515151,CC1=CCC(C(C)C)C=C1
CCCC1CCCC(C)O1,0.42424242424242425,CCCC1CCCC(=O)O1
CC(CCO)CCO,0.6875,CCC(C)CCO
CCCC(C)COCCCCCCCCS,0.4117647058823529,CCCCCCOCC(OC)OC
CCCC(O)C=C(C)CCC=C(C)O,0.45454545454545453,CC(C)=CCCC(C)=CC(C)O
CCCC(C)CC(C)C,0.4782608695652174,CC(C)CC(C)CCCC(C)O
CCCCCC=CCCCC=CC=O,0.9090909090909091,CCCCCC=CCCC=CC=O
CC(C)C(C)C,0.4444444444444444,CC(C)C(C)O
CCC(C)(C)OC,0.4,COC(C)(C)C
C=C(NC)C(C)CS,0.3333333333333333,CC(C)CS
CC1CC1,0.4117647058823529,CC1CCC(C(C)(C)O)CC1
CCCCC(C)OC1=CC=CCC1,0.3333333333333333,CC1=CC=CCC1
CCCCCCCC(=O)C(CC)CC,0.5416666666666666,CCCCCCC(=O)CCCCCC
COC1=CC(C2CCC(C)C2)C=CC1O,0.3,CC1CCC(O)C(C(C)(C)C)C1
CC(C)CC(=O)C1CC=CCC1N,0.3333333333333333,CC(C)CC(=O)CC(C)C
CCCC(O)CC1C(C)CCC(C)C1C,0.38095238095238093,CCCC(O)CCC1C(C)CCCC1(C)C
CCCCC(C)C,0.75,CCCCCCCCCCCCCCCCCCCCC(C)C
CC1CC(C)SC(C)O1,0.34615384615384615,CC1CC(S)C(C)O1
CCC1CCC2=NC=CNC21,0.23255813953488372,CC1=CC(C)C(CO)CC1
C=CC(C)(C)CCCC(C)CC,0.5925925925925926,CCC(C)CCCC(C)(C)O
C=CCCC(C)c1ccccc1,0.4838709677419355,CC(CC=O)c1ccccc1
CCCCCC(C)OCCc1ccccc1,0.6571428571428571,CCCCOC(C)OCCc1ccccc1
CCCC(=O)CCC1(C)CCC(C)C1,0.4,CCCC(=O)CCC
CCCC(O)c1ccccc1C,0.5,Cc1ccccc1C(O)O.OCC(O)CO
CCCC(=O)CC(C)CC1C=CCC=C1,0.34375,CCCC(=O)CCC
CCC(C)OO,0.47368421052631576,CCOC(C)CC
CCCC(C)CC(C)c1ccccc1,0.6206896551724138,CC(CO)CC(C)c1ccccc1
CCCC(C)C(=N)O,0.5454545454545454,CCCC(C)C(=O)O
CC(C)CC(C)CC(C)C,0.4666666666666667,CC(C)CC(C)O
Cc1ccc[nH]1,0.4,CC(=O)c1ccc[nH]1
CC(C)CCC1CCC(C)(C)C23CC4CC2C13C4(C)C,0.6585365853658537,CC1(C)CCC(CO)C23C4CC(CC412)C3(C)C
CSCCC(C)O,0.45,CCCC(C)O
CCCC(C)CCS,0.47368421052631576,CC(C)CCS
C=C(C)OC1CC(C)CC(C)(C)C1,0.6774193548387096,CC(=O)OC1CC(C)CC(C)(C)C1
COC1C=C(C)CC1C,0.40625,CC1=CC(C)C(CO)C(C)C1
CC(=O)CCC1CCCC(C)C1(C)C,0.40476190476190477,C=C1CCCC(C)(C)C1CCC(C)=O
CC1CC(C)(C)C(O)C2(C)CC12,0.3548387096774194,CC1(C)CC2C(C1)C1(C)CCCC2(C)C1O
CCC(S)CCC(O)C1=C(C)CC=CC1,0.2903225806451613,CCC(S)CC
CCCCCCC(=O)Cc1ccccc1,0.5833333333333334,CCCCCCCCCCCC(=O)OCc1ccccc1
CCC(C)OC,0.5,CCOC(C)CC
C=CC(C)(C)C=CC1=C(C)CCCC1(C)C,0.5142857142857142,CC1=C(C=O)C(C)(C)CCC1
CC1=CC(=O)CC(C)(C)C12C=CC(C)C2,0.3617021276595745,CC1=CC(=O)CC(C)(C)C1(O)C=CC(C)O
CC(C)(O)Oc1ccccc1,0.4583333333333333,CC(C)(O)c1ccccc1
CCC(C)C(=O)CC1CC2C=CC1(C)C2(C)C,0.28205128205128205,CCC(C)C(=O)O
C=C(C)C1CCC2CC(=O)CN(C)C2(C)C1,0.5454545454545454,C=C(C)C1CCC2CC(=O)CC(C)C2(C)C1
C=C(CCCCC)CCC(C)CCC,0.46875,CCCCCC(C)CCC(=O)O
CC1=CC(C)C(C)=C1,0.25,CC1=CC(=O)C(C)O1
CCCCCCCCCCC(=O)CCC,0.8888888888888888,CCCCCCC(=O)CCCCCC
COc1nc(C)ccc1C,0.4642857142857143,COc1nc(C)cnc1C
CC(O)CCN,0.5625,CC(O)CN
CC1(C)CCCC(C)(O)C1O,0.3793103448275862,CC1(C)CC2C(C1)C1(C)CCCC2(C)C1O
CCC1CCC(C)CO1,0.4782608695652174,CCC1CCC(CC)O1
CC=C(C=O)COC,0.4230769230769231,CC=C(C=O)CCCC
C=C(C)OCCC(=O)c1ccccc1,0.6,C=C(CCOC(C)=O)c1ccccc1
CC(=O)C1CCC(C)CC1=O,0.6785714285714286,C=C(C)C1CCC(C)CC1=O
CCCCC(=O)CCC,0.75,CCCC(=O)CCC
CCCC(O)CCN,0.55,CCCC(O)CC
CC(=O)C1CC(C)C=C1C,0.5454545454545454,CC(=O)C1CC2C(C=C1C)C2(C)C
CC(C)C(C)C(C)O,0.5833333333333334,CC(C)C(C)O
COCCCCC1CCCC(C)O1,0.35,CCCCCC1CCOC(C)O1
OCC1C=CCCC1,0.4230769230769231,CC1C=CCCC1
CC1CCC(O)C1,0.6842105263157895,CC1CCCC(O)C1
CC1CCC2(O1)C(C)C=CCC2(C)C,0.43902439024390244,C=C1C=CCC(C)(C)C12CCC(C)O2
CCCC(=O)OC(C)(CCC)CCC,0.48,CCCC(=O)OC(=O)CCC
CCN(C)c1ccc(C)cc1,0.37037037037037035,CCOc1ccc(C)cc1
C=C(C)C1C2CC(C)(C(C(=O)OC)O2)C1C,0.3269230769230769,C=C(C)C1=C(C)C2(C)CC1CC2C(=O)OC
CCC1CC=CC1,0.30434782608695654,CC1CC=CCC1
CCCC(C)C(CC)Cc1ccccc1,0.53125,CCCC(O)Cc1ccccc1
C=CC(CC)CCCC,0.52,C=CC(O)CCCC
CC1CCCCCCCCCCCCCCC1,0.45454545454545453,CC1CCCCCCCCCCCCC(=O)C1
CC(=O)OC1=CCC(CCC(C)C)C=C1,0.3170731707317073,CC(=O)OCCC(C)C
CC1CCC(O)C1O,0.38461538461538464,CC1CCC(O)C(C(C)(C)C)C1
C=CC(C)NCCC(C)CCCC(C)S,0.3333333333333333,CCCCCC(C)S
CCC=CCC=CCCCCCCCCCCC(C)N,0.5483870967741935,CCC=CCC=CCC=CCCCCCCC=O
C=CCC1=CC(C2CC(CCC)CC=C2O)C(C)CC1,0.2711864406779661,CCCC1CC=C(C=O)C(CCC)S1
CCCC=C(C)CCC=C(C)C,0.6666666666666666,CC(C)=CCCC(C)=CCCC(C)=CCO
C=C(CC)CCCC(C)(C)CC,0.4444444444444444,C=CCOC(=O)CCCC(C)(C)CC
CC1COC(c2ccc3c(c2)NCC3)O1,0.5,Cc1ccc(C2OCC(C)O2)cc1
C=C(CC)CCCC,0.45454545454545453,CCCCC(=O)CC
C=CC1=CC=CCC1,0.4230769230769231,CC1=CC=CCC1
CCc1ccoc1CC,0.5357142857142857,CCc1occc(=O)c1O
C=C1CC(C)CO1,0.25,CC1CCC(C(C)C)C(=O)C1
CCC1=NC(CC)C=C1,0.3125,CCC1C=CC(=O)O1
CCCCCCCCCCCCCC1CCCC(C)O1,0.5625,CCCCCCCC1CCCO1
CC(C)=CCCCO,0.48,CC(C)=CCCC(C)CCO
C=C(CCCCCCCC)OCCO,0.4375,CCCCCCCCCCCCCC(=O)OCCCC
CC(C)CC=CCCC1C=CC=CC1,0.2564102564102564,CC(=O)C=CCC(C)C
CCC(OC(C)O)C1=CCC(OC(C)=O)CC1,0.3541666666666667,CC(C)C1=CCC(C(=O)O)CC1
CCC(=O)C1=C(CCCCc2ccccc2)CCC=C1,0.41304347826086957,CCC(=O)OCCCc1ccccc1
C=CC=CCCCCCCC,0.782608695652174,C=CC=CC=CCCCCC
CCOc1ccccc1CC,0.45161290322580644,CCOCc1ccccc1OC
COC1COC=CC1CO,0.23809523809523808,COC1CC2CC1C1C=CCC21
CCNC(=O)CCc1ccccc1C,0.48484848484848486,Cc1ccccc1CCO
CCC(=O)c1ccccc1NCCCCCCCCO,0.4090909090909091,CCNc1ccccc1C(=O)OCC
C=C(CCOC)c1cnccc1N,0.2857142857142857,COCc1cnccn1
Cc1cccn1CCc1ccoc1O,0.27906976744186046,CCn1cccc1C(C)=O
OC1CCCCO1,0.36,OCC1CCCO1
CCCC1CCCC(C)(CC(C)C)C1,0.41025641025641024,CC(C)CC1CCCC(C)(O)C1
CC1C=CC(C(C)C)CS1,0.30303030303030304,CC1=CCC(C(C)C)C=C1
C=C(C)CCC(C)CCC,0.5,C=C(C)CCCC(C)CCO
COC(O)C(C)(O)O,0.3125,CC(C)(C)O
C=CC1CCCC(CCCC(C)C)C1,0.3333333333333333,C=CC(C)CCCC(C)C
CC(C)CCCC(C)OCOC=O,0.4827586206896552,CC(C)CCOC=O
CCCCCC1C=CC=C1,0.3888888888888889,CCCCCC
CCC=C(C)C(C)CCCCC,0.6428571428571429,CCC=C(C)C(O)CCCCC
CCCCCC(O)CCCCC,0.7777777777777778,CCCCCC(O)CC
C=CCCC1C=CCC1,0.34210526315789475,CCOC(=O)CC1C=CCC1
CCCC(O)C(=O)OCC,0.75,CCCCC(O)C(=O)OCC
CCCCC(CC)C(O)CCC,0.5,CCCCC(O)CC
C=CCCOCC(C)C,0.4117647058823529,C=CCCCCCCCCC(=O)OCC(C)C
CC1CCC(c2ccccc2)S1,0.37142857142857144,CC1CCOC(c2ccccc2)C1
CCSC1=CCC=C1C,0.2413793103448276,CC1=CCC=CC1
C=CC1C=C(CC)C(O)=C(OC)C1,0.29545454545454547,C=CCc1cc(OC)c(O)c(OC)c1
CC(C)(C)C,0.42857142857142855,CC(C)(C)O
C=CCOCOOOCCCC,0.35135135135135137,C=CCOC(=O)CCCC
CCCC1=CC(OC)C(OC)C(CC)C1,0.2926829268292683,CCCc1nccnc1OC
C=CC(CCCC)Cc1ccccc1,0.45714285714285713,CCCC(O)Cc1ccccc1
C=C(CCCCC)CC(C)C,0.41379310344827586,C=C(CCCCC)C(C)=O
C1CCC2OCCCC2C1,0.39285714285714285,O=C1CCC2CCCCC2O1
CC1C=CC(c2ccccc2)CC1,0.3611111111111111,CC1CCOC(c2ccccc2)C1
CCc1ccc(C2CCc3ccc(O)cc3C2)cc1O,0.2631578947368421,O=C1CC(c2ccc(O)cc2)Oc2cc(O)cc(O)c21
CC(C)=CC1CCCC(C)C1,0.5,CC1CCCC(O)C1
CCOC1=CC=C(C)CC1,0.36666666666666664,CC1=CC=C(C(C)C)CC1
CCCCCC(O)OCC,0.5833333333333334,CCCCCC(OCC)OCC
CCCc1ccc(CC)cc1,0.6190476190476191,CCCc1ccc(O)cc1
COC1CC(C)=CC1C,0.40625,CC1=CC(C)C(C)C(C=O)C1
CC1=C(C)C(O)C(C)C=C1,0.26666666666666666,CC1C=CC(=O)O1
CCC1=CC=C(O)CC1,0.2903225806451613,CCc1cccc(O)c1
CCC(O)CCCCCOC,0.6,CCCCCCC(O)CC
CC1=COC(C(C)C)CC1,0.38235294117647056,CC1=CC(=O)C(C(C)C)CC1
CC(C)C1=CCCC(CCO)=C1,0.35,CC1=CCC(C(C)CO)CC1
COc1ccc(C(=O)CCO)cc1,0.6551724137931034,CCC(=O)c1ccc(OC)cc1
CCCC1CCCC=C1CC,0.3409090909090909,CCCCC1OC(=O)C2=CCCCC21
CC(C)C1CC2C(C)CC1CC2CO,0.35135135135135137,OCC1CC2CC1C1CCC(CO)C21
CC1=C(O)C(O)CC1C,0.3448275862068966,CC1=C(O)C(=O)CC1C
CC1=CC(C)=C(N)C(C)C1,0.3142857142857143,CCCC1CC(=O)C=C(C)C1
CC(C)C1=CC(O)C(C)CC1,0.4117647058823529,CC(C)C1=CC(=O)C(C)CC1
CCCCCSCCCCCC=O,0.7272727272727273,CCCCCCCC=O
CCCC1CCOC1,0.35,CCCCCC1COCCC1OC(C)=O
C=CC=CCNCCCCCC,0.4375,C=CC=CC=CCCCCC
CC1CCCC2=C1C=CCC2,0.3333333333333333,CC1CCCC(=O)C1=O
CC1CCOC(C)C1C,0.4782608695652174,CC1OCCC1S
CCCC(C)CCCC(C)(C)C,0.48148148148148145,CCC(C)CCCC(C)(C)O
Cc1cccc(CC(C)C)c1,0.5172413793103449,Cc1cccc(CCO)c1
CCC(CC)CC(C)CCCC(C)C,0.5185185185185185,COC(CC(C)CCCC(C)C)OC
C=C(C=CC)OCCC=CCC,0.625,CC=CC(=O)OCCC=CCC
C=Cc1cc(CC)c(C)c(OC)c1,0.5151515151515151,C=Cc1cc(OC)c(O)c(OC)c1
CC1CCCC(C)(C)CC1=O,0.5172413793103449,CC1CCCC(C)(C)C1=O
C=CCCOC(C)CCCC(C)C,0.43333333333333335,C=CC(C)CCCC(C)C
CC(C)=CCCC(=O)C(C)C,0.5833333333333334,CC(=O)CCC=C(C)C
CCCCCCCC1CCCC1O,0.9583333333333334,CCCCCC1CCCC1O
CCCC(C)CC(C)C1CCCCC1,0.5,CC(CO)C1CCCCC1
CCC(C)CCCC(C)C,0.5714285714285714,CCC(C)CCCO
CC(O)CCCOc1ccccc1,0.5517241379310345,CCCCOc1ccccc1
CCC(C)CCC=C(C)C,0.64,CC(C)=CCCC(C)CCO
CC1CCNC1,0.30434782608695654,CC1CCCCN1
CC1CCCC1CCCCCCS,0.38235294117647056,CCCCCC1CCCC1O
CC(C)C1C=CC(CO)CC1,0.38235294117647056,CC(C)C1C=CC(C)(O)CC1
COS1=CCC(C)C=C1,0.21875,CC1C=CCCC1
CC1CCC=C2C=CC=CC21,0.24242424242424243,CC1C=CCCC1
CC(O)CC(C)C(O)O,0.5294117647058824,CC(C)CC(C)O
C=C(C)C(=O)CCCCC,0.6521739130434783,CCCCCC(=O)C(C)=O
CC1CCC=C1O,0.275,C=C(C)C1CCC2=CCCC(C)C2(C)C1
C=COCC(=O)c1ccccc1,0.53125,C=CCCC(=O)c1ccccc1
Cc1ccccc1C(=O)CCCCCCCCCO,0.46875,CC(=O)c1ccccc1C
CC(C)C1CC=C2C=CCCC2C1,0.3333333333333333,CCC(=O)C1CC(C(C)C)CC=C1C
CC(N)OC1(C)OCCC(C)(C)C12COC(C)C2,0.2653061224489796,CC1CC(C)(c2ccccc2)CO1
CC(O)CCC(OC(C)C)c1ccccc1,0.46875,CC(O)CCc1ccccc1
C=C(CC(C)C)OCCC=CCC,0.6363636363636364,CCC=CCCOC(=O)CC(C)C
CCCCCCC1CCSC1,0.375,CCCCCCC1OCCO1
CCCCNC(O)CCCC,0.4782608695652174,CCCCC(C)O
C1CCOC1,0.4,O=C1CCCCCCCCCOCCCCCO1
CCCC1=CC(C)C(C)=C1,0.2727272727272727,CCCc1nccnc1C
CCC(C)C1CCCCC1(CC)CC(C)O,0.4166666666666667,C#CC1(OC(C)=O)CCCCC1C(C)CC
C=C1CCCC(CCCC)O1,0.6363636363636364,CCCCC1CCCC(=O)O1
CC(=O)C1=CC=CC1,0.34285714285714286,CC(=O)C1=CCC2C=CCC2C1
CC1C(C)(C)C2CCC3C=CC=CC3C2C1(C)C,0.3902439024390244,CC1C(C)(C)C2CCC3CC(C)(C)OC3C2C1(C)C
CC1CC=CCCCCCCCCC(C)C1,0.5,CC1CC=CCC1
CC1CCC2(C1)C(C)CCCC2(C)O,0.4117647058823529,CC1CCCC2(C)CCCCC12O
C=C(CC)C(CC)CC,0.38095238095238093,CCC(CC)C(=O)O
CC(O)CC(C)CCc1ccccc1,0.7037037037037037,CC(O)CCc1ccccc1
OC1C=CCCCC1,0.43333333333333335,C1=CC2COCC2CCCCCCCC1
CCCCCCC(C)CCCC(C)C,0.7894736842105263,CCCCCCCCCCCCCCCCCCCCC(C)C
CCCc1cc(CC)c(C)c(CC)c1,0.3870967741935484,CCCc1cc(OC)c(O)c(OC)c1
CC1CCCC(C)CCC(C(C)C)CC1,0.4782608695652174,CC(C)C1CCC(O)CC1
O=C(OCC1C=CC=CC1)C1=C(O)CC=CC1,0.23529411764705882,CCOC(=O)CC1C=CCC1
CCC1C=CCOC1O,0.25,CCC1OCC2(CC=CCC2)CO1
C=CC(O)CS,0.5,C=CC(O)CC
CC1CC=C(C(C)(C)C)CC1,0.32142857142857145,CC1CCC(=O)CC1
CC1=CC(C(C)O)CC(C)O1,0.2564102564102564,CC1COC(C)(C(C)O)O1
CC(O)C1C(C)OC(C)C1O,0.2413793103448276,CC(C)C1CCC(C(C)O)CC1
CCCC(C)CC(C)Cc1ccccc1,0.5483870967741935,CCCC(O)Cc1ccccc1
CCC(CC)CC(C)OCCC(C)C,0.48,CC(C)CCOC(C)OCCC(C)C
CCOCC1=CC(C)CC1,0.3333333333333333,CCOCc1ccccc1
CCC(C)=CCCC(C)(O)CC,0.72,CCC(C)(O)CCC=C(C)C
C=CCCCCCC(C)CCC,0.56,C=CCCCCCC
CC1=CCC2(C)CC1C2(C)C,0.45161290322580644,CC1=CCC2(C(C)C)CC12
OC1=CCCCC1O,0.2564102564102564,CC1(C=O)CC(C)(C)C2CCCC=C21
CCCCCCCCC1CCC(=S)O1,0.6363636363636364,CCCCCCCC1CCC(=O)O1
C=C(C)CCc1ccccc1,0.6153846153846154,CC(=O)CCc1ccccc1
C=C(CC)OCCCCCCC(C)C,0.6129032258064516,CCC(=O)OCCCCCCC(C)C
CCCCC(C)CCCC(C)C,0.6,CCCCCCCCCCCCCCCCCCCCC(C)C
CCc1cc(C)cc(OC)c1O,0.6538461538461539,COc1cc(C)cc(OC)c1O
CCC(C)N1CCCC1,0.2857142857142857,CCC(C)O
C=CC(C)(CCCC(C)C)CC(C)CCC,0.5,C=CC(C)(O)CCCC(C)C
CC1=CC(C)=C(C(C)C)C1,0.3103448275862069,CC1=CCC(C(C)C)=CC1
CCC1CC(CCC(C)CCSC2CCC(NC)C(OC)C2)=CC=C1OC,0.21311475409836064,CCC1CC2CC1CC2OC
CCCNC(=O)C(C)CC,0.4444444444444444,CCC(C)C(=O)OC
CCCC1(C(C)(C)C)C=CC(C)C1,0.45714285714285713,CCCC1(C(C)(C)C)C=CC(C)O1
C=CSCC(O)C1=C(N)CCC=C1,0.2127659574468085,C=CCSCC(N)C(=O)O
CCC(C)CC(CC)CSC,0.3333333333333333,CCC(C)CN
CC(C)CC1CCCC1,0.5,CC(C)CC1CCCC(C)(O)C1
C1=CC2CCCCC2CC1,0.4666666666666667,C1=CC2COCC2CCCCCCCC1
CCCCOCCC(C)CCC,0.4827586206896552,CCOCCC(C)CCCC(C)C
CCCCCC1=C(C)CCC1C,0.4,CCCCCC1=C(C)CCC1=O
CC(C)C1CCCNN1,0.25,CC1CCCCN1
CCC(CCC(C)C)CCC(C)C,0.4444444444444444,CC(C)CCO
CC(C)C(O)CCC1C(C)CCCC1(C)C,0.7647058823529411,CC(O)CCC1C(C)CCCC1(C)C
C=C1CCCC(CCCCCCCCC)O1,0.6571428571428571,CCCCCCCC1CCCC(=O)O1
CCCC(C)C(C)O,0.5555555555555556,CCCC(C)O
CC1CCC(S)CC1,0.4375,SC1CCCC1
Cc1cc2c(o1)=CCCC=2,0.32142857142857145,Cc1cc(S)c(C)o1
CCCCCCCC(=O)CCC(C)C,0.6956521739130435,CCCCCCC(=O)CCCCCC
CCc1cccc(OC)c1O,0.64,COc1cccc(OC)c1O
C=C(C)CC(C)CCC,0.391304347826087,CCCC(C)O
CC(=O)C1=CCCO1,0.3548387096774194,CC(=O)C1=CCCN1
CCCCCC1C=C(C)SC1,0.40625,CC1=CC(S)CS1
CC(O)CCO,0.5625,CC(C)CCO
C=C(C)C(O)CCC,0.5,C=C(C)C(O)CCC(C)CCO
CC(C)CCCCCCCC(C)C,0.7333333333333333,CCCCCCCCCCCCCCCCCCCCC(C)C
CCOCCCCC(C)OCC,0.44,CCOC(C)CC
CCCC1C=C(CC)C(C)C(CC)=C1,0.2894736842105263,CCCCC1C=C(C)CC(C)O1
CCOCOC(C)C(C)C,0.3684210526315789,CCOCC
CC1=CC(C(C)C)=CC1C,0.2571428571428571,CC(C)C1=CC(=O)C(C)CC1
CCCC1(C(C)(C)C)CCC(C)C1,0.3157894736842105,CCCC1(C(C)(C)C)C=CC(C)O1
COC=CCC1C=CCC1C,0.2702702702702703,CCCCCCCCC=COC
CC(C)C1CC2CC(C=O)C1CC2C,0.375,CC1=C2CC(C=O)C(C1)C(C(C)C)C2
COC(O)C(C)C,0.4,CC(C)C(C)O
C=C(CC)C(S)CC,0.43478260869565216,CCC(S)C(C)=O
C=C(CCCC)OCc1ccco1,0.6842105263157895,CCCCC(=O)OCc1ccco1
CC(C)C(C)SC(C)C(C)C,0.38461538461538464,CC(C)SC(C)C
CC(C)=CCCC(=O)C=C(C)C,0.6086956521739131,CC(=O)CCC=C(C)C
CC1CCC(O)C(O)C1S,0.3333333333333333,CC1CCC(O)C(C(C)(C)C)C1
CC=CC1CC=C(NCC)C(OC)C1,0.22448979591836735,CC1(C)C2CC=C(C=O)C1C2
CCCCCCCSCCCC,0.8,CCCCSCCCC
CC(C)(C)C1=CCC(C=O)CC1,0.475,CC(C)(O)CCCC1=CCC(C=O)CC1
C=C(COCCC)C(C)=O,0.4482758620689655,C=C(CCCCC)C(C)=O
CCC=CCC(CCC)CCC,0.44,CCC=CCC(OC)OC
C=C(CC)C1=CCC=C1,0.25806451612903225,CC1=CCC=CC1
C=C(O)CCCCCC,0.5454545454545454,CCCCCCCC(=O)O
CC(=O)CC(CC(C)C)CC(C)O,0.5,CC(=O)CC(C)C
CC12C=CC(C1)C(C)(C)C2O,0.3235294117647059,CC12C=CC(CC1)C(C)(C)O2
CCC1CCCO1,0.5652173913043478,OCC1CCCO1
CCC=CCCCCCCC(C)=O,0.7692307692307693,CCCCCCC=CCCCCC(C)=O
OCCCCCC1C=CC=CN1,0.26666666666666666,CCCCCCCCO
CC(=O)C1=CC2C(C=C1C)C(C)(C)C(C)CC2(C)C,0.32608695652173914,CC(=O)C1CC2C(C=C1C)C2(C)C
CCCC(C)C(C)(C)O,0.42857142857142855,CCCC(C)O
C=C(CCC)C(C)C(C)C,0.32142857142857145,CCCC(=O)OC(C)C
C=C(CCCC)C1C(C)CCCC1(C)C,0.4878048780487805,CCOC(=O)C1C(C)CCCC1(C)C
CCC(C)(C)COC,0.3,CCC(C)(O)CC
CCCCCC(O)CCC(O)S,0.5833333333333334,CCCCCC(O)CC
CCC(=O)CCCC(C)C,0.5833333333333334,CC(C)CCCC(=O)O
CCC(=O)C=C(C)C,0.47619047619047616,C=CC(=O)CC
CCCCCC(O)OCC(C)O,0.5833333333333334,CCCCCC(C)O
CCCCCCCCCC,1.0,CCCCCCC
CCSC1CC=CNC1C(C)S,0.21212121212121213,CCC(C)S
CC(O)CC1(C)CCCC1C,0.4594594594594595,CC(O)CCC1C(C)CCCC1(C)C
C=C(C)CC1(CC)CCCCC1,0.30303030303030304,CC(=O)OC1(C(C)=O)CCCCC1
Cc1cocn1,0.35,Cc1cnc(C)cn1
CC=C(C)C(C)CCC1=CC=CCC1,0.32432432432432434,CC1=CC=CCC1
CC1COCC(O)C1,0.4,CC1CCCC(O)C1
CCC(CC)C(O)OCCC(C)CCCC(C)C,0.5151515151515151,CCOCCC(C)CCCC(C)C
CC(=O)OC1=C(C)CC(C)C1,0.35135135135135137,CC(=O)OC1=C(C)OC(C)C1=O
COC1=CC(C)=COC1C,0.2857142857142857,COC1=C(C)OC(C)C1=O
C=CCC1=CC=C(OC)CC1,0.41025641025641024,C=CCc1cc2c(cc1OC)OCO2
CCCCC(CC(C)C)OCCC,0.4230769230769231,CCCOC(C)OCCC
CC=CC(O)CC,0.5652173913043478,CC=CC(O)CCCC
CC1CC(C)C(C)S1,0.3684210526315789,CC1CC(C)SS1
CCCCNCC,0.4666666666666667,CCNCC
CCCCC1CCCC(C)O1,0.47058823529411764,CCCCCC1CCOC(C)O1
CC1COC(C)C1O,0.28,CC1COC(C)O1
CCCc1ccccc1NCC,0.5,CCCc1ccccc1O
CC(C)CCCC(O)C(C)C,0.47619047619047616,CC(C)CCCO
C=COCCc1ccccc1,0.6296296296296297,O=COCCc1ccccc1
CC1CCCC(C)O1,0.375,CC1CCCC(=O)O1
C=C1CC(C)CCC1C(C)C,0.5714285714285714,CC1CCC(C(C)C)C(=O)C1
C=CCCCCCCC,1.0,C=CCCCCCC
CCc1ccccc1C(=O)CCC(C)C,0.4146341463414634,CC(C)CCOC(=O)c1ccccc1O
CC1=CC(N)CC(C)(c2ccccc2)C1,0.41025641025641024,CC1CC(C)(c2ccccc2)CO1
CCCC(CC)CCOC(C)O,0.41935483870967744,CCCC(CC)CCC(=O)O
C=CC(C)CCCC(C)O,0.6521739130434783,C=CC(C)CCCC(C)C
CC(C)CCCC(=O)C(C)C,0.6086956521739131,CC(C)CCCC(=O)O
COC1C=CC(C(C)C)C=C1,0.24242424242424243,COC1CC(C)CCC1C(C)C
O=CCCCC=CCCCO,0.5652173913043478,CCC=CCCCC=O
C=Cc1ccc(C)cc1C,0.6,Cc1ccc(C=O)c(C)c1
C1=COCC1,0.2857142857142857,C1=CCOC=C1
CCCC(=O)C(CC)CCC,0.56,CCCC(=O)C(O)CCC
CNCCC(C)Cc1ccccc1,0.5,COCC(C)Cc1ccccc1
CCCCCCCCCN1C=CCC=C1C(=O)NC,0.28,CCCCCN1C(=O)OCC1C
C=C=CCCCCC,0.4782608695652174,C=CCCCCCC
CCC(C)COCCCCC(C)C,0.45161290322580644,CCOCCC(C)CCCC(C)C
CC(C)C1CC2CC(CN)C1CC2C,0.2631578947368421,CC1CCC(C(C)C)C(O)C1
CCCCCCC(C)OCC,0.625,CCCCCCC(OCC)OCC
CC(C)CCC=COC(C)C,0.41379310344827586,CC(=O)C=CCCC(C)C
CCCCCCSCOCC(=O)CCCCCC,0.5,CCCCCCC(=O)CCCCCC
CCCC(=O)C(C)C(C)C,0.48,CCCC(=O)C(O)CCC
CC(O)C=O,0.5384615384615384,CC(C)C=O
C=CCOC(O)C(C)CC,0.40625,C=CCOC(=O)C(CC)CC
CC(=O)OC(C)CS,0.6086956521739131,CCC(C)OC(C)=O
CCC(C)C(C)OCCCCOC,0.4230769230769231,CCCCCCCCCCOC
CC1CC(C)CC(C)C1,0.35714285714285715,CC1CC(C)SS1
CCC1C=CCOC1C(C)=O,0.25,CCOC(=O)CC1C=CCC1
C=C(C=C(C)C)CCC=C(C)C,0.6666666666666666,C=CC(=C)CCC=C(C)C
CC(S)CC(C)OCCCc1ccccc1,0.48717948717948717,CC(C)C(=O)OCCCc1ccccc1
CC1C=CC(O)C1,0.27586206896551724,CC1CCC(O)C(C(C)(C)C)C1
CC1C=CC(C(C)C)C1,0.3333333333333333,CC1=CCC(C(C)C)C=C1
Cc1ccc(CC(C)C)c(C)c1,0.44,Cc1ccc(C)c(C)c1
C=CCOSC,0.38095238095238093,C=CCSC
CCCCC(O)C1=CC=C(O)CC1,0.3548387096774194,CCCCC(C)O
CCOC1CCCC1,0.6086956521739131,CCOCOC1CCCCCCCCCCC1
CC(C)C(C)CC1C(C)CCCC1(C)C,0.75,CC(O)C(C)CC1C(C)CCCC1(C)C
CC(C)CCCCCC(C)C,0.7333333333333333,CCCCCCCCCCCCCCCCCCCCC(C)C
Cc1cc(O)c(C=O)cn1,0.4838709677419355,Cc1ccc(C=O)c(O)c1
C=C(C)OC(C)CCCCC,0.6428571428571429,CCCCCC(C)OC(C)=O
CCC(C)(C)CCC1SC(C)CCC1C(C)C,0.2857142857142857,CCNC(=O)C1CC(C)CCC1C(C)C
CCCC(C)c1ccc(OC)cc1,0.4827586206896552,COc1ccc(C(OC)OC)cc1
CC(C)C1=CC(O)CC=C1,0.2777777777777778,CC1=CC(O)C(C(C)C)CC1
Cc1cccc2c1CCC=C2,0.3103448275862069,Cc1cccc(C)c1O
C=CCCC(S)CC,0.45,CCC(S)CC
CCCc1ccccc1C(C)OCC,0.42424242424242425,CCCc1ccccc1O
CCC=CCC,0.6153846153846154,CCC=CCO
CC(O)C1CCCC1,0.631578947368421,CC(C)C1CCC(C(C)O)CC1
CCCCCC(C)CCC=Cc1ccccc1,0.45652173913043476,CCCCCC(C=Cc1ccccc1)OC(C)=O
C=C(C)CCCc1ccccc1,0.6666666666666666,CC(=O)CCCc1ccccc1
CC=CC=CCCC(O)C(C)C,0.4074074074074074,CC=CC=CCO
CCC(C)CC(C)SCCC(C)C,0.4,CC(C)CCSSCCC(C)C
C=C(CC)C1C=CC=CC1,0.26666666666666666,CCC(=O)C=CC1C(C)C=CCC1(C)C
CCCCOCCCCCCCCC(C)O,0.6666666666666666,CCCCCCCC(C)O
CCC(C)C1=C(OC)C=CCC1,0.325,CCC(C)c1nccnc1OC
CC(=O)CC(C)(C)Cc1ccccc1,0.5862068965517241,CC(C)(CO)Cc1ccccc1
CC1=CCCC(CCS)C1,0.3157894736842105,CCCC1CC(=O)C=C(C)C1
CC(C)C1CCC(CS)CC1,0.5833333333333334,CC(C)C1CCC(CO)CC1
CCOC(O)CC(C)C,0.5454545454545454,CCOC(CC(C)C)OCC
CC(C)CCCOOCCC(C)C,0.45454545454545453,CC(C)CCOC(C)OCCC(C)C
C=C(O)CCCCCCCCCCCC,0.5454545454545454,CCCCCCCC(=O)O
CCc1cc(CO)cc(CC)c1O,0.34615384615384615,OCc1ccc(O)cc1
CC1CCC(C(C)C)C(CCC(S)CO)C1,0.43243243243243246,CC1CCC(C(C)C)C(O)C1
C=CCCCOO,0.5,C=CCCCOC(C)=O
CC=C(C)C(O)CCC=C(C)C,0.56,CC(C)=CCCC(C)O
CCCCCC(C)SCC,0.5416666666666666,CCSC(C)CCO
C=C(OCCC)C(C)(C)C,0.4,CCCOC(C)=O
OCCC(O)C1C=CC(O)C(O)C1,0.22580645161290322,CC(C)CCO
CCC1(O)CCC(C)(CO)CC1,0.3448275862068966,CCC1(O)C2(C)CCCC1(C)CC2
C=CCCOCO,0.4166666666666667,C=CCOCCO
CCC1=CC=C(OC)CC1,0.3225806451612903,COC1=CCCCC1
CC1CCC(C(C)S)C(CC(=O)CCC(C)C(C)C)C1,0.3541666666666667,CC1CCC(C(C)C)C(OC(=O)C(C)C)C1
C=COC(C)CC,0.4090909090909091,CCOC(C)CC
C=C(CCCC(C)C)CC1C=C(C)OCC1C(C)C,0.2727272727272727,CC(C)CCCC(=O)O
CC1=CCCCC1Cc1ccccc1,0.3611111111111111,c1ccc(CC2OCCO2)cc1
C=C(OCCC(C)CC)C(O)CC,0.4444444444444444,CC=C(C)C(=O)OCCC(C)CC
CC1CCC2C1C1C(=CCC2(C)O)C1(C)C,0.4146341463414634,CC1CCC2C1C1C(CCC2(C)O)C1(C)C
CCCC(C)C(C)C1CCCOC1,0.2702702702702703,CC(CO)C1CCCCC1
CCC(O)c1ccc(C)o1,0.43478260869565216,Cc1ccc(C)o1
C=C(C)OC,0.47058823529411764,C=C(C)C(=O)OC
CCC(C)C1CCCCC1,0.6086956521739131,CC(CO)C1CCCCC1
CCCC(C)C(C)C(C)N,0.38461538461538464,CCCCC(O)C(C)CCC
OOC1=CCCC(O)C1,0.2765957446808511,CC(=O)OCC1CCC=C(CCC=C(C)C)C1
CCC(O)C1C(C)CCCC1(C)C,0.5263157894736842,CCC(O)CCC1C(C)CCCC1(C)C
CNC(O)COC,0.30434782608695654,CC(O)COCC(C)O
C=C(CCC=C(C)C)C1CCC(C=O)CC1,0.5454545454545454,C=C(C)C1CCC(C=O)CC1
CCCC(C)CCC,0.5263157894736842,CCCC(C)CC=O
CCCCC1C=CC(C(C)(C)C)CC1,0.275,CCCCC1CCC(=O)O1
CC(O)C(O)Cc1ccccc1,0.7083333333333334,CC(O)C(C)Cc1ccccc1
CCCNC(C)C(C)CC,0.3076923076923077,CCC(C)C(C)C=O
CCC(C)ONC(C)=O,0.5,CCC(C)OC(C)=O
CC(C)CC(C)C,0.5384615384615384,CC(C)CC(C)O
C=C(C)CC(=O)CCCCC,0.5833333333333334,CCCCCCC(=O)CCCCCC
C=C(CCCC(C)C)C1CCC(C=O)OS1,0.30952380952380953,CC(C)CCCC(=O)O
C=C1C2=CC3CC1CC(C2CC(C)C)C3C,0.2608695652173913,CC(C)CC1CC(C)CCO1
CC1CCCN1,0.8125,CC1CCCCN1
CCCCCCOC(C)C(C)(C)C,0.6,CCCCCCOC(C)OCCCCCC
CC1=C(C(C)C)CC(C)C1,0.28125,CC1CCC(C(C)C)C(=O)C1
C=C(C)C(=O)OCCC,0.6521739130434783,C=C(C)C(=O)OCC
CCCc1cccc(C(C)C)c1,0.5806451612903226,CC(C)c1cccc(CC=O)c1
CC=CC(C)C1C(C)CCCC1(C)C,0.425,CC=CC(=O)C1C(C)CCCC1(C)C
CC1=C(C)CC2(CCCOC2)C(C)C1,0.25,CCC1OCC2(CO1)CC(C)=CCC2C
CCCC(O)C=CCCCOCC,0.43243243243243246,C=CCC(O)C=CCCCCC
CCC=CCCOC(=O)CCC1C=CC=CC1,0.575,CCC=CCCOC(=O)CCC
CCC1CCC(O)C(CC)C1,0.3333333333333333,CCCCCC1CCCC1O
CCCCCCC(C)C(C)CN,0.5217391304347826,CCCCCCCCCCCCCCCCCCCCC(C)C
C=CCCCCCCCC,1.0,C=CCCCCCC
C=CCC1(O)C(C)(C)CC=CCC1(C)C,0.6071428571428571,C=CCC1(O)C(C)(C)CCCCC1(C)C
CCCCCCCCC(C)CCC,0.6,CCCCCCCCCCCCCCCCCCCCC(C)C
CCCCCCCCC(C)C(C)=O,0.64,CCCCCC(C)C(=O)O
C=CC(C)CCCC(C)(C)CC(=C)C,0.5806451612903226,C=CC(C)CCCC(C)(C)O
CC(C)CCCCCCCCC(C)O,0.65,CCCCCCCC(C)O
CCCCCC(C)CCCCC,0.6111111111111112,CCCCCCCCCCCCCCCCCCCCC(C)C
CCC(C)(C)CC,0.42857142857142855,CCC(C)(O)CC
CC(S)C(=O)CCC1C=CC=CC1,0.34285714285714286,CCC(=O)C(C)S
COC1CCCCC1CC1=CC1,0.2903225806451613,COC1CCCCCCCCCCC1
CCC(CC)CC(C)C,0.3888888888888889,CCC(CC)CO
CCOC(C)C1(c2ccccc2)CC1(C)CC,0.375,CCOC(C)Oc1ccccc1
C=C1OC(CC)C(C)C1O,0.2631578947368421,CCCCC1OC(=O)CC1C
Cc1cocc1C,0.35714285714285715,Cc1cc(C)c(C)cc1C
CCOC(O)C(C)C(C)CC,0.4166666666666667,CCOC(C)CC
CC1=CC=CN2C=CC=CC12,0.18421052631578946,CC1=CC=CC(C)(C)CC1=O
CCCCCC1C=CC(CC)=CC1,0.38461538461538464,CCCCCC1C=CC(=O)O1
CC1CC(C)C2(CC(C)(C)CC(C)(O)C2)C1(C)C,0.2702702702702703,CC1CCCC2(C)CCCCC12O
CCCCCC(=O)C(C)CCC,0.6071428571428571,CCCCCC(=O)C(S)CCCC
CC1CNC(C)N1,0.30434782608695654,CC1CCCCN1
CCOC(C)C1(c2ccccc2)CC1CC,0.38461538461538464,CCOC(C)Oc1ccccc1
C=CCCCCc1ccccn1,0.59375,CCCCCc1ccccn1
CCC1C=CCCC1C,0.35714285714285715,CC1C=CCCC1
CCCC1CC(C(C)C)C=CC1C,0.2682926829268293,CCCC1C2C=CC(C2)C1C=O
CCCOCCCCCC=CC(C)=O,0.6666666666666666,CCCCCCC=CC(C)=O
CCCC(C)CC(O)CCC,0.5238095238095238,CCCC(O)CC
CCSC(C)(C)CO,0.32,CCCCC(C)(C)CO
CCCOC(C)CCC(C)O,0.4782608695652174,CCCC(C)O
CCCCCNC(=O)CCC,0.42857142857142855,CCCCCC(=O)OC
C=C(O)CC,0.42857142857142855,CCC(=O)O
COC1C=CC(CO)CC1,0.24390243902439024,CCOC(=O)CC1C=CCC1
CC1=CC=CC(CO)C1,0.34285714285714286,CC1=CC(C)CC(CO)C1
CC(C)CCC(C)CCCC(C)S,0.48,CC(C)CCCC(C)CCO
CC(C)CCCC(O)C1OC=COC1O,0.3142857142857143,CC(C)CCCC(C)CCO
CC1CCC(C)(c2ccccc2)C1,0.5,CC1CC(C)(c2ccccc2)CO1
CCC1CC(C)CO1,0.375,CCC1CCC(CC)O1
CCCC(C)(CCC)c1ccccc1,0.44,CC(C)(O)c1ccccc1
CC1=CCC(C)C=C1C(C)(C)C,0.2702702702702703,CC1=CCC(C(C)(C)O)CC1
C1CSSCSN1,0.2631578947368421,C1SCSS1
CC1=C(C)C2=CC=CCC2O1,0.2727272727272727,CC1=CC=CCC1
CCC(CO)c1ccccc1,0.5384615384615384,CCC(O)c1ccccc1
C=C(CCCCC)C(C)CCC,0.4074074074074074,CCCCCC(C)O
CCCC1=NCC=C1,0.29411764705882354,CCCc1nc(C)cnc1C
CC1=CC(=O)CC(C)=C1,0.4166666666666667,CC1=CC(=O)CC1
CCCCC1C=CCC1,0.42857142857142855,CCOC(=O)CC1C=CCC1
CC1=CC2CCCC2=CO1,0.25,CC1CCCC(=O)O1
C=C(C)CCCC(C)(S)CC,0.4,CCC(C)(S)CC(C)=O
CC(C)CC=C(CS)C1C=CCC=C1,0.3055555555555556,CC(C)CC=C(CO)C(C)C
CC1CCC(C(C)(C)C)CC2C(C)CCC12,0.37037037037037035,CC(C)(C)C1CCC(O)CC1
OC1C=CC2CCOC2=C1,0.23076923076923078,CC1=CC(O)C(C(C)C)CC1
CCCC1C=CC(NC(C)=O)=C(OC)C1,0.2708333333333333,CCCC1CC(=O)C=C(C)C1
CCC(C)CC(C)(C)C,0.5,CC(CCO)CC(C)(C)C
CCCC(C)N(C)CCC,0.34782608695652173,CCCC(C)O
CC(C)C1CCC(C)C(O)C1=O,0.4838709677419355,CC1CCC(C(C)C)C(=O)C1
CCCC=CC(C)O,0.7272727272727273,CCCCC=CC(C)O
CCCOCCCCO,0.5454545454545454,CCOCCCO
CCCCCC,1.0,CCCCCC
CC1C=CC(CO)C(C)C1,0.3235294117647059,CC1=CC(C)CC(CO)C1
CCCC(C)CCCC(C)CCCC(C)CCCC(C)C,0.5909090909090909,CC(C)CCCC(C)CCO
CCCCCOCC,0.55,CCOCCCO
CC1CCC(C(C)(C)CC(=O)C(C)C)CN1,0.34146341463414637,CC(=O)CC(C)(C)C1CCCCC1
CCCCC(C)CC(C)CCC,0.45454545454545453,CCCCC(C)O
Cc1ccccc1C(C)C,0.5217391304347826,CC(C)c1ccccc1O
C=CCCOSSCCC,0.4482758620689655,C=CCSSCCC
CC(C)=CCCC1CCCC(CO)C1,0.35294117647058826,CC(C)=CCCC(C)=CCO
CCCC(CCCC(C)=O)CC(C)C,0.5714285714285714,CC(=O)CCCC(C)C
CC1C=COC1,0.3333333333333333,CC1C=COC2(CCCCC2)C1
CC(C)CCC(C)O,0.5294117647058824,CCCC(C)O
CC1CCCC1,0.42105263157894735,CC1CCCC(O)C1
C=C(O)C(C)O,0.4166666666666667,CC(C)O
COCCCC(C)C,0.4444444444444444,CC(C)CCCOC(=O)CCC(C)C
C=C(C=CC(=O)CCC)CCC,0.56,CC=CC(=O)CCC
COCCCC=CO,0.4,CC=CCCCOC(C)=O
CSCCC1=NCC=C1,0.28,CSCCSC
CCC(CO)CO,0.8461538461538461,CCC(CC)CO
C=C(OSC)C(C)OC(O)CC,0.4444444444444444,CCC(O)OC(O)CC
CC1CCC(C(C)(C)OC(C)C)C(=O)C1,0.5945945945945946,CC(=S)OC(C)(C)C1CCC(C)CC1=O
C=CCC(C)(O)C1C2=CCC(C2)C1(C)C,0.2978723404255319,CC1(C)C2CC=C(CO)C1C2
CC(C)=CCCC(C)CC1CC=C(C)O1,0.4375,CC(C)=CCCC(C)C1C=CC(C)=CC1
CCOC(C)C=O,0.47368421052631576,CCOC(C)OCC
CC(C)CC1CCC(C)O1,0.45161290322580644,CC(C)CC1CC(C)CCO1
CC=C1CC2CC(CC(C)C)C1C2,0.5135135135135135,CC=C1CC2CC(OC(C)C)C1C2
C=C(CCC)CCOC,0.36,CCCCCCCCCCOC
CC(O)CC1=CC(C)CCC1C(C)C,0.3157894736842105,CC1CCC(C(C)C)C(=O)C1
CCC1=C(C=O)CCC1,0.34375,CC=CCC1=C(C)CCC1
CC(C)C(C)CS,0.5294117647058824,CC(O)C(C)CS
CCCCCCCC(C)CCC,0.6,CCCCCCCCCCCCCCCCCCCCC(C)C
CCCCC(CC)CC(C)=O,0.5666666666666667,CCCCC(CC)COC(C)=O
CCCC1CCCN1,0.34615384615384615,CC1CCCCN1
CC(C)C(O)C(=O)O,0.6,O=C(O)C(O)C(O)C(=O)O
COC(C)CC(C)CCC=C(C)C,0.6206896551724138,CC(C)=CCCC(C)CC(C)O
C=C(OCC)C(C)C,0.5,CCOC(=O)C(C)C
CCCCCCCC(O)O,0.65,CCCCCCCC(C)O
CC(O)C(C)c1ccccc1,0.6190476190476191,CC(O)c1ccccc1
COCCCCCCCC(O)S,0.44,CCCCCCCCCCOC
C=C(C)C1C=C(C(C)C)N=CC1,0.34210526315789475,C=C(C)C1C=CC(C)=CC1
CC(C)CCCC(C)CSCC(O)C(C)C,0.43333333333333335,CC(C)CCCC(C)CCO
CC1CC=CCC1OCC1C=CC=C1,0.24242424242424243,CC1CC=CCC1
CCCCCCC1CCCO1,1.0,CCCCCCCC1CCCO1
CCC(C)C(=O)OC(C)CCC(O)C(C)CC,0.5161290322580645,CCC(C)C(=O)OC(C)C
C=C1COCCC1C,0.25,CC1CCC(=O)OC1C
CCCC=CCCCCCO,0.8095238095238095,CCCCCCCCC=CCCCCCCCCO
C=CCCOCCCCCC(=C)O,0.42857142857142855,C=CCCCCCCCCCOCCC#N
CCC1=C(S)CCCC1,0.3103448275862069,CCC1=C(O)C(=O)CC1
CCCC(CC(C)O)CC(C)CC,0.4583333333333333,CCCC(C)O
CCC=CCCCC(=O)CC(C)=O,0.5862068965517241,CCC=CCCCC(=O)O
CCC(OC)C(C)C,0.35,CCOC(C)OCC
CCc1cccc(OC)c1,0.6086956521739131,COc1cccc(OC)c1
CCCCCOCCC,0.5,CCCCCCCCCCOC
C=C(C)CCC,0.5294117647058824,C=C(C)CCO
CCCCCCC(=O)CCC,0.8888888888888888,CCCCCCC(=O)CCCCCC
CNC1=CC=C(CO)CC1,0.28205128205128205,C=C(C)C1CC=C(CO)CC1
CCCC1CCC(O)CC1,0.4166666666666667,CC(C)(C)C1CCC(O)CC1
CCCCCCCCCC(C)CCCC1C=CN=C1C,0.34146341463414637,CCCCCCCCCC(C)CC#N
CC1C=CC2(O1)C(C)CCC(C)C2C,0.375,CC1=CCC(C)C(C)C12C=CC(C)O2
CCCCCOC(C)O,0.6086956521739131,CCCCCCOC(C)OCCCCCC
CCCCCCc1ccc(C=CC(CC)CC)cc1,0.6756756756756757,CCCCCCc1ccc(C=CC(OC)OC)cc1
C=C(C)CCC(O)CCCCC,0.5384615384615384,CCCCCC(O)CC
CCOC(C)C,0.6,CCOC(C)OCC
CSC1C=CCC=C1C(C)C,0.2702702702702703,CC1=CCC(C(C)C)C=C1
CCCC(=O)C(C)CC,0.5416666666666666,CCCC(=O)C(S)CC
CCCCCC=CCCC(O)OCC,0.6666666666666666,CCCCCC=CCCC(OCC)OCC
CCCCC1C=C(C)C=CC1,0.38461538461538464,CCCCCC1CC=CC(=O)O1
CCCOCCCCC(O)CCO,0.4418604651162791,CCCCCCC(CCOC(C)=O)OC(C)=O.CCCCCCC(O)CCO
CCOCC1CCC=CC1O,0.375,CCOC(=O)CC1C=CCC1
CCCC(C)CC(C)CC,0.4166666666666667,CCCC(C)CC=O
CCC(CC)CC,0.5384615384615384,CCC(CC)CO
CC=CC=CCCCCCCC,0.6818181818181818,CC=CCCCCCC
OC(CS)SS,0.3333333333333333,CC(O)C(C)CS
CCCC(CC)OCC,0.4090909090909091,CCOC(C)CC
CC(C)CC(C)C(=O)O,0.55,CCC(C)C(=O)O
CC(=O)C1C=CC=C(C)C1,0.3611111111111111,CC(=O)C1CC(C)=CC(C)C1C
CCC(O)CCCC(C)CC(C)S,0.48148148148148145,CCCCC(O)CC
CCCC(CNC)CC(C)CCCC(C)C,0.4117647058823529,COC(CC(C)CCCC(C)C)OC
CCCCCC=CCC=S,0.6190476190476191,CCCCCCC=CCCCCCCCCC
CSC1CC=C(C)O1,0.26666666666666666,CC1=CCC(=O)O1
CC(C)C(C)(C)CCC1CCC(C)C1(C)C,0.26666666666666666,CC(O)CCC1C(C)CCCC1(C)C
COCCCCOC(C)CCc1ccccn1,0.45,CCCCCc1ccccn1
CCONCCCCCCCCO,0.4166666666666667,CCCCCCCCO
CCCCCCCCCC(C)OCCC,0.5185185185185185,CCCCCCOC(CCCCC)OCCCCCC
COCCC(C)O,0.45,CCCC(C)O
C=C1CCCCC1C(C)(C)C,0.5769230769230769,CC(C)(C)C1CCCCC1=O
C=C(OC(C)CCC)C(C)C,0.5384615384615384,CCCC(C)OC(C)=O
CCOC(OCC)C1C=CCC1,0.4,CCOC(OCC)C1CC2CC1C1C=CCC21
CCC=CCC=COCCCC,0.42857142857142855,CCCCOC=O
CCCCC(=O)CCc1ccccc1,0.6,CCCCC(=O)OCCc1ccccc1
CC(C)(CC=O)c1ccccc1,0.5,CC(=O)CC(C)(C)c1ccccc1
CCCC(=O)C(C)CCC,0.5833333333333334,CCCC(=O)C(O)CCC
CC=CC1C=CC(CC)C=C1,0.20833333333333334,CCC=O
CCCCCC1=C(C(C)CC)CCCC1,0.325,CCCCCC1=CCCCC1=O
CCCC(C)C(C)C(S)C(=O)OCC,0.5333333333333333,CCCC(C)C(=O)OCC
CC1CC(C)SC(C)C1,0.4117647058823529,CC1CC(C)SS1
CC1C=C2OC=CC=C2O1,0.24242424242424243,CC1C=CC(=O)O1
CC(O)C=CC1C=CC=C1,0.375,CC=CC(C)O
CC1CCCC1=O,0.8421052631578947,CC1CCCCC1=O
CCC1C=C(C=O)CC1,0.3684210526315789,C=C(C)C1CC=C(C=O)CC1
CCC(O)C1(c2ccccc2)CC1C,0.38235294117647056,CCC(O)c1ccccc1
CC(O)CC(C)C(C)O,0.5294117647058824,CC(C)CC(C)O
CCC(C)(C)CCC=C(C)C,0.64,CCC(C)(O)CCC=C(C)C
CCCC(C)CCSCO,0.36,CCCC(C)O
C=CC(C)CCCC(C)CCCC(C)C=O,0.6296296296296297,CCC(C)CCCC(C)C=O
CCC(CC)CCC(C)CCO,0.6190476190476191,CCC(C)CCO
C=CCOC(C)CCCC,0.40625,CCCCC(C)OC(C)=O
CCCNCCC,0.38461538461538464,CCNCC
CCCCCCC(C=O)CCCC,0.6,CCCCCCC(C)C=O
CCCC1CC(C)CC(C)(C)C1,0.46875,CCOC1CC(C)CC(C)(C)C1
CCCCC1(CCCC)CCC(C)C1,0.3333333333333333,CCCCC1(CC)CCC(=O)OC1
CC1CCCCC1C(C)(C)C,0.5217391304347826,CC(C)(C)C1CCCCC1O
CC1C=CC(C(C)C)CC1,0.4,C=C1C=CC(C(C)C)CC1
C=C1CC(C)C(=O)C(C)(C)C1,0.41935483870967744,CC1CCCC(C)(C)C1=O
CCCC(C)CC(C)=O,0.5,CC(=O)CC(C)C
CC1C=CC(=O)C1,0.41379310344827586,CC(C)C1C=CC(=O)CC1
C=CC=C(C)C,0.4117647058823529,CC(C)=CC=O
CCC=CCCCC(O)CCC,0.48148148148148145,CCC=CCCCO
C=C(O)C1C=CC(O)C(O)=C1,0.2222222222222222,Oc1ccccc1
C=C(C)C1=CC(=O)C(C)CC1,0.47058823529411764,CC(C)C1=CC(=O)C(C)CC1
CCCOSC,0.3333333333333333,CCCOC(C)OCCC
CCCC(C)CC(=O)OC,0.6296296296296297,CCCC(O)CC(=O)OC
CCC(C)CCC1CC=C(C)C1(C)C,0.7428571428571429,CC1=CCC(CCC(C)CO)C1(C)C
CC1=CCC(C)C=C1,0.5185185185185185,CC1=CCC(C(C)C)C=C1
C=C(CCOCCC)C(C)C,0.3793103448275862,CCCOC(=O)C(C)C
C=C(CC(C)C)OC,0.4782608695652174,COC(=O)CC(C)C
C=C(CC)OCCCC,0.52,CCCCOC(=O)CC
CCCC(CC)CCC(C)C,0.46153846153846156,CCCC(CC)CCC(=O)O
CC(C)OC(C)O,0.38461538461538464,CC(C)O
CC(C)=CNCC(C)CCCCCC(C)CCCC(C)C,0.4375,CC(C)CCCC(C)CCO
CCCCC1=COCC=C1,0.3142857142857143,CCCCc1ccc(CC)s1
O=C(C=Cc1ccccc1)NC1CCCCC1,0.55,O=C(C=Cc1ccccc1)OC1CCCCC1
CCC1C=CC(CC)N=C1,0.20588235294117646,CCC1C=CC(=O)O1
C=Cc1occc1C,0.37037037037037035,C=Cc1c(C)cccc1C
CCCCCCC(CC)CC,0.55,CCCCCCCCCCCCCCCCCCCCC(C)C
CC1CCSC1,0.30434782608695654,CC1CSCS1
CCCCC(CC)C(C)CCC(C)CC,0.39285714285714285,CCC(C)CCCO
CCCC(O)OC,0.45,CCCC(C)O
C=C(C)CCOC(C)C1(C)CCC(C)CC1,0.34210526315789475,C=C(C)CCOC(C)=O
CC(C)(C)C1C=CC=CN1,0.1935483870967742,CC(C)(C)C1CCCCC1O
CCCC(C)C(CC)CC,0.4166666666666667,CCCCC(O)C(C)CCC
CC1CCC2=C(CCC(O)C2)O1,0.375,CC1CCC(=O)O1
CCCC(C)C(Cc1ccccc1)C(C)=O,0.5142857142857142,CCCC(O)Cc1ccccc1
CC1=CC=COC1CC(C)C,0.3,CC(C)CC1OC(CC(C)C)OC(CC(C)C)O1
CCCCCC(=O)c1ccccc1,0.88,CCCCC(=O)c1ccccc1
CC(C)CCCC1CCC(C)C1(C)C,0.30952380952380953,CC(O)CCC1C(C)CCCC1(C)C
CC1=C(O)C(=O)C(O)OC1,0.3939393939393939,CCC1CC(C)=C(O)C1=O
CC1=CC=CC1,0.55,CC1=CC=CCC1
CCC(C)C1C=C(C)C(C)C1,0.32432432432432434,CCC(C)C1N=C(C)C(C)S1
Cc1ccc(C(C)C)c(CC(C)O)c1,0.5161290322580645,Cc1ccc(C(C)C)c(O)c1
C=C(CCCCCCC)OCC,0.5555555555555556,CCCCCCC(=O)OCC
CCSCCCCO,0.8333333333333334,CCSCCCO
CCCC1C=CC(C)C=C1,0.2647058823529412,CCCC1C2C=CC(C2)C1C=O
C=C(COC(C)c1ccccc1)C(C)C,0.45714285714285713,CC(C)C(=O)OC(C)c1ccccc1
CCCC(=O)CCCCc1ccccc1,0.5625,CC(=O)CCCc1ccccc1
C=CCC1CCC(CC(=O)CC(C)C)C(CC)C1,0.3333333333333333,C=CCOC(=O)CC(C)C
C=CCCC1C(O)C(=O)CCC1(C)C,0.34782608695652173,C=CCCC1=C(C)C(=O)CCC1(C)C
CC1C=CC(CO)=CC1,0.3157894736842105,C=C(C)C1CC=C(CO)CC1
CC(C)=CCCC(C)CCCC(C)C,0.6666666666666666,CC(C)=CCCC(C)CCCC(C)C=O
CC(C)CCOOCC(C)C,0.45454545454545453,CC(C)CCOC(C)OCCC(C)C
CCC(S)CO,0.6,CCC(S)CC
CC1CC(c2ccccc2)CC(C)(C)C1,0.40625,CC1CC(O)CC(C)(C)C1
C=C(N)CCC,0.47368421052631576,CCCC(N)=O
C=CC(C)(CCC=C(C)C)CC(C)OCC,0.5714285714285714,C=CC(C)(CCC=C(C)C)OC(C)OCC
CC1(C)C2CCC1(C)C(CC(O)c1ccncc1)O2,0.23809523809523808,CC1(C)C2CCC1(C)C(OC(=O)Cc1ccccc1)C2
CC=CC(=O)CC(C)CC(C)C,0.4838709677419355,CC=CC(=O)OC(C)CC(C)C
C=C1CCCCC1O,0.3181818181818182,OC1CCCCC1
CCCCCCC(=O)C1C=CCCC1O,0.37209302325581395,CCCCCC(=O)OC1CCCCC1
CCCc1cccc(C(C)N)c1,0.4166666666666667,CC(C)c1cccc(CC=O)c1
CC(C)CC(C)(C)CCc1ccccn1,0.5294117647058824,CC(C)Cc1ccccn1
CC1=CC(C(C)C)OC1,0.3333333333333333,CC1=CC2OCC(C)=C2CC1
CC(C)C1CC23CC1(C)CC(C)C2CCC3C,0.30434782608695654,CC1C(=O)CC23CC1C(C)(C)C2CCC3C
CCC1CCCC(CC)O1,0.7647058823529411,CCC1CCC(CC)O1
OC1=CCC2C=CCCC2C1,0.38461538461538464,CC(=O)C1=CCC2C=CCC2C1
CC(C)=CCCC(C)(C)C1=CC1,0.4375,CCC(C)(O)CCC=C(C)C
SC(c1ccccc1)C1C=CCC=C1,0.3793103448275862,CC(S)c1ccccc1
CCC1=CCCC=C1C,0.3103448275862069,CCc1ncc(C)nc1CC
CC(Cc1ccccc1)OCCc1ccccn1,0.5135135135135135,c1ccc(CCCc2ccccn2)cc1
CC1OC(CCCCO)C(C)C1C,0.3225806451612903,CCCCCC1OC(C)C(C)O1
C=C(OC)C1CC2(C(C)C)CCC1(C)CC2,0.3076923076923077,CC(C)C12CCC(C)(O)C1C2
CCCC1CCC(C)O1,0.41935483870967744,CCCCCC1CCC(O)O1
c1ccc(COc2ccccc2)cc1,0.5714285714285714,c1ccc(COCc2ccccc2)cc1
CCCC(=O)c1ccccc1O,0.5517241379310345,CCCC(=O)c1ccccc1
CC(=O)CSCC(C)CCCC(C)C,0.5483870967741935,CC(=O)CCCC(C)CCCC(C)CCCC(C)C
CC(C=O)C1CC=CCC1,0.5,CC1=CCC(C(C)C=O)CC1
COCCCC1CCCC1C,0.34285714285714286,CCCCCC1CCCC1O
C=CCC1C=CC(CC2OC(CC)C(O)C(O)C2O)C=C1,0.2711864406779661,C=CCc1ccc(OC2OC(CO)C(O)C(O)C2O)c(OC)c1
c1ccc(CCC2COCO2)cc1,0.4358974358974359,c1ccc(CCCC2CCCO2)cc1
C=C(CCC)CC(C)OCO,0.3235294117647059,CCCC(=O)OC(C)CC
CCC(=O)CC1CC(C(C)C)CCC1C,0.35555555555555557,CCC(=O)OC1CC(C)CCC1C(C)C
CC(CC(C)c1ccccc1)OO,0.5666666666666667,CC(CO)CC(C)c1ccccc1
CCCC(=O)C1C=CC=CC1,0.3103448275862069,CCCC(=O)CCC
C=C(CCC)CCC1C=CC=C1,0.2571428571428571,CCCC(=O)c1ccccc1
C=C(C)C=CCC(O)CCC,0.4074074074074074,CCCC(O)CC
CCCC(O)OC1=C(C)OC(C)C1=O,0.5405405405405406,CCOC1=C(C)OC(C)C1=O
CC=CC=CCC,0.5263157894736842,CCC=CC=CCO
CCCCCCCCCCCC(=O)CC,1.0,CCCCCCCC(=O)CC
CCC1CCC(CC)C1,0.35,CCC1CCC(CC)O1
CCC(S)C1CCCCC1(CC)CC(C)O,0.34615384615384615,C#CC1(OC(C)=O)CCCCC1C(C)CC
CC12CCC(C1)C(C)(C)C2OCO,0.5588235294117647,CC(=O)OC1C2(C)CCC(C2)C1(C)C
CC1=CC2CC(C)C(C)C2CC1,0.45714285714285713,CC1=CC2OCC(C)C2CC1
CC1CC(O)C(C(C)O)O1,0.30303030303030304,CC1CCC(C(C)C)C(O)C1
CCCCCC1CC(C)C(C)=C1C,0.4444444444444444,CCCCCCCC1CC(C)OC1=O
COCCCSC,0.48,CSCCCOC(C)=O
CCC=CCCCCC,0.7647058823529411,CCCCCCC=CCCCCCCCCC
CC(CC=O)CCC1CC1(C)S,0.4375,CCCC(C)CC=O
COCC(C)=O,0.5263157894736842,CC(=O)COC(C)=O
C=C1CCC(CC)C1C,0.30303030303030304,C=C1CCC2CC1C2(C)C
CCC(C)CC1=CC=CCC1,0.3870967741935484,CC1=CC=CCC1
CCCC1CCC(C)C1,0.3448275862068966,CC1CCC(CO)C(C)C1
O=C1CCCCCCCCCCCC1,1.0,O=C1CCCCC1
CC1CC(C)(C)C(O)C1C,0.32142857142857145,CC1CC(O)CC(C)(C)C1
CCCC(=O)C1=C(CC)C=CCC1,0.35135135135135137,CCCC(=O)c1ccccc1
CCCCCC(C)CC(C)O,0.6363636363636364,CCCCCC(C)O
CCCCCC(C)OCCNCCC,0.4,CCCCCC(C)OC(C)=O
C=C(C)COC(=C)CCC,0.6153846153846154,C=C(C)COC(=O)CCC
CCCCCCCC(O)CCC,0.7142857142857143,CCCCCCC(O)CC
CSC1=CCCS1,0.22580645161290322,CSc1cnc(C)cn1
CC(CCCS)C(=O)CCC(O)O,0.3333333333333333,CCCCC(C)C(=O)O
CC1CCC2C(C1)CC(C)C2C,0.34285714285714286,CC1CCC2C(C)COC(=O)C2C1
CC1=CC(C)CC=C1O,0.2857142857142857,CC1=CCC(C)C(C=O)C1
CC(C)=CN(O)CCCC(C)CCCC(C)C,0.45161290322580644,CC(C)CCCC(C)CCO
CCCC(C)(S)CCC,0.7222222222222222,CCCC(C)(S)CCO
C=C(CCC)C(C)C(CC)C(C)C,0.30303030303030304,CCCC(=O)OC(C)CC
CC1(C)CCCC2CC(CO)CCC21,0.3055555555555556,CC(C)C1CCC(CO)CC1
CCC1OCC(C)CC1(C)C,0.36666666666666664,CCC1OCC(C)(C)CO1
C=CCC(C)CC(C)(C)C=O,0.4482758620689655,CC(CC=O)CC(C)(C)C
C=CC(C)C(C)CC,0.5238095238095238,CCC(C)C(C)C=O
O=CC1CCCC1,0.45454545454545453,CC(C)(C)C1CCC(C=O)CC1
CCCC(O)CC(C)C1C=CCCC1,0.32432432432432434,CC1C=CCCC1
CCCCCCCC(C)OC,0.6086956521739131,CCCCCCCCCC(OC)OC
CC(C)CCC(=O)CC(C)C,0.631578947368421,CC(C)CC(=O)CC(C)C
CCCC1CCSC(C)S1,0.46875,CCCC1CCOC(C)S1
CCC1=CC(C)C=C1,0.25,CCC1C=CC(=O)O1
C=C(C)C=CCC,0.46153846153846156,C=CC(C)(O)CC=CC(=C)C
CCC1CSOCC1(CC)CC,0.2727272727272727,CCC1OCC(C)(C)CO1
CCC1=C(C(C)(C)C)CC(CC)C=C1,0.23076923076923078,CCC1C=CC(=O)O1
CC(C)(O)O,0.7142857142857143,CC(C)(C)O
CC1=C(C)C(C)=C(C)CC1,0.35,CC1=C(O)C(=O)CC1
CC1CCC2C(C)(C)C=CCC2(C)O1,0.3488372093023256,C=C1C=CCC(C)(C)C12CCC(C)O2
CCC=CCCCSC1CCC(O)C1,0.37142857142857144,CCC=CCCCO
CCCC(O)C(O)C(C)O,0.5,CCCC(C)O
CCCCC(=O)CCCC(C)CCC=C(C)C,0.696969696969697,CC(=O)CCCC(C)CCC=C(C)C
C=C(NC)C(CC)CC,0.34782608695652173,CCC(CC)C(=O)O
CCC(C)(CCC1=CC=NCC1)CC(O)O,0.22448979591836735,CCC(C)(O)CCc1ccccc1
CCCCCNCCCCC(O)C(C)C,0.48148148148148145,CCCCCC(C)O
CCCc1ccc(C)cc1,0.5909090909090909,CCCc1ccc(O)cc1
C=C(CCC)C(C)NCC,0.2903225806451613,CCCC(=O)OC(C)C
CCC(=O)CCCc1ccccc1,0.6551724137931034,CC(=O)CCCc1ccccc1
C=CC(CCC)OCC,0.5172413793103449,C=CC(CCC)OC(C)=O
C=CCCCOOC,0.4642857142857143,C=CCCCOC(C)=O
CC(C)CC1C=CC(C)C1,0.3448275862068966,CC(C)CC1SC(C)NC(C)S1
CCCCCC(=O)CCO,0.75,CCCCCCC(=O)CCCCCC
CCC(C=O)OC,0.42857142857142855,CCC(C=O)CC
CCCCCCC1=CCC(=O)C1,0.4444444444444444,CCCCCCC1=CCCC1=O
C=C(CC)C1=CCC(C)C(C)C1C,0.2653061224489796,C=C(C)C1CC=C(C)C(OC(=O)CC)C1
CC=CC(C)CCCCCC,0.5769230769230769,CCCCCCC(C)C=O
CCCCCCCCNC,0.5333333333333333,CCCCCCC
CC1=NC(C)CC1C,0.3076923076923077,CC1=NC(C)OC1C
CCCCCCCCC(C)S,0.9411764705882353,CCCCCC(C)S
CCCCOC(C)C(C)(C)C,0.5652173913043478,CCCCOC(C)OCCCC
CCCCCCC1CCC(O)O1,0.96,CCCCCC1CCC(O)O1
CCCC1C=C(OC)C(OCC)=CC1,0.25,CCCC1CC=C(C=O)C(CCC)S1
CC(C)C12CCC(C)(CC1)C2,0.2962962962962963,CC(C)C12CCC(C)(CC1)O2
CCCNCCC(=O)C(C)O,0.46153846153846156,CCC(=O)C(C)O
C1=CC2NCCC2=CC1,0.21875,CC1=CCC=CC1
CC1CCC2OCCCC12,0.3,OCC1CCCO1
CC1=CSCC(C)=C1,0.25925925925925924,CC1=CC(=O)CC1
CC(C)C1CCCN1,0.375,CC1CCCCN1
CC1C=CCC(C)O1,0.2692307692307692,CC1COC(C)O1
CC(C)C(C)(C)O,0.6153846153846154,CC(C)C(C)(O)C(C)C
CC1NOC(O)CS1,0.32142857142857145,CC1NCCS1
CC1=C(OC(C)O)CCC1,0.3076923076923077,CC1=C(CCC(C)O)C(C)(C)CCC1
CCCC(C)CC(C)C(C)OCC,0.375,CCOC(C)OCC
CCC(=O)C1C=C(CC)C(O)C(OC)=C1,0.2857142857142857,CCC(=O)c1ccc(OC)cc1
CC(C)CCCC(C)CCCC(=O)C(C)C(C)C,0.6206896551724138,CC(=O)CCCC(C)CCCC(C)CCCC(C)C
CC(=O)CCC1C(C)CCC(C)C1(C)C,0.3617021276595745,CC(=O)OC(C)CCC1C(C)CCCC1(C)C
CC(=O)OCc1ccc(C)cc1O,0.5454545454545454,CC(=O)OCc1ccc(C)cc1
CC(=O)CC(C)(C)C,0.5789473684210527,CC(=O)CC(C)(C)S
CC(C)CCC(=O)C(C)S,0.5217391304347826,CC(C)CCC(=O)O
CCCC(C)(O)CCO,0.5217391304347826,CCCC(C)(S)CCO
CC(O)CSC(CC(O)C(C)C)C(C)O,0.3076923076923077,CC(O)CN
O=C1CC=CC=N1,0.25,CC1=CCC(=O)O1
CCC1CC=C(C)CC1C,0.42424242424242425,CC1=CCC(C)C(C=O)C1
C=C1CCCCNCCCCCOO1,0.36,C1CCNCC1
CC1C=C(O)C(C)C1,0.3548387096774194,CC1=CC(C)CC(CO)C1
CC(S)CCC1C(C)CCCC1(C)C,0.7058823529411765,CC(O)CCC1C(C)CCCC1(C)C
CC(CO)C(=O)O,0.5789473684210527,CCC(C)C(=O)O
CCCCCSOC,0.45454545454545453,CCCCCCCCSC
CCCCC1CCCC(C)C1CC(C)C,0.40540540540540543,CCCCCC1CCCC1O
CCCC(CCC)C(C)c1ccccc1,0.4482758620689655,COC(OC)C(C)c1ccccc1
CCC(C)C(C)C,0.42105263157894735,CCC(C)C(C)C=O
CCCCC(=O)Cc1ccc(C)cc1,0.45454545454545453,CC(=O)CCc1ccc(C)cc1
C=C(O)CCCCCCC(C)C,0.5,CC(C)CCCCCO
CCCCCCCCCCOCCC,0.55,CCCCCCCCCCOC
CCCC(=O)C(C)C(O)CC(C)=O,0.43333333333333335,CCCC(=O)C(O)CCC
CCCC(C)CC(C)(C)C,0.5909090909090909,CC(CCO)CC(C)(C)C
CCOCCCc1ccccc1,0.6206896551724138,CCCCOCCc1ccccc1
CNCCCC=O,0.5,O=CCCCC=O
CCCNCCO,0.4375,CCCO
COCCSC1=COC(C)C=C1,0.2631578947368421,CC1C=CC(=O)O1
CC(C)C1C=CCC1C,0.28125,CC1=CCC(C(C)C)C=C1
C=C(CCC)CCC=CCCC,0.5,CCCC=CCCC(C)=O
CCC(C)=Cc1ccccc1,0.68,CC(=Cc1ccccc1)CO
CCCCCC(CO)CO,0.6666666666666666,CCCCC(CC)CO
CCC=CCCCCCCC,0.8235294117647058,CCCCCCC=CCCCCCCCCC
CCC(C)C(C)OCc1ccccc1,0.4857142857142857,COCCOC(C)OCc1ccccc1
CCCC1=COC(O)CC1,0.28888888888888886,CC(C)=CCCC1=CCC(C=O)CC1
CC(C)CN=C=O,0.5238095238095238,CC(C)CN=C=S
CC(C)CCCC(=O)c1ccccc1N,0.5128205128205128,CC(C)COC(=O)c1ccccc1N
CC(C)C1CCC(C)C(C)C1,0.4166666666666667,CC(C)C1CCC(O)CC1
CCCC(=O)CCc1ccccc1,0.6071428571428571,CC(=O)CCc1ccccc1
CC(C)C1CN(C)CS1,0.24242424242424243,CC1=NC(C(C)C)SC1
CCCCC,0.75,CCCCCC
CCCC1CC=CC=C1CNC,0.23404255319148937,CCCCCC1CC=CC(=O)O1
CCCCCCCC(O)CCc1ccccc1,0.53125,CC(O)CCc1ccccc1
CC1=CCCC=C1C(C)O,0.32142857142857145,Cc1ccc(C(C)O)cc1
CN(C)C1CCC(C)(C)CC1,0.25,CC12CCC(CC1)C(C)(C)O2
CCCC1C(C)OC(C)C1C,0.35714285714285715,CCCCCC1OC(C)C(C)O1
CCCC1C=CCO1,0.2857142857142857,CCCC1CCOC(C)S1
CCCC1=CC=C(C(OCC)SCC)CC1CC,0.2391304347826087,CCOC(OCC)c1ccccc1
CCC1C=CC(C=O)C1,0.3333333333333333,CCCC1C2C=CC(C2)C1C=O
CCCC(S)C1CCCC1,0.375,CCCC(C)S
CCCc1cc(C)ccc1C,0.4583333333333333,Cc1ccc(C)c(C)c1
CCC1CCCC(C)C1,0.44,CC1CCCC(O)C1
CCCC(C)c1ccc(O)c(O)c1,0.3939393939393939,Cc1ccc(C(C)C)cc1O
CCC1=CC(C)C(C)S1,0.22580645161290322,CCc1ccc(C)s1
CCCC(=O)CCCCC1=CCC=C1,0.3888888888888889,CCCC(=O)CCCC(=O)O
C=C(C=CC)OC,0.34615384615384615,CC=CC=CC(=O)OC
CCC(S)C(=O)O,0.6,CCC(S)C(C)=O
CC(=O)C1=CC(C)OC1C,0.3235294117647059,CC(=O)C1=C(C)OC(C)C1=O
CCCC(=O)SCC,0.5714285714285714,CCCC(=O)SC
CC1=CC2C(C=C1)COC2C,0.2682926829268293,CC1=CC2OCC(C)C2CC1
CCCCCOC(=O)O,0.6521739130434783,CCCCCOC(C)=O
C=C(C)CCC1CC=CC1,0.36,C=C(C)CCO
CCC(C)C(C)OCc1ccco1,0.5294117647058824,CCOCc1ccco1
C=C(C)C(C)(C)C,0.3333333333333333,CC(C)(C)O
C1CCSNSC1,0.35714285714285715,C1CCSC1
CC(C)C(=O)CCc1ccccc1,0.6071428571428571,CC(=O)CCc1ccccc1
CS(C)(O)O,0.3333333333333333,CS(C)(=O)=O
CCCCCC(C)C(C)=O,0.6666666666666666,CCCCCC(C)C(=O)O
C=CC1C=CC(C)C=C1,0.20833333333333334,C=CCSC
C=C(C=CCCC)NCCCCCO,0.4375,CCCC=CCCCO
CC1CCC(C(C)(C)C)CC1,0.6,CC1CCC(C(C)(C)O)CC1
CCC(C)CCC(=O)c1ccccc1,0.6,CCCC(=O)c1ccccc1
C=CCCCCC=CC,0.5454545454545454,CC=CCCCCC=O
C1=CC(CCC2CCCC2)CC1,0.35714285714285715,OCCC1CCCCC1
CC1=CC=C(C=CC=O)CC1,0.375,Cc1ccc(C=CC=O)cc1
CC(C)C1=C2C=CC=CC2CCC1,0.3076923076923077,C=C1C=CC(C(C)C)CC1
CC=CC=CCCC(C)C(C)C,0.38461538461538464,CC=CC=CCO
CCC(C)CC,0.5714285714285714,CCC(C)CN
CSOCCc1ccoc1,0.4444444444444444,CC(C)=CCCc1ccoc1
C=C(CCS)C1CCCCC1,0.38235294117647056,C=CCCC(=O)C(=C)C1CCCCC1
C=CC1CC(C)CC(C)C1,0.23529411764705882,C=C(C)C=CC1CC(C)CO1
CCCC1=CC(NC)C(CCc2ccccc2)=CC1,0.30434782608695654,CCC(C)(O)CCc1ccccc1
CCCC(C)C,0.5294117647058824,CCCCCCCCCCCCCCCCCCCCC(C)C
CCCC(C)CCCC(C)O,0.6190476190476191,CCCCC(C)O
C=C(CC=CCCCC)C1=CCCC1,0.38461538461538464,CCCCC=CCC(=O)O
OCCCCCCCCCS,0.6153846153846154,SCCCCCCS
CCCC(COC)C(C)Cc1ccc(C(C)C)cc1,0.4,CC(C=O)Cc1ccc(C(C)C)cc1
CCC(O)COC(C)C(C)CC,0.4090909090909091,CCC(O)CC
CC1C=CC2=C(C1)OCC(=O)OC2,0.3055555555555556,CC1CC(=O)CO1
CCOC(C)C(CC)CC,0.5,CCOC(C)CC
CCCC(=O)CCCCCCCSO,0.56,CCCCCCC(=O)CCCCCC
C=CCC(O)CCCCC,0.56,CCCCCC(O)CC
C=C(C)CC(C)C(C)OCC,0.36363636363636365,C=C(C)CC(C)OC(=O)C(C)C
O=C(OCCCCCCCO)C1=CC=CC1,0.38636363636363635,CCCCCCOC(=O)c1ccccc1O
CCCCC(CC)OC,0.5185185185185185,CCCCC(CC)OC(C)=O
CCC(C)CC1=CCSC=C1,0.2926829268292683,CCC(C)Cc1cnc(C)c(C)n1
C=CCC1=CC(SC)C(OC(C)N)C=C1,0.22916666666666666,C=CCc1ccc(OC)cc1
CCOC(C)C(C)OC(O)CC,0.5454545454545454,CCC(O)OC(O)CC
CCCC(=O)OCC1=CC=C(OC)CC1,0.47619047619047616,CCCC(=O)OCc1ccc(OC)cc1
CCCCC(C)(CC)C(C)CCC,0.3548387096774194,CCC(C)(O)CCCC(C)C
CCCC1COCCC1O,0.4146341463414634,CCCCCC1COCCC1OC(C)=O
CCCCC(=O)CCC1C=CCCC1,0.37142857142857144,CCCCC(=O)CC
CCOc1ccccc1C,0.5416666666666666,COc1ccccc1C
CCCC(=O)CCCO,0.6666666666666666,CCCC(=O)CCC
CC1=CCC=C1C(C)O,0.32142857142857145,Cc1ccc(C(C)O)cc1
CC1CC(=O)C(C)C1C,0.4166666666666667,CC1CC(=O)C(=O)C1C
CCCCC(O)CCC(C)O,0.7,CCCCC(C)O
CCC(C)(CCC(C)C)C(C)O,0.4642857142857143,CCC(C)(O)CCCC(C)C
CCCc1cccc(CC)c1O,0.5555555555555556,CCCc1ccccc1O
CCC(C)COC(C)C(C)CC,0.4,CCC(C)COC(=O)CC(C)C
C=CC1=C(CC)CCCC1,0.28125,CCC1=C(O)C(=O)CC1
CCCC(C)C(O)O,0.5555555555555556,CCCC(C)O
CC1=CCC(CC(C)C)C=C1,0.5161290322580645,CC1=CCC(C(C)C)C=C1
CCCCCCC(C)CC(C)CCC,0.5454545454545454,CCCCCCCCCCCCCCCCCCCCC(C)C
C=CCOC(O)CC(C)CC(C)(C)C,0.5,C=CCOC(=O)CC(C)CC(C)(C)C
COC1=C(C)N=C(CC(C)C)CC1,0.3076923076923077,COc1nccnc1CC(C)C
CCCC1C=CC=CC1C(C)OC,0.23684210526315788,CCCCCCOC(C)OC
C=CCCC(=O)CC,0.5714285714285714,C=CC=CC=CCCC(=O)CC
CC1SC(C)C(C)C1C,0.5,CC1SC(C)SC(C)S1
CC1C=CC(C)C2CC(C(C)(C)O)=CCC12,0.275,CC1=CCC(C(C)(C)O)CC1
CCC(C=O)c1ccccc1,0.5862068965517241,C=CCC(C=O)c1ccccc1
CC(C)CCC1C=CC(C(C)C)CC1,0.3611111111111111,CC(C)C1C=CC(C)(O)CC1
CC(C)SC=C(C=O)C(C)C,0.42857142857142855,CC(C)CC=C(C=O)C(C)C
CCCCCC=CC(O)O,0.6,CCCCC=CC(C)O
CCCC(O)CCCCCO,0.52,CCCCCCC(O)CC
COC1=CCC(O)C=C1,0.2702702702702703,C=C(C)C1C=CC(C)=CC1
CCC(C)CCc1ccccc1,0.6428571428571429,CC(CCO)CCc1ccccc1
CCCC(=O)C1C(C)CCCC1(C)C,0.5945945945945946,CCOC(=O)C1C(C)CCCC1(C)C
CC1=CC(C)C(S)C=C1O,0.25,CC1=CC(C)C(CO)CC1
CC(=O)C1=CCC(C)=C1,0.36666666666666664,CC1=CCC(=C(C)C)CC1
CCCc1ccc2c(c1)=CC(=O)CC=2C,0.35714285714285715,CCCc1ccc2c(c1)OCO2
CCC(C)CNC(C)c1ccccc1,0.41935483870967744,CCC(O)c1ccccc1
CCC=CCCCC(=O)CC,0.6538461538461539,CCC=CCCCC(=O)O
CNc1ccccc1O,0.4482758620689655,CNc1ccccc1C(=O)OC
CC(C)CC1=COC=CC1,0.2702702702702703,CC(C)Cc1cccnc1
CC1CC(C)C(C)C(C)(C)C1,0.37037037037037035,CC1CC(O)CC(C)(C)C1
C=CCCCCOCCC,0.5416666666666666,C=CCCCCCC
CC1CC(C)N2CCCC2C1,0.3235294117647059,CC1SC(C)N2CCCC2S1
COC1CC(CC=O)=CC=C1O,0.3333333333333333,COc1cc(CC=O)ccc1O
CC1CCCC(C)(C)C1O,0.4411764705882353,CC(O)CCC1C(C)CCCC1(C)C
CCSCSC,0.6428571428571429,CSCSCSC
CCCCCCCCCCCC(C)C,1.0,CCCCCCCCCCCCCCCCCCCCC(C)C
CCCCCCSCOCC(=O)OCC,0.5,CCCCCCC(=O)OCC
C=CCc1cc(CC)c(C)c(OC)c1,0.5882352941176471,C=CCc1cc(OC)c(OC)c(OC)c1
CCCC(C)CC(C)S,0.5789473684210527,CCCC(C)S
O=C(CO)CCCCC1CCCCC1,0.5135135135135135,C=CCOC(=O)CCCCC1CCCCC1
C=C(C)C(O)CC,0.5,CCC(O)C(C)=O
CCCCC(C)C(C)C,0.5,CCCCC(C)O
CC1CCC2C(C)(C)CCCC2(C)C1,0.3684210526315789,CC1(C)CCCC2(C)C3CCOC3CCC12
CCOC(C)c1ccccc1,0.64,CCOC(OCC)c1ccccc1
C=C(CC)CCC(C)C,0.4166666666666667,CC(C)CCC(=O)O
CCC1=C(O)CCC(C=CC=O)=C1,0.2826086956521739,COc1cc(C=CC=O)ccc1O
CC1=CCOC1S,0.3235294117647059,CC(C)=CC1CC(C)=CCO1
C=C(CC)C1CCCO1,0.3783783783783784,CCC(=O)OCC1CCCO1
CCCOC(O)Cc1ccccc1,0.53125,CCCC(O)Cc1ccccc1
CC(C)=CCCC(N)CCCC(C)CCO,0.6666666666666666,CC(C)=CCCC(C)CCO
CCCCCCCCCCCCC1CCC(O)O1,0.96,CCCCCC1CCC(O)O1
C=CC(C)(CCC=C(C)O)CC(O)SCCCCCC,0.375,C=CC(C)(CCC=C(C)C)OC(=O)CCCCCCC
CCCCCCCC(=O)CCCC(C)C,0.6956521739130435,CCCCCCC(=O)CCCCCC
CC(C)(S)C(O)OCc1ccccc1,0.4444444444444444,CC(C)(C)C(=O)OCc1ccccc1
CCC(C)C(C)OC,0.38461538461538464,CCC(C)C(O)C(=O)OC
CCCCNCCC(N)CC(C)C,0.3333333333333333,CCCCCCCCCCCCCCCCCCCCC(C)C
CCCC(C)CNC,0.4,CCCC(C)CC=O
CCC=CCCC,0.5555555555555556,CCCC=CCCO
CC1CCCCC1,0.45454545454545453,CC1CCCCCCCCCCCCC(=O)C1
CC(C)CCCC(=O)CCC(C)CCCC(C)O,0.5806451612903226,CC(=O)CCCC(C)CCCC(C)CCCC(C)C
CCC(CCC(C)C)C(C)COC,0.3333333333333333,CCC(C)C(=O)OCCC(C)C
CC(C)CCSC(C)C,0.5555555555555556,CC(C)CCSSCCC(C)C
CC(C)C(C)C(C)C,0.36363636363636365,CC(C)C(C)O
C1=CCC2OCCC2=C1,0.25,CC1OCCC1=O
CC(C)OCCC(O)CCC1=CC=CC1,0.3170731707317073,CC(C)OCCc1ccccc1
C=CC=CC,1.0,C=CC=CC
CC(=O)OC1CC(C)OC1C,0.4166666666666667,C=C(C)C1CCC(C)C(OC(C)=O)C1
CC(C)OCc1ccco1,0.6071428571428571,COCc1ccco1
C=C1CCC(C)C1CC(C)CC,0.325,CCCCCC1C(=O)CCC1C
CC(C)CC(CC(C)C)OC(C)C,0.4166666666666667,CC(=O)OC(CC(C)C)CC(C)C
CCC(C)C(C)C(C)C,0.38095238095238093,CCC(C)C(C)C=O
CCCC(C)C(C)CCCO,0.5238095238095238,CC(C)CCCO
CC(C)CC1CC(C)(C)CCO1,0.6774193548387096,CC(C)CC1CC(C)(O)CCO1
CCCC(=O)C1CC1c1ccccc1,0.42857142857142855,CCCC(=O)c1ccccc1
CC(C)COCC(C)O,0.8125,CC(O)COCC(C)O
CC1CCCCS1,0.35,CC1SCCS1
C=CC=CCCOCC,0.4444444444444444,C=CC=CC=CC=CCCC
Cc1cnc(C(C)O)nc1,0.38461538461538464,Cc1ccc(C(C)O)cc1
CCCCC(CCC)OC,0.4583333333333333,CCCCCC(OC)OC
O=C(CCC1CCCC1)Cc1ccccc1,0.5333333333333333,O=C(Cc1ccccc1)Cc1ccccc1
C=CCOCCC,0.5454545454545454,C=CCOCCO
CNC1C=CC(CCC(C)=O)CC1,0.30434782608695654,CC(=O)CCC1C(C)=CCCC1(C)C
CCCCCCCCCCCCCCC(C)OC,0.6086956521739131,CCCCCCCCCC(OC)OC
CC1CCCC(C)(C)C1C=S,0.4166666666666667,CC=CC(=O)C1C(C)CCCC1(C)C
CCCCCCCCC(O)CCCCCC,0.7894736842105263,CCCCCCC(O)CC
CC(O)CC1CC(C)CCC1C(C)C,0.5161290322580645,CC1CCC(C(C)C)C(O)C1
CCCCCC(O)CC(C)C(=O)OCCCC,0.625,CCCCOC(=O)C(C)CCC
CCCC=CC(=O)COCC(C)C,0.5161290322580645,CCCC=CC(=O)CC
CCCCCCCC(=O)C(CC)CO,0.5161290322580645,CCCCCCC(CO)C(C)=O
CCCCCCCCCOCCO,0.5357142857142857,CCCCCCCOCC(=O)CO
CC=CC(C)CCCCC,0.5384615384615384,CCCCCCC(C)C=O
CCCCC(C)C1CCCC1,0.48148148148148145,CC(CO)C1CCCCC1
C=CCOSCCO,0.4230769230769231,C=CCOCCO
C=CCCCCCC(C)O,0.52,CCCCCCCC(C)O
CC(=O)COc1ccccc1,0.68,O=C(O)COc1ccccc1
CC(S)C(O)CCCCc1ccccc1,0.53125,CC(O)CCc1ccccc1
CCCOCCC(C)=O,0.5384615384615384,CCCOC(=O)CCC(C)=O
CC(=O)C(=S)CC(C)C,0.5454545454545454,CC(=O)C(=O)CC(C)C
CCCC1=CCC=CC1O,0.2647058823529412,CCCc1ccc(O)cc1
CCCC(C)SCCOC,0.34375,CCCCC(S)CCOC
O=CC=CC1=CCC=C1,0.3333333333333333,O=CC=Cc1ccccc1
COC1C=CC(CC(C)C=O)CC1,0.3142857142857143,CCCC(C)C=O
CCCOC(O)c1ccccc1,0.4827586206896552,CCC(O)c1ccccc1
CC(C)C(C)C1CCCCN1,0.44,CC1CCCCN1
CCCOC(O)CCC(C)C,0.4583333333333333,CCCOC(C)OCCC
CCOC(O)CCC1C=CCC1,0.45,CCOC(=O)CC1C=CCC1
CC1CCCC2C1C(C)(C)C(C)C2(C)C,0.4166666666666667,CC1C(C)(C)C2CCC3CC(C)(C)OC3C2C1(C)C
C=C(CC)C1C=CC=CC1CCC(C)CC1=CCC(CC)C=C1,0.2459016393442623,CC1=CCC(CCC(C)CO)C1(C)C
CCC=C1CC(C)c2ccccc21,0.3684210526315789,CCC=C1OC(=O)c2ccccc21
COCCC(C)(C)CO,0.4782608695652174,COCCC(C)(C)S
CCCCCCCC(O)CCCC,0.75,CCCCCCC(O)CC
CCC(C)C1CC(C)C(CC)C1,0.2702702702702703,CCC(C)C1N=C(C)C(C)S1
CC1(C)CCCC2CCC(CN)CC21,0.27906976744186046,CC1(C)C2CCC1(C)C(C1CCC(O)CC1)C2
CC(C)C(=O)c1ccccc1,0.6086956521739131,O=C(c1ccccc1)C(O)O
CCC,0.42857142857142855,CCO
CCCCCCC1CCCC1O,0.9583333333333334,CCCCCC1CCCC1O
CCCC(=O)CCCCCCCC(C)CCC,0.5185185185185185,CCCCCCC(=O)CCCCCC
C=CCC(C)C(C)=O,0.6521739130434783,C=CCC(C)C(=O)O
NCC(c1ccccc1)C1CCCCC1,0.3333333333333333,c1ccc(CCOC2CCCCC2)cc1
CCC(O)C1CCCCC1O,0.35714285714285715,CC(C)(C)C1CCCCC1O
CC1C=CC(CCO)=CC1,0.325,CC1(C)C2CC=C(CCO)C1C2
CC=COC,0.3333333333333333,COC=O
CCC(C)C1C=CC2CCCCC2=C1,0.4,CCC(C)C1CCCCC1=O
CCCC(=O)CC1=C(C)CC=CC1CC,0.3235294117647059,CCCC(=O)CCC
C=C(C)C1=CCC(C)CC1=O,0.40540540540540543,C=C(C)C1CC=C(C)C(=O)C1
OCc1ccccc1O,0.5416666666666666,CCCc1ccccc1O
CCCC(C)Cc1ccccc1,0.6071428571428571,CCCC(O)Cc1ccccc1
CCC(=O)C1=CCNO1,0.3333333333333333,CCC(=O)c1ccccc1
CCCCCCCCCC(=O)CC(C)C,0.6521739130434783,CCCCCCC(=O)CCCCCC
CCCCCCC(=O)C1=CCCO1,0.4146341463414634,CCCCCC(=O)c1ccco1
CCCCC(=O)Cc1ccc(O)cc1,0.5,CCCCCCCCCc1ccc(O)cc1
CC1CC(C)C2(CC(C)(C)CC(C)(C)C2)C1(C)O,0.29411764705882354,CC1CCCC2(C)CCCCC12O
CCC(C)(C)CCCC(C)C,0.625,CCC(C)(O)CCCC(C)C
CCCCCCOC(O)CCC(C)=O,0.5,CCCCCCC(C)=O
CCC=CCCCC(=O)CC=CCC,0.6296296296296297,CCC=CCCCC(=O)O
CCC(O)CCN,0.5789473684210527,CCCC(O)CC
CC1CCC(C)C(C=O)C1,0.375,C=C(C)C1CCC(C)C1C=O
CC1=CCCCC1OC(C)C,0.2857142857142857,CC(=O)OC(C)C(C)=CC1C(C)=CCCC1(C)C
CC(C)OC(C)(C=O)CCC1OC1(C)C,0.4883720930232558,C=CC(C)(CCC1OC1(C)C)OC(C)=O
CCC1C=CC(C(C)C)=CC1,0.3142857142857143,CC1=CCC(C(C)C)C=C1
OC1=C(C(O)CC2CCCCC2)CCC=C1,0.2631578947368421,OCCC1CCCCC1
CC(=O)CCc1cc(C)cc(C)c1C,0.45454545454545453,CC(=O)CCc1ccc(C)cc1
CCCC1=CC=CCC1,0.4444444444444444,CC1=CC=CCC1
CC(=O)CC(C)CC(C)C,0.6,CC(=O)CC(C)C
CCCCCCCCCCCCCCCCCCC,1.0,CCCCCCC
CC1(C)CCCC(O)C1C=O,0.358974358974359,CC=CC(=O)C1C(C)CCCC1(C)C
CCC(C)c1ccccc1C,0.45161290322580644,Cc1ccccc1C(O)O.OCC(O)CO
CCC(=O)C(CO)CCOC,0.36363636363636365,CCCCC(CO)C(C)=O
CCCCCC=CCCC(O)O,0.5909090909090909,CCCCCCC=CCCCCCCCCC
CCC(C)C(C)OC1C(C)CC=CC1(C)C,0.3469387755102041,CCC(=O)C(C)=CC1C(C)CC=CC1(C)C
CCC(C)(CCCC(C)C)CC(C)O,0.5172413793103449,CCC(C)(O)CCCC(C)C
CCCCCCCCCCCCCC(C)O,1.0,CCCCCCCC(C)O
CCCCCCCCC(CC)CC,0.55,CCCCCCCCCCCCCCCCCCCCC(C)C
CCCOC(C)CC1C=CC=CC1,0.34375,CCCOC(C)OCCC
CC(C)C1CCC(C)(C)C(C(C)C)C1,0.32432432432432434,CC(C)C1CCC2(CCC(=O)O2)CC1
CCCCC(CC)CCC(O)c1ccccc1O,0.4782608695652174,CCCCC(CC)COC(=O)c1ccccc1O
CCCOCC(O)C=O,0.37037037037037035,CCCOC=O
CC(O)C1=CCCCO1,0.2926829268292683,CC(C)OC(=O)CC1=CCCCC1
CCCCCCC(C)(C)C,0.5333333333333333,CCCCCCC
CCC1=C(C)CC(C)CO1,0.2777777777777778,CCC1=C(O)C(=O)C(C)O1
CC1=CC(CC(C)O)CC(C)(C)C1,0.3170731707317073,CC(C)CC1CCCC(C)(O)C1
C=C(C)C(C)S,0.5,CC(=O)C(C)S
CCCC(=O)CC(C)C,0.631578947368421,CC(C)CC(=O)CC(C)C
CCCCC1=CC(CC)C=C1,0.2857142857142857,CCCCc1ccc(CC)s1
C=C(CCC)CCCC(C)CCC,0.45161290322580644,C=C(C)CCCC(C)CCO
C=C1CC(C)C(CCC(C)C)C(C)(N)C1,0.30434782608695654,CC(O)CCC1C(C)CCCC1(C)C
C=C(C)CC1CC2COC1(C)C2(C)C,0.2727272727272727,CC1(CO)CC1CC1CC2CC2(C)C1(C)C
CC1=C(C)COC1,0.2962962962962963,Cc1ncc2c(n1)COC2
C=C(C=CC)OC(S)CC(C)C,0.4411764705882353,CC=CC(=O)OC(C)CC(C)C
CC(C)C1CC(C)C(C)O1,0.3103448275862069,CC1COC(C(C)C)O1
C=C(CC)C(C)CCC(C)C,0.4074074074074074,C=C(O)C(C)CCCC(C)C
CC(C)Cc1ccccc1,0.6363636363636364,CC(O)Cc1ccccc1
CC1=NC2C=CCCC2O1,0.2857142857142857,CCOC(=O)CC1C=CCC1
C=C(CCCC)CCC1CCCCC1,0.4444444444444444,CCOC(=O)CCC1CCCCC1
CC(C)CC(C)CCC1C=CC=C1,0.36666666666666664,CC(C)CC(C)CCCC(C)O
CCCC=C(CO)c1ccccc1,0.4,CCC=C(C=O)c1ccccc1
CCCC(C)CC(O)c1ccccc1,0.5517241379310345,CCC(O)c1ccccc1
CCCCCC(CCCC)Cc1ccccc1,0.5,CCCC(O)Cc1ccccc1
CCCCCCCCC(CC(C)O)C(=O)CC,0.5172413793103449,CCCCCCCC(C)O
C=C1CCC(CCCCC)=C1C,0.37142857142857144,CCCCCC1=C(C)CCC1=O
COC1C=CCCC1C,0.35714285714285715,CC1C=CCCC1
CC1=CNCC1,0.28,CC1=CCCCC1
CC1=CC(OOC2CC(C)CC2C)C(C)C1,0.325,CC1=CC(C)C(CO)C(C)C1
CC1OC(=O)C(=O)C1C,0.3448275862068966,COC1=C(C)OC(C)C1=O
CCCCCCC(CC)C(=O)CC,0.6666666666666666,CCCCCCCCC(CC)C(=O)O
COC1C=CC(C)CC1C,0.2631578947368421,COC(=O)C1C(C)C=CCC1(C)C
COC(C)CSC,0.3333333333333333,COC(C)OC
CC1=NC(C)C(C)C1,0.34615384615384615,CC1=NC(C)OC1
CC(CC=O)C1=CC(C(C)C)CC=C1,0.358974358974359,CC(CC=O)c1ccccc1
CSCC1=CC=CC1C,0.3,CSCc1ccccc1
CCc1cc(C)c(C)o1,0.4230769230769231,CCc1ccc(C)o1
C=CCOC(C)C,0.4444444444444444,C=CCOC(=O)CC(C)C
C=CC=CC=CC,0.7142857142857143,C=CC=CC
CC1=NC(C)N(C(C)C)CC1,0.2857142857142857,CC1=NC(C(C)C)SC1
CC=CC1=CC(CC)C(SC)C(CC)C1,0.2222222222222222,CC1=CC(C)C(CO)CC1
CCCCNC,0.42857142857142855,CCCCCC
C=CCCCCC(=C)C,0.6,C=CCCCCCCC(C)=O
CCCCCC(=O)NCCCC,0.48148148148148145,CCCCCC(=O)OC
CCNCC(C)CC,0.5416666666666666,CCC(C)CNCN=O
CCCCCCC=CO,0.6842105263157895,CCCCCCC=CCCCCCCCCC
CC(O)C1CCC2CCC=CC21,0.2857142857142857,CCOC(=O)CC1C=CCC1
CCCSC1=CC(C)C(C)C1,0.2894736842105263,CC1=CC(C)C(CO)C(C)C1
CCCCCC(O)C(C)N,0.5652173913043478,CCCCCC(C)O
C=CC1C=CC(C(C)C)=CC1,0.3055555555555556,CC1=CCC(C(C)C)C=C1
CCCCCCCC(CO)OC,0.5384615384615384,CCCCCCCCCC(OC)OC
CC1CC(CO)C=CC1O,0.3125,CC1CCC(CO)C(C)C1
C=C(CC1C=CCC(C)=C1)CN1C=CCC=C1,0.23809523809523808,CC1=CCC=CC1
C=C(CCCC)C(S)CCC,0.5714285714285714,CCCCC(=O)C(S)CCC
C=CC1=C(CO)OCCO1,0.24,C=CCO
CC1OC2C3=CC(=C2C1C)CN3C,0.23076923076923078,CC1OC(c2ccccc2)OC1C
CCCC1=C(C)N=C(C)CO1,0.2857142857142857,CCCc1nc(C)c(C)o1
CCCSCCC(C)O,0.5263157894736842,CCCSCCC
CCCCC1C=CCC1C,0.3333333333333333,CCCCC1OC(=O)CC1C
CCCCCCCC(S)OC,0.5833333333333334,CCCCCCCCCC(OC)OC
CCCCCC(O)CCCC,0.7368421052631579,CCCCCC(O)CC
CC(C)C=CCC(C)C,0.4166666666666667,CC(=O)C=CCC(C)C
CCCCCC(=O)OC(CCCC)C(C)CCO,0.5588235294117647,CCCCCC(=O)OC(C)C
C=CC=CCCC,0.7894736842105263,C=CC=CC=CC=CCCC
CC(CCO)COc1ccccc1,0.5151515151515151,CC(CCO)CCc1ccccc1
C=CCCC(O)c1ccccc1O,0.40625,CC(C)c1ccccc1O
CCCCCC(C)C(C)CCCC,0.5789473684210527,CCCCCCCCCCCCCCCCCCCCC(C)C
CCCCCCCCC(CC)C(C)O,0.5833333333333334,CCCCCCCC(C)O
CCC(C)C(C)c1ccccc1,0.5,CCC(O)c1ccccc1
CNC1C=CCC=C1S,0.25806451612903225,CC1=CCC=CC1
CC(C)CC(C)C(C)C(C)C,0.3684210526315789,CC(C)CC(C)O
CCCC(C)OCC,0.5789473684210527,CCOC(C)CC
CCCC(C)C(O)OCC,0.5,CCCCC(O)C(C)CCC
CCCCOC(C)C(C)C,0.6190476190476191,CCCCOC(C)OCCCC
CCOCC(=O)CC,0.5,CCC(=O)CC
CCC(CC)CCc1ccccc1,0.5555555555555556,CC(O)CCc1ccccc1
CCCCCCC(C)CC,0.6,CCCCCCCCCCCCCCCCCCCCC(C)C
Cc1cccc(C)c1,1.0,Cc1cccc(C)c1
CC(C)CCCC(C)CC(C)(C)C,0.5416666666666666,CC(CCO)CC(C)(C)C
CC1=CC(C)CC1,0.4642857142857143,CC1=CC(C)C(C=O)CC1
CC1=CCC(CCO)C=C1,0.4411764705882353,C=C(C)C1C=CC(C)=CC1
CCC1=CC=C(C(C)O)CO1,0.2571428571428571,CC1=CC=C(C(C)C)CC1
CCCCNN,0.4,CCCCCC
CC1CCC(CC=O)C1(C)C,0.3170731707317073,CC1CCC2C(C)(C)C3CC12CCC3(C)OC=O
CCOC1=CCCC=C1O,0.36666666666666664,CCOc1ccc(O)cc1
CCC(CCO)COC,0.4,CCC(C)CCO
CC(C)CCOC(C)S,0.6,CC(C)CCOC(C)OCCC(C)C
CC(=O)CCC1C=CCC=C1,0.35,CC(=O)CCC1C(C)=CCCC1(C)C
CC1COC(O)O1,0.5238095238095238,CC1COC(C)O1
CC(C)CCC(O)c1ccccc1,0.5769230769230769,CCC(O)c1ccccc1
Cc1ccccc1CC(C)C,0.48148148148148145,Cc1ccccc1CCO
CCC(CC)CCC1CCC(C)C1(C)C,0.32558139534883723,CCC(O)CCC1C(C)CCCC1(C)C
CCC1OCCC(C)O1,0.6,CCCCCCC1OCCC(C)O1
CC(O)C(=O)c1ccccc1,0.6521739130434783,O=C(c1ccccc1)C(O)O
CCC(C)CCC1CCC(C)C1(C)C,0.3488372093023256,CC1=CCC(CCC(C)CO)C1(C)C
CC1C=C2COCC2=CC1,0.24390243902439024,CC1=CCC(C)C(C)C12C=CC(C)O2
CC(C)=CCNC(=O)C(C)C,0.43333333333333335,CC(C)=CCOC(=O)C(C)C
CC(c1ccccc1)C(O)C1C=CC=CC1,0.38235294117647056,CC(O)c1ccccc1
C=CC(=CCCC)CC,0.42857142857142855,CCCCC=C(C=O)CC
C=C(OC)C(C)C,0.4,COC(=O)C(C)C
O=CCCCCc1ccccc1,0.7083333333333334,O=CCCc1ccccc1
CC(C)C1=CC=COC1C,0.21052631578947367,CC(C)C1=CC(=O)C(C)CC1
C=C(CCC(CCCCC)Cc1ccccc1)CC(C)C,0.3953488372093023,CCCC(O)Cc1ccccc1
CC=C(C)C(O)CCC,0.4642857142857143,CCC=C(C)C(O)CCCCC
CCC(O)CCc1ccccc1,0.6296296296296297,CCC(O)Cc1ccccc1
CCCCCNCCCC(O)CCC,0.48148148148148145,CCCCCC(O)CC
CCCCCCCCCOC(C)c1ccncc1,0.46875,CCCCCCOC(C)OCCCCCC
CCCC(C)CC=C(CC)CC,0.72,CCC(=CCC(C)CCO)CC
CC1CCC2C(C3C(C)CCC13)C2(C)C,0.5625,CC1CCC2C1C1C(CCC2(C)O)C1(C)C
CCOC(C)CCOC,0.5,CCOC(C)CC
CCC1CC(C)C(C)C1,0.2727272727272727,CCC1CCC(CC)O1
CCC(CC)CCC(C)O,0.5294117647058824,CCC(C)O
CCCCCC(CC)CC=O,0.5714285714285714,CCCCCC(S)CC=O
CC(C=O)CCC1C(C)CCCC1(C)N,0.46511627906976744,CC(O)CCC1C(C)CCCC1(C)C
C1=CCCN=C1,0.2857142857142857,C1=NCCC1
CC=C(C)C(C)CC,0.44,CC=CC(=O)C(C)CC
CCCC1=COC=CC1,0.2631578947368421,CCCc1ccc2c(c1)OCO2
CSC(C)C,0.5,CSC(C)S
C=C(C)C1CCC(C)C(C)C1,0.68,C=C(C)C1CCC(C)C(O)C1
C=C(C)C1CCCC1C,0.43333333333333335,C=C(C)C1CCC(C)C1C=O
CCc1cccc(SC)c1O,0.4482758620689655,CSc1ccccc1O
CC(C)C(C)CCC1CCC(C)C1(C)C,0.35714285714285715,CC1=CCC(CCC(C)C(C)O)C1(C)C
C=C(CC(C)c1ccccc1)C(C)C,0.5357142857142857,CC(CO)c1ccccc1
CC(=O)C1=CC=CCC1,0.4444444444444444,CC1=CC=CCC1
COC(C)C1CC1c1ccccc1,0.35294117647058826,COC(OC)C(C)c1ccccc1
CC1=CC(Oc2ccccc2)CC=C1,0.3142857142857143,Cc1ccc(Oc2ccccc2)cc1
CCCCC1C=CC(O)CC1,0.34285714285714286,CCCCCC1CCCC1O
CCCCCCCC(O)CCC(C)C,0.6363636363636364,CCCCCCCCCCCCCCCCCCCCC(C)C
CCCCCCCCCCS,1.0,CCCCCCS
CC(C)CCCCCO,1.0,CC(C)CCCCCO
CC(C)C1CCC(C)(O)CC1=O,0.4117647058823529,CC1CCC(C(C)C)C(=O)C1
CC(O)C1CCCC1C,0.34615384615384615,CC(C)C1CCC(C(C)O)CC1
C=C(CCC)CCC(C)O,0.5,CCCC(C)O
CCCC(CC(C)C)OC(C)c1ccc(C)c(C)c1,0.3488372093023256,CCOc1cc(C(C)C)ccc1C
CC1=CC(C)C=C1,0.32142857142857145,CC1=CCC(C(C)C)C=C1
CC1CCC(c2ccccc2)C1,0.5,CC1CCOC(c2ccccc2)C1
