,KS_statistic,KS_pvalue,MW_statistic,MW_pvalue,T_statistic,T_pvalue,Jensen_Shannon_divergence
MW,0.47502931713624197,1.164349083361769e-28,138161.5,3.625521602988456e-32,-14.423784531299424,2.5502326858192254e-30,0.387864943760342
LogP,0.2166867125717894,4.376278286517443e-06,256683.5,4.0572633489952355e-06,-5.772522140839184,4.052214910119833e-08,0.20514819374475185
Fraction of Sp2 Hybridized Atoms,0.41025348047027693,3.421400938810193e-21,430635.0,2.4373693914221077e-09,4.042018462177551,8.557303809733154e-05,0.4877412940840272
FCFP4 Count,0.4809092822563671,2.0954396298449576e-29,129560.0,4.171464504021502e-35,-14.066905920221112,4.819103632332704e-29,0.419919182307328
