MW,LogP,HBA,HBD,TPSA,RotBonds,AromaticRings,HeavyAtoms,RingCount,Source
75.11099999999999,-0.6741,2,2,46.25,1,0,5,0,sharma_2021
116.11599999999997,0.2961,2,1,54.370000000000005,2,0,8,0,sharma_2021
102.08899999999998,0.05009999999999998,2,1,54.370000000000005,2,0,7,0,sharma_2021
130.143,0.6861999999999999,2,1,54.370000000000005,3,0,9,0,sharma_2021
154.12099999999998,0.7959999999999998,3,3,77.76,1,1,11,1,sharma_2021
150.177,1.7038,1,1,37.3,3,1,11,1,sharma_2021
103.12100000000001,-0.19009999999999982,2,2,63.31999999999999,3,0,7,0,sharma_2021
124.13899999999997,0.8844999999999994,2,2,40.46,1,1,9,1,sharma_2021
122.12299999999996,1.2046999999999997,2,1,37.3,1,1,9,1,sharma_2021
138.12199999999999,1.0903999999999996,2,2,57.53,1,1,10,1,sharma_2021
60.05200000000001,0.09089999999999993,1,1,37.3,0,0,4,0,sharma_2021
44.053,0.2052,1,0,17.07,0,0,3,0,sharma_2021
88.106,-0.043800000000000006,2,1,37.3,1,0,6,0,sharma_2021
58.08,0.5952999999999999,1,0,17.07,0,0,4,0,sharma_2021
17.031,0.16199999999999998,1,1,35.0,0,0,1,0,sharma_2021
106.12399999999997,1.4990999999999999,1,0,17.07,1,1,8,1,sharma_2021
78.11399999999999,1.6866,0,0,0.0,0,1,6,1,sharma_2021
122.12299999999996,1.3848,1,1,37.3,1,1,9,1,sharma_2021
108.13999999999997,1.1788999999999998,1,1,20.23,1,1,8,1,sharma_2021
117.14799999999998,-1.5574999999999983,2,0,40.129999999999995,2,0,8,0,sharma_2021
72.107,0.9854,1,0,17.07,2,0,5,0,sharma_2021
90.12199999999999,-0.252,2,2,40.46,1,0,6,0,sharma_2021
74.12299999999999,0.7787999999999999,1,1,20.23,2,0,5,0,sharma_2021
88.10599999999998,0.8711,1,1,37.3,2,0,6,0,sharma_2021
102.18100000000001,0.07410000000000017,2,2,52.04,4,0,7,0,sharma_2021
46.025000000000006,-0.29919999999999997,1,1,37.3,0,0,3,0,sharma_2021
36.461000000000006,0.4218,0,0,0.0,0,0,1,0,sharma_2021
146.14499999999995,1.7929999999999997,2,0,30.21,0,2,11,2,sharma_2021
150.22099999999995,2.3023000000000002,1,1,20.23,2,1,11,1,sharma_2021
148.20499999999996,2.6225000000000014,1,0,17.07,2,1,11,1,sharma_2021
150.17699999999996,2.0438000000000005,2,1,29.46,2,1,11,1,sharma_2021
108.13999999999999,1.70062,1,1,20.23,0,1,8,1,sharma_2021
138.12199999999999,1.0903999999999998,2,2,57.53,1,1,10,1,sharma_2021
108.13999999999997,1.7006199999999996,1,1,20.23,0,1,8,1,sharma_2021
100.205,2.976700000000002,0,0,0.0,4,0,7,0,sharma_2021
144.214,2.4314999999999998,1,1,37.3,6,0,10,0,sharma_2021
128.215,2.5458000000000007,1,0,17.07,6,0,9,0,sharma_2021
124.13899999999997,1.4008,2,1,29.46,1,1,9,1,sharma_2021
58.08,0.5952999999999999,1,0,17.07,1,0,4,0,sharma_2021
86.08999999999999,0.1644,2,0,34.14,1,0,6,0,sharma_2021
148.16099999999997,1.5381999999999998,2,0,26.3,0,1,11,2,sharma_2021
90.07799999999999,-1.4599000000000002,3,2,57.53,2,0,6,0,sharma_2021
78.13600000000001,-0.005299999999999971,1,0,17.07,0,0,4,0,sharma_2021
46.069,-0.0014000000000000123,1,1,20.23,0,0,3,0,sharma_2021
117.15099999999997,2.1678999999999995,0,1,15.79,0,2,9,2,sharma_2021
150.08599999999998,-2.1225999999999994,4,4,115.06,3,0,10,0,sharma_2021
149.215,0.15140000000000003,3,2,63.31999999999999,4,0,9,0,sharma_2021
48.11000000000001,0.546,1,1,0.0,0,0,2,0,sharma_2021
72.063,-0.2257,2,0,34.14,1,0,5,0,sharma_2021
128.17399999999995,2.839800000000001,0,0,0.0,0,2,10,2,sharma_2021
272.256,2.5099000000000022,5,3,86.99000000000001,1,2,20,3,sharma_2021
130.23100000000002,2.3392000000000013,1,1,20.23,6,0,9,0,sharma_2021
104.06099999999998,-1.3676,3,2,74.60000000000001,2,0,7,0,sharma_2021
240.43099999999993,5.666600000000005,1,0,17.07,14,0,17,0,sharma_2021
256.4299999999999,5.552300000000005,1,1,37.3,14,0,18,0,sharma_2021
94.11299999999997,1.3921999999999997,1,1,20.23,0,1,7,1,sharma_2021
164.15999999999997,0.8828,2,1,54.370000000000005,3,1,12,1,sharma_2021
120.15099999999997,1.428,1,0,17.07,2,1,9,1,sharma_2021
136.14999999999998,1.3137,1,1,37.3,2,1,10,1,sharma_2021
121.18299999999999,1.1878,1,1,26.02,2,1,9,1,sharma_2021
60.096,0.3887,1,1,20.23,1,0,4,0,sharma_2021
74.079,0.481,1,1,37.3,1,0,5,0,sharma_2021
88.15400000000001,-0.31599999999999956,2,2,52.04,3,0,6,0,sharma_2021
79.10199999999998,1.0816,1,0,12.89,0,1,6,1,sharma_2021
88.06199999999998,-0.34000000000000014,2,1,54.370000000000005,1,0,6,0,sharma_2021
62.137,0.9792,1,0,0.0,0,0,3,0,sharma_2021
88.175,1.5133999999999999,1,0,0.0,0,0,5,1,sharma_2021
143.211,0.9863199999999999,3,1,33.120000000000005,2,1,9,1,sharma_2021
92.14099999999999,1.99502,0,0,0.0,0,1,7,1,sharma_2021
75.11099999999999,0.1903999999999999,1,0,23.06,0,0,5,0,sharma_2021
59.111999999999995,0.17779999999999996,1,0,3.24,0,0,4,0,sharma_2021
152.14899999999997,1.2133,3,1,46.53,2,1,11,1,sharma_2021
182.307,3.1178000000000017,1,1,20.23,0,0,13,2,sharma_2021
198.17399999999998,0.5187999999999997,4,3,86.99000000000001,3,1,14,1,sharma_2021
156.26899999999998,2.4395000000000007,1,1,20.23,1,0,11,1,sharma_2021
154.12099999999998,0.7959999999999998,3,3,77.76,1,1,11,1,sharma_2021
166.17599999999996,1.6033999999999997,3,1,46.53,2,1,12,1,sharma_2021
212.248,3.0436000000000014,2,0,26.3,3,2,16,2,sharma_2021
149.218,2.2894000000000005,2,0,12.36,2,1,10,1,sharma_2021
152.237,2.401700000000001,1,0,17.07,0,0,11,2,sharma_2021
242.44699999999992,5.460000000000006,1,1,20.23,14,0,17,0,sharma_2021
154.25300000000001,2.7441000000000013,1,0,9.23,0,0,11,3,sharma_2021
108.13999999999999,1.7006199999999996,1,1,20.23,0,1,8,1,sharma_2021
172.268,3.2117000000000013,1,1,37.3,8,0,12,0,sharma_2021
182.222,2.917600000000001,1,0,17.07,2,2,14,2,sharma_2021
74.123,1.0428000000000002,1,0,9.23,2,0,5,0,sharma_2021
164.20399999999998,2.1293,2,1,29.46,3,1,12,1,sharma_2021
100.11699999999999,0.5545,2,0,34.14,4,0,7,0,sharma_2021
164.20399999999998,1.8758000000000004,2,1,37.3,1,1,12,1,sharma_2021
192.258,2.9468000000000014,2,0,26.3,3,1,14,1,sharma_2021
60.096000000000004,0.38710000000000006,1,1,20.23,0,0,4,0,sharma_2021
200.32199999999997,3.991900000000002,1,1,37.3,10,0,14,0,sharma_2021
152.14899999999997,1.1787999999999998,3,1,46.53,1,1,11,1,sharma_2021
192.21399999999994,2.1524,3,0,27.69,3,1,14,2,sharma_2021
86.138,-0.8208,2,2,24.06,0,0,6,1,sharma_2021
178.27499999999998,3.6390000000000033,1,1,20.23,2,1,13,1,sharma_2021
110.11199999999997,1.0977999999999994,2,2,40.46,0,1,8,1,sharma_2021
162.18799999999993,2.1437999999999997,2,0,18.46,2,1,12,2,sharma_2021
202.24999999999994,2.2763999999999998,2,2,74.6,9,0,14,0,sharma_2021
284.4839999999999,6.332500000000007,1,1,37.3,16,0,20,0,sharma_2021
218.20499999999998,0.044299999999999784,6,0,78.9,5,0,15,0,sharma_2021
137.18200000000002,0.8933999999999995,2,2,46.25,2,1,10,1,sharma_2021
184.279,3.3778000000000015,1,1,37.3,9,0,13,0,sharma_2021
182.172,-3.585399999999998,6,6,121.38000000000001,5,0,12,0,sharma_2021
176.124,-1.4073999999999995,6,4,107.22000000000001,2,0,12,1,sharma_2021
121.16099999999999,-0.6719,3,3,63.31999999999999,2,0,7,0,sharma_2021
146.146,-1.336199999999999,3,3,106.41,4,0,10,0,sharma_2021
99.15799999999999,1.2752,2,0,12.36,2,0,6,0,sharma_2021
150.31199999999998,3.187800000000002,2,0,0.0,5,0,8,0,sharma_2021
150.13,-2.7396999999999996,5,4,97.99000000000001,4,0,10,0,sharma_2021
302.367,2.3849,6,0,78.9,11,0,21,0,sharma_2021
122.16699999999997,1.2213999999999998,1,1,20.23,2,1,9,1,sharma_2021
165.19199999999998,0.641,2,2,63.31999999999999,3,1,12,1,sharma_2021
100.16099999999999,1.7656,1,0,17.07,4,0,7,0,sharma_2021
337.27599999999995,-1.966459999999998,5,2,75.91,4,2,20,2,sharma_2021
94.135,-0.33919999999999995,2,0,34.14,0,0,5,0,sharma_2021
88.14999999999999,1.1689,1,1,20.23,3,0,6,0,sharma_2021
45.084999999999994,-0.03499999999999981,1,1,26.02,0,0,3,0,sharma_2021
62.137,0.9360999999999999,1,1,0.0,0,0,3,0,sharma_2021
59.111999999999995,0.35350000000000004,1,1,26.02,0,0,4,0,sharma_2021
76.164,1.3246,1,1,0.0,0,0,4,0,sharma_2021
74.12299999999999,0.7771999999999999,1,1,20.23,0,0,5,0,sharma_2021
90.19099999999999,1.7147,1,1,0.0,0,0,5,0,sharma_2021
118.17599999999997,0.5282,2,2,40.46,1,0,8,0,sharma_2021
196.29,2.7643000000000013,2,0,26.3,1,0,14,2,sharma_2021
102.17699999999998,1.5574,1,1,20.23,2,0,7,0,sharma_2021
206.24099999999999,1.8637,3,0,38.83,3,1,15,2,sharma_2021
402.4840000000002,3.0984000000000016,8,0,105.20000000000002,15,0,28,0,sharma_2021
276.28499999999997,0.1870000000000001,7,1,99.13000000000002,8,0,19,0,sharma_2021
106.14599999999999,0.39089999999999997,2,2,37.3,2,0,6,0,sharma_2021
224.34399999999994,3.876700000000003,2,0,26.3,6,0,16,0,sharma_2021
138.21,2.3218000000000005,1,0,17.07,0,0,10,1,sharma_2021
158.285,2.9737000000000022,1,1,20.23,5,0,11,0,sharma_2021
154.25300000000001,2.6698000000000013,1,1,20.23,4,0,11,0,sharma_2021
73.139,0.6011000000000001,1,1,26.02,1,0,5,0,sharma_2021
74.12299999999999,0.6347,1,1,20.23,1,0,5,0,sharma_2021
72.107,0.8412999999999999,1,0,17.07,1,0,5,0,sharma_2021
70.09100000000001,0.7614000000000001,1,0,17.07,1,0,5,0,sharma_2021
74.12299999999999,0.7771999999999999,1,1,20.23,1,0,5,0,sharma_2021
72.107,0.9854,1,0,17.07,1,0,5,0,sharma_2021
74.07900000000001,0.17930000000000001,2,0,26.3,0,0,5,0,sharma_2021
88.10599999999998,0.727,1,1,37.3,1,0,6,0,sharma_2021
136.238,2.9987000000000013,0,0,0.0,0,0,10,2,sharma_2021
198.30599999999998,3.1544000000000016,2,0,26.3,2,0,14,1,sharma_2021
136.238,2.9987000000000013,0,0,0.0,0,0,10,3,sharma_2021
100.11699999999999,0.7355,2,0,26.3,1,0,7,0,sharma_2021
112.12799999999999,1.1813,2,1,37.3,0,0,8,1,sharma_2021
280.28,3.3115200000000025,5,0,103.35,3,1,20,1,sharma_2021
131.17799999999997,2.4763200000000003,0,1,15.79,0,2,10,2,sharma_2021
268.269,3.1175200000000025,5,0,95.51,3,1,19,1,sharma_2021
165.19199999999998,1.5149,3,1,38.33,2,1,12,1,sharma_2021
184.238,3.3622000000000014,1,0,9.23,2,2,14,2,sharma_2021
194.23,2.2050000000000005,3,1,46.53,3,1,14,1,sharma_2021
208.257,2.5951000000000017,3,1,46.53,4,1,15,1,sharma_2021
165.19199999999998,1.4455,3,1,52.32,2,1,12,1,sharma_2021
134.134,1.357,2,0,26.3,0,1,10,2,sharma_2021
116.15999999999998,1.5072,1,1,37.3,3,0,8,0,sharma_2021
126.17999999999998,1.9507,2,0,17.07,1,1,8,1,sharma_2021
258.4049999999999,4.800600000000005,1,0,17.07,2,1,19,2,sharma_2021
164.248,2.9981200000000015,1,1,20.23,0,1,12,1,sharma_2021
136.19399999999996,2.5156000000000014,1,1,20.23,1,1,10,1,sharma_2021
204.35699999999997,4.869300000000004,0,0,0.0,0,0,15,2,sharma_2021
148.20499999999998,2.5060400000000005,1,0,17.07,1,1,11,1,sharma_2021
154.253,2.6477000000000013,1,0,17.07,1,0,11,1,sharma_2021
152.237,2.567800000000001,1,0,17.07,1,0,11,1,sharma_2021
152.23699999999997,2.711900000000001,1,0,17.07,0,0,11,1,sharma_2021
150.22099999999998,2.8240200000000013,1,1,20.23,1,1,11,1,sharma_2021
122.12299999999996,1.2046999999999997,2,1,37.3,1,1,9,1,sharma_2021
142.201,3.148220000000002,0,0,0.0,0,2,11,2,sharma_2021
267.539,3.6610000000000023,2,0,26.3,2,1,15,1,sharma_2021
180.29099999999997,3.3260000000000023,1,0,17.07,1,0,13,2,sharma_2021
184.23799999999997,2.7683000000000013,1,1,20.23,2,2,14,2,sharma_2021
154.16499999999996,1.4093999999999995,3,1,38.69,2,1,11,1,sharma_2021
138.16599999999997,1.7038,2,0,18.46,2,1,10,1,sharma_2021
129.16199999999995,2.2348,1,0,12.89,0,2,10,2,sharma_2021
142.201,3.148220000000002,0,0,0.0,0,2,11,2,sharma_2021
160.24099999999996,3.128500000000001,1,1,0.0,0,2,11,2,sharma_2021
143.189,2.54322,1,0,12.89,0,2,11,2,sharma_2021
160.172,2.1014199999999996,2,0,30.21,0,2,12,2,sharma_2021
154.21199999999996,3.353600000000002,0,0,0.0,1,2,12,2,sharma_2021
158.2,2.8484000000000007,1,0,9.23,1,2,12,2,sharma_2021
170.21099999999998,3.0424000000000015,1,0,17.07,1,2,13,2,sharma_2021
178.23099999999997,2.4323000000000006,2,0,18.46,4,1,13,1,sharma_2021
178.23099999999997,2.736900000000001,2,0,18.46,3,1,13,1,sharma_2021
172.22699999999998,3.238500000000002,1,0,9.23,2,2,13,2,sharma_2021
185.27,3.433300000000002,1,0,12.89,2,2,14,2,sharma_2021
206.24099999999996,2.349,3,0,35.53,4,1,15,1,sharma_2021
206.24099999999996,2.653600000000001,3,0,35.53,3,1,15,1,sharma_2021
138.16599999999997,1.7092199999999997,2,1,29.46,1,1,10,1,sharma_2021
134.17799999999997,1.9889999999999999,1,0,17.07,2,1,10,1,sharma_2021
136.19399999999996,2.1300000000000003,1,1,20.23,2,1,10,1,sharma_2021
134.17799999999997,2.2793,1,0,17.07,2,1,10,1,sharma_2021
138.16599999999997,0.7122999999999999,2,2,40.46,2,1,10,1,sharma_2021
136.14999999999998,1.4732,2,0,26.3,1,1,10,1,sharma_2021
137.138,0.8681999999999999,3,0,39.19,1,1,10,1,sharma_2021
150.177,1.8633,2,0,26.3,2,1,11,1,sharma_2021
162.188,1.8484,2,0,34.14,3,1,12,1,sharma_2021
192.21400000000003,1.8225,3,0,43.370000000000005,4,1,14,1,sharma_2021
180.20299999999997,1.959,3,1,46.53,3,1,13,1,sharma_2021
194.23,2.3491000000000004,3,1,46.53,4,1,14,1,sharma_2021
192.258,2.8895000000000017,2,0,26.3,4,1,14,1,sharma_2021
226.275,3.086100000000002,2,0,26.3,4,2,17,2,sharma_2021
164.20399999999995,2.3678,2,0,18.46,2,1,12,2,sharma_2021
135.19099999999997,2.2963000000000005,2,0,12.89,0,2,9,2,sharma_2021
131.17799999999997,2.4763200000000003,0,1,15.79,0,2,10,2,sharma_2021
133.14999999999995,2.13622,2,0,26.03,0,2,10,2,sharma_2021
106.16799999999999,2.30344,0,0,0.0,0,1,8,1,sharma_2021
120.19499999999998,2.611860000000001,0,0,0.0,0,1,9,1,sharma_2021
122.16699999999997,2.0090399999999997,1,1,20.23,0,1,9,1,sharma_2021
122.16699999999997,2.00904,1,1,20.23,0,1,9,1,sharma_2021
134.22199999999998,2.920280000000001,0,0,0.0,0,1,10,1,sharma_2021
120.15099999999995,1.7579,1,0,12.53,1,1,9,2,sharma_2021
87.16600000000001,0.9912000000000001,1,1,26.02,2,0,6,0,sharma_2021
86.13399999999999,1.2314,1,0,17.07,2,0,6,0,sharma_2021
86.134,1.3755,1,0,17.07,2,0,6,0,sharma_2021
86.09,0.3234,2,0,26.3,0,0,6,1,sharma_2021
81.118,1.0251,1,0,4.93,0,1,6,1,sharma_2021
206.32899999999998,3.987200000000003,1,1,20.23,0,1,15,1,sharma_2021
196.28999999999996,2.7879000000000014,2,0,26.3,3,0,14,1,sharma_2021
194.27399999999997,2.850500000000001,2,0,26.3,2,0,14,1,sharma_2021
208.30099999999996,3.2406000000000024,2,0,26.3,3,0,15,1,sharma_2021
116.15999999999998,1.5072,1,1,37.3,3,0,8,0,sharma_2021
116.15999999999998,1.2055,2,0,26.3,2,0,8,0,sharma_2021
114.14399999999999,1.1256000000000002,2,0,26.3,2,0,8,0,sharma_2021
118.13199999999998,-0.06970000000000004,3,1,46.53,2,0,8,0,sharma_2021
144.21399999999997,1.8416000000000001,2,0,26.3,3,0,10,0,sharma_2021
144.21399999999997,1.9857,2,0,26.3,4,0,10,0,sharma_2021
102.17699999999999,1.4149,1,1,20.23,3,0,7,0,sharma_2021
100.16099999999999,1.6215,1,0,17.07,3,0,7,0,sharma_2021
102.133,0.1577,2,1,29.46,1,0,7,1,sharma_2021
98.10099999999998,0.7719,2,1,33.370000000000005,1,1,7,1,sharma_2021
96.08499999999998,1.0920999999999998,2,0,30.21,1,1,7,1,sharma_2021
114.169,1.7093999999999998,2,1,13.14,1,1,7,1,sharma_2021
112.15299999999998,1.5605999999999998,2,0,17.07,1,1,7,1,sharma_2021
156.26899999999998,2.583600000000001,1,1,20.23,0,0,11,1,sharma_2021
154.25299999999996,2.791800000000001,1,0,17.07,0,0,11,1,sharma_2021
150.22099999999998,2.6897000000000015,1,1,20.23,0,1,11,1,sharma_2021
129.11499999999998,-0.6504000000000001,2,2,66.4,1,0,9,1,sharma_2021
122.16699999999996,1.7399,1,1,20.23,1,1,9,1,sharma_2021
120.15099999999995,1.8892,1,0,17.07,1,1,9,1,sharma_2021
128.171,1.6513,1,1,37.3,1,0,9,1,sharma_2021
152.23699999999997,2.2797,1,1,20.23,1,0,11,1,sharma_2021
150.22099999999998,2.4879000000000007,1,0,17.07,1,0,11,1,sharma_2021
150.177,1.78162,2,0,26.3,1,1,11,1,sharma_2021
136.23799999999997,3.1648000000000023,0,0,0.0,1,0,10,1,sharma_2021
136.238,3.308900000000002,0,0,0.0,1,0,10,1,sharma_2021
136.238,3.308900000000002,0,0,0.0,1,0,10,1,sharma_2021
134.22199999999998,3.118420000000002,0,0,0.0,1,1,10,1,sharma_2021
136.19399999999996,2.5156000000000014,1,1,20.23,1,1,10,1,sharma_2021
154.59599999999995,2.542600000000001,1,0,17.07,1,1,10,1,sharma_2021
136.14999999999998,1.5948,2,1,37.3,1,1,10,1,sharma_2021
150.17699999999996,1.8978,2,0,26.3,2,1,11,1,sharma_2021
152.14899999999997,1.3934,2,1,46.53,2,1,11,1,sharma_2021
104.15199999999997,2.3296,0,0,0.0,1,1,8,1,sharma_2021
103.12399999999998,1.5582799999999999,1,0,23.79,0,1,8,1,sharma_2021
124.20799999999998,2.1164,1,1,0.0,1,1,8,1,sharma_2021
108.13999999999997,1.6952,1,0,9.23,1,1,8,1,sharma_2021
124.20799999999996,2.4085,1,0,0.0,1,1,8,1,sharma_2021
107.15599999999998,1.644,1,0,12.89,1,1,8,1,sharma_2021
122.16699999999997,2.0036199999999997,1,0,9.23,1,1,9,1,sharma_2021
150.22099999999998,2.0000000000000004,1,1,20.23,2,1,11,1,sharma_2021
150.177,1.4021,2,0,26.3,2,1,11,1,sharma_2021
164.204,1.6019999999999999,2,0,18.46,2,1,12,2,sharma_2021
168.239,3.277400000000002,0,0,0.0,2,2,13,2,sharma_2021
170.21099999999998,3.478900000000001,1,0,9.23,2,2,13,2,sharma_2021
164.204,1.7922,2,0,26.3,3,1,12,1,sharma_2021
177.203,1.6041999999999998,2,1,46.17,3,1,13,1,sharma_2021
210.27599999999998,3.0409000000000015,1,0,17.07,4,2,16,2,sharma_2021
256.301,2.9811000000000014,3,0,35.53,5,2,19,2,sharma_2021
206.285,2.8184000000000013,2,0,26.3,5,1,15,1,sharma_2021
240.302,3.0150000000000015,2,0,26.3,5,2,18,2,sharma_2021
143.27399999999997,2.5184000000000006,1,0,3.24,6,0,10,0,sharma_2021
164.248,2.390100000000001,1,1,20.23,3,1,12,1,sharma_2021
206.28500000000003,2.9609000000000014,2,0,26.3,4,1,15,1,sharma_2021
172.26799999999997,2.765900000000001,2,0,26.3,6,0,12,0,sharma_2021
164.204,1.7921999999999998,2,0,26.3,3,1,12,1,sharma_2021
178.231,2.3858000000000006,2,0,26.3,3,1,13,1,sharma_2021
178.231,2.5299000000000005,2,0,26.3,4,1,13,1,sharma_2021
192.258,2.775900000000001,2,0,26.3,4,1,14,1,sharma_2021
164.204,1.7922,2,0,26.3,3,1,12,1,sharma_2021
192.258,2.4283,2,0,26.3,4,1,14,1,sharma_2021
198.26500000000001,3.403400000000002,1,0,9.23,4,2,15,2,sharma_2021
192.258,2.572400000000001,2,0,26.3,5,1,14,1,sharma_2021
252.31300000000002,3.4857000000000022,2,0,26.3,5,2,19,2,sharma_2021
206.285,2.8184000000000013,2,0,26.3,5,1,15,1,sharma_2021
204.269,3.0431000000000017,2,0,26.3,5,1,15,1,sharma_2021
178.231,2.55642,2,0,26.3,2,1,13,1,sharma_2021
180.203,1.7583,3,0,35.53,3,1,13,1,sharma_2021
150.22099999999995,2.6477000000000004,1,0,9.23,3,1,11,1,sharma_2021
142.19799999999998,1.8822,2,0,26.3,3,0,10,1,sharma_2021
134.17799999999997,1.8181,1,0,17.07,3,1,10,1,sharma_2021
136.14999999999998,1.3596,2,0,26.3,3,1,10,1,sharma_2021
156.225,2.2723000000000004,2,0,26.3,4,0,11,1,sharma_2021
150.177,1.4021,2,0,26.3,4,1,11,1,sharma_2021
184.27899999999997,3.052500000000002,2,0,26.3,6,0,13,1,sharma_2021
130.231,2.1951000000000005,1,1,20.23,5,0,9,0,sharma_2021
120.15099999999998,1.80752,1,0,17.07,1,1,9,1,sharma_2021
121.18299999999996,1.95242,1,0,12.89,1,1,9,1,sharma_2021
122.16699999999999,2.0036199999999997,1,0,9.23,1,1,9,1,sharma_2021
196.24599999999998,2.4114000000000004,3,0,39.44,5,1,14,1,sharma_2021
138.166,1.1874999999999998,2,1,29.46,2,1,10,1,sharma_2021
128.171,1.4921,2,0,26.3,2,0,9,1,sharma_2021
102.133,0.9595,2,0,26.3,2,0,7,0,sharma_2021
116.15999999999998,1.5072,1,1,37.3,3,0,8,0,sharma_2021
116.11599999999999,0.13849999999999996,3,0,43.370000000000005,2,0,8,0,sharma_2021
116.15999999999998,1.3479999999999999,2,0,26.3,2,0,8,0,sharma_2021
160.16899999999998,0.5027,4,0,52.60000000000001,4,0,11,0,sharma_2021
116.15999999999998,1.3496000000000001,2,0,26.3,3,0,8,0,sharma_2021
118.176,1.4054,2,0,18.46,4,0,8,0,sharma_2021
113.16,0.6766000000000001,1,1,29.1,0,0,8,1,sharma_2021
130.18699999999998,1.7397,2,0,26.3,4,0,9,0,sharma_2021
122.16699999999997,2.0090399999999997,1,1,20.23,0,1,9,1,sharma_2021
144.21399999999997,1.9857,2,0,26.3,4,0,10,0,sharma_2021
172.26799999999997,2.765900000000001,2,0,26.3,6,0,12,0,sharma_2021
184.27899999999997,2.9320000000000013,2,0,26.3,7,0,13,0,sharma_2021
212.3329999999999,3.712200000000003,2,0,26.3,8,0,15,0,sharma_2021
158.285,2.831200000000002,1,1,20.23,6,0,11,0,sharma_2021
156.26899999999998,2.751300000000001,1,1,20.23,5,0,11,0,sharma_2021
154.253,2.9579000000000013,1,0,17.07,5,0,11,0,sharma_2021
158.24099999999999,2.375800000000001,2,0,26.3,5,0,11,0,sharma_2021
158.24099999999999,2.5199000000000007,2,0,26.3,6,0,11,0,sharma_2021
158.19699999999995,1.6563999999999999,3,0,43.370000000000005,4,0,11,0,sharma_2021
172.26799999999997,2.910000000000001,2,0,26.3,7,0,12,0,sharma_2021
228.37599999999995,4.470400000000004,2,0,26.3,11,0,16,0,sharma_2021
114.18799999999999,2.1557000000000004,1,0,17.07,4,0,8,0,sharma_2021
116.15999999999998,1.3496000000000001,2,0,26.3,3,0,8,0,sharma_2021
146.142,0.11259999999999981,4,0,52.60000000000001,3,0,10,0,sharma_2021
128.21499999999997,2.401700000000001,1,0,17.07,4,0,9,0,sharma_2021
130.18699999999998,1.7397,2,0,26.3,4,0,9,0,sharma_2021
144.214,2.1298000000000004,2,0,26.3,5,0,10,0,sharma_2021
56.064,0.37129999999999996,1,0,17.07,1,0,4,0,sharma_2021
76.16399999999999,1.3262,1,1,0.0,1,0,4,0,sharma_2021
59.11199999999999,0.3551000000000001,1,1,26.02,1,0,4,0,sharma_2021
58.08,0.1647,1,1,20.23,1,0,4,0,sharma_2021
56.064,-0.3881,1,1,20.23,0,0,4,0,sharma_2021
60.05200000000001,-0.2108000000000001,2,0,26.3,1,0,4,0,sharma_2021
172.268,2.1527000000000003,2,1,37.3,6,0,12,0,sharma_2021
87.16600000000001,0.9912000000000001,1,1,26.02,2,0,6,0,sharma_2021
86.13399999999999,1.3755,1,0,17.07,2,0,6,0,sharma_2021
100.16099999999999,1.6215,1,0,17.07,2,0,7,0,sharma_2021
102.17699999999998,1.4133,1,1,20.23,2,0,7,0,sharma_2021
102.133,0.9579,2,0,26.3,1,0,7,0,sharma_2021
100.11699999999999,1.0831,2,0,26.3,1,0,7,0,sharma_2021
102.089,0.09599999999999997,3,0,43.370000000000005,0,0,7,0,sharma_2021
100.11699999999999,0.7119,2,0,26.3,0,0,7,1,sharma_2021
106.16799999999998,2.30344,0,0,0.0,0,1,8,1,sharma_2021
107.15599999999999,1.69844,1,0,12.89,0,1,8,1,sharma_2021
107.15599999999996,1.69844,1,0,12.89,0,1,8,1,sharma_2021
108.14399999999999,1.0934399999999997,2,0,25.78,0,1,8,1,sharma_2021
130.18699999999998,1.5956000000000001,2,0,26.3,3,0,9,0,sharma_2021
121.18299999999999,2.00686,1,0,12.89,0,1,9,1,sharma_2021
144.25799999999998,2.439500000000001,1,1,20.23,4,0,10,0,sharma_2021
142.242,2.6477000000000013,1,0,17.07,4,0,10,0,sharma_2021
144.21399999999997,1.9841,2,0,26.3,3,0,10,0,sharma_2021
100.161,1.3114,1,1,20.23,0,0,7,1,sharma_2021
98.145,1.5196,1,0,17.07,0,0,7,1,sharma_2021
110.18099999999997,1.9753000000000003,1,1,0.0,0,1,7,1,sharma_2021
99.177,1.1484,1,1,12.03,0,0,7,1,sharma_2021
93.129,1.39002,1,0,12.89,0,1,7,1,sharma_2021
94.11699999999999,0.7850199999999999,2,0,25.78,0,1,7,1,sharma_2021
158.24099999999999,2.375800000000001,2,0,26.3,5,0,11,0,sharma_2021
144.21399999999997,2.1298000000000004,2,0,26.3,5,0,10,0,sharma_2021
254.4139999999999,5.004600000000005,2,0,26.3,0,0,18,1,sharma_2021
314.46600000000007,4.7938000000000045,4,0,52.60000000000001,15,0,22,0,sharma_2021
98.145,1.5415999999999999,1,0,17.07,3,0,7,0,sharma_2021
102.13299999999998,1.2612,1,1,37.3,3,0,7,0,sharma_2021
102.13299999999998,0.9595,2,0,26.3,2,0,7,0,sharma_2021
73.139,0.7452000000000001,1,1,26.02,2,0,5,0,sharma_2021
90.19099999999999,1.7163,1,1,0.0,2,0,5,0,sharma_2021
108.23100000000001,1.2361,2,2,0.0,2,0,5,0,sharma_2021
73.139,0.6157999999999999,1,1,12.03,2,0,5,0,sharma_2021
74.07900000000001,0.17930000000000001,2,0,26.3,2,0,5,0,sharma_2021
75.067,0.7043,3,0,38.66,2,0,5,0,sharma_2021
67.091,1.0147,0,1,15.79,0,1,5,1,sharma_2021
84.14299999999999,1.7480999999999998,1,0,0.0,0,1,5,1,sharma_2021
116.15999999999998,1.2055,2,0,26.3,2,0,8,0,sharma_2021
270.45699999999994,5.639100000000005,2,0,26.3,13,0,19,0,sharma_2021
284.484,6.030800000000006,2,0,26.3,15,0,20,0,sharma_2021
200.32199999999997,3.6902000000000026,2,0,26.3,9,0,14,0,sharma_2021
258.3579999999999,3.2334000000000023,4,0,52.60000000000001,11,0,18,0,sharma_2021
186.295,3.3001000000000023,2,0,26.3,8,0,13,0,sharma_2021
114.18799999999999,2.1557000000000004,1,0,17.07,4,0,8,0,sharma_2021
116.15999999999998,1.2055,2,0,26.3,4,0,8,0,sharma_2021
86.178,2.5866000000000007,0,0,0.0,3,0,6,0,sharma_2021
87.16600000000001,1.1353,1,1,26.02,3,0,6,0,sharma_2021
86.13399999999999,1.3755,1,0,17.07,3,0,6,0,sharma_2021
104.218,2.1064000000000003,1,1,0.0,3,0,6,0,sharma_2021
88.10599999999998,0.5694,2,0,26.3,3,0,6,0,sharma_2021
122.258,2.4076000000000004,2,0,0.0,3,0,6,0,sharma_2021
85.15,0.7599,1,1,12.03,0,0,6,1,sharma_2021
134.17499999999998,-0.23540000000000016,3,2,49.69,4,0,9,0,sharma_2021
158.24099999999999,2.5199000000000007,2,0,26.3,6,0,11,0,sharma_2021
154.20899999999997,1.7431,2,0,26.3,3,0,11,0,sharma_2021
128.21499999999997,2.5458000000000007,1,0,17.07,5,0,9,0,sharma_2021
130.187,2.0414,1,1,37.3,5,0,9,0,sharma_2021
132.159,0.586,3,0,35.53,4,0,9,0,sharma_2021
101.19300000000001,1.5253999999999999,1,1,26.02,4,0,7,0,sharma_2021
102.17699999999999,1.559,1,1,20.23,4,0,7,0,sharma_2021
118.24499999999999,2.4965000000000015,1,1,0.0,4,0,7,0,sharma_2021
104.149,0.40530000000000005,2,1,29.46,4,0,7,0,sharma_2021
102.133,0.18129999999999996,2,1,29.46,4,0,7,0,sharma_2021
118.24499999999999,2.539600000000001,1,0,0.0,4,0,7,0,sharma_2021
146.142,0.11260000000000003,4,0,52.6,3,0,10,0,sharma_2021
312.538,6.811000000000008,2,0,26.3,17,0,22,0,sharma_2021
310.522,6.587000000000008,2,0,26.3,16,0,22,0,sharma_2021
112.216,3.142800000000002,0,0,0.0,5,0,8,0,sharma_2021
116.204,1.9491,1,1,20.23,5,0,8,0,sharma_2021
114.18799999999999,2.1557000000000004,1,0,17.07,5,0,8,0,sharma_2021
120.148,-0.3583,3,1,38.69,5,0,8,0,sharma_2021
168.236,2.1332000000000004,2,0,26.3,4,0,12,0,sharma_2021
198.30599999999995,3.4662000000000024,2,0,26.3,9,0,14,0,sharma_2021
214.34899999999996,4.080300000000003,2,0,26.3,10,0,15,0,sharma_2021
128.259,3.7569000000000026,0,0,0.0,6,0,9,0,sharma_2021
146.299,3.276700000000003,1,1,0.0,6,0,9,0,sharma_2021
134.175,0.031799999999999884,3,1,38.69,6,0,9,0,sharma_2021
158.241,2.821600000000001,1,1,37.3,7,0,11,0,sharma_2021
158.24099999999999,2.5199000000000007,2,0,26.3,6,0,11,0,sharma_2021
160.213,1.3662,3,0,35.53,6,0,11,0,sharma_2021
170.296,3.7161000000000026,1,0,17.07,8,0,12,0,sharma_2021
172.268,2.910000000000002,2,0,26.3,7,0,12,0,sharma_2021
200.32199999999997,3.6902000000000026,2,0,26.3,9,0,14,0,sharma_2021
144.214,2.1298000000000004,2,0,26.3,7,0,10,0,sharma_2021
158.285,3.119400000000002,1,1,20.23,8,0,11,0,sharma_2021
156.269,3.3260000000000023,1,0,17.07,8,0,11,0,sharma_2021
158.241,2.5199000000000007,2,0,26.3,8,0,11,0,sharma_2021
186.295,3.6018000000000017,1,1,37.3,9,0,13,0,sharma_2021
270.45699999999994,5.640700000000005,2,0,26.3,14,0,19,0,sharma_2021
170.33999999999997,4.9272000000000045,0,0,0.0,9,0,12,0,sharma_2021
172.31199999999998,3.5095000000000023,1,1,20.23,9,0,12,0,sharma_2021
170.296,3.285500000000002,1,1,20.23,9,0,12,0,sharma_2021
170.296,3.7161000000000026,1,0,17.07,9,0,12,0,sharma_2021
168.28,3.4921000000000024,1,0,17.07,9,0,12,0,sharma_2021
186.33899999999997,3.8996000000000035,1,1,20.23,10,0,13,0,sharma_2021
184.32299999999998,4.106200000000003,1,0,17.07,10,0,13,0,sharma_2021
202.40699999999998,4.837100000000006,1,1,0.0,10,0,13,0,sharma_2021
298.51099999999997,6.420900000000007,2,0,26.3,16,0,21,0,sharma_2021
228.37599999999995,4.470400000000004,2,0,26.3,11,0,16,0,sharma_2021
200.36599999999996,4.289700000000004,1,1,20.23,11,0,14,0,sharma_2021
214.39299999999994,4.679800000000005,1,1,20.23,12,0,15,0,sharma_2021
270.50099999999986,6.240200000000008,1,1,20.23,16,0,19,0,sharma_2021
282.5559999999999,8.048000000000007,0,0,0.0,17,0,20,0,sharma_2021
86.134,0.9433,1,1,20.23,1,0,6,0,sharma_2021
220.35599999999997,3.3874000000000026,1,1,20.23,4,0,16,4,sharma_2021
196.29,3.2406000000000024,2,0,26.3,5,0,14,0,sharma_2021
142.24200000000002,2.1935000000000007,1,1,20.23,0,0,10,1,sharma_2021
74.079,-0.43229999999999996,2,1,37.3,1,0,5,0,sharma_2021
102.13299999999998,1.1171,1,1,37.3,2,0,7,0,sharma_2021
262.393,4.2668000000000035,2,0,26.3,1,0,19,2,sharma_2021
214.22,2.611400000000001,3,1,46.53,2,2,16,2,sharma_2021
228.24699999999999,2.7492000000000014,3,1,46.53,3,2,17,2,sharma_2021
250.338,3.7654000000000036,3,1,46.53,7,1,18,1,sharma_2021
166.176,1.5688999999999997,3,1,46.53,2,1,12,1,sharma_2021
126.11099999999996,0.6538199999999998,3,1,50.44,0,1,9,1,sharma_2021
136.14999999999998,1.5948,2,1,37.3,1,1,10,1,sharma_2021
212.248,2.6029000000000004,2,1,37.3,3,2,16,2,sharma_2021
129.16199999999998,2.2348,1,0,12.89,0,2,10,2,sharma_2021
166.17599999999996,1.5163,3,0,35.53,3,1,12,1,sharma_2021
178.231,2.700800000000001,2,0,26.3,3,1,13,1,sharma_2021
150.13299999999998,1.2278,3,0,35.53,1,1,11,2,sharma_2021
84.118,1.1295,1,0,17.07,0,0,6,1,sharma_2021
85.15,0.712,1,0,3.24,0,0,6,1,sharma_2021
180.24699999999999,2.698300000000001,2,1,29.46,1,1,13,1,sharma_2021
166.176,1.6034,3,1,46.53,3,1,12,1,sharma_2021
168.14799999999997,1.099,3,2,66.76,2,1,12,1,sharma_2021
192.214,1.6895999999999998,3,0,38.83,3,1,14,2,sharma_2021
101.193,1.3481,1,0,3.24,3,0,7,0,sharma_2021
166.17599999999996,1.4818,3,0,35.53,2,1,12,1,sharma_2021
134.178,2.1976199999999997,1,0,17.07,1,1,10,1,sharma_2021
194.18599999999995,1.2597999999999998,4,0,52.60000000000001,2,1,14,1,sharma_2021
241.29,2.6683000000000003,3,1,52.32,4,2,18,2,sharma_2021
275.39200000000005,3.886400000000002,3,1,52.32,3,1,20,2,sharma_2021
151.16499999999996,1.0554,3,1,52.32,1,1,11,1,sharma_2021
182.17499999999998,1.2218999999999998,4,1,55.76,3,1,13,1,sharma_2021
136.14999999999998,1.5076999999999998,2,0,26.3,2,1,10,1,sharma_2021
144.214,2.2874,1,1,37.3,5,0,10,0,sharma_2021
178.231,2.6435000000000013,2,0,26.3,4,1,13,1,sharma_2021
182.30699999999996,3.7161000000000026,1,0,17.07,6,0,13,1,sharma_2021
124.20799999999998,2.283720000000001,1,1,0.0,0,1,8,1,sharma_2021
88.14999999999999,1.0248,1,1,20.23,2,0,6,0,sharma_2021
146.18599999999998,0.7104999999999999,3,1,46.53,4,0,10,0,sharma_2021
154.25300000000001,2.5037000000000016,1,1,20.23,1,0,11,1,sharma_2021
260.28599999999994,1.2146,6,0,78.9,8,0,18,0,sharma_2021
274.40399999999994,4.544900000000004,2,0,26.3,8,1,20,1,sharma_2021
138.12199999999999,0.9102999999999997,3,2,57.53,1,1,10,1,sharma_2021
150.177,1.7496999999999998,2,0,26.3,2,1,11,1,sharma_2021
290.44699999999995,5.650700000000005,2,0,26.3,12,1,21,1,sharma_2021
206.285,2.8184000000000013,2,0,26.3,5,1,15,1,sharma_2021
150.177,1.9203199999999996,2,0,26.3,1,1,11,1,sharma_2021
148.20499999999998,2.4237,1,0,9.23,3,1,11,1,sharma_2021
100.11699999999999,0.7355,2,0,26.3,2,0,7,0,sharma_2021
198.30599999999998,3.3221000000000016,2,0,26.3,7,0,14,0,sharma_2021
212.33299999999994,3.712200000000003,2,0,26.3,7,0,15,0,sharma_2021
226.35999999999996,4.102300000000004,2,0,26.3,8,0,16,0,sharma_2021
156.26899999999998,2.751300000000001,1,1,20.23,5,0,11,0,sharma_2021
88.106,0.5694,2,0,26.3,1,0,6,0,sharma_2021
98.145,1.5416,1,0,17.07,1,0,7,0,sharma_2021
218.337,2.572700000000001,3,1,38.69,8,0,15,0,sharma_2021
130.14299999999997,0.5286000000000001,3,0,43.370000000000005,3,0,9,0,sharma_2021
170.25199999999998,2.686000000000001,2,0,26.3,7,0,12,0,sharma_2021
116.15999999999998,1.6513,1,1,37.3,4,0,8,0,sharma_2021
100.205,2.976700000000002,0,0,0.0,4,0,7,0,sharma_2021
298.51099999999997,6.419300000000007,2,0,26.3,15,0,21,0,sharma_2021
144.214,2.1298000000000004,2,0,26.3,5,0,10,0,sharma_2021
144.258,2.7293000000000016,1,1,20.23,7,0,10,0,sharma_2021
186.295,3.3001000000000023,2,0,26.3,8,0,13,0,sharma_2021
124.13899999999997,1.4007999999999996,2,1,29.46,1,1,9,1,sharma_2021
246.4,4.768200000000004,2,0,0.0,5,2,16,2,sharma_2021
138.16599999999997,1.7038,2,0,18.46,2,1,10,1,sharma_2021
198.30599999999995,3.3221000000000016,2,0,26.3,6,0,14,0,sharma_2021
192.25800000000004,2.570800000000001,2,0,26.3,3,1,14,1,sharma_2021
138.16599999999997,1.7038,2,0,18.46,2,1,10,1,sharma_2021
158.285,2.9737000000000022,1,1,20.23,5,0,11,0,sharma_2021
85.131,1.1430999999999998,2,0,12.89,0,1,5,1,sharma_2021
124.255,2.0296,3,0,0.0,0,0,5,1,sharma_2021
80.09,0.4765999999999999,2,0,25.78,0,1,6,1,sharma_2021
292.46299999999997,5.748900000000005,2,0,26.3,13,0,21,0,sharma_2021
194.18599999999998,1.4783999999999997,4,0,44.760000000000005,2,1,14,2,sharma_2021
121.13899999999997,1.2842,2,0,29.96,1,1,9,1,sharma_2021
90.191,1.7593999999999999,1,0,0.0,2,0,5,0,sharma_2021
126.199,2.3218000000000005,1,0,17.07,3,0,9,0,sharma_2021
152.237,2.711900000000001,1,0,17.07,1,0,11,1,sharma_2021
198.34999999999994,4.496300000000004,1,0,17.07,10,0,14,0,sharma_2021
154.253,2.7441000000000013,1,0,9.23,1,0,11,2,sharma_2021
204.35699999999994,4.7252000000000045,0,0,0.0,1,0,15,2,sharma_2021
204.35699999999997,4.7252000000000045,0,0,0.0,1,0,15,2,sharma_2021
202.34099999999998,4.6319200000000045,0,0,0.0,1,1,15,2,sharma_2021
244.28999999999996,3.3103000000000016,3,0,39.44,3,2,18,2,sharma_2021
222.23999999999995,2.1609999999999996,4,0,36.92,4,1,16,2,sharma_2021
208.25699999999995,2.4409,3,0,27.69,5,1,15,1,sharma_2021
154.25300000000001,2.359600000000001,1,1,20.23,1,0,11,1,sharma_2021
143.189,2.5432200000000007,1,0,12.89,0,2,11,2,sharma_2021
148.20499999999998,2.6694000000000013,1,0,17.07,3,1,11,1,sharma_2021
152.14899999999997,0.9076,3,1,38.69,1,1,11,2,sharma_2021
136.194,2.3174600000000005,1,1,20.23,0,1,10,1,sharma_2021
84.11799999999998,1.1515,1,0,17.07,1,0,6,0,sharma_2021
84.07399999999998,0.09939999999999993,2,0,26.3,0,0,6,1,sharma_2021
96.085,1.0920999999999998,2,0,30.21,1,1,7,1,sharma_2021
156.269,2.583600000000001,1,1,20.23,1,0,11,1,sharma_2021
154.253,2.6477000000000013,1,0,17.07,1,0,11,1,sharma_2021
152.23699999999997,2.567800000000001,1,0,17.07,1,0,11,1,sharma_2021
150.22099999999998,2.8240200000000013,1,1,20.23,1,1,11,1,sharma_2021
138.166,0.9269999999999994,2,2,40.46,2,1,10,1,sharma_2021
282.46799999999996,5.783200000000006,2,0,26.3,13,0,20,1,sharma_2021
170.25199999999998,2.8436000000000003,1,1,37.3,5,0,12,0,sharma_2021
268.48499999999996,6.014500000000006,1,0,17.07,12,0,19,0,sharma_2021
224.38799999999992,5.030500000000004,1,0,17.07,0,0,16,1,sharma_2021
102.13299999999998,1.1171,1,1,37.3,2,0,7,0,sharma_2021
106.19,0.7318,2,1,20.23,3,0,6,0,sharma_2021
120.242,1.814,2,0,0.0,0,0,6,1,sharma_2021
120.24199999999999,1.4664,2,0,0.0,0,0,6,1,sharma_2021
296.539,6.362500000000008,1,1,20.23,13,0,21,0,sharma_2021
98.14499999999998,1.5416,1,0,17.07,3,0,7,0,sharma_2021
76.11999999999999,0.46269999999999994,1,1,17.07,0,0,4,0,sharma_2021
154.253,2.0494,1,1,20.23,1,0,11,2,sharma_2021
90.19099999999999,1.5722,1,1,0.0,1,0,5,0,sharma_2021
90.19099999999999,1.7147,1,1,0.0,1,0,5,0,sharma_2021
302.4579999999999,5.206200000000004,1,1,37.3,2,0,22,3,sharma_2021
152.237,1.9710999999999999,1,1,20.23,1,0,11,3,sharma_2021
222.37199999999999,4.230200000000004,1,1,20.23,4,0,16,1,sharma_2021
204.357,4.581100000000004,0,0,0.0,1,0,15,2,sharma_2021
222.23999999999995,2.1609999999999996,4,0,36.92,4,1,16,2,sharma_2021
122.16699999999996,2.0090399999999997,1,1,20.23,0,1,9,1,sharma_2021
136.194,2.3174599999999996,1,1,20.23,0,1,10,1,sharma_2021
120.15099999999998,1.80752,1,0,17.07,1,1,9,1,sharma_2021
176.17099999999996,1.8015999999999996,3,0,39.44,1,2,13,2,sharma_2021
150.177,1.92032,2,0,26.3,1,1,11,1,sharma_2021
90.12199999999999,0.6252,2,0,18.46,2,0,6,0,sharma_2021
82.102,1.58802,1,0,13.14,0,1,6,1,sharma_2021
136.194,2.04832,1,1,20.23,1,1,10,1,sharma_2021
152.237,2.2813000000000003,1,1,20.23,2,0,11,1,sharma_2021
107.15599999999996,1.644,1,0,12.89,1,1,8,1,sharma_2021
122.16699999999996,1.8330000000000002,1,0,9.23,2,1,9,1,sharma_2021
136.194,2.2231000000000005,1,0,9.23,3,1,10,1,sharma_2021
130.18699999999998,1.7397,2,0,26.3,4,0,9,0,sharma_2021
144.17,0.9187,3,0,43.370000000000005,4,0,10,0,sharma_2021
144.21399999999997,1.9857,2,0,26.3,4,0,10,0,sharma_2021
186.29499999999993,3.3001000000000023,2,0,26.3,8,0,13,0,sharma_2021
158.24099999999996,2.5199000000000007,2,0,26.3,6,0,11,0,sharma_2021
130.18699999999998,1.5956000000000001,2,0,26.3,3,0,9,0,sharma_2021
94.204,0.8459999999999999,2,2,0.0,1,0,4,0,sharma_2021
104.218,1.9623000000000004,1,1,0.0,2,0,6,0,sharma_2021
87.122,0.27180000000000015,1,1,43.09,2,0,6,0,sharma_2021
100.11699999999999,1.0372,1,1,37.3,1,0,7,0,sharma_2021
113.185,1.7599400000000003,2,0,12.89,0,1,7,1,sharma_2021
238.41499999999994,5.276500000000005,1,0,17.07,0,0,17,1,sharma_2021
238.41499999999994,5.276500000000005,1,0,17.07,0,0,17,1,sharma_2021
102.13299999999998,0.8154,2,0,26.3,3,0,7,0,sharma_2021
87.14699999999999,1.1091,2,0,12.36,1,0,5,0,sharma_2021
154.253,2.6698000000000017,1,1,20.23,5,0,11,0,sharma_2021
116.20399999999998,1.9475000000000002,1,1,20.23,4,0,8,0,sharma_2021
146.29899999999998,3.3198000000000016,1,0,0.0,6,0,9,0,sharma_2021
228.37599999999995,4.772100000000004,1,1,37.3,12,0,16,0,sharma_2021
152.237,2.2576,1,0,17.07,1,0,11,2,sharma_2021
102.13299999999998,0.8154,2,0,26.3,1,0,7,0,sharma_2021
135.16599999999994,1.4714,2,1,43.09,1,1,10,1,sharma_2021
88.106,0.5694,2,0,26.3,1,0,6,0,sharma_2021
98.17000000000002,2.05652,1,0,0.0,0,1,6,1,sharma_2021
136.23800000000003,2.9987000000000013,0,0,0.0,0,0,10,2,sharma_2021
136.238,3.1648000000000023,0,0,0.0,1,0,10,1,sharma_2021
116.15999999999998,1.2055,2,0,26.3,2,0,8,0,sharma_2021
73.12,0.8304799999999999,2,0,23.79,0,0,4,0,sharma_2021
86.134,0.9449000000000001,1,1,20.23,1,0,6,0,sharma_2021
144.21399999999997,1.9857,2,0,26.3,4,0,10,0,sharma_2021
138.20999999999998,2.4879000000000007,1,0,17.07,5,0,10,0,sharma_2021
154.25300000000001,2.5037000000000016,1,1,20.23,1,0,11,1,sharma_2021
86.13399999999999,1.2314,1,0,17.07,1,0,6,0,sharma_2021
100.16099999999999,1.6215,1,0,17.07,2,0,7,0,sharma_2021
122.16699999999996,2.00904,1,1,20.23,0,1,9,1,sharma_2021
134.178,2.1976199999999997,1,0,17.07,1,1,10,1,sharma_2021
148.16099999999997,1.4583000000000002,2,0,34.14,2,1,11,1,sharma_2021
156.22799999999998,3.456640000000002,0,0,0.0,0,2,12,2,sharma_2021
162.188,2.0294,2,0,26.3,3,1,12,1,sharma_2021
168.19199999999998,2.2365000000000004,3,0,39.44,4,1,12,1,sharma_2021
112.172,1.7656,1,0,17.07,0,0,8,1,sharma_2021
88.14999999999999,1.1673,1,1,20.23,2,0,6,0,sharma_2021
142.19799999999998,1.7247999999999999,2,0,34.14,5,0,10,0,sharma_2021
136.238,3.453000000000002,0,0,0.0,0,0,10,1,sharma_2021
154.25300000000001,2.647800000000001,1,1,20.23,0,0,11,1,sharma_2021
154.253,2.5037000000000016,1,1,20.23,1,0,11,1,sharma_2021
122.16699999999999,1.48732,1,1,20.23,1,1,9,1,sharma_2021
102.17699999999999,1.4149,1,1,20.23,3,0,7,0,sharma_2021
100.16099999999999,1.7656,1,0,17.07,3,0,7,0,sharma_2021
158.24099999999999,2.2317,2,0,26.3,4,0,11,0,sharma_2021
200.32199999999995,3.6902000000000026,2,0,26.3,9,0,14,0,sharma_2021
116.20399999999998,1.9475000000000002,1,1,20.23,4,0,8,0,sharma_2021
112.172,1.7656,1,0,17.07,0,0,8,1,sharma_2021
130.231,2.3376000000000006,1,1,20.23,5,0,9,0,sharma_2021
130.18699999999998,1.7397,2,0,26.3,4,0,9,0,sharma_2021
102.17699999999998,1.5574,1,1,20.23,2,0,7,0,sharma_2021
86.13399999999999,1.2314,1,0,17.07,2,0,6,0,sharma_2021
98.101,0.48789999999999994,2,0,26.3,0,0,7,1,sharma_2021
98.101,0.8371,2,0,26.3,0,0,7,1,sharma_2021
114.18799999999999,1.5574,1,1,20.23,0,0,8,1,sharma_2021
112.172,1.7656,1,0,17.07,0,0,8,1,sharma_2021
136.14999999999998,1.5076999999999998,2,0,26.3,2,1,10,1,sharma_2021
96.17299999999999,2.3626000000000005,0,0,0.0,0,0,7,1,sharma_2021
96.17299999999999,2.3626000000000005,0,0,0.0,0,0,7,1,sharma_2021
96.17300000000002,2.5067000000000004,0,0,0.0,0,0,7,1,sharma_2021
158.19699999999997,1.3088000000000002,3,0,43.370000000000005,5,0,11,0,sharma_2021
116.11599999999999,0.4402,2,1,54.370000000000005,3,0,8,0,sharma_2021
100.16099999999999,1.7656,1,0,17.07,3,0,7,0,sharma_2021
100.117,0.7355,2,0,26.3,2,0,7,0,sharma_2021
116.11599999999999,0.13849999999999996,3,0,43.370000000000005,2,0,8,0,sharma_2021
115.201,1.8893,2,0,12.36,3,0,7,0,sharma_2021
102.13299999999998,0.9595,2,0,26.3,4,0,7,0,sharma_2021
114.21299999999998,2.0916,1,0,0.0,4,0,7,0,sharma_2021
198.34999999999997,4.496300000000004,1,0,17.07,10,0,14,0,sharma_2021
254.5019999999999,7.267800000000007,0,0,0.0,15,0,18,0,sharma_2021
72.107,0.5531999999999999,1,1,20.23,1,0,5,0,sharma_2021
88.14999999999999,1.0231999999999999,1,1,20.23,1,0,6,0,sharma_2021
100.11699999999999,0.5545,2,0,34.14,2,0,7,0,sharma_2021
180.203,1.9574000000000003,3,1,46.53,2,1,13,1,sharma_2021
126.11099999999998,1.0661999999999998,3,0,39.44,1,1,9,1,sharma_2021
135.16599999999997,0.8280000000000001,2,1,43.09,2,1,10,1,sharma_2021
140.13799999999998,1.4563,3,0,39.44,2,1,10,1,sharma_2021
154.16499999999996,1.8464,3,0,39.44,3,1,11,1,sharma_2021
181.285,3.018200000000001,3,0,12.89,1,2,11,2,sharma_2021
86.134,0.9433,1,1,20.23,2,0,6,0,sharma_2021
196.202,1.5774999999999997,4,1,55.760000000000005,3,1,14,1,sharma_2021
116.11599999999999,0.13849999999999996,3,0,43.370000000000005,2,0,8,0,sharma_2021
130.18699999999995,1.5939999999999999,2,0,26.3,2,0,9,0,sharma_2021
136.19399999999996,1.9140000000000001,1,1,20.23,1,1,10,1,sharma_2021
154.25299999999996,2.3596000000000004,1,1,20.23,1,0,11,1,sharma_2021
110.112,1.40052,2,0,30.21,1,1,8,1,sharma_2021
122.16699999999996,1.9545999999999997,1,1,20.23,1,1,9,1,sharma_2021
120.15099999999997,1.80752,1,0,17.07,1,1,9,1,sharma_2021
142.19799999999998,1.8821999999999999,2,0,26.3,1,0,10,1,sharma_2021
138.16599999999997,1.7908999999999997,2,1,29.46,2,1,10,1,sharma_2021
140.13799999999998,1.3427,3,0,39.44,2,1,10,1,sharma_2021
98.14499999999998,1.5416,1,0,17.07,2,0,7,0,sharma_2021
102.17699999999999,1.5574,1,1,20.23,3,0,7,0,sharma_2021
102.13299999999998,0.9595,2,0,26.3,2,0,7,0,sharma_2021
120.17299999999999,0.4793,3,1,26.3,2,0,7,0,sharma_2021
160.16899999999998,0.5011,4,0,52.6,3,0,11,0,sharma_2021
172.17999999999995,0.6688,4,0,52.60000000000001,4,0,12,0,sharma_2021
116.15999999999998,1.3496000000000001,2,0,26.3,3,0,8,0,sharma_2021
130.18699999999998,1.5956000000000001,2,0,26.3,3,0,9,0,sharma_2021
144.258,2.727700000000002,1,1,20.23,6,0,10,0,sharma_2021
144.21399999999997,2.1298000000000004,2,0,26.3,5,0,10,0,sharma_2021
76.164,1.3693,1,0,0.0,1,0,4,0,sharma_2021
94.20400000000001,1.6274,2,0,0.0,1,0,4,0,sharma_2021
86.134,0.9433,1,1,20.23,2,0,6,0,sharma_2021
88.106,0.5678,2,0,26.3,2,0,6,0,sharma_2021
118.24499999999999,2.5364000000000004,1,0,0.0,2,0,7,0,sharma_2021
96.129,1.89644,1,0,13.14,0,1,7,1,sharma_2021
130.18699999999998,1.7381,2,0,26.3,3,0,9,0,sharma_2021
99.177,1.1021,1,0,3.24,0,0,7,1,sharma_2021
158.24099999999996,2.5199000000000007,2,0,26.3,6,0,11,0,sharma_2021
172.26799999999994,2.910000000000001,2,0,26.3,7,0,12,0,sharma_2021
102.17699999999999,1.4149,1,1,20.23,3,0,7,0,sharma_2021
102.17699999999998,1.5574,1,1,20.23,3,0,7,0,sharma_2021
214.34899999999996,4.080300000000003,2,0,26.3,10,0,15,0,sharma_2021
174.196,0.8927999999999998,4,0,52.60000000000001,5,0,12,0,sharma_2021
104.21799999999999,2.1494999999999997,1,0,0.0,3,0,6,0,sharma_2021
130.187,1.8973,1,1,37.3,4,0,9,0,sharma_2021
130.18699999999998,1.7397,2,0,26.3,4,0,9,0,sharma_2021
284.484,6.030800000000006,2,0,26.3,15,0,20,0,sharma_2021
144.258,2.727700000000002,1,1,20.23,6,0,10,0,sharma_2021
150.31199999999998,3.187800000000002,2,0,0.0,5,0,8,0,sharma_2021
136.198,2.3741600000000007,2,0,47.58,5,0,10,0,sharma_2021
178.36599999999996,3.9680000000000026,2,0,0.0,7,0,10,0,sharma_2021
184.36699999999996,5.317300000000005,0,0,0.0,10,0,13,0,sharma_2021
198.39399999999995,5.707400000000006,0,0,0.0,11,0,14,0,sharma_2021
212.42099999999994,6.097500000000006,0,0,0.0,12,0,15,0,sharma_2021
296.58299999999997,8.438100000000006,0,0,0.0,18,0,21,0,sharma_2021
310.61,8.828200000000002,0,0,0.0,19,0,22,0,sharma_2021
144.17,0.7284999999999999,3,0,35.53,2,0,10,1,sharma_2021
116.15999999999998,1.3479999999999999,2,0,26.3,2,0,8,0,sharma_2021
112.197,2.36494,1,0,0.0,0,1,7,1,sharma_2021
163.31099999999998,2.0940000000000003,3,1,12.03,0,0,9,1,sharma_2021
116.15999999999998,1.3496,2,0,26.3,5,0,8,0,sharma_2021
214.34899999999996,4.382000000000003,1,1,37.3,11,0,15,0,sharma_2021
256.4299999999999,5.250600000000005,2,0,26.3,13,0,18,0,sharma_2021
268.4849999999999,6.446800000000007,1,0,17.07,16,0,19,0,sharma_2021
324.63700000000006,9.218300000000001,0,0,0.0,20,0,23,0,sharma_2021
168.239,3.662020000000002,0,0,0.0,1,2,13,2,sharma_2021
136.19399999999996,2.344700000000001,1,1,20.23,2,1,10,1,sharma_2021
130.18699999999995,1.5956000000000001,2,0,26.3,3,0,9,0,sharma_2021
162.23199999999994,3.0126000000000017,1,0,17.07,2,1,12,1,sharma_2021
136.19399999999996,2.344700000000001,1,1,20.23,2,1,10,1,sharma_2021
116.15999999999998,1.5072,1,1,37.3,3,0,8,0,sharma_2021
340.59200000000004,7.447100000000009,2,0,26.3,18,0,24,0,sharma_2021
172.26799999999997,2.6218000000000012,2,0,26.3,5,0,12,0,sharma_2021
124.13899999999998,1.25664,2,0,30.21,0,1,9,1,sharma_2021
212.33299999999994,3.8563000000000036,2,0,26.3,10,0,15,0,sharma_2021
156.269,3.3260000000000023,1,0,17.07,7,0,11,0,sharma_2021
99.158,1.45152,2,0,12.89,0,1,6,1,sharma_2021
114.14399999999999,1.1019999999999999,2,0,26.3,1,0,8,1,sharma_2021
142.198,1.8822,2,0,26.3,2,0,10,1,sharma_2021
170.30200000000002,3.197800000000001,2,0,0.0,3,1,10,1,sharma_2021
138.16599999999997,1.8012000000000001,2,0,30.21,3,1,10,1,sharma_2021
170.25199999999998,2.6624000000000008,2,0,26.3,4,0,12,1,sharma_2021
170.25199999999998,2.6624000000000008,2,0,26.3,5,0,12,1,sharma_2021
198.30599999999995,3.4426000000000023,2,0,26.3,6,0,14,1,sharma_2021
86.134,0.9448999999999999,1,1,20.23,2,0,6,0,sharma_2021
184.32299999999998,4.287200000000004,1,0,9.23,10,0,13,0,sharma_2021
112.12799999999999,0.6986,2,0,34.14,0,0,8,1,sharma_2021
138.23499999999999,2.5496000000000008,1,0,0.0,2,1,9,1,sharma_2021
242.22999999999996,2.75,2,2,74.6,3,2,18,2,sharma_2021
144.21399999999997,2.1281999999999996,2,0,26.3,4,0,10,0,sharma_2021
142.242,2.935900000000001,1,0,17.07,6,0,10,0,sharma_2021
114.14399999999999,1.1019999999999999,2,0,26.3,0,0,8,1,sharma_2021
154.253,2.3376000000000006,1,1,20.23,0,0,11,2,sharma_2021
222.444,4.407900000000003,3,0,0.0,0,0,12,1,sharma_2021
116.15999999999998,1.2055,2,0,26.3,2,0,8,0,sharma_2021
74.14799999999998,1.1022,1,1,0.0,1,0,4,0,sharma_2021
218.346,4.486000000000002,2,0,0.0,3,2,14,2,sharma_2021
128.21499999999997,2.401700000000001,1,0,17.07,4,0,9,0,sharma_2021
156.26899999999998,3.3260000000000023,1,0,17.07,7,0,11,0,sharma_2021
96.129,1.2956,1,0,17.07,0,0,7,1,sharma_2021
148.20499999999996,2.451600000000001,1,0,17.07,2,1,11,1,sharma_2021
164.204,2.2518000000000002,2,0,26.3,2,1,12,1,sharma_2021
170.21099999999998,3.0424000000000015,1,0,17.07,1,2,13,2,sharma_2021
242.40299999999993,5.162200000000004,1,1,37.3,13,0,17,0,sharma_2021
102.158,1.04,2,0,17.07,0,0,6,1,sharma_2021
95.10099999999997,0.8271999999999999,1,1,32.86,1,1,7,1,sharma_2021
109.12799999999997,1.2173,1,1,32.86,1,1,8,1,sharma_2021
164.24799999999996,3.1270200000000017,1,0,9.23,2,1,12,1,sharma_2021
228.37599999999992,4.470400000000004,2,0,26.3,11,0,16,0,sharma_2021
196.28999999999996,3.2406000000000024,2,0,26.3,6,0,14,0,sharma_2021
160.169,0.5026999999999999,4,0,52.60000000000001,4,0,11,0,sharma_2021
156.313,4.537100000000004,0,0,0.0,8,0,11,0,sharma_2021
121.13899999999997,1.2842,2,0,29.96,1,1,9,1,sharma_2021
121.13899999999997,1.2842,2,0,29.96,1,1,9,1,sharma_2021
136.194,1.7824,1,1,20.23,2,1,10,1,sharma_2021
136.198,1.71028,2,0,25.78,0,1,10,1,sharma_2021
150.22099999999998,2.8655000000000017,1,0,9.23,4,1,11,1,sharma_2021
180.20299999999995,1.9063999999999997,3,0,35.53,3,1,13,1,sharma_2021
144.214,2.2874,1,1,37.3,5,0,10,0,sharma_2021
128.171,1.5157,2,0,26.3,2,0,9,0,sharma_2021
150.312,2.406400000000001,2,2,0.0,5,0,8,0,sharma_2021
178.36599999999999,3.1866000000000025,2,2,0.0,7,0,10,0,sharma_2021
109.12799999999999,0.8375999999999999,2,0,22.0,1,1,8,1,sharma_2021
110.11199999999997,1.4822,2,0,30.21,1,1,8,1,sharma_2021
110.156,1.6857,1,0,17.07,0,0,8,1,sharma_2021
124.139,1.79062,2,0,30.21,1,1,9,1,sharma_2021
152.237,2.401700000000001,1,0,17.07,0,0,11,2,sharma_2021
150.221,2.22242,1,1,20.23,1,1,11,1,sharma_2021
156.269,3.1819000000000015,1,0,17.07,7,0,11,0,sharma_2021
136.238,2.9987000000000013,0,0,0.0,0,0,10,3,sharma_2021
35.04600000000001,0.1993999999999999,1,1,66.5,0,0,2,0,sharma_2021
147.177,2.1294000000000004,2,0,18.07,2,2,11,2,sharma_2021
150.17699999999996,1.9032199999999995,2,1,37.3,1,1,11,1,sharma_2021
160.32600000000002,3.6668000000000034,1,1,0.0,7,0,10,0,sharma_2021
118.13199999999998,-0.06970000000000004,3,1,46.53,2,0,8,0,sharma_2021
148.20499999999998,2.0806,1,1,20.23,2,1,11,1,sharma_2021
130.187,1.8973,1,1,37.3,4,0,9,0,sharma_2021
116.229,2.2489000000000012,1,1,0.0,0,0,7,1,sharma_2021
158.24099999999999,2.3281,2,0,18.46,4,0,11,1,sharma_2021
108.231,1.6699,2,0,0.0,2,0,5,0,sharma_2021
84.118,1.1515,1,0,17.07,2,0,6,0,sharma_2021
98.14499999999998,1.5415999999999999,1,0,17.07,3,0,7,0,sharma_2021
154.253,2.1935000000000002,1,1,20.23,0,0,11,2,sharma_2021
88.14999999999999,1.4313,1,0,9.23,0,0,6,0,sharma_2021
132.27200000000002,2.886600000000002,1,1,0.0,5,0,8,0,sharma_2021
160.17199999999997,2.6354000000000006,2,0,30.21,1,2,12,2,sharma_2021
172.312,3.5079000000000025,1,1,20.23,8,0,12,0,sharma_2021
130.23100000000002,2.1951000000000005,1,1,20.23,5,0,9,0,sharma_2021
102.20200000000001,1.8588,1,1,0.0,0,0,6,1,sharma_2021
188.26699999999997,1.6905999999999999,3,1,38.69,6,0,13,1,sharma_2021
214.34899999999996,4.080300000000003,2,0,26.3,10,0,15,0,sharma_2021
172.268,2.910000000000001,2,0,26.3,7,0,12,0,sharma_2021
200.32199999999997,3.6902000000000026,2,0,26.3,9,0,14,0,sharma_2021
142.19799999999998,1.9042000000000001,2,0,26.3,2,0,10,0,sharma_2021
125.19599999999998,2.09452,2,0,12.89,1,1,8,1,sharma_2021
176.215,1.9583,2,0,26.3,4,1,13,1,sharma_2021
104.218,1.9623000000000004,1,1,0.0,2,0,6,0,sharma_2021
178.23100000000002,2.1822999999999997,2,0,26.3,4,1,13,1,sharma_2021
214.34899999999996,3.936200000000003,2,0,26.3,9,0,15,0,sharma_2021
132.20599999999996,2.9464400000000017,0,0,0.0,1,1,10,1,sharma_2021
192.258,3.0336000000000016,2,0,26.3,5,1,14,1,sharma_2021
208.257,2.7392000000000016,3,1,46.53,5,1,15,1,sharma_2021
178.34699999999998,3.3880000000000017,3,0,0.0,6,0,9,0,sharma_2021
128.17099999999996,1.5157,2,0,26.3,4,0,9,0,sharma_2021
194.23,2.3491000000000013,3,1,46.53,4,1,14,1,sharma_2021
172.22399999999996,1.6989,3,0,43.370000000000005,6,0,12,0,sharma_2021
84.11799999999998,1.1515,1,0,17.07,3,0,6,0,sharma_2021
150.221,2.4879000000000007,1,0,17.07,2,0,11,1,sharma_2021
182.263,2.684400000000001,2,0,26.3,3,0,13,1,sharma_2021
200.281,3.8746000000000027,1,0,9.23,3,2,15,2,sharma_2021
146.28,2.7398000000000016,2,0,0.0,5,0,8,0,sharma_2021
148.296,2.9638000000000018,2,0,0.0,5,0,8,0,sharma_2021
122.25799999999998,2.4076000000000004,2,0,0.0,3,0,6,0,sharma_2021
186.29499999999996,3.1560000000000015,2,0,26.3,7,0,13,0,sharma_2021
156.26899999999998,2.4395000000000007,1,1,20.23,1,0,11,1,sharma_2021
172.26799999999997,2.910000000000001,2,0,26.3,7,0,12,0,sharma_2021
164.24799999999996,2.9981200000000015,1,1,20.23,0,1,12,1,sharma_2021
162.232,2.598300000000001,1,0,17.07,4,1,12,1,sharma_2021
150.22099999999998,2.4879000000000007,1,0,17.07,1,0,11,1,sharma_2021
163.245,2.3319,2,0,12.36,3,1,11,1,sharma_2021
149.237,2.814300000000001,1,0,12.89,4,1,11,1,sharma_2021
198.30599999999995,3.4426000000000023,2,0,26.3,7,0,14,1,sharma_2021
158.24099999999999,2.518300000000001,2,0,26.3,5,0,11,0,sharma_2021
214.349,4.078700000000003,2,0,26.3,9,0,15,0,sharma_2021
164.20399999999998,2.2534,2,0,26.3,3,1,12,1,sharma_2021
101.174,1.1516,2,0,12.36,0,0,6,1,sharma_2021
172.268,2.765900000000001,2,0,26.3,6,0,12,0,sharma_2021
152.23699999999997,2.878000000000001,1,0,17.07,6,0,11,0,sharma_2021
130.231,2.1951000000000005,1,1,20.23,4,0,9,0,sharma_2021
168.28,2.5836000000000006,1,1,20.23,0,0,12,2,sharma_2021
158.20399999999995,2.24664,2,0,25.78,0,2,12,2,sharma_2021
112.12799999999999,0.8779999999999999,2,0,26.3,1,0,8,1,sharma_2021
140.226,2.401700000000001,1,0,17.07,0,0,10,1,sharma_2021
164.24799999999996,2.998120000000001,1,1,20.23,0,1,12,1,sharma_2021
130.18699999999998,1.5956000000000001,2,0,26.3,3,0,9,0,sharma_2021
138.25399999999996,3.5549000000000026,0,0,0.0,4,0,10,0,sharma_2021
181.32299999999998,4.430880000000004,1,0,23.79,9,0,13,0,sharma_2021
154.25300000000001,2.5037000000000007,1,1,20.23,1,0,11,1,sharma_2021
170.25199999999998,2.684400000000001,2,0,26.3,6,0,12,0,sharma_2021
172.26799999999997,2.6218000000000012,2,0,26.3,5,0,12,0,sharma_2021
160.17199999999997,2.1014199999999996,2,0,30.21,0,2,12,2,sharma_2021
142.19799999999998,1.9058,2,0,26.3,4,0,10,0,sharma_2021
148.20499999999998,2.2081999999999997,1,0,17.07,3,1,11,1,sharma_2021
230.44199999999995,5.033200000000004,2,0,0.0,3,0,14,2,sharma_2021
180.203,1.6285,3,0,35.53,4,1,13,1,sharma_2021
172.26799999999997,2.910000000000001,2,0,26.3,7,0,12,0,sharma_2021
102.17699999999999,1.8214000000000001,1,0,9.23,3,0,7,0,sharma_2021
196.28999999999994,3.076100000000002,2,0,26.3,5,0,14,1,sharma_2021
193.20199999999994,1.4315999999999998,3,1,55.400000000000006,2,1,14,1,sharma_2021
96.129,1.2956,1,0,17.07,0,0,7,1,sharma_2021
180.36299999999997,3.2376000000000014,3,0,0.0,0,0,9,1,sharma_2021
226.40399999999994,5.276500000000005,1,0,17.07,13,0,16,0,sharma_2021
166.21999999999997,2.353300000000001,2,1,29.46,3,1,12,1,sharma_2021
142.19799999999998,1.7617,2,0,26.3,4,0,10,0,sharma_2021
136.238,2.9987000000000013,0,0,0.0,1,0,10,2,sharma_2021
124.14299999999999,0.7936199999999999,3,0,35.010000000000005,1,1,9,1,sharma_2021
126.202,0.30900000000000005,3,0,34.14,1,0,6,0,sharma_2021
114.14399999999998,1.4273,1,1,37.3,2,0,8,0,sharma_2021
110.11599999999999,0.48519999999999985,3,0,35.010000000000005,1,1,8,1,sharma_2021
100.117,0.36429999999999996,2,0,26.3,0,0,7,1,sharma_2021
96.12899999999998,1.842,1,0,13.14,1,1,7,1,sharma_2021
104.17399999999999,0.9383999999999999,2,0,17.07,3,0,6,0,sharma_2021
156.22499999999997,2.1298000000000004,2,0,26.3,2,0,11,1,sharma_2021
156.225,2.2723000000000004,2,0,26.3,3,0,11,1,sharma_2021
136.23799999999997,2.9987000000000013,0,0,0.0,1,0,10,2,sharma_2021
256.3859999999999,3.850900000000003,3,0,35.53,0,0,18,1,sharma_2021
128.21499999999997,2.1136000000000004,1,1,20.23,5,0,9,0,sharma_2021
126.11099999999996,1.1878,3,1,50.44,1,1,9,1,sharma_2021
144.25799999999998,2.4411000000000005,1,1,20.23,3,0,10,0,sharma_2021
136.194,1.8755,1,0,9.23,3,1,10,1,sharma_2021
172.26799999999997,1.5543999999999998,2,2,40.46,1,0,12,1,sharma_2021
206.24099999999999,2.1334999999999997,3,0,43.370000000000005,4,1,15,1,sharma_2021
184.238,3.787320000000002,1,0,9.23,2,2,14,2,sharma_2021
152.14899999999997,1.1499999999999997,2,1,46.53,3,1,11,1,sharma_2021
186.295,2.806800000000001,2,0,26.3,7,0,13,0,sharma_2021
156.26899999999998,2.4395000000000007,1,1,20.23,1,0,11,1,sharma_2021
128.12699999999998,0.7637,3,1,46.53,0,0,9,1,sharma_2021
126.27100000000002,2.2756,3,0,0.0,2,0,5,0,sharma_2021
98.145,1.5416,1,0,17.07,2,0,7,0,sharma_2021
138.20999999999998,3.0123000000000015,1,0,13.14,4,1,10,1,sharma_2021
166.264,3.792500000000003,1,0,13.14,6,1,12,1,sharma_2021
160.25699999999998,2.4316000000000004,2,0,18.46,6,0,11,0,sharma_2021
114.14399999999998,0.9446,2,0,34.14,3,0,8,0,sharma_2021
90.19099999999999,1.7593999999999999,1,0,0.0,2,0,5,0,sharma_2021
182.17499999999995,1.1874,4,1,55.760000000000005,2,1,13,1,sharma_2021
182.26299999999995,2.686000000000001,2,0,26.3,4,0,13,1,sharma_2021
154.253,2.3596000000000004,1,1,20.23,1,0,11,1,sharma_2021
130.231,2.3376000000000006,1,1,20.23,5,0,9,0,sharma_2021
184.27899999999997,3.076100000000002,2,0,26.3,8,0,13,0,sharma_2021
132.16199999999998,2.741220000000001,1,0,13.14,0,2,10,2,sharma_2021
140.18200000000002,1.8174000000000001,1,1,37.3,1,0,10,1,sharma_2021
164.20399999999998,2.3921,2,0,26.3,3,1,12,1,sharma_2021
172.26799999999997,2.7182000000000013,2,0,18.46,5,0,12,1,sharma_2021
128.171,1.4921,2,0,26.3,2,0,9,1,sharma_2021
154.209,1.8822,2,0,26.3,0,0,11,2,sharma_2021
226.322,3.954200000000003,4,0,26.28,5,2,14,2,sharma_2021
128.215,1.9491,1,1,20.23,2,0,9,1,sharma_2021
124.18299999999996,2.622200000000001,1,0,13.14,3,1,9,1,sharma_2021
152.237,2.567800000000001,1,0,17.07,1,0,11,1,sharma_2021
130.18699999999998,1.8973,1,1,37.3,4,0,9,0,sharma_2021
142.24200000000002,2.1935000000000007,1,1,20.23,1,0,10,1,sharma_2021
128.21499999999997,2.1136000000000004,1,1,20.23,3,0,9,0,sharma_2021
142.19799999999998,1.7397,2,0,26.3,1,0,10,1,sharma_2021
218.33999999999995,3.904200000000003,1,0,17.07,1,0,16,2,sharma_2021
86.13399999999999,0.9448999999999999,1,1,20.23,1,0,6,0,sharma_2021
134.17799999999997,2.0615,1,0,17.07,2,1,10,1,sharma_2021
100.16099999999999,1.3334,1,1,20.23,3,0,7,0,sharma_2021
154.253,2.935900000000001,1,0,17.07,4,0,11,1,sharma_2021
182.30700000000002,3.8822000000000028,1,0,17.07,9,0,13,0,sharma_2021
106.215,1.4239,2,0,0.0,0,0,5,1,sharma_2021
154.27799999999996,3.480800000000002,1,0,0.0,4,1,10,1,sharma_2021
152.237,2.5458000000000007,1,0,17.07,1,0,11,2,sharma_2021
114.18799999999997,1.7235,1,1,20.23,4,0,8,0,sharma_2021
140.13799999999998,0.9077999999999999,3,1,50.44,1,1,10,1,sharma_2021
140.26999999999998,3.634800000000003,0,0,0.0,5,0,10,0,sharma_2021
190.24200000000002,2.8096000000000014,2,0,26.3,3,1,14,1,sharma_2021
142.198,2.0414,1,1,37.3,2,0,10,1,sharma_2021
230.3919999999999,4.526200000000005,2,0,18.46,12,0,16,0,sharma_2021
142.242,2.6477000000000013,1,0,17.07,3,0,10,0,sharma_2021
186.29499999999996,3.3001000000000023,2,0,26.3,8,0,13,0,sharma_2021
186.295,3.2985000000000024,2,0,26.3,7,0,13,0,sharma_2021
134.20000000000002,0.8694,3,1,26.3,3,0,8,0,sharma_2021
164.204,1.9137999999999997,2,1,37.3,3,1,12,1,sharma_2021
120.24199999999999,1.8123999999999998,2,0,0.0,0,0,6,1,sharma_2021
194.23,0.9629000000000001,3,1,38.69,3,1,14,2,sharma_2021
108.14399999999999,1.09344,2,0,25.78,0,1,8,1,sharma_2021
152.23699999999997,2.567800000000001,1,0,17.07,1,0,11,1,sharma_2021
170.25199999999998,1.881,2,1,29.46,2,0,12,1,sharma_2021
136.238,3.308900000000002,0,0,0.0,1,0,10,1,sharma_2021
182.37899999999996,3.836000000000003,3,0,0.0,6,0,9,0,sharma_2021
88.14999999999999,1.1673,1,1,20.23,2,0,6,0,sharma_2021
184.32299999999998,4.106200000000004,1,0,17.07,9,0,13,0,sharma_2021
180.20300000000003,1.6285,3,0,35.53,4,1,13,1,sharma_2021
222.28400000000002,3.129300000000002,3,1,46.53,6,1,16,1,sharma_2021
258.40199999999993,3.831300000000003,3,1,46.53,12,0,18,0,sharma_2021
200.32199999999995,3.6902000000000026,2,0,26.3,9,0,14,0,sharma_2021
122.25800000000001,1.7124,2,0,0.0,3,0,6,0,sharma_2021
256.3859999999999,3.850900000000003,3,0,35.53,0,0,18,1,sharma_2021
206.28500000000003,3.423700000000002,2,0,26.3,6,1,15,1,sharma_2021
230.40400000000002,4.609000000000001,4,0,0.0,3,2,12,2,sharma_2021
206.285,3.310100000000002,2,0,26.3,6,1,15,1,sharma_2021
273.37600000000003,4.1167000000000025,3,1,52.32,6,1,20,1,sharma_2021
140.207,1.9839000000000007,2,1,9.23,1,1,9,1,sharma_2021
144.17699999999996,1.93822,2,0,25.78,0,2,11,2,sharma_2021
172.31199999999998,3.773500000000003,1,0,9.23,9,0,12,0,sharma_2021
130.18699999999998,1.5956000000000001,2,0,26.3,3,0,9,0,sharma_2021
216.27699999999993,2.0615,4,0,52.6,7,0,15,0,sharma_2021
114.14399999999998,0.8005,2,0,34.14,2,0,8,0,sharma_2021
177.20299999999997,1.6116,3,1,52.32,3,1,13,1,sharma_2021
192.21400000000003,1.7946,3,0,35.53,5,1,14,1,sharma_2021
164.20399999999998,2.3104200000000006,2,0,26.3,2,1,12,1,sharma_2021
190.19499999999996,-0.1363999999999998,5,1,72.83000000000001,5,0,13,0,sharma_2021
193.24599999999998,2.2257000000000002,3,1,52.32,4,1,14,1,sharma_2021
152.23699999999997,2.567800000000001,1,0,17.07,1,0,11,1,sharma_2021
219.28400000000002,2.7583,3,1,52.32,2,1,16,2,sharma_2021
202.338,3.746000000000003,2,0,18.46,10,0,14,0,sharma_2021
193.24599999999998,2.0816,3,1,52.32,3,1,14,1,sharma_2021
186.295,3.1560000000000015,2,0,26.3,7,0,13,0,sharma_2021
190.24200000000002,2.6514000000000006,2,0,26.3,3,1,14,1,sharma_2021
142.242,2.791800000000001,1,0,17.07,6,0,10,0,sharma_2021
154.25299999999996,2.3596000000000004,1,1,20.23,1,0,11,1,sharma_2021
192.30199999999996,3.5141000000000027,1,0,17.07,2,0,14,1,sharma_2021
358.56300000000005,5.1443000000000065,4,2,66.76,19,0,25,0,sharma_2021
150.17699999999996,1.8978,2,0,26.3,3,1,11,1,sharma_2021
192.21399999999997,1.9588999999999999,3,0,35.53,5,1,14,1,sharma_2021
186.295,3.1560000000000015,2,0,26.3,7,0,13,0,sharma_2021
73.13900000000001,0.7436,1,1,26.02,1,0,5,0,sharma_2021
220.31199999999998,3.3510000000000018,2,0,26.3,5,1,16,1,sharma_2021
166.22,1.7617,2,0,26.3,2,0,12,2,sharma_2021
282.33899999999994,3.5718000000000023,3,0,35.53,6,2,21,2,sharma_2021
178.231,2.3532,2,0,26.3,3,1,13,1,sharma_2021
198.34999999999997,4.496300000000004,1,0,17.07,11,0,14,0,sharma_2021
196.28999999999996,2.908400000000001,2,0,26.3,1,0,14,2,sharma_2021
182.26299999999998,2.518300000000001,2,0,26.3,2,0,13,2,sharma_2021
68.14500000000001,0.7499999999999998,0,2,73.0,0,0,3,0,sharma_2021
128.21499999999997,2.401700000000001,1,0,17.07,4,0,9,0,sharma_2021
156.269,2.8954000000000018,1,1,20.23,8,0,11,0,sharma_2021
184.27899999999997,2.5791000000000004,2,0,18.46,6,0,13,0,sharma_2021
122.17099999999998,1.34742,2,0,25.78,1,1,9,1,sharma_2021
136.19799999999998,1.65584,2,0,25.78,1,1,10,1,sharma_2021
136.238,2.9987000000000013,0,0,0.0,0,0,10,2,sharma_2021
156.269,2.583600000000001,1,1,20.23,0,0,11,1,sharma_2021
140.20699999999997,2.3408000000000007,2,0,17.07,2,1,9,1,sharma_2021
128.17099999999996,1.1906,2,0,34.14,3,0,9,0,sharma_2021
145.20499999999996,2.681680000000001,1,0,23.79,1,1,11,1,sharma_2021
108.14399999999998,1.039,2,0,25.78,1,1,8,1,sharma_2021
122.17099999999998,1.34742,2,0,25.78,1,1,9,1,sharma_2021
150.225,1.98352,2,0,25.78,2,1,11,1,sharma_2021
136.19799999999998,1.65584,2,0,25.78,1,1,10,1,sharma_2021
170.25199999999998,1.881,2,1,29.46,1,0,12,1,sharma_2021
154.253,2.6477000000000013,1,0,17.07,1,0,11,1,sharma_2021
122.17099999999999,1.4018599999999999,2,0,25.78,0,1,9,1,sharma_2021
192.302,3.6582000000000026,1,0,17.07,2,0,14,1,sharma_2021
222.37199999999999,4.230200000000005,1,1,20.23,4,0,16,1,sharma_2021
180.24699999999999,2.4384000000000006,2,0,26.3,0,0,13,2,sharma_2021
127.21199999999999,2.01392,2,0,12.89,1,1,8,1,sharma_2021
122.17099999999998,1.34742,2,0,25.78,1,1,9,1,sharma_2021
136.19799999999998,1.6014,2,0,25.78,2,1,10,1,sharma_2021
136.19799999999998,1.65584,2,0,25.78,1,1,10,1,sharma_2021
154.253,2.7677000000000014,1,0,9.23,1,0,11,1,sharma_2021
198.30599999999998,3.0103000000000018,2,0,26.3,2,0,14,1,sharma_2021
198.30599999999995,3.4646000000000026,2,0,26.3,8,0,14,0,sharma_2021
168.27999999999994,3.1819000000000015,1,0,17.07,2,0,12,1,sharma_2021
228.332,2.371200000000001,3,1,46.53,3,0,16,1,sharma_2021
174.19899999999996,2.6079000000000008,2,0,26.3,1,1,13,2,sharma_2021
150.225,1.90982,2,0,25.78,2,1,11,1,sharma_2021
150.225,1.90982,2,0,25.78,2,1,11,1,sharma_2021
150.22099999999998,2.1776999999999997,1,0,17.07,0,0,11,3,sharma_2021
156.269,2.7497000000000016,1,1,20.23,5,0,11,0,sharma_2021
240.43099999999993,5.666600000000006,1,0,17.07,13,0,17,0,sharma_2021
170.296,3.5720000000000027,1,0,17.07,8,0,12,0,sharma_2021
182.307,3.1178000000000017,1,1,20.23,0,0,13,2,sharma_2021
111.144,1.5998599999999998,2,0,26.03,0,1,8,1,sharma_2021
196.28999999999996,2.9304000000000014,2,0,26.3,2,0,14,1,sharma_2021
200.32199999999997,3.402000000000003,2,0,26.3,7,0,14,0,sharma_2021
170.25199999999995,2.5199000000000007,2,0,26.3,3,0,12,1,sharma_2021
122.12699999999998,0.6791999999999999,3,0,42.85,1,1,9,1,sharma_2021
136.154,0.9876199999999999,3,0,42.85,1,1,10,1,sharma_2021
202.297,3.8492000000000033,1,0,17.07,6,1,15,1,sharma_2021
192.258,2.572400000000001,2,0,26.3,5,1,14,1,sharma_2021
194.23,1.9223999999999997,3,1,46.53,4,1,14,1,sharma_2021
164.204,2.1398,2,0,26.3,3,1,12,1,sharma_2021
264.32399999999996,3.956400000000003,2,0,26.3,5,2,20,2,sharma_2021
178.23100000000002,2.1822999999999997,2,0,26.3,4,1,13,1,sharma_2021
178.23100000000002,2.1822999999999997,2,0,26.3,4,1,13,1,sharma_2021
178.275,3.2493000000000025,1,0,9.23,5,1,13,1,sharma_2021
136.14999999999998,1.6118999999999999,2,0,26.3,1,1,10,1,sharma_2021
164.20399999999998,1.8267,2,0,26.3,3,1,12,1,sharma_2021
136.194,1.6115000000000002,1,1,20.23,3,1,10,1,sharma_2021
138.166,1.0576999999999996,2,1,29.46,3,1,10,1,sharma_2021
122.16699999999996,1.9545999999999997,1,1,20.23,1,1,9,1,sharma_2021
136.14999999999998,1.5076999999999998,2,0,26.3,2,1,10,1,sharma_2021
100.16099999999999,1.6215,1,0,17.07,3,0,7,0,sharma_2021
114.18799999999999,2.1557000000000004,1,0,17.07,4,0,8,0,sharma_2021
174.19599999999997,0.8927999999999999,4,0,52.60000000000001,5,0,12,0,sharma_2021
186.295,3.3001000000000023,2,0,26.3,8,0,13,0,sharma_2021
108.14399999999999,1.0934399999999997,2,0,25.78,0,1,8,1,sharma_2021
136.238,3.4750000000000023,0,0,0.0,4,0,10,0,sharma_2021
88.14999999999999,1.0248,1,1,20.23,2,0,6,0,sharma_2021
132.159,1.0877999999999999,3,0,27.69,0,0,9,1,sharma_2021
144.21399999999997,2.1298000000000004,2,0,26.3,5,0,10,0,sharma_2021
156.22499999999997,2.2959000000000005,2,0,26.3,6,0,11,0,sharma_2021
71.123,0.36979999999999996,1,1,12.03,0,0,5,1,sharma_2021
116.15999999999998,1.3496000000000001,2,0,26.3,3,0,8,0,sharma_2021
130.18699999999998,1.5956000000000001,2,0,26.3,3,0,9,0,sharma_2021
568.9680000000006,12.664999999999981,2,2,74.6,32,0,40,0,sharma_2021
256.4299999999999,5.250600000000005,2,0,26.3,13,0,18,0,sharma_2021
242.40299999999993,4.8605000000000045,2,0,26.3,12,0,17,0,sharma_2021
125.215,2.8704800000000015,1,0,23.79,5,0,9,0,sharma_2021
142.242,2.935900000000001,1,0,17.07,7,0,10,0,sharma_2021
212.37699999999995,4.8864000000000045,1,0,17.07,12,0,15,0,sharma_2021
258.361,4.534500000000004,2,0,26.3,6,1,19,1,sharma_2021
220.35599999999997,4.295620000000003,1,1,20.23,0,1,16,1,sharma_2021
166.26399999999998,2.3612,1,1,20.23,2,0,12,3,sharma_2021
113.15999999999998,1.212,2,0,21.59,0,0,8,1,sharma_2021
194.23000000000002,2.0186,3,0,35.53,5,1,14,1,sharma_2021
152.309,2.8066000000000013,3,0,0.0,0,0,7,1,sharma_2021
192.30199999999996,3.6582000000000026,1,0,17.07,2,0,14,1,sharma_2021
134.182,1.5263,2,0,25.78,0,1,10,2,sharma_2021
136.154,0.9876199999999999,3,0,42.85,1,1,10,1,sharma_2021
103.19,0.6688000000000001,2,1,12.03,0,0,6,1,sharma_2021
166.224,1.6837,3,0,35.010000000000005,3,1,12,1,sharma_2021
147.13,-0.736899999999999,3,3,100.61999999999999,4,0,10,0,sharma_2021
150.177,1.78162,2,0,26.3,1,1,11,1,sharma_2021
138.17,1.0475999999999999,3,0,35.010000000000005,2,1,10,1,sharma_2021
152.19699999999997,1.6086,3,0,35.010000000000005,2,1,11,1,sharma_2021
122.16699999999999,2.0036199999999997,1,0,9.23,1,1,9,1,sharma_2021
94.204,1.1919999999999997,2,2,0.0,0,0,4,0,sharma_2021
142.154,1.1538,3,1,46.53,1,0,10,1,sharma_2021
166.21999999999997,2.3725000000000005,2,0,30.21,4,1,12,1,sharma_2021
140.226,2.2813000000000003,1,1,20.23,5,0,10,0,sharma_2021
114.169,1.8767200000000002,2,1,13.14,0,1,7,1,sharma_2021
122.17099999999998,1.6,2,0,25.78,1,1,9,1,sharma_2021
136.198,1.6750999999999998,2,0,25.78,2,1,10,1,sharma_2021
152.23699999999997,2.567800000000001,1,0,17.07,1,0,11,1,sharma_2021
128.171,1.8174000000000001,1,1,37.3,4,0,9,0,sharma_2021
136.285,2.7977000000000007,2,0,0.0,4,0,7,0,sharma_2021
228.37599999999995,4.470400000000004,2,0,26.3,11,0,16,0,sharma_2021
194.31799999999998,3.594000000000003,1,0,17.07,3,0,14,1,sharma_2021
194.31799999999998,3.738100000000003,1,0,17.07,3,0,14,1,sharma_2021
180.20299999999997,2.0523999999999996,3,1,38.69,3,1,13,1,sharma_2021
198.30599999999998,3.1544000000000016,2,0,26.3,1,0,14,1,sharma_2021
134.18199999999996,1.682,2,0,25.78,2,1,10,1,sharma_2021
150.22499999999997,1.90982,2,0,25.78,2,1,11,1,sharma_2021
134.182,1.3554,2,0,25.78,0,1,10,2,sharma_2021
184.279,2.9320000000000013,2,0,26.3,6,0,13,0,sharma_2021
314.50999999999993,5.3917000000000055,3,1,46.53,16,0,22,0,sharma_2021
104.17399999999999,0.8936999999999999,2,1,17.07,1,0,6,0,sharma_2021
270.45699999999994,5.640700000000006,2,0,26.3,14,0,19,0,sharma_2021
120.24199999999999,1.8124,2,0,0.0,0,0,6,1,sharma_2021
214.34899999999996,4.080300000000004,2,0,26.3,10,0,15,0,sharma_2021
198.30599999999995,3.4662000000000024,2,0,26.3,9,0,14,0,sharma_2021
168.23599999999996,2.4384000000000006,2,0,26.3,4,0,12,1,sharma_2021
127.21199999999999,2.01392,2,0,12.89,1,1,8,1,sharma_2021
256.3419999999999,2.987400000000002,4,0,52.6,0,0,18,1,sharma_2021
156.22499999999997,2.1282000000000005,2,0,26.3,3,0,11,1,sharma_2021
128.196,2.18514,2,1,13.14,0,1,8,1,sharma_2021
212.31399999999996,3.5612400000000024,3,0,30.21,3,1,14,1,sharma_2021
180.29099999999997,3.3260000000000023,1,0,17.07,1,0,13,2,sharma_2021
186.29499999999996,3.0119000000000016,2,0,26.3,4,0,13,0,sharma_2021
234.339,4.260920000000003,2,0,26.3,7,1,17,1,sharma_2021
158.24099999999996,2.518300000000001,2,0,26.3,5,0,11,0,sharma_2021
188.31699999999998,3.7383200000000025,3,0,13.14,4,1,11,1,sharma_2021
226.34099999999998,3.8279200000000024,3,0,30.21,6,1,15,1,sharma_2021
178.275,2.8138000000000014,1,0,17.07,1,0,13,2,sharma_2021
156.26899999999998,2.4395000000000007,1,1,20.23,1,0,11,1,sharma_2021
244.37799999999996,4.4025200000000035,1,0,17.07,1,1,18,2,sharma_2021
160.263,2.958120000000002,3,0,13.14,2,1,9,1,sharma_2021
206.241,2.515200000000001,3,1,46.53,3,1,15,1,sharma_2021
184.32299999999998,3.795500000000003,1,0,9.23,7,0,13,0,sharma_2021
198.30599999999995,3.1780000000000017,2,0,26.3,5,0,14,0,sharma_2021
99.133,0.8235,2,0,21.59,0,0,7,1,sharma_2021
238.37099999999992,3.7905000000000033,2,0,26.3,3,0,17,2,sharma_2021
180.20299999999997,1.8719,3,0,35.53,3,1,13,1,sharma_2021
128.17099999999996,1.3347,2,0,34.14,4,0,9,0,sharma_2021
226.35999999999996,3.9582000000000033,2,0,26.3,7,0,16,0,sharma_2021
148.20499999999998,2.2974200000000007,1,0,17.07,2,1,11,1,sharma_2021
166.21999999999997,1.8479999999999999,2,0,18.46,4,1,12,1,sharma_2021
226.275,3.1431200000000015,2,0,26.3,3,2,17,2,sharma_2021
192.258,2.4283,2,0,26.3,4,1,14,1,sharma_2021
226.27499999999998,2.972500000000001,2,0,26.3,4,2,17,2,sharma_2021
272.38800000000003,4.465000000000004,2,0,26.3,7,1,20,1,sharma_2021
208.257,2.2646000000000006,3,0,35.53,5,1,15,1,sharma_2021
134.178,1.73642,1,0,17.07,2,1,10,1,sharma_2021
178.231,2.2168,2,0,26.3,4,1,13,1,sharma_2021
190.24199999999996,2.687500000000001,2,0,26.3,4,1,14,1,sharma_2021
164.20399999999998,1.7922,2,0,26.3,5,1,12,1,sharma_2021
270.36899999999997,3.377500000000002,4,0,52.6,0,0,19,1,sharma_2021
256.4299999999999,5.250600000000005,2,0,26.3,13,0,18,0,sharma_2021
140.22599999999997,2.567800000000001,1,0,17.07,4,0,10,0,sharma_2021
84.11800000000001,1.1515,1,0,17.07,1,0,6,0,sharma_2021
200.322,3.5461000000000027,2,0,26.3,8,0,14,0,sharma_2021
240.3869999999999,4.636500000000004,2,0,26.3,12,0,17,0,sharma_2021
200.32199999999997,3.6902000000000026,2,0,26.3,9,0,14,0,sharma_2021
184.323,3.962100000000003,1,0,17.07,9,0,13,0,sharma_2021
212.33299999999994,3.8563000000000036,2,0,26.3,10,0,15,0,sharma_2021
182.263,2.850500000000001,2,0,26.3,6,0,13,0,sharma_2021
150.22099999999998,2.4879000000000007,1,0,17.07,1,0,11,1,sharma_2021
138.23499999999999,2.592140000000001,1,1,0.0,0,1,9,1,sharma_2021
178.231,2.4994000000000005,2,0,26.3,3,1,13,1,sharma_2021
248.366,4.132800000000004,2,0,26.3,9,1,18,1,sharma_2021
192.25800000000004,2.572400000000001,2,0,26.3,5,1,14,1,sharma_2021
166.176,1.3681999999999999,3,0,35.53,4,1,12,1,sharma_2021
226.35999999999993,3.9582000000000033,2,0,26.3,8,0,16,0,sharma_2021
184.279,2.9320000000000013,2,0,26.3,8,0,13,0,sharma_2021
226.35999999999993,4.102300000000004,2,0,26.3,9,0,16,0,sharma_2021
186.295,3.3001000000000023,2,0,26.3,8,0,13,0,sharma_2021
210.31699999999998,3.6307000000000027,2,0,26.3,6,0,15,0,sharma_2021
166.26399999999998,3.102000000000001,1,0,17.07,2,0,12,1,sharma_2021
222.37199999999996,3.7539000000000033,1,1,20.23,0,0,16,3,sharma_2021
152.237,1.9695000000000005,1,1,20.23,0,0,11,3,sharma_2021
150.22099999999998,2.1776999999999997,1,0,17.07,1,0,11,3,sharma_2021
164.248,3.003300000000002,1,0,9.23,5,1,12,1,sharma_2021
158.24099999999996,2.5199000000000007,2,0,26.3,6,0,11,0,sharma_2021
100.11699999999998,1.0372000000000001,1,1,37.3,3,0,7,0,sharma_2021
166.17599999999996,1.4818,3,0,35.53,2,1,12,1,sharma_2021
134.17799999999997,2.3382000000000005,1,0,9.23,2,1,10,1,sharma_2021
166.17599999999996,1.6205,3,0,35.53,2,1,12,1,sharma_2021
404.41800000000006,3.926000000000003,6,0,78.9,8,3,30,3,sharma_2021
228.247,2.919820000000002,3,1,46.53,2,2,17,2,sharma_2021
154.165,1.7328,3,0,39.44,3,1,11,1,sharma_2021
168.19199999999998,2.1229,3,0,39.44,4,1,12,1,sharma_2021
104.17399999999999,1.286,2,0,17.07,1,0,6,0,sharma_2021
130.18699999999998,1.7397,2,0,26.3,6,0,9,0,sharma_2021
158.19699999999997,1.1186,3,0,35.53,3,0,11,1,sharma_2021
130.18699999999995,1.7381,2,0,26.3,3,0,9,0,sharma_2021
214.34899999999993,4.080300000000004,2,0,26.3,10,0,15,0,sharma_2021
185.248,1.5571199999999998,4,0,39.19,3,1,12,1,sharma_2021
142.15399999999997,1.1538,3,1,46.53,1,0,10,1,sharma_2021
136.14999999999998,1.5131199999999998,2,1,37.3,1,1,10,1,sharma_2021
164.248,2.390100000000001,1,1,20.23,4,1,12,1,sharma_2021
184.27899999999997,3.052500000000002,2,0,26.3,5,0,13,1,sharma_2021
262.43699999999995,5.774800000000006,1,0,17.07,9,0,19,0,sharma_2021
112.12799999999999,0.5545,2,0,34.14,0,0,8,1,sharma_2021
194.18599999999998,1.433,4,0,52.60000000000001,3,1,14,1,sharma_2021
142.242,2.935900000000001,1,0,17.07,6,0,10,0,sharma_2021
123.15499999999997,1.2277,2,0,22.0,1,1,9,1,sharma_2021
102.15799999999999,0.6923999999999999,2,0,17.07,0,0,6,1,sharma_2021
123.15499999999997,1.6074,1,1,32.86,2,1,9,1,sharma_2021
140.20699999999997,2.1141,2,1,20.23,1,1,9,1,sharma_2021
194.27399999999997,2.541900000000001,2,0,26.3,2,0,14,3,sharma_2021
196.28999999999996,2.9320000000000013,2,0,26.3,3,0,14,1,sharma_2021
152.237,2.687800000000001,1,0,9.23,1,0,11,1,sharma_2021
86.08999999999999,0.3454,2,0,26.3,3,0,6,0,sharma_2021
156.25,2.9212000000000016,2,0,13.14,3,1,10,1,sharma_2021
154.253,2.3612000000000006,1,1,20.23,2,0,11,1,sharma_2021
184.27899999999997,2.9320000000000013,2,0,26.3,5,0,13,0,sharma_2021
160.213,1.1006,3,1,46.53,5,0,11,0,sharma_2021
256.4299999999999,5.250600000000006,2,0,26.3,13,0,18,0,sharma_2021
118.20099999999998,1.6761,2,0,17.07,2,0,7,0,sharma_2021
172.22399999999996,1.5548000000000002,3,0,43.370000000000005,5,0,12,0,sharma_2021
226.40399999999994,5.276500000000005,1,0,17.07,12,0,16,0,sharma_2021
186.295,3.1560000000000015,2,0,26.3,7,0,13,0,sharma_2021
114.14399999999999,1.1256000000000002,2,0,26.3,3,0,8,0,sharma_2021
142.154,0.8521,3,0,35.53,1,0,10,1,sharma_2021
242.27399999999997,2.843300000000001,3,0,35.53,4,2,18,2,sharma_2021
170.164,0.7688,4,0,52.6,1,0,12,1,sharma_2021
152.14899999999997,1.6224,3,0,39.44,3,1,11,1,sharma_2021
146.14499999999998,2.2452999999999994,2,0,30.21,1,2,11,2,sharma_2021
242.4029999999999,4.860500000000005,2,0,26.3,12,0,17,0,sharma_2021
126.19899999999998,2.3218000000000005,1,0,17.07,5,0,9,0,sharma_2021
162.23199999999994,2.551400000000001,1,0,17.07,3,1,12,1,sharma_2021
190.24199999999996,3.088300000000001,2,0,26.3,3,1,14,2,sharma_2021
152.237,2.567800000000001,1,0,17.07,1,0,11,1,sharma_2021
156.22499999999997,2.2723000000000004,2,0,26.3,2,0,11,1,sharma_2021
220.31199999999998,3.3526000000000025,2,0,26.3,7,1,16,1,sharma_2021
135.20999999999995,2.2801,1,0,12.89,2,1,10,1,sharma_2021
270.45699999999994,5.496600000000005,2,0,26.3,13,0,19,0,sharma_2021
164.20399999999995,2.3468,2,0,18.46,3,1,12,1,sharma_2021
198.30599999999995,2.974500000000001,2,0,26.3,8,0,14,0,sharma_2021
204.269,3.086100000000002,2,0,26.3,3,1,15,1,sharma_2021
208.301,3.0183000000000018,2,0,18.46,7,1,15,1,sharma_2021
184.279,2.895100000000001,2,0,34.14,8,0,13,0,sharma_2021
210.31699999999995,3.4662000000000024,2,0,26.3,6,0,15,1,sharma_2021
238.37099999999992,4.246400000000004,2,0,26.3,8,0,17,1,sharma_2021
224.34399999999994,3.8563000000000036,2,0,26.3,7,0,16,1,sharma_2021
156.22499999999997,2.1517999999999997,2,0,26.3,5,0,11,0,sharma_2021
198.30599999999998,3.4662000000000024,2,0,26.3,9,0,14,0,sharma_2021
224.34399999999997,4.022400000000003,2,0,26.3,11,0,16,0,sharma_2021
200.32199999999995,3.6902000000000026,2,0,26.3,9,0,14,0,sharma_2021
240.38699999999994,4.492400000000004,2,0,26.3,9,0,17,0,sharma_2021
194.23,2.1483999999999996,3,0,35.53,4,1,14,1,sharma_2021
238.37099999999992,3.934600000000003,2,0,26.3,4,0,17,2,sharma_2021
174.284,2.9658000000000015,2,0,18.46,8,0,12,0,sharma_2021
290.447,5.821320000000005,2,0,26.3,11,1,21,1,sharma_2021
280.452,5.581200000000006,2,0,26.3,11,0,20,0,sharma_2021
234.33899999999997,3.597000000000002,2,0,26.3,5,1,17,1,sharma_2021
206.285,3.4810000000000025,2,0,26.3,5,1,15,1,sharma_2021
144.214,1.9857,2,0,26.3,4,0,10,0,sharma_2021
168.192,1.7753,3,0,39.44,4,1,12,1,sharma_2021
182.26299999999998,2.5233000000000008,2,0,26.3,5,0,13,0,sharma_2021
192.25800000000004,2.572400000000001,2,0,26.3,5,1,14,1,sharma_2021
160.25699999999998,2.5757000000000003,2,0,18.46,7,0,11,0,sharma_2021
186.295,3.1560000000000015,2,0,26.3,7,0,13,0,sharma_2021
214.30499999999995,2.6774000000000013,3,0,35.53,6,0,15,1,sharma_2021
178.23099999999997,2.1807,2,0,26.3,4,1,13,1,sharma_2021
184.27899999999994,2.910000000000001,2,0,26.3,4,0,13,1,sharma_2021
178.275,2.780200000000001,1,1,20.23,4,1,13,1,sharma_2021
192.25799999999995,2.570800000000001,2,0,26.3,4,1,14,1,sharma_2021
274.404,4.544900000000004,2,0,26.3,9,1,20,1,sharma_2021
164.24799999999996,2.3917000000000006,1,1,20.23,5,1,12,1,sharma_2021
196.29,2.913400000000001,2,0,26.3,6,0,14,0,sharma_2021
138.166,2.09904,2,0,30.21,1,1,10,1,sharma_2021
244.378,4.410500000000004,1,0,17.07,1,1,18,2,sharma_2021
182.219,1.9372999999999996,3,1,38.69,4,1,13,1,sharma_2021
172.17999999999998,0.4877999999999999,4,0,60.44,5,0,12,0,sharma_2021
148.227,1.3026,3,0,26.3,4,0,9,0,sharma_2021
126.15499999999997,0.8005,2,0,34.14,0,0,9,1,sharma_2021
126.15499999999999,0.8005,2,0,34.14,0,0,9,1,sharma_2021
134.20000000000002,0.9124999999999999,3,0,26.3,3,0,8,0,sharma_2021
127.21199999999999,2.06836,2,0,12.89,0,1,8,1,sharma_2021
118.201,1.3285,2,0,17.07,3,0,7,0,sharma_2021
128.196,2.30992,2,0,13.14,1,1,8,1,sharma_2021
182.219,2.3689,3,0,39.44,4,1,13,1,sharma_2021
194.25500000000002,3.306000000000002,3,0,26.28,4,2,13,2,sharma_2021
156.206,2.0593,3,0,30.21,2,1,10,1,sharma_2021
112.12799999999997,1.426,2,0,22.37,2,1,8,1,sharma_2021
142.17899999999997,1.7828,3,0,30.21,1,1,9,1,sharma_2021
126.17999999999999,1.86902,2,0,17.07,1,1,8,1,sharma_2021
116.185,1.0809,2,0,17.07,0,0,7,1,sharma_2021
152.237,2.6862000000000013,1,0,9.23,2,0,11,1,sharma_2021
144.177,1.9382199999999994,2,0,25.78,0,2,11,2,sharma_2021
196.28999999999996,2.7643000000000013,2,0,26.3,1,0,14,2,sharma_2021
136.19799999999998,1.9084199999999998,2,0,25.78,1,1,10,1,sharma_2021
135.20999999999998,2.2801,1,0,12.89,2,1,10,1,sharma_2021
166.22,3.042600000000002,2,0,30.21,5,1,12,1,sharma_2021
170.252,2.9877000000000002,1,1,37.3,8,0,12,0,sharma_2021
273.37600000000003,3.9506000000000023,3,1,52.32,3,1,20,2,sharma_2021
154.253,2.791800000000001,1,0,17.07,2,0,11,1,sharma_2021
194.27399999999997,2.852100000000001,2,0,26.3,3,0,14,1,sharma_2021
194.27399999999997,2.852100000000001,2,0,26.3,3,0,14,1,sharma_2021
141.239,2.5749200000000005,2,0,12.89,1,1,9,1,sharma_2021
129.184,1.5417999999999998,3,0,22.12,2,1,8,1,sharma_2021
158.24099999999996,2.375800000000001,2,0,26.3,5,0,11,0,sharma_2021
134.17799999999997,2.11594,1,0,17.07,1,1,10,1,sharma_2021
122.258,1.6246,2,2,0.0,2,0,6,0,sharma_2021
196.29,3.218600000000002,2,0,26.3,6,0,14,1,sharma_2021
198.30599999999995,3.4426000000000023,2,0,26.3,5,0,14,1,sharma_2021
172.268,3.0676000000000014,1,1,37.3,7,0,12,0,sharma_2021
118.201,1.3269,2,0,17.07,3,0,7,0,sharma_2021
154.253,3.102000000000001,1,0,17.07,7,0,11,0,sharma_2021
142.242,2.5053000000000014,1,1,20.23,6,0,10,0,sharma_2021
144.21399999999997,1.9841,2,0,26.3,3,0,10,0,sharma_2021
114.18799999999997,1.8675,1,0,17.07,3,0,8,0,sharma_2021
150.18099999999998,1.2415999999999998,3,0,42.85,2,1,11,1,sharma_2021
118.201,1.3285,2,0,17.07,3,0,7,0,sharma_2021
152.30900000000003,2.831800000000001,3,0,0.0,4,0,7,0,sharma_2021
162.23199999999997,2.6320000000000014,1,0,17.07,0,0,12,2,sharma_2021
104.17399999999999,0.8953,2,1,17.07,2,0,6,0,sharma_2021
166.21999999999997,1.8432,2,0,29.6,0,0,12,2,sharma_2021
140.211,0.9488999999999999,3,1,25.78,2,1,9,1,sharma_2021
152.222,1.53182,3,0,25.78,0,1,10,2,sharma_2021
194.31799999999996,3.690400000000003,1,0,9.23,0,0,14,2,sharma_2021
178.231,2.556420000000001,2,0,26.3,2,1,13,1,sharma_2021
182.219,2.513000000000001,3,0,39.44,5,1,13,1,sharma_2021
190.24200000000002,2.6960000000000006,2,0,26.3,3,1,14,1,sharma_2021
129.184,1.4601199999999999,3,0,22.12,1,1,8,1,sharma_2021
232.36999999999998,2.4766000000000004,4,0,18.46,0,0,14,3,sharma_2021
193.24599999999992,2.2951000000000006,3,1,38.33,4,1,14,1,sharma_2021
186.32,2.7001000000000013,2,1,17.07,1,0,12,1,sharma_2021
196.246,3.016700000000002,3,0,39.44,6,1,14,1,sharma_2021
224.29999999999998,3.6833000000000027,3,0,39.44,8,1,16,1,sharma_2021
137.182,1.7106,2,0,22.0,2,1,10,1,sharma_2021
174.265,1.6778000000000002,3,0,34.14,6,0,11,0,sharma_2021
198.30599999999998,3.2985000000000024,2,0,26.3,6,0,14,1,sharma_2021
130.212,1.8422,2,0,17.07,3,0,8,0,sharma_2021
204.26900000000003,2.738500000000001,2,0,26.3,4,1,15,1,sharma_2021
118.201,1.3285,2,0,17.07,4,0,7,0,sharma_2021
192.30199999999996,3.5141000000000027,1,0,17.07,2,0,14,1,sharma_2021
172.268,3.0676000000000014,1,1,37.3,7,0,12,0,sharma_2021
216.23600000000002,3.1233000000000013,3,0,39.44,3,2,16,2,sharma_2021
190.308,2.4713000000000003,3,0,26.3,6,0,12,0,sharma_2021
184.23499999999999,1.8414,3,0,43.370000000000005,2,0,13,1,sharma_2021
142.19799999999998,1.7617,2,0,26.3,4,0,10,0,sharma_2021
125.17099999999998,1.85384,2,0,26.03,1,1,9,1,sharma_2021
106.19,0.6855,2,2,20.23,1,0,6,0,sharma_2021
158.24099999999999,2.6775,1,1,37.3,6,0,11,0,sharma_2021
194.36500000000004,2.1957000000000013,3,2,20.23,4,0,11,0,sharma_2021
192.25799999999998,2.9465200000000014,2,0,26.3,3,1,14,1,sharma_2021
152.23699999999997,2.4237,1,0,17.07,2,0,11,1,sharma_2021
192.21399999999997,1.9368999999999996,3,0,35.53,3,1,14,2,sharma_2021
180.294,0.8834,4,2,40.46,0,0,10,1,sharma_2021
222.265,3.421940000000002,4,0,43.35,2,2,15,2,sharma_2021
168.236,2.4535,1,1,37.3,2,0,12,1,sharma_2021
264.409,4.3247000000000035,2,0,26.3,1,0,19,3,sharma_2021
118.20100000000001,1.0936,2,1,9.23,0,0,7,1,sharma_2021
160.263,2.790800000000001,3,0,13.14,3,1,9,1,sharma_2021
170.233,2.4494000000000007,3,0,30.21,3,1,11,1,sharma_2021
142.179,1.7029999999999998,3,0,30.21,3,1,9,1,sharma_2021
126.18399999999998,0.9063999999999999,3,1,25.78,1,1,8,1,sharma_2021
158.24099999999999,1.7642,2,1,37.3,6,0,11,0,sharma_2021
228.332,2.371200000000001,3,1,46.53,3,0,16,1,sharma_2021
140.18199999999996,1.5267,2,0,26.3,3,0,10,0,sharma_2021
254.39499999999998,4.608120000000004,3,0,30.21,8,1,17,1,sharma_2021
254.39499999999998,4.319920000000003,3,0,30.21,6,1,17,1,sharma_2021
263.296,3.641200000000002,3,1,52.32,2,3,20,3,sharma_2021
140.226,2.711900000000001,1,0,17.07,5,0,10,0,sharma_2021
126.199,2.3218000000000005,1,0,17.07,5,0,9,0,sharma_2021
118.20099999999998,1.2837999999999998,2,1,17.07,2,0,7,0,sharma_2021
212.33299999999997,3.544500000000003,2,0,26.3,3,0,15,1,sharma_2021
236.39899999999997,4.263900000000004,1,0,9.23,1,0,17,3,sharma_2021
224.34399999999994,4.020800000000003,2,0,26.3,7,0,16,0,sharma_2021
106.146,0.38930000000000003,2,2,37.3,1,0,6,0,sharma_2021
210.31699999999995,3.4646000000000026,2,0,26.3,3,0,15,1,sharma_2021
297.267,3.325540000000003,6,0,129.42000000000002,3,1,21,1,sharma_2021
242.274,2.791700000000002,3,1,46.53,4,2,18,2,sharma_2021
206.19399999999996,-1.1656,6,2,93.06000000000002,5,0,14,0,sharma_2021
198.30599999999998,3.1544000000000016,2,0,26.3,1,0,14,1,sharma_2021
180.24699999999996,2.4090000000000007,2,0,18.46,4,1,13,1,sharma_2021
164.20399999999995,2.3106999999999998,2,0,26.3,2,1,12,1,sharma_2021
154.165,0.8930999999999998,3,2,49.69,2,1,11,1,sharma_2021
170.25199999999998,2.3742,2,0,26.3,1,0,12,1,sharma_2021
147.268,1.8423,3,0,12.36,4,0,8,0,sharma_2021
268.31199999999995,3.6429000000000027,3,0,35.53,5,2,20,2,sharma_2021
154.253,2.1935000000000007,1,1,20.23,1,0,11,2,sharma_2021
152.19299999999998,1.5008,2,0,34.14,0,0,11,1,sharma_2021
152.19299999999996,1.978,2,0,18.46,3,1,11,1,sharma_2021
166.26399999999998,3.246100000000002,1,0,17.07,4,0,12,1,sharma_2021
116.15999999999998,1.1578,2,0,18.46,0,0,8,1,sharma_2021
132.206,3.0281200000000013,0,0,0.0,1,1,10,1,sharma_2021
182.263,2.3742,2,0,26.3,2,0,13,2,sharma_2021
224.29999999999995,2.501100000000001,3,0,43.370000000000005,5,0,16,1,sharma_2021
104.218,2.1048000000000004,1,1,0.0,2,0,6,0,sharma_2021
172.26799999999994,2.910000000000001,2,0,26.3,7,0,12,0,sharma_2021
120.242,2.1836,2,0,0.0,3,0,6,0,sharma_2021
118.201,1.6761,2,0,17.07,2,0,7,0,sharma_2021
172.26799999999997,2.6218000000000012,2,0,26.3,5,0,12,0,sharma_2021
120.15099999999997,2.0352,1,1,20.23,1,1,9,1,sharma_2021
152.19299999999996,1.9631999999999996,2,1,29.46,2,1,11,1,sharma_2021
206.28499999999994,2.8184000000000013,2,0,26.3,5,1,15,1,sharma_2021
102.13299999999998,0.3463,2,1,37.3,2,0,7,0,sharma_2021
190.28600000000003,3.1883000000000017,1,0,9.23,4,1,14,2,sharma_2021
113.18499999999999,1.7599399999999998,2,0,12.89,0,1,7,1,sharma_2021
114.14399999999999,0.9446,2,0,34.14,3,0,8,0,sharma_2021
178.23100000000002,2.1807,2,0,26.3,3,1,13,1,sharma_2021
204.35699999999994,4.270900000000004,0,0,0.0,1,0,15,3,sharma_2021
270.45699999999994,5.640700000000006,2,0,26.3,14,0,19,0,sharma_2021
132.159,0.3204000000000001,3,1,46.53,3,0,9,0,sharma_2021
186.295,3.1560000000000015,2,0,26.3,5,0,13,0,sharma_2021
220.31199999999998,3.2085000000000017,2,0,26.3,6,1,16,1,sharma_2021
222.23999999999995,2.1144999999999996,4,0,44.760000000000005,3,1,16,2,sharma_2021
170.25199999999998,2.6624000000000008,2,0,26.3,3,0,12,1,sharma_2021
186.29499999999996,3.3001000000000023,2,0,26.3,8,0,13,0,sharma_2021
176.25899999999993,2.9415000000000013,1,0,17.07,4,1,13,1,sharma_2021
178.275,2.636100000000001,1,1,20.23,4,1,13,1,sharma_2021
141.23899999999998,2.3416000000000006,2,0,12.89,2,1,9,1,sharma_2021
126.15499999999997,1.5714000000000001,2,1,37.3,1,0,9,1,sharma_2021
128.12699999999995,0.7636999999999998,3,1,46.53,0,0,9,1,sharma_2021
152.237,2.117,1,1,20.23,3,0,11,0,sharma_2021
222.32799999999997,3.408400000000002,2,0,18.46,8,1,16,1,sharma_2021
120.15499999999999,1.5097,2,0,25.78,1,1,9,1,sharma_2021
156.22499999999997,2.1282000000000005,2,0,26.3,3,0,11,1,sharma_2021
224.3,3.7969000000000026,3,0,39.44,8,1,16,1,sharma_2021
144.21399999999997,1.9857,2,0,26.3,4,0,10,0,sharma_2021
211.34899999999996,2.8309000000000015,1,1,29.1,3,0,15,1,sharma_2021
146.18599999999998,0.5664,3,1,46.53,3,0,10,0,sharma_2021
162.23199999999997,2.4542,1,0,17.07,4,1,12,1,sharma_2021
128.21499999999997,2.354,1,0,9.23,2,0,9,1,sharma_2021
209.37699999999995,5.211080000000005,1,0,23.79,11,0,15,0,sharma_2021
154.253,2.1935000000000002,1,1,20.23,0,0,11,2,sharma_2021
192.21399999999994,1.7927999999999995,3,0,35.53,3,1,14,2,sharma_2021
337.4630000000001,5.351800000000005,3,0,38.66,5,2,25,2,sharma_2021
148.205,2.12652,1,0,17.07,3,1,11,1,sharma_2021
178.23099999999997,2.0726999999999998,2,0,26.3,4,1,13,1,sharma_2021
190.28599999999994,3.1156000000000015,1,0,17.07,3,1,14,1,sharma_2021
162.27899999999997,1.7553,2,0,17.07,5,0,9,0,sharma_2021
132.22799999999998,1.9221,2,0,17.07,2,0,8,0,sharma_2021
141.195,1.7358,3,0,29.96,2,1,9,1,sharma_2021
152.237,2.711900000000001,1,0,17.07,1,0,11,1,sharma_2021
152.309,2.4606000000000003,3,0,0.0,0,0,7,1,sharma_2021
171.284,2.0507,1,1,29.1,3,0,12,0,sharma_2021
148.271,1.9004999999999999,2,1,20.23,5,0,9,0,sharma_2021
148.227,1.3026,3,0,26.3,4,0,9,0,sharma_2021
140.182,1.8174000000000001,2,1,37.3,1,0,10,1,sharma_2021
212.33299999999997,2.885200000000001,2,1,29.46,0,0,15,2,sharma_2021
222.37199999999999,3.609800000000003,1,1,20.23,0,0,16,3,sharma_2021
150.22099999999998,2.1776999999999997,1,0,17.07,0,0,11,3,sharma_2021
162.232,3.0595000000000017,1,0,17.07,4,1,12,1,sharma_2021
88.175,1.5354,1,0,0.0,2,0,5,0,sharma_2021
197.28099999999998,3.9278800000000027,1,0,23.79,1,1,15,2,sharma_2021
178.18699999999998,1.7349999999999999,3,1,46.53,3,1,13,1,sharma_2021
164.248,3.1739200000000016,1,0,9.23,4,1,12,1,sharma_2021
168.23599999999996,2.1332000000000004,2,0,26.3,4,0,12,0,sharma_2021
158.24099999999999,2.375800000000001,2,0,26.3,5,0,11,0,sharma_2021
204.22499999999997,2.500120000000001,3,0,39.44,2,2,15,2,sharma_2021
168.19199999999998,1.5765,3,0,43.370000000000005,2,0,12,1,sharma_2021
196.20199999999997,1.6119999999999999,4,1,55.760000000000005,3,1,14,1,sharma_2021
147.22099999999998,2.3531200000000005,1,1,12.03,0,1,11,2,sharma_2021
234.33900000000003,4.2039000000000035,2,0,26.3,8,1,17,1,sharma_2021
166.26399999999998,3.246100000000002,1,0,17.07,5,0,12,1,sharma_2021
176.168,-0.5265000000000002,5,1,72.83,4,0,12,0,sharma_2021
146.22999999999996,2.1856,2,0,18.46,6,0,10,0,sharma_2021
200.32199999999997,3.5461000000000027,2,0,26.3,8,0,14,0,sharma_2021
278.308,3.7703200000000034,4,0,86.28,2,1,20,2,sharma_2021
180.20299999999997,1.9063999999999999,3,0,35.53,4,1,13,1,sharma_2021
164.20399999999998,2.2879000000000005,2,0,26.3,3,1,12,1,sharma_2021
226.27499999999998,3.1431200000000015,2,0,26.3,3,2,17,2,sharma_2021
254.32899999999998,3.4051000000000027,2,0,26.3,6,2,19,2,sharma_2021
154.25300000000001,2.6698000000000013,1,1,20.23,4,0,11,0,sharma_2021
171.24299999999997,3.358200000000002,1,0,12.89,1,2,13,2,sharma_2021
144.21399999999997,2.1298000000000004,2,0,26.3,5,0,10,0,sharma_2021
266.29699999999997,3.725760000000003,4,0,86.28,2,1,19,1,sharma_2021
150.17699999999996,1.9203199999999996,2,0,26.3,1,1,11,1,sharma_2021
188.389,3.3260000000000005,5,0,0.0,0,0,7,1,sharma_2021
204.35699999999997,5.0354000000000045,0,0,0.0,4,0,15,1,sharma_2021
134.17799999999997,2.1207,1,1,20.23,2,1,10,1,sharma_2021
138.12199999999999,1.1209,3,1,38.69,0,1,10,2,sharma_2021
150.221,3.1784000000000017,1,0,13.14,3,1,11,1,sharma_2021
152.23699999999997,2.733900000000001,1,0,17.07,3,0,11,0,sharma_2021
150.17699999999996,1.8978,2,0,26.3,2,1,11,1,sharma_2021
241.24599999999998,2.6371,2,2,66.4,3,2,18,2,sharma_2021
136.14999999999998,0.8615999999999999,2,1,37.3,2,1,10,1,sharma_2021
115.201,1.7452,2,0,12.36,2,0,7,0,sharma_2021
180.20299999999997,1.959,3,1,46.53,3,1,13,1,sharma_2021
151.165,1.2583,3,0,39.19,2,1,11,1,sharma_2021
104.218,2.1048000000000004,1,1,0.0,2,0,6,0,sharma_2021
121.18299999999996,2.0341,1,0,12.89,2,1,9,1,sharma_2021
186.25099999999998,2.3907,2,1,54.370000000000005,8,0,13,0,sharma_2021
228.37599999999992,4.470400000000004,2,0,26.3,11,0,16,0,sharma_2021
186.29499999999996,3.3001000000000023,2,0,26.3,8,0,13,0,sharma_2021
130.14299999999997,0.5286,3,0,43.370000000000005,3,0,9,0,sharma_2021
129.228,2.2794,2,0,12.36,4,0,8,0,sharma_2021
133.19399999999996,2.0446999999999997,1,1,12.03,0,1,10,2,sharma_2021
114.16899999999998,1.2403999999999997,2,1,20.23,1,1,7,1,sharma_2021
232.282,4.070800000000002,1,0,17.07,2,3,18,3,sharma_2021
121.18299999999996,2.205,1,0,12.89,1,1,9,1,sharma_2021
152.14899999999997,1.2133,3,1,46.53,2,1,11,1,sharma_2021
188.31099999999995,3.355900000000002,2,0,18.46,9,0,13,0,sharma_2021
152.19299999999998,2.1514999999999995,2,0,26.3,0,0,11,2,sharma_2021
184.27899999999997,2.719800000000001,2,0,18.46,0,0,13,2,sharma_2021
180.24699999999996,2.7582000000000013,2,0,18.46,5,1,13,1,sharma_2021
174.24299999999997,2.7680000000000016,1,0,17.07,1,1,13,2,sharma_2021
100.16099999999999,1.335,1,1,20.23,4,0,7,0,sharma_2021
133.14999999999998,1.5668799999999998,2,0,33.019999999999996,1,1,10,1,sharma_2021
196.35900000000004,4.651100000000004,1,0,0.0,7,1,13,1,sharma_2021
112.17200000000001,2.0907,1,0,9.23,1,0,8,1,sharma_2021
228.37599999999995,4.280200000000004,2,0,18.46,2,0,16,1,sharma_2021
199.33799999999997,3.215300000000002,1,0,20.310000000000002,8,0,14,0,sharma_2021
148.20499999999998,2.3203000000000005,1,0,9.23,1,1,11,2,sharma_2021
162.23199999999997,2.4542,1,0,17.07,3,1,12,1,sharma_2021
186.29499999999996,3.3001000000000023,2,0,26.3,8,0,13,0,sharma_2021
170.25199999999992,2.518300000000001,2,0,26.3,2,0,12,1,sharma_2021
170.252,2.5199000000000007,2,0,26.3,5,0,12,1,sharma_2021
163.264,3.2044000000000015,1,0,12.89,5,1,12,1,sharma_2021
154.253,2.6477000000000013,1,0,17.07,1,0,11,1,sharma_2021
250.38199999999998,3.900400000000003,2,0,18.46,8,1,18,1,sharma_2021
266.3399999999999,4.2218000000000035,2,2,40.46,5,2,20,2,sharma_2021
177.29100000000003,3.594500000000002,1,0,12.89,6,1,13,1,sharma_2021
308.50600000000003,4.697200000000004,2,2,40.46,4,0,22,2,sharma_2021
230.3069999999999,3.0166000000000013,2,0,26.3,0,0,17,3,sharma_2021
136.19399999999996,2.2576,1,0,9.23,2,1,10,1,sharma_2021
90.14699999999999,0.8959,2,0,17.07,0,0,5,0,sharma_2021
140.25099999999998,3.090700000000002,1,0,0.0,3,1,9,1,sharma_2021
136.19399999999996,2.39372,1,0,9.23,2,1,10,1,sharma_2021
171.243,3.358200000000002,1,0,12.89,1,2,13,2,sharma_2021
185.27,3.433300000000002,1,0,12.89,2,2,14,2,sharma_2021
182.219,2.6266000000000007,3,0,39.44,5,1,13,1,sharma_2021
162.23199999999994,2.5514,1,0,17.07,3,1,12,1,sharma_2021
128.171,1.5157,2,0,26.3,4,0,9,0,sharma_2021
234.20399999999998,-0.9833000000000001,7,1,99.13000000000002,5,0,16,0,sharma_2021
146.23,2.1856,2,0,18.46,6,0,10,0,sharma_2021
109.12799999999999,1.0901999999999998,2,0,22.12,1,1,8,1,sharma_2021
172.268,2.719800000000001,2,0,18.46,4,0,12,1,sharma_2021
110.15599999999998,2.1504200000000004,1,0,13.14,1,1,8,1,sharma_2021
184.23800000000003,3.787320000000002,1,0,9.23,2,2,14,2,sharma_2021
158.24099999999996,2.3297,2,0,18.46,5,0,11,1,sharma_2021
114.18799999999999,1.7250999999999999,1,1,20.23,4,0,8,0,sharma_2021
256.3859999999999,3.850900000000003,3,0,35.53,0,0,18,1,sharma_2021
136.194,1.52982,1,1,20.23,2,1,10,1,sharma_2021
128.171,1.5157,2,0,26.3,4,0,9,0,sharma_2021
153.269,3.650680000000003,1,0,23.79,7,0,11,0,sharma_2021
204.31299999999996,3.8035400000000026,1,0,17.07,1,1,15,1,sharma_2021
172.26799999999997,2.765900000000001,2,0,26.3,6,0,12,0,sharma_2021
206.42,4.4600000000000035,2,0,0.0,7,0,12,0,sharma_2021
192.258,2.775900000000001,2,0,26.3,2,1,14,1,sharma_2021
136.14999999999998,1.2642999999999995,2,0,26.3,3,1,10,1,sharma_2021
182.21899999999997,1.9865999999999997,3,0,27.69,4,1,13,1,sharma_2021
162.18800000000002,2.2203999999999997,2,0,26.3,2,1,12,1,sharma_2021
164.20399999999998,2.0581199999999997,2,0,26.3,2,1,12,1,sharma_2021
198.30599999999995,2.9658000000000015,2,0,18.46,0,0,14,2,sharma_2021
101.174,1.4976,2,0,12.36,1,0,6,0,sharma_2021
242.40299999999996,4.716400000000005,2,0,26.3,11,0,17,0,sharma_2021
284.484,6.030800000000006,2,0,26.3,15,0,20,0,sharma_2021
154.253,2.9579000000000013,1,0,17.07,5,0,11,0,sharma_2021
204.26900000000003,3.1761000000000017,2,0,26.3,2,1,15,2,sharma_2021
146.255,2.4563000000000006,2,0,17.07,4,0,9,0,sharma_2021
210.414,4.036200000000002,4,0,0.0,7,0,10,0,sharma_2021
158.24099999999999,2.375800000000001,2,0,26.3,5,0,11,0,sharma_2021
130.23700000000002,2.3452200000000007,2,1,0.0,0,1,7,1,sharma_2021
238.4149999999999,5.420600000000006,1,0,17.07,0,0,17,1,sharma_2021
152.19299999999998,2.09932,2,1,29.46,2,1,11,1,sharma_2021
140.21099999999998,1.50692,3,0,25.78,1,1,9,1,sharma_2021
198.34999999999994,4.306100000000004,1,0,9.23,1,0,14,1,sharma_2021
168.624,-0.44099999999999967,3,3,89.33999999999999,4,0,10,0,sharma_2021
138.166,1.70922,2,1,29.46,1,1,10,1,sharma_2021
150.22099999999998,2.0016000000000003,1,1,20.23,4,1,11,1,sharma_2021
113.18499999999997,1.6653,2,0,12.36,3,0,7,0,sharma_2021
99.15799999999999,1.45152,2,0,12.89,0,1,6,1,sharma_2021
154.325,3.0558000000000014,3,0,0.0,4,0,7,0,sharma_2021
174.28399999999996,2.9658000000000015,2,0,18.46,8,0,12,0,sharma_2021
252.44199999999992,5.810700000000006,1,0,17.07,0,0,18,1,sharma_2021
160.326,3.709900000000003,1,0,0.0,7,0,10,0,sharma_2021
105.20600000000002,0.6982,2,1,26.02,3,0,6,0,sharma_2021
194.22999999999996,2.4007000000000005,3,0,35.53,4,1,14,1,sharma_2021
76.11999999999999,0.11509999999999992,2,1,17.07,1,0,4,0,sharma_2021
113.185,1.7599399999999998,2,0,12.89,0,1,7,1,sharma_2021
150.312,3.1846000000000023,2,0,0.0,3,0,8,0,sharma_2021
94.157,2.2827,0,0,0.0,0,0,7,1,sharma_2021
144.214,2.2874,1,1,37.3,5,0,10,0,sharma_2021
172.26799999999997,2.719800000000001,2,0,18.46,6,0,12,1,sharma_2021
143.255,2.669500000000001,2,0,12.36,5,0,9,0,sharma_2021
138.23499999999999,2.1589000000000005,1,1,0.0,2,1,9,1,sharma_2021
161.29500000000002,2.2324,3,0,12.36,5,0,9,0,sharma_2021
134.2,0.9125,3,0,26.3,3,0,8,0,sharma_2021
152.19299999999996,2.0122199999999992,2,0,18.46,2,1,11,1,sharma_2021
121.18299999999996,2.0341,1,0,12.89,2,1,9,1,sharma_2021
196.202,1.5012400000000001,4,2,66.76,1,1,14,1,sharma_2021
194.23000000000002,0.9628999999999999,3,1,38.69,2,1,14,2,sharma_2021
116.204,2.2131,1,0,9.23,5,0,8,0,sharma_2021
190.28600000000003,3.333400000000002,1,0,17.07,4,1,14,1,sharma_2021
182.30699999999993,3.5720000000000027,1,0,17.07,3,0,13,1,sharma_2021
238.37099999999992,4.390500000000004,2,0,26.3,0,0,17,1,sharma_2021
128.171,1.5157,2,0,26.3,3,0,9,0,sharma_2021
166.22,1.8856,2,0,26.3,1,0,12,1,sharma_2021
92.163,0.34169999999999995,2,1,20.23,2,0,5,0,sharma_2021
168.236,2.4535,2,1,37.3,1,0,12,1,sharma_2021
124.227,3.142800000000002,0,0,0.0,0,0,9,1,sharma_2021
158.19699999999997,1.1647,3,0,43.370000000000005,4,0,11,0,sharma_2021
129.228,2.1353,2,0,12.36,3,0,8,0,sharma_2021
174.28399999999993,2.9658000000000015,2,0,18.46,8,0,12,0,sharma_2021
122.258,1.6261999999999999,2,2,0.0,3,0,6,0,sharma_2021
178.275,3.0458000000000016,1,0,9.23,6,1,13,1,sharma_2021
154.23399999999995,2.730900000000001,2,0,17.07,3,1,10,1,sharma_2021
206.28500000000003,2.9323000000000015,2,0,18.46,1,1,15,2,sharma_2021
240.3869999999999,4.492400000000004,2,0,26.3,11,0,17,0,sharma_2021
142.242,2.1951,1,1,20.23,2,0,10,1,sharma_2021
186.295,3.3001000000000023,2,0,26.3,10,0,13,0,sharma_2021
200.32199999999995,3.6902000000000026,2,0,26.3,9,0,14,0,sharma_2021
220.31199999999998,3.3526000000000025,2,0,26.3,7,1,16,1,sharma_2021
248.366,4.594000000000004,2,0,26.3,9,1,18,1,sharma_2021
234.339,3.742700000000003,2,0,26.3,8,1,17,1,sharma_2021
220.312,3.7002000000000024,2,0,26.3,7,1,16,1,sharma_2021
242.40299999999993,4.8605000000000045,2,0,26.3,12,0,17,0,sharma_2021
200.32199999999997,3.5461000000000027,2,0,26.3,8,0,14,0,sharma_2021
150.177,1.4365999999999999,2,0,26.3,3,1,11,1,sharma_2021
69.107,0.851,1,0,12.36,0,0,5,1,sharma_2021
158.33800000000002,2.923800000000001,4,0,0.0,3,0,6,0,sharma_2021
166.21999999999997,2.2661999999999995,2,0,18.46,3,1,12,1,sharma_2021
158.24099999999999,2.518300000000001,2,0,26.3,5,0,11,0,sharma_2021
152.218,2.1898,2,0,17.07,1,1,10,1,sharma_2021
182.37900000000002,3.8328000000000033,3,0,0.0,4,0,9,0,sharma_2021
130.231,2.3376000000000006,1,1,20.23,5,0,9,0,sharma_2021
151.165,1.5057999999999998,2,0,43.14,3,1,11,1,sharma_2021
226.3599999999999,4.222800000000004,2,0,26.3,1,0,16,1,sharma_2021
242.40299999999993,4.8605000000000045,2,0,26.3,12,0,17,0,sharma_2021
198.30599999999993,3.4426000000000023,2,0,26.3,5,0,14,1,sharma_2021
154.23399999999998,2.1250000000000004,2,1,9.23,2,1,10,1,sharma_2021
130.237,2.1778999999999997,2,1,0.0,1,1,7,1,sharma_2021
168.19199999999998,1.9788,3,0,39.44,3,1,12,1,sharma_2021
126.15499999999997,1.8161,2,0,22.37,3,1,9,1,sharma_2021
194.27399999999997,2.6282000000000005,2,0,18.46,6,1,14,1,sharma_2021
142.19799999999998,1.9058,2,0,26.3,5,0,10,0,sharma_2021
164.24799999999996,3.1270200000000017,1,0,9.23,2,1,12,1,sharma_2021
174.19599999999997,0.7025999999999999,4,0,44.760000000000005,3,0,12,1,sharma_2021
248.366,4.480400000000004,2,0,26.3,9,1,18,1,sharma_2021
200.32199999999997,3.6902000000000026,2,0,26.3,9,0,14,0,sharma_2021
242.40299999999993,4.860500000000005,2,0,26.3,12,0,17,0,sharma_2021
136.194,2.3120399999999997,1,0,9.23,1,1,10,1,sharma_2021
143.255,2.7809800000000013,2,0,23.79,5,0,9,0,sharma_2021
194.22999999999996,1.9369199999999998,3,0,35.53,4,1,14,1,sharma_2021
156.269,2.751300000000001,1,1,20.23,6,0,11,0,sharma_2021
214.34899999999993,4.080300000000004,2,0,26.3,10,0,15,0,sharma_2021
278.436,5.357200000000006,2,0,26.3,9,0,20,0,sharma_2021
220.312,3.813800000000003,2,0,26.3,7,1,16,1,sharma_2021
134.20000000000002,1.2142,2,1,37.3,4,0,8,0,sharma_2021
190.24200000000005,2.6530000000000014,2,0,26.3,4,1,14,1,sharma_2021
180.20299999999997,1.8719,3,0,35.53,3,1,13,1,sharma_2021
176.25900000000001,2.9433000000000016,1,0,17.07,3,1,13,1,sharma_2021
206.285,2.9625000000000012,2,0,26.3,6,1,15,1,sharma_2021
116.21,2.0368,2,1,0.0,0,1,6,1,sharma_2021
136.238,2.9987000000000013,0,0,0.0,0,0,10,3,sharma_2021
152.237,2.401700000000001,1,0,17.07,0,0,11,2,sharma_2021
179.21899999999994,1.5392,3,0,29.540000000000003,2,1,13,1,sharma_2021
194.22999999999996,1.1546999999999998,3,1,46.53,5,1,14,1,sharma_2021
186.29499999999996,3.0103000000000018,2,0,26.3,5,0,13,0,sharma_2021
234.339,4.090300000000004,2,0,26.3,8,1,17,1,sharma_2021
192.258,2.9200000000000017,2,0,26.3,5,1,14,1,sharma_2021
200.281,4.018700000000003,1,0,9.23,4,2,15,2,sharma_2021
98.10099999999998,0.7911999999999999,2,1,37.3,0,0,7,1,sharma_2021
210.31699999999998,3.3035000000000023,2,0,26.3,7,0,15,0,sharma_2021
202.33799999999997,3.4578000000000024,2,0,18.46,8,0,14,0,sharma_2021
144.258,2.583600000000001,1,1,20.23,4,0,10,0,sharma_2021
164.24799999999996,2.2476000000000007,1,1,20.23,3,1,12,1,sharma_2021
170.20799999999997,2.3512000000000004,3,0,31.6,5,1,12,1,sharma_2021
154.18999999999997,1.5198,3,0,34.14,2,1,10,1,sharma_2021
140.20699999999997,2.2591200000000002,2,0,17.07,1,1,9,1,sharma_2021
140.207,2.2591200000000002,2,0,17.07,1,1,9,1,sharma_2021
156.269,2.441100000000001,1,1,20.23,2,0,11,1,sharma_2021
126.19899999999998,2.3218000000000005,1,0,17.07,4,0,9,0,sharma_2021
156.275,3.056700000000001,2,0,0.0,2,1,9,1,sharma_2021
162.232,2.4317,1,0,9.23,5,1,12,1,sharma_2021
174.28699999999998,4.151520000000003,0,0,0.0,2,1,13,1,sharma_2021
178.23099999999997,2.700520000000001,2,0,26.3,3,1,13,1,sharma_2021
230.39199999999997,4.526200000000004,2,0,18.46,12,0,16,0,sharma_2021
269.29999999999995,3.232400000000002,4,0,47.89,4,2,20,2,sharma_2021
74.12299999999999,0.7771999999999999,1,1,20.23,1,0,5,0,sharma_2021
152.19299999999998,1.3661199999999998,2,1,29.46,3,1,11,1,sharma_2021
150.22099999999998,3.0967200000000012,1,0,13.14,2,1,11,1,sharma_2021
113.18499999999997,1.7055,2,0,12.89,1,1,7,1,sharma_2021
141.239,2.2679,2,0,12.89,2,1,9,1,sharma_2021
136.19799999999998,1.73752,2,0,25.78,2,1,10,1,sharma_2021
150.225,2.1276200000000003,2,0,25.78,3,1,11,1,sharma_2021
148.227,1.3026,3,0,26.3,4,0,9,0,sharma_2021
176.28099999999998,2.0827999999999998,3,0,26.3,6,0,11,0,sharma_2021
178.297,2.1386000000000003,3,0,18.46,7,0,11,0,sharma_2021
120.173,0.5223999999999999,3,0,26.3,2,0,7,0,sharma_2021
328.49300000000017,5.183900000000006,4,0,52.60000000000001,16,0,23,0,sharma_2021
194.27399999999997,2.3742,2,0,26.3,1,0,14,3,sharma_2021
112.12799999999999,0.878,2,0,26.3,0,0,8,1,sharma_2021
238.37099999999992,4.244800000000004,2,0,26.3,5,0,17,1,sharma_2021
168.28,3.1578000000000017,1,0,9.23,2,0,12,1,sharma_2021
154.20899999999997,1.9058,2,0,26.3,2,0,11,1,sharma_2021
149.237,2.8924800000000017,1,0,23.79,1,0,11,1,sharma_2021
168.27999999999997,2.751300000000001,1,1,20.23,3,0,12,1,sharma_2021
148.20499999999998,2.3791,1,0,17.07,3,1,11,1,sharma_2021
168.236,2.3179000000000007,2,0,26.3,4,0,12,0,sharma_2021
168.236,2.4620000000000006,2,0,26.3,5,0,12,0,sharma_2021
192.30199999999996,2.9174000000000015,1,1,20.23,2,0,14,2,sharma_2021
188.26999999999998,3.412200000000002,1,0,17.07,4,1,14,1,sharma_2021
190.28599999999994,3.502500000000002,1,0,17.07,4,1,14,1,sharma_2021
180.29099999999997,3.3480000000000025,1,0,17.07,1,0,13,1,sharma_2021
180.29099999999997,3.2039000000000017,1,0,17.07,1,0,13,1,sharma_2021
206.285,2.540300000000001,2,0,26.3,2,0,15,3,sharma_2021
204.35699999999997,5.0354000000000045,0,0,0.0,3,0,15,1,sharma_2021
152.237,2.2576,1,0,17.07,0,0,11,2,sharma_2021
144.21399999999997,1.7938999999999998,2,0,18.46,2,0,10,1,sharma_2021
170.25199999999998,2.5199000000000007,2,0,26.3,5,0,12,1,sharma_2021
156.26899999999998,2.749700000000002,1,1,20.23,5,0,11,0,sharma_2021
156.26899999999998,2.893800000000002,1,1,20.23,4,0,11,0,sharma_2021
154.25299999999996,2.6698000000000017,1,1,20.23,3,0,11,0,sharma_2021
158.285,2.9737000000000022,1,1,20.23,5,0,11,0,sharma_2021
154.253,2.3612000000000006,1,1,20.23,2,0,11,1,sharma_2021
214.30499999999995,2.5349000000000004,3,0,35.53,5,0,15,1,sharma_2021
182.307,3.237700000000002,1,0,9.23,2,0,13,2,sharma_2021
160.213,0.9564999999999999,3,1,46.53,4,0,11,0,sharma_2021
270.4599999999999,5.840200000000006,0,0,0.0,1,1,20,3,sharma_2021
198.30599999999995,3.4662000000000024,2,0,26.3,8,0,14,0,sharma_2021
190.283,2.2022000000000004,3,0,27.69,9,0,13,0,sharma_2021
127.21199999999999,2.0956,2,0,12.89,2,1,8,1,sharma_2021
127.21199999999999,2.0554,2,0,12.36,4,0,8,0,sharma_2021
176.215,1.9042999999999999,2,0,18.46,0,1,13,3,sharma_2021
122.17099999999998,1.4290999999999998,2,0,25.78,2,1,9,1,sharma_2021
179.219,1.834,3,1,52.32,2,1,13,1,sharma_2021
277.408,4.566300000000004,3,1,52.32,10,1,20,1,sharma_2021
144.21399999999997,2.1281999999999996,2,0,26.3,4,0,10,0,sharma_2021
156.26899999999998,2.8954000000000018,1,1,20.23,7,0,11,0,sharma_2021
154.25299999999996,2.6714000000000016,1,1,20.23,6,0,11,0,sharma_2021
150.225,2.04594,2,0,25.78,2,1,11,1,sharma_2021
120.217,1.1219,2,1,20.23,4,0,7,0,sharma_2021
168.305,3.8709000000000033,1,0,0.0,5,1,11,1,sharma_2021
188.31099999999998,3.355900000000002,2,0,18.46,9,0,13,0,sharma_2021
152.237,1.9695000000000005,1,1,20.23,0,0,11,3,sharma_2021
136.19400000000002,1.52982,1,1,20.23,2,1,10,1,sharma_2021
236.39899999999997,4.263900000000004,1,0,9.23,1,0,17,3,sharma_2021
132.228,1.6739,2,1,17.07,2,0,8,0,sharma_2021
152.237,1.9710999999999999,1,1,20.23,1,0,11,3,sharma_2021
158.24099999999999,2.5199000000000007,2,0,26.3,6,0,11,0,sharma_2021
198.30599999999998,3.1544000000000016,2,0,26.3,1,0,14,1,sharma_2021
168.27999999999997,3.0378000000000016,1,0,17.07,1,0,12,1,sharma_2021
164.248,2.3084200000000004,1,1,20.23,2,1,12,1,sharma_2021
194.27399999999997,3.0013000000000014,2,0,18.46,2,1,14,1,sharma_2021
128.21499999999997,2.1136000000000004,1,1,20.23,4,0,9,0,sharma_2021
230.35100000000003,4.629400000000005,1,0,17.07,8,1,17,1,sharma_2021
210.31699999999995,3.1544000000000016,2,0,26.3,2,0,15,2,sharma_2021
200.32199999999995,3.6886000000000028,2,0,26.3,8,0,14,0,sharma_2021
238.37099999999995,4.268400000000003,2,0,26.3,7,0,17,0,sharma_2021
200.32199999999997,3.544500000000003,2,0,26.3,6,0,14,0,sharma_2021
258.405,4.792620000000005,1,0,17.07,1,1,19,2,sharma_2021
222.32799999999995,3.2985000000000024,2,0,26.3,0,0,16,4,sharma_2021
126.15499999999997,1.4273,2,1,37.3,0,0,9,1,sharma_2021
154.20899999999997,2.0483000000000002,2,0,26.3,4,0,11,1,sharma_2021
142.242,2.5037000000000007,1,1,20.23,6,0,10,0,sharma_2021
169.268,3.219000000000001,2,1,32.59,5,0,12,0,sharma_2021
166.17599999999996,1.4872199999999995,3,1,46.53,1,1,12,1,sharma_2021
208.257,2.4087000000000005,3,0,35.53,6,1,15,1,sharma_2021
132.22799999999998,1.9221,2,0,17.07,2,0,8,0,sharma_2021
170.296,3.237700000000002,1,0,9.23,2,0,12,1,sharma_2021
238.37099999999995,4.268400000000004,2,0,26.3,7,0,17,0,sharma_2021
236.355,4.020800000000003,2,0,26.3,3,0,17,1,sharma_2021
184.323,3.6756000000000033,1,1,20.23,9,0,13,0,sharma_2021
154.253,2.8138000000000014,1,0,17.07,3,0,11,0,sharma_2021
166.26399999999998,3.1240000000000014,1,0,17.07,5,0,12,0,sharma_2021
222.37199999999999,3.9200000000000026,1,1,20.23,1,0,16,2,sharma_2021
143.23,2.6628000000000007,2,1,32.59,4,0,10,0,sharma_2021
172.26799999999997,1.7220999999999997,2,2,40.46,6,0,12,0,sharma_2021
193.334,4.596980000000005,1,0,23.79,9,0,14,0,sharma_2021
186.33899999999997,3.8754000000000035,1,0,9.23,8,0,13,0,sharma_2021
198.306,3.4662000000000024,2,0,26.3,8,0,14,0,sharma_2021
176.212,0.22719999999999985,4,2,58.92,0,0,12,1,sharma_2021
208.30099999999996,2.8694000000000015,2,0,29.6,2,0,15,2,sharma_2021
180.29399999999998,1.9492,4,0,26.3,4,0,10,0,sharma_2021
220.35599999999997,3.818000000000003,1,0,17.07,0,0,16,3,sharma_2021
170.321,3.131000000000002,1,1,0.0,0,0,11,3,sharma_2021
208.345,4.294300000000003,1,0,17.07,7,0,15,0,sharma_2021
210.361,4.087700000000004,1,1,20.23,7,0,15,0,sharma_2021
168.27999999999997,3.300300000000002,1,0,9.23,3,0,12,1,sharma_2021
150.22099999999998,2.1776999999999997,1,0,17.07,1,0,11,2,sharma_2021
224.34399999999994,3.400400000000002,2,0,26.3,2,0,16,2,sharma_2021
184.279,2.7643000000000013,2,0,26.3,3,0,13,1,sharma_2021
156.269,2.583600000000001,1,1,20.23,1,0,11,1,sharma_2021
198.30599999999998,3.1544000000000016,2,0,26.3,2,0,14,1,sharma_2021
284.484,5.8867000000000065,2,0,26.3,14,0,20,0,sharma_2021
154.25300000000001,2.791800000000001,1,0,17.07,1,0,11,1,sharma_2021
222.37199999999999,3.920000000000003,1,1,20.23,1,0,16,2,sharma_2021
152.237,2.520100000000001,1,0,12.53,1,0,11,2,sharma_2021
258.405,4.525200000000004,1,0,9.23,0,1,19,3,sharma_2021
152.237,2.2099,1,0,12.53,0,0,11,4,sharma_2021
210.31699999999998,2.853000000000002,2,1,37.3,5,0,15,1,sharma_2021
258.405,4.864520000000005,1,0,17.07,2,1,19,2,sharma_2021
200.32199999999997,3.5461000000000027,2,0,26.3,8,0,14,0,sharma_2021
258.405,4.525200000000004,1,0,9.23,0,1,19,3,sharma_2021
192.30200000000002,3.291800000000002,1,0,9.23,6,1,14,1,sharma_2021
204.35699999999994,4.415000000000004,0,0,0.0,0,0,15,3,sharma_2021
222.37199999999999,3.9420000000000033,1,1,20.23,3,0,16,1,sharma_2021
202.34099999999995,4.844920000000005,0,0,0.0,4,1,15,1,sharma_2021
136.238,2.9987000000000013,0,0,0.0,0,0,10,2,sharma_2021
220.35599999999997,3.3858000000000024,1,1,20.23,0,0,16,3,sharma_2021
176.124,-2.806599999999999,6,3,104.06000000000002,2,0,12,1,sharma_2021
206.32899999999992,3.738100000000003,1,0,17.07,0,0,15,2,sharma_2021
152.23700000000002,2.4458,1,1,20.23,4,0,11,0,sharma_2021
204.357,4.581100000000004,0,0,0.0,1,0,15,2,sharma_2021
164.24799999999996,2.246000000000001,1,1,20.23,3,1,12,1,sharma_2021
184.27899999999997,3.076100000000002,2,0,26.3,7,0,13,0,sharma_2021
192.30199999999996,3.6582000000000026,1,0,17.07,4,0,14,1,sharma_2021
218.36199999999997,3.0659000000000023,3,1,26.3,8,0,14,0,sharma_2021
184.27899999999997,2.2507000000000006,2,1,29.46,0,0,13,2,sharma_2021
204.35699999999994,4.891300000000005,0,0,0.0,4,0,15,1,sharma_2021
138.21,2.1776999999999997,1,0,17.07,1,0,10,1,sharma_2021
146.18599999999998,0.5664,3,1,46.53,3,0,10,0,sharma_2021
132.159,0.3204000000000001,3,1,46.53,3,0,9,0,sharma_2021
150.22099999999998,2.0000000000000004,1,1,20.23,3,1,11,1,sharma_2021
150.22099999999998,2.1776999999999997,1,0,17.07,0,0,11,3,sharma_2021
196.29,2.7643000000000013,2,0,26.3,1,0,14,2,sharma_2021
138.21,2.3218000000000005,1,0,17.07,1,0,10,1,sharma_2021
138.21,2.0116,1,0,17.07,0,0,10,2,sharma_2021
204.35699999999994,4.270900000000004,0,0,0.0,1,0,15,3,sharma_2021
142.15399999999997,1.1538,3,1,46.53,1,0,10,1,sharma_2021
192.30199999999996,3.6582000000000026,1,0,17.07,4,0,14,1,sharma_2021
140.298,2.3181000000000003,3,0,0.0,3,0,6,0,sharma_2021
129.228,2.04328,2,0,23.79,4,0,8,0,sharma_2021
172.26799999999997,2.7418000000000013,2,0,18.46,7,0,12,0,sharma_2021
138.20999999999998,2.1776999999999997,1,0,17.07,1,0,10,1,sharma_2021
155.26599999999996,2.7941200000000013,2,0,12.89,3,1,10,1,sharma_2021
278.436,4.524600000000004,2,0,18.46,0,0,20,4,sharma_2021
254.32899999999998,4.002700000000003,2,0,18.46,6,2,19,2,sharma_2021
212.33299999999997,3.8563000000000027,2,0,26.3,10,0,15,0,sharma_2021
254.36999999999995,3.456000000000002,3,0,35.53,1,0,18,2,sharma_2021
210.31699999999995,3.3221000000000025,2,0,26.3,3,0,15,1,sharma_2021
250.38199999999995,3.934600000000003,2,0,26.3,2,0,18,3,sharma_2021
178.23099999999997,2.4289200000000006,2,0,18.46,1,1,13,2,sharma_2021
154.253,2.5273000000000003,1,1,20.23,4,0,11,0,sharma_2021
242.40299999999988,4.670300000000005,2,0,18.46,4,0,17,1,sharma_2021
204.35699999999997,4.415000000000004,0,0,0.0,3,0,15,4,sharma_2021
198.26500000000001,2.962700000000001,1,1,20.23,3,2,15,2,sharma_2021
136.19399999999996,1.6098999999999999,1,1,20.23,2,1,10,1,sharma_2021
170.252,1.4745,2,2,40.46,1,0,12,1,sharma_2021
152.23699999999997,2.2797,1,1,20.23,1,0,11,1,sharma_2021
170.25199999999998,2.987700000000001,1,1,37.3,7,0,12,0,sharma_2021
234.339,4.059800000000004,2,0,26.3,7,1,17,1,sharma_2021
178.36599999999999,3.964800000000003,2,0,0.0,5,0,10,0,sharma_2021
328.49300000000017,5.182300000000006,4,0,52.6,15,0,23,0,sharma_2021
166.21999999999997,2.0483000000000002,2,0,26.3,0,0,12,2,sharma_2021
220.35599999999997,4.390700000000004,1,0,12.53,0,0,16,2,sharma_2021
278.392,4.263000000000004,3,1,46.53,10,1,20,1,sharma_2021
264.409,4.968700000000005,2,0,26.3,8,0,19,0,sharma_2021
204.31299999999996,3.156200000000002,1,0,12.53,0,0,15,4,sharma_2021
186.29499999999996,3.106700000000002,2,0,18.46,3,0,13,1,sharma_2021
196.28999999999996,2.9304000000000014,2,0,26.3,2,0,14,1,sharma_2021
152.237,2.6862000000000013,1,0,12.53,3,0,11,1,sharma_2021
186.295,3.106700000000002,2,0,18.46,5,0,13,1,sharma_2021
222.23999999999998,1.8538999999999999,4,0,52.6,4,1,16,1,sharma_2021
179.21899999999997,1.8356,3,1,52.32,3,1,13,1,sharma_2021
302.282,2.407000000000001,6,2,93.06,5,2,22,2,sharma_2021
224.25599999999994,2.4869000000000003,4,0,36.92,5,1,16,2,sharma_2021
220.312,3.159200000000002,2,0,18.46,2,1,16,2,sharma_2021
192.21399999999997,2.1524,3,0,27.69,3,1,14,2,sharma_2021
136.19400000000002,1.52982,1,1,20.23,2,1,10,1,sharma_2021
168.28,2.8476000000000017,1,0,9.23,1,0,12,2,sharma_2021
188.22299999999998,1.0911,4,0,44.760000000000005,3,0,13,1,sharma_2021
220.268,1.9513,3,0,35.53,4,1,16,2,sharma_2021
214.349,3.888500000000003,2,0,18.46,8,0,15,1,sharma_2021
186.29499999999996,3.1083000000000016,2,0,18.46,5,0,13,1,sharma_2021
186.29499999999996,3.1560000000000015,2,0,26.3,7,0,13,0,sharma_2021
133.147,-1.5243,3,3,69.56,3,0,9,0,sharma_2021
186.25099999999995,1.9448999999999999,3,0,43.370000000000005,6,0,13,0,sharma_2021
166.22,2.4479000000000006,2,0,18.46,4,1,12,1,sharma_2021
198.34999999999997,4.2081000000000035,1,0,17.07,8,0,14,0,sharma_2021
172.26799999999994,2.765900000000001,2,0,26.3,6,0,12,0,sharma_2021
140.226,2.401700000000001,1,0,17.07,2,0,10,1,sharma_2021
200.32199999999997,3.498400000000003,2,0,18.46,7,0,14,1,sharma_2021
162.232,2.3725200000000006,1,0,17.07,3,1,12,1,sharma_2021
206.32899999999998,4.048300000000003,1,0,17.07,4,0,15,1,sharma_2021
206.285,3.289200000000002,2,0,18.46,1,1,15,2,sharma_2021
138.20999999999998,2.1776999999999997,1,0,17.07,1,0,10,1,sharma_2021
172.26799999999997,2.765900000000001,2,0,26.3,6,0,12,0,sharma_2021
158.24099999999999,2.0415,2,0,18.46,1,0,11,1,sharma_2021
218.29600000000002,3.105000000000002,2,0,26.3,3,1,16,2,sharma_2021
170.25199999999998,2.518300000000001,2,0,26.3,4,0,12,1,sharma_2021
160.21599999999998,2.6789000000000005,1,0,17.07,3,1,12,1,sharma_2021
178.23100000000002,2.1630000000000003,2,0,18.46,2,1,13,2,sharma_2021
173.25900000000001,3.4839800000000025,1,0,23.79,4,1,13,1,sharma_2021
170.25199999999995,2.472200000000001,2,0,18.46,0,0,12,2,sharma_2021
138.20999999999998,2.1776999999999997,1,0,17.07,1,0,10,1,sharma_2021
158.24099999999999,2.2317,2,0,26.3,4,0,11,0,sharma_2021
132.159,0.932,3,0,35.53,3,0,9,0,sharma_2021
224.34399999999994,3.544500000000003,2,0,26.3,3,0,16,2,sharma_2021
172.26799999999997,2.908400000000001,2,0,26.3,6,0,12,0,sharma_2021
180.203,1.1106,3,1,46.53,3,1,13,1,sharma_2021
305.4180000000001,4.142900000000004,4,1,58.89,8,1,22,1,sharma_2021
152.24,0.10320000000000007,4,2,40.46,0,0,8,1,sharma_2021
116.204,1.8050000000000002,1,1,20.23,4,0,8,0,sharma_2021
210.36099999999996,4.3742000000000045,1,0,17.07,8,0,15,0,sharma_2021
130.18699999999995,1.4038,2,0,18.46,1,0,9,1,sharma_2021
192.258,2.1502,2,0,26.3,1,0,14,3,sharma_2021
206.285,2.9625000000000012,2,0,26.3,6,1,15,1,sharma_2021
116.22899999999998,2.3156,1,0,0.0,4,0,7,0,sharma_2021
152.14899999999997,0.18000000000000005,3,2,57.53,2,1,11,1,sharma_2021
194.23000000000002,1.6732,3,1,46.53,4,1,14,1,sharma_2021
178.275,2.7351000000000014,1,1,20.23,3,1,13,1,sharma_2021
154.25300000000001,2.5257000000000005,1,1,20.23,3,0,11,0,sharma_2021
152.197,1.57382,3,0,35.010000000000005,3,1,11,1,sharma_2021
207.273,2.6158,3,1,52.32,5,1,15,1,sharma_2021
162.254,1.5009,3,0,18.46,3,0,10,1,sharma_2021
212.33299999999997,3.8327000000000027,2,0,26.3,2,0,15,1,sharma_2021
276.42,4.038100000000004,2,0,26.3,2,0,20,5,sharma_2021
234.38299999999995,3.4673000000000025,1,1,20.23,1,0,17,5,sharma_2021
262.393,3.6480000000000032,2,0,26.3,3,0,19,5,sharma_2021
252.35399999999996,3.2813000000000017,3,0,43.370000000000005,6,0,18,1,sharma_2021
192.25799999999992,2.873100000000001,2,0,26.3,3,1,14,1,sharma_2021
206.26999999999998,2.670320000000001,4,0,38.92,3,2,14,2,sharma_2021
160.28199999999998,2.654600000000001,2,0,9.23,2,0,10,1,sharma_2021
220.31199999999998,3.206900000000002,2,0,26.3,4,1,16,1,sharma_2021
156.225,1.5166,2,1,37.3,0,0,11,1,sharma_2021
160.213,1.1006,3,1,46.53,5,0,11,0,sharma_2021
234.339,3.742700000000003,2,0,26.3,8,1,17,1,sharma_2021
220.26800000000003,2.8817000000000017,3,1,46.53,2,1,16,2,sharma_2021
160.21599999999998,2.8355000000000015,1,0,17.07,4,1,12,1,sharma_2021
230.39199999999997,4.526200000000004,2,0,18.46,12,0,16,0,sharma_2021
202.33799999999997,3.746000000000003,2,0,18.46,10,0,14,0,sharma_2021
179.219,1.905,3,1,38.33,3,1,13,1,sharma_2021
146.18599999999998,0.7104999999999999,3,1,46.53,3,0,10,0,sharma_2021
220.35599999999997,3.696000000000003,1,1,20.23,0,0,16,2,sharma_2021
323.4360000000001,5.177700000000005,3,0,38.66,6,2,24,2,sharma_2021
208.301,2.9320000000000013,2,0,26.3,3,0,15,3,sharma_2021
154.25300000000001,2.1935000000000002,1,1,20.23,0,0,11,2,sharma_2021
222.37199999999993,3.465700000000003,1,1,20.23,0,0,16,3,sharma_2021
142.24200000000002,2.1935000000000007,1,1,20.23,0,0,10,1,sharma_2021
156.26899999999998,2.751300000000001,1,1,20.23,5,0,11,0,sharma_2021
274.4479999999999,4.556100000000005,1,1,20.23,0,0,20,4,sharma_2021
262.393,3.9582000000000033,2,0,26.3,2,0,19,3,sharma_2021
126.15499999999999,1.2681,2,0,26.3,1,0,9,1,sharma_2021
222.37199999999999,4.016300000000004,1,0,12.53,0,0,16,3,sharma_2021
196.33399999999997,4.128200000000004,1,0,17.07,7,0,14,0,sharma_2021
170.252,1.8826,2,1,32.76,4,0,12,1,sharma_2021
170.296,3.093600000000002,1,0,9.23,2,0,12,1,sharma_2021
152.237,1.9695,1,1,20.23,0,0,11,3,sharma_2021
154.253,2.791800000000001,1,0,17.07,0,0,11,1,sharma_2021
258.4049999999999,4.669300000000004,1,0,9.23,0,1,19,3,sharma_2021
190.286,2.7897000000000007,1,0,9.23,3,0,14,3,sharma_2021
174.30899999999997,3.0908000000000015,2,0,17.07,4,0,11,0,sharma_2021
170.29599999999996,3.5259000000000027,1,0,9.23,6,0,12,1,sharma_2021
144.21399999999997,1.9857,2,0,26.3,4,0,10,0,sharma_2021
158.24099999999999,2.2317,2,0,26.3,4,0,11,0,sharma_2021
152.237,2.711900000000001,1,0,17.07,2,0,11,1,sharma_2021
154.253,2.9579000000000013,1,0,17.07,4,0,11,0,sharma_2021
194.27400000000003,2.6282000000000005,2,0,18.46,6,1,14,1,sharma_2021
186.29499999999996,3.1560000000000015,2,0,26.3,7,0,13,0,sharma_2021
226.31599999999995,2.725100000000001,3,0,43.370000000000005,6,0,16,1,sharma_2021
200.32199999999997,3.847800000000002,1,1,37.3,9,0,14,0,sharma_2021
172.26799999999997,2.765900000000001,2,0,26.3,6,0,12,0,sharma_2021
128.171,1.4921,2,0,26.3,1,0,9,1,sharma_2021
102.13299999999998,0.7676999999999999,2,0,18.46,0,0,7,1,sharma_2021
236.39899999999997,3.8558000000000034,1,1,20.23,1,0,17,3,sharma_2021
149.23699999999997,2.3092000000000006,1,0,3.24,2,1,11,1,sharma_2021
210.361,3.775900000000003,1,1,20.23,4,0,15,1,sharma_2021
200.32199999999997,3.5461000000000027,2,0,26.3,8,0,14,0,sharma_2021
236.355,3.710600000000003,2,0,26.3,2,0,17,2,sharma_2021
208.34499999999997,3.9841000000000033,1,0,17.07,4,0,15,1,sharma_2021
185.27,3.748300000000002,1,0,12.89,2,2,14,2,sharma_2021
196.33399999999997,3.962100000000003,1,0,17.07,4,0,14,1,sharma_2021
138.17000000000002,1.0131000000000001,3,0,35.010000000000005,3,1,10,1,sharma_2021
208.345,3.8401000000000036,1,1,20.23,2,0,15,1,sharma_2021
160.21299999999997,1.1006,3,1,46.53,5,0,11,0,sharma_2021
236.35499999999996,3.876700000000003,2,0,26.3,3,0,17,1,sharma_2021
206.32899999999998,4.048300000000003,1,0,17.07,4,0,15,1,sharma_2021
192.302,3.6582000000000026,1,0,17.07,4,0,14,1,sharma_2021
252.30999999999997,3.003400000000002,4,1,47.92,2,1,18,2,sharma_2021
266.33699999999993,3.3935000000000026,4,1,47.92,3,1,19,2,sharma_2021
182.26299999999998,2.2317,2,0,26.3,1,0,13,2,sharma_2021
206.24099999999999,1.99802,3,0,38.83,3,1,15,2,sharma_2021
164.248,2.2335000000000003,1,0,9.23,1,0,12,3,sharma_2021
118.201,1.3269,2,0,17.07,2,0,7,0,sharma_2021
198.30599999999998,3.320500000000002,2,0,26.3,6,0,14,0,sharma_2021
173.25899999999996,3.168980000000002,1,0,23.79,4,1,13,1,sharma_2021
216.36499999999998,4.136100000000003,2,0,18.46,11,0,15,0,sharma_2021
128.215,2.401700000000001,1,0,17.07,5,0,9,0,sharma_2021
138.17,1.1837199999999999,3,0,35.010000000000005,2,1,10,1,sharma_2021
184.27899999999997,2.7418000000000013,2,0,18.46,3,0,13,1,sharma_2021
172.268,2.562400000000001,2,0,26.3,9,0,12,0,sharma_2021
169.29299999999998,2.9584400000000013,2,0,12.89,2,1,11,1,sharma_2021
210.22899999999998,1.7668999999999997,4,0,44.760000000000005,4,1,15,1,sharma_2021
139.19799999999998,2.2439400000000003,2,0,26.03,2,1,10,1,sharma_2021
150.18099999999998,1.2960399999999999,3,0,42.85,1,1,11,1,sharma_2021
150.18099999999998,1.2960399999999999,3,0,42.85,1,1,11,1,sharma_2021
166.21999999999997,2.2317,2,0,18.46,4,1,12,1,sharma_2021
192.30199999999996,3.6582000000000026,1,0,17.07,3,0,14,1,sharma_2021
190.28599999999997,3.0166000000000013,1,0,17.07,4,1,14,1,sharma_2021
206.285,2.8184000000000013,2,0,26.3,3,1,15,1,sharma_2021
253.301,3.4182000000000023,3,0,38.66,4,2,19,2,sharma_2021
206.285,2.9609000000000014,2,0,26.3,4,1,15,1,sharma_2021
261.365,4.536000000000004,3,0,38.66,8,1,19,1,sharma_2021
228.33199999999994,3.764400000000003,3,0,35.53,2,0,16,1,sharma_2021
138.17,1.1837199999999999,3,0,35.010000000000005,2,1,10,1,sharma_2021
150.177,1.5727199999999997,2,0,26.3,3,1,11,1,sharma_2021
196.20199999999997,1.65372,4,0,56.51,3,1,14,1,sharma_2021
289.4190000000001,5.316200000000006,3,0,38.66,10,1,21,1,sharma_2021
536.9700000000005,12.452099999999982,2,0,18.46,29,0,38,0,sharma_2021
168.265,2.3219000000000003,3,0,25.78,2,1,11,1,sharma_2021
150.268,1.9751,3,0,17.07,3,0,8,0,sharma_2021
152.19699999999997,1.6085999999999998,3,0,35.010000000000005,2,1,11,1,sharma_2021
164.24800000000002,2.6541000000000006,1,0,9.23,4,1,12,1,sharma_2021
290.4249999999999,2.8535000000000017,5,1,52.60000000000001,9,0,19,0,sharma_2021
168.28,2.439500000000001,1,1,20.23,1,0,12,2,sharma_2021
236.39899999999997,3.8558000000000034,1,1,20.23,1,0,17,3,sharma_2021
236.39899999999994,3.999900000000003,1,1,20.23,1,0,17,3,sharma_2021
208.34499999999997,4.128200000000003,1,0,17.07,5,0,15,1,sharma_2021
135.20999999999998,2.5023800000000005,1,0,23.79,0,0,10,1,sharma_2021
172.26799999999997,2.6218000000000012,2,0,26.3,5,0,12,0,sharma_2021
236.355,3.2338000000000022,2,0,18.46,5,0,17,3,sharma_2021
186.25099999999998,1.7783000000000002,3,0,35.53,7,0,13,0,sharma_2021
152.23699999999997,2.4237,1,0,17.07,1,0,11,1,sharma_2021
170.296,2.8296000000000014,1,1,20.23,0,0,12,1,sharma_2021
343.4670000000001,4.843200000000007,4,1,58.89,7,1,25,2,sharma_2021
140.226,1.9711000000000003,1,1,20.23,1,0,10,1,sharma_2021
140.226,1.9710999999999999,1,1,20.23,1,0,10,1,sharma_2021
220.31199999999998,2.7863000000000016,2,0,26.3,2,0,16,3,sharma_2021
184.27899999999997,2.6218000000000012,2,0,26.3,2,0,13,1,sharma_2021
182.26299999999998,2.541900000000001,2,0,26.3,2,0,13,1,sharma_2021
184.27899999999997,2.908400000000001,2,0,26.3,5,0,13,1,sharma_2021
186.295,2.987800000000002,2,0,18.46,5,0,13,0,sharma_2021
212.28899999999996,2.4518000000000004,3,0,35.53,3,0,15,1,sharma_2021
184.27899999999997,2.910000000000001,2,0,26.3,4,0,13,1,sharma_2021
172.268,2.1543,2,1,37.3,7,0,12,0,sharma_2021
268.334,2.5661000000000005,5,0,56.510000000000005,4,1,18,2,sharma_2021
192.302,3.059800000000002,1,0,17.07,2,0,14,3,sharma_2021
287.4030000000001,4.948100000000005,3,0,38.66,7,1,21,1,sharma_2021
184.279,2.7643000000000013,2,0,26.3,1,0,13,1,sharma_2021
276.41999999999996,4.624800000000005,2,0,26.3,9,1,20,1,sharma_2021
224.3439999999999,3.544500000000003,2,0,26.3,2,0,16,2,sharma_2021
220.35599999999997,3.914400000000003,1,0,12.53,0,0,16,4,sharma_2021
554.9850000000006,11.646899999999986,3,1,38.69,30,0,39,0,sharma_2021
220.35599999999997,3.7703000000000033,1,0,12.53,0,0,16,4,sharma_2021
214.34899999999996,3.7680000000000025,2,0,18.46,8,0,15,0,sharma_2021
172.26799999999997,2.765900000000001,2,0,26.3,6,0,12,0,sharma_2021
220.31199999999998,2.7863000000000016,2,0,26.3,2,0,16,3,sharma_2021
234.33899999999997,3.176400000000002,2,0,26.3,1,0,17,3,sharma_2021
220.31199999999998,3.305900000000002,2,0,26.3,4,1,16,1,sharma_2021
189.302,3.9828800000000033,1,0,23.79,3,0,14,1,sharma_2021
200.32199999999997,3.0661000000000014,2,0,18.46,2,0,14,1,sharma_2021
204.35699999999997,4.7252000000000045,0,0,0.0,1,0,15,2,sharma_2021
236.39899999999997,4.408000000000004,1,0,9.23,0,0,17,3,sharma_2021
196.28999999999996,2.7643000000000013,2,0,26.3,1,0,14,2,sharma_2021
172.26799999999994,2.5757000000000003,2,0,18.46,5,0,12,1,sharma_2021
198.35,3.6098000000000026,1,1,20.23,3,0,14,1,sharma_2021
230.35099999999997,4.094100000000004,1,0,17.07,1,1,17,2,sharma_2021
206.285,3.0732000000000017,2,0,18.46,1,1,15,2,sharma_2021
152.237,2.567800000000001,1,0,17.07,1,0,11,1,sharma_2021
160.25699999999998,2.5757000000000003,2,0,18.46,7,0,11,0,sharma_2021
234.38299999999992,4.518300000000004,1,0,17.07,1,0,17,2,sharma_2021
174.28399999999996,2.9658000000000015,2,0,18.46,8,0,12,0,sharma_2021
178.27499999999995,2.637700000000001,1,1,20.23,5,1,13,1,sharma_2021
176.25899999999996,2.8443000000000014,1,0,17.07,5,1,13,1,sharma_2021
440.6210000000002,6.061900000000006,6,0,78.9,20,0,31,0,sharma_2021
238.37099999999992,3.7905000000000033,2,0,26.3,3,0,17,2,sharma_2021
212.37699999999998,3.9999000000000033,1,1,20.23,4,0,15,1,sharma_2021
212.37699999999998,3.855800000000003,1,1,20.23,3,0,15,1,sharma_2021
254.41399999999996,4.426600000000004,2,0,26.3,4,0,18,1,sharma_2021
174.24300000000002,3.0943000000000014,1,0,9.23,1,1,13,2,sharma_2021
222.37199999999996,3.9200000000000035,1,1,20.23,0,0,16,3,sharma_2021
276.42,5.049400000000005,2,0,18.46,10,1,20,1,sharma_2021
200.32199999999997,3.544500000000003,2,0,26.3,6,0,14,0,sharma_2021
256.3419999999999,2.8653000000000013,4,0,52.60000000000001,7,0,18,0,sharma_2021
186.295,3.2985000000000024,2,0,26.3,7,0,13,0,sharma_2021
216.36499999999995,4.136100000000003,2,0,18.46,11,0,15,0,sharma_2021
192.25799999999995,2.4994000000000005,2,0,26.3,1,0,14,3,sharma_2021
152.237,2.878000000000001,1,0,17.07,5,0,11,0,sharma_2021
170.23299999999998,2.5350400000000004,3,0,30.21,1,1,11,1,sharma_2021
156.206,2.2266200000000005,3,0,30.21,1,1,10,1,sharma_2021
270.45699999999994,5.640700000000006,2,0,26.3,14,0,19,0,sharma_2021
184.27899999999994,2.910000000000001,2,0,26.3,4,0,13,1,sharma_2021
228.37599999999995,4.470400000000004,2,0,26.3,11,0,16,0,sharma_2021
186.25099999999995,2.8823000000000016,3,0,35.53,1,0,13,1,sharma_2021
185.26999999999998,3.532300000000002,1,0,12.89,0,2,14,2,sharma_2021
267.36899999999997,2.269,3,1,55.400000000000006,3,0,19,2,sharma_2021
230.392,4.382100000000004,2,0,18.46,11,0,16,0,sharma_2021
202.338,3.4578000000000024,2,0,18.46,8,0,14,0,sharma_2021
166.264,3.259400000000002,1,0,9.23,0,0,12,2,sharma_2021
287.403,4.267600000000003,3,1,38.33,5,1,21,2,sharma_2021
184.27899999999997,2.8843000000000014,2,0,18.46,3,0,13,1,sharma_2021
192.302,3.2039000000000017,1,0,17.07,2,0,14,3,sharma_2021
206.32899999999998,3.594000000000003,1,0,17.07,2,0,15,3,sharma_2021
189.302,3.3844800000000026,1,0,23.79,1,0,14,3,sharma_2021
226.35999999999999,3.6464000000000025,2,0,26.3,3,0,16,1,sharma_2021
156.26899999999998,2.8937000000000017,1,0,17.07,3,0,11,0,sharma_2021
170.32099999999997,3.316600000000002,1,0,0.0,0,0,11,2,sharma_2021
200.32199999999997,3.544500000000003,2,0,26.3,6,0,14,0,sharma_2021
192.30199999999996,2.9917000000000016,1,0,9.23,0,0,14,4,sharma_2021
166.26399999999998,2.8138000000000014,1,0,17.07,1,0,12,1,sharma_2021
142.242,2.0510000000000006,1,1,20.23,1,0,10,1,sharma_2021
210.22899999999998,1.8346999999999998,4,1,47.92,2,1,15,2,sharma_2021
224.25599999999997,2.2248000000000006,4,1,47.92,3,1,16,2,sharma_2021
154.25299999999996,2.2171000000000003,1,1,20.23,1,0,11,1,sharma_2021
278.43600000000004,4.6806000000000045,2,0,18.46,10,1,20,1,sharma_2021
275.392,4.198200000000003,3,1,52.32,7,1,20,1,sharma_2021
240.38699999999997,4.180600000000004,2,0,26.3,4,0,17,1,sharma_2021
198.30599999999995,3.3221000000000025,2,0,26.3,7,0,14,0,sharma_2021
185.27,3.433300000000002,1,0,12.89,2,2,14,2,sharma_2021
182.21899999999997,1.9666,3,0,43.370000000000005,3,0,13,1,sharma_2021
212.33299999999994,3.8563000000000036,2,0,26.3,10,0,15,0,sharma_2021
114.14399999999999,1.1256,2,0,26.3,3,0,8,0,sharma_2021
210.31699999999995,3.1594000000000015,2,0,26.3,6,0,15,0,sharma_2021
182.17499999999998,1.26362,4,0,56.51,2,1,13,1,sharma_2021
192.258,2.1502,2,0,26.3,1,0,14,3,sharma_2021
144.21399999999997,2.1282000000000005,2,0,26.3,4,0,10,0,sharma_2021
156.269,3.0378000000000016,1,0,17.07,6,0,11,0,sharma_2021
238.37099999999992,3.934600000000003,2,0,26.3,4,0,17,2,sharma_2021
154.20899999999997,1.9058,2,0,26.3,1,0,11,1,sharma_2021
204.31299999999996,3.2626000000000017,1,0,17.07,5,1,15,1,sharma_2021
166.26399999999998,2.9579000000000013,1,0,17.07,3,0,12,1,sharma_2021
146.299,3.1326000000000023,1,1,0.0,5,0,9,0,sharma_2021
188.26699999999997,1.8808000000000002,3,1,46.53,7,0,13,0,sharma_2021
254.41399999999993,5.0030000000000046,2,0,26.3,10,0,18,1,sharma_2021
212.33299999999994,3.8327000000000027,2,0,26.3,7,0,15,1,sharma_2021
196.29,3.0745000000000013,2,0,26.3,2,0,14,1,sharma_2021
182.307,3.1178000000000017,1,1,20.23,0,0,13,2,sharma_2021
198.30599999999998,2.2100999999999997,2,1,29.46,3,0,14,2,sharma_2021
152.237,2.2797000000000005,1,1,20.23,1,0,11,1,sharma_2021
220.31199999999995,3.0981000000000014,2,0,26.3,2,0,16,2,sharma_2021
169.268,2.477380000000001,2,1,44.019999999999996,5,0,12,0,sharma_2021
222.37199999999996,4.184000000000004,1,0,9.23,2,0,16,2,sharma_2021
271.36,4.167900000000003,3,0,38.66,3,1,20,2,sharma_2021
180.29099999999997,3.3480000000000025,1,0,17.07,2,0,13,1,sharma_2021
236.39899999999997,3.999900000000004,1,1,20.23,1,0,17,4,sharma_2021
220.35599999999997,3.6739000000000024,1,0,17.07,0,0,16,3,sharma_2021
248.40999999999997,4.454100000000004,1,0,17.07,2,0,18,3,sharma_2021
236.35499999999996,3.2338000000000022,2,0,18.46,2,0,17,4,sharma_2021
240.38699999999994,4.3483000000000045,2,0,26.3,8,0,17,0,sharma_2021
220.35599999999994,3.6262000000000025,1,0,12.53,0,0,16,4,sharma_2021
194.27399999999994,2.852100000000001,2,0,26.3,5,0,14,1,sharma_2021
188.27,3.113000000000002,1,0,17.07,1,1,14,2,sharma_2021
198.26199999999992,2.0649,3,0,35.53,5,0,14,1,sharma_2021
188.22299999999996,1.2813,4,0,52.6,5,0,13,0,sharma_2021
160.21299999999997,0.9564999999999999,3,1,46.53,4,0,11,0,sharma_2021
238.37099999999992,4.410900000000004,2,0,26.3,8,0,17,0,sharma_2021
260.37699999999995,4.616000000000004,2,0,26.3,7,1,19,1,sharma_2021
260.377,4.616000000000004,2,0,26.3,8,1,19,1,sharma_2021
248.36599999999996,3.876700000000003,2,0,26.3,2,0,18,2,sharma_2021
276.41999999999996,4.656900000000005,2,0,26.3,2,0,20,2,sharma_2021
222.37199999999996,3.6098000000000026,1,1,20.23,1,0,16,3,sharma_2021
140.182,1.5157,2,0,26.3,1,0,10,1,sharma_2021
194.31799999999998,3.594000000000003,1,0,17.07,1,0,14,1,sharma_2021
192.30199999999996,3.4921000000000024,1,0,17.07,1,0,14,2,sharma_2021
200.32199999999997,3.5461000000000027,2,0,26.3,8,0,14,0,sharma_2021
163.26399999999998,3.592780000000003,1,0,23.79,4,0,12,0,sharma_2021
186.295,2.820100000000001,2,0,18.46,1,0,13,1,sharma_2021
172.268,2.4167000000000005,2,0,26.3,6,0,12,0,sharma_2021
140.22599999999997,2.2813000000000003,1,1,20.23,5,0,10,0,sharma_2021
168.236,2.4384000000000006,2,0,26.3,4,0,12,1,sharma_2021
168.27999999999997,3.2799000000000023,1,0,9.23,0,0,12,2,sharma_2021
223.35999999999996,4.223480000000003,2,0,33.019999999999996,12,0,16,0,sharma_2021
124.14299999999999,0.623,3,0,35.010000000000005,2,1,9,1,sharma_2021
170.25199999999998,2.541900000000001,2,0,26.3,4,0,12,0,sharma_2021
176.25900000000001,2.7531000000000008,1,0,9.23,1,1,13,2,sharma_2021
202.24999999999997,1.6729999999999998,4,0,52.6,7,0,14,0,sharma_2021
170.29600000000002,2.8296000000000014,1,1,20.23,2,0,12,1,sharma_2021
254.41399999999993,4.882500000000005,2,0,26.3,10,0,18,0,sharma_2021
182.26299999999995,2.540300000000001,2,0,26.3,3,0,13,1,sharma_2021
168.27999999999997,3.1819000000000015,1,0,17.07,4,0,12,1,sharma_2021
168.27999999999997,3.3260000000000023,1,0,17.07,5,0,12,1,sharma_2021
156.26899999999998,2.8476000000000017,1,0,9.23,2,0,11,1,sharma_2021
126.15499999999999,0.9446,2,0,34.14,1,0,9,1,sharma_2021
194.31799999999996,3.738100000000003,1,0,17.07,3,0,14,1,sharma_2021
210.31699999999995,3.6307000000000027,2,0,26.3,8,0,15,0,sharma_2021
182.26299999999998,2.495800000000001,2,0,18.46,1,0,13,2,sharma_2021
226.40399999999997,4.390000000000005,1,1,20.23,5,0,16,1,sharma_2021
192.302,3.322300000000002,1,0,9.23,0,0,14,2,sharma_2021
170.296,3.1414000000000017,1,1,20.23,6,0,12,0,sharma_2021
258.361,4.058200000000003,2,0,26.3,2,1,19,3,sharma_2021
144.21399999999997,1.9857,2,0,26.3,4,0,10,0,sharma_2021
152.237,2.8560000000000008,1,0,17.07,4,0,11,1,sharma_2021
178.27499999999995,2.7001200000000014,1,1,20.23,5,1,13,1,sharma_2021
194.27399999999997,2.540300000000001,2,0,26.3,1,0,14,3,sharma_2021
192.302,3.5141000000000027,1,0,17.07,2,0,14,1,sharma_2021
178.27499999999998,2.9579000000000013,1,0,17.07,3,0,13,3,sharma_2021
164.20399999999998,2.1205,2,0,18.46,1,1,12,2,sharma_2021
194.31799999999996,3.427900000000002,1,0,17.07,1,0,14,2,sharma_2021
176.25899999999996,3.112400000000002,1,0,17.07,3,1,13,1,sharma_2021
172.29299999999998,3.0109000000000012,2,0,17.07,3,0,11,0,sharma_2021
194.27399999999994,2.852100000000001,2,0,26.3,2,0,14,1,sharma_2021
230.30399999999997,2.451600000000001,4,0,52.6,8,0,16,0,sharma_2021
142.19799999999998,1.9042,2,0,26.3,4,0,10,0,sharma_2021
224.34399999999997,3.568100000000003,2,0,26.3,3,0,16,1,sharma_2021
112.17199999999998,1.5011,1,1,20.23,3,0,8,0,sharma_2021
182.17499999999998,1.1928199999999995,4,2,66.76,1,1,13,1,sharma_2021
286.49999999999994,6.086600000000007,2,0,18.46,16,0,20,0,sharma_2021
160.28199999999998,2.700700000000001,2,0,17.07,3,0,10,0,sharma_2021
158.266,2.620800000000001,2,0,17.07,2,0,10,0,sharma_2021
154.25300000000001,3.102000000000002,1,0,17.07,7,0,11,0,sharma_2021
155.285,3.1494000000000018,1,0,12.36,5,0,11,0,sharma_2021
155.285,3.1494000000000018,1,0,12.36,5,0,11,0,sharma_2021
152.237,2.521700000000001,1,0,12.53,1,0,11,2,sharma_2021
204.26899999999998,2.681300000000001,2,0,18.46,0,1,15,3,sharma_2021
182.26299999999998,2.541900000000001,2,0,26.3,1,0,13,1,sharma_2021
220.35599999999997,3.385800000000003,1,1,20.23,0,0,16,3,sharma_2021
152.237,2.4458000000000006,1,1,20.23,4,0,11,0,sharma_2021
222.32799999999995,3.1780000000000017,2,0,26.3,3,0,16,3,sharma_2021
168.28,2.5836000000000006,1,1,20.23,0,0,12,2,sharma_2021
168.14799999999997,0.8735199999999999,4,0,56.51,1,1,12,1,sharma_2021
178.18699999999995,1.3353199999999996,3,0,35.53,0,1,13,2,sharma_2021
172.271,3.6895200000000026,0,0,0.0,0,1,13,2,sharma_2021
125.17099999999998,1.85384,2,0,26.03,1,1,9,1,sharma_2021
150.22099999999998,2.1776999999999997,1,0,17.07,0,0,11,3,sharma_2021
94.15700000000001,2.2827,0,0,0.0,0,0,7,1,sharma_2021
228.37599999999998,4.326300000000003,2,0,26.3,10,0,16,0,sharma_2021
214.34899999999996,4.080300000000003,2,0,26.3,10,0,15,0,sharma_2021
188.27,3.482800000000002,1,0,9.23,1,1,14,2,sharma_2021
214.30499999999995,2.725100000000001,3,0,43.370000000000005,8,0,15,0,sharma_2021
94.204,1.2367,2,1,0.0,1,0,4,0,sharma_2021
154.253,2.359600000000001,1,1,20.23,1,0,11,1,sharma_2021
220.35599999999997,3.6262000000000025,1,0,12.53,0,0,16,4,sharma_2021
150.225,2.04594,2,0,25.78,2,1,11,1,sharma_2021
138.17,1.1837199999999999,3,0,35.010000000000005,2,1,10,1,sharma_2021
136.198,1.7740999999999998,2,0,25.78,0,1,10,1,sharma_2021
108.231,2.0175,2,0,0.0,2,0,5,0,sharma_2021
198.30599999999998,3.767900000000002,1,1,37.3,10,0,14,0,sharma_2021
100.11699999999998,1.0372000000000001,1,1,37.3,1,0,7,0,sharma_2021
152.237,2.3776,1,0,9.23,0,0,11,2,sharma_2021
144.214,2.2874,1,1,37.3,5,0,10,0,sharma_2021
150.221,2.4879000000000007,1,0,17.07,0,0,11,1,sharma_2021
154.325,2.359,3,0,0.0,3,0,7,0,sharma_2021
142.19799999999998,1.7247999999999999,2,0,34.14,5,0,10,0,sharma_2021
80.177,0.8034999999999999,2,2,0.0,0,0,3,0,sharma_2021
150.31199999999998,2.8386000000000013,2,0,0.0,4,0,8,0,sharma_2021
156.22499999999997,2.1298000000000004,2,0,26.3,2,0,11,1,sharma_2021
114.18799999999999,2.0116,1,0,17.07,4,0,8,0,sharma_2021
156.225,2.2959000000000005,2,0,26.3,5,0,11,0,sharma_2021
124.22699999999999,2.980100000000002,0,0,0.0,3,0,9,0,sharma_2021
138.23499999999999,2.677400000000001,1,1,0.0,1,1,9,1,sharma_2021
192.21400000000003,1.7089,3,0,43.370000000000005,4,1,14,1,sharma_2021
88.175,1.883,1,0,0.0,1,0,5,0,sharma_2021
102.202,1.8823999999999999,1,1,0.0,1,0,6,0,sharma_2021
166.176,1.1421999999999997,3,1,46.53,3,1,12,1,sharma_2021
168.236,1.9450999999999998,2,0,26.3,3,0,12,1,sharma_2021
152.237,2.2797000000000005,1,1,20.23,1,0,11,1,sharma_2021
208.21299999999997,1.8231,4,0,52.6,4,1,15,1,sharma_2021
144.21399999999997,1.938,2,0,18.46,3,0,10,1,sharma_2021
187.28600000000003,3.729980000000003,1,0,23.79,3,1,14,1,sharma_2021
208.301,2.765900000000001,2,0,26.3,2,0,15,3,sharma_2021
264.40899999999993,4.6585000000000045,2,0,26.3,6,0,19,1,sharma_2021
152.237,2.401700000000001,1,0,17.07,0,0,11,2,sharma_2021
220.31199999999998,3.3510000000000018,2,0,26.3,5,1,16,1,sharma_2021
196.29,1.2693999999999999,2,2,40.46,2,0,14,3,sharma_2021
184.2789999999999,2.765900000000001,2,0,26.3,3,0,13,1,sharma_2021
222.37199999999999,3.7759000000000027,1,1,20.23,1,0,16,2,sharma_2021
170.25199999999995,2.686000000000001,2,0,26.3,6,0,12,0,sharma_2021
208.301,2.6218000000000012,2,0,26.3,2,0,15,3,sharma_2021
164.24799999999996,2.2576,1,0,17.07,1,0,12,3,sharma_2021
222.32799999999997,3.1578000000000017,2,0,26.3,3,0,16,1,sharma_2021
212.37699999999995,4.696200000000005,1,0,9.23,1,0,15,1,sharma_2021
214.30499999999998,2.3908000000000005,3,0,35.53,4,0,15,1,sharma_2021
164.248,2.4237,1,0,17.07,3,0,12,2,sharma_2021
250.38199999999998,3.7905000000000033,2,0,26.3,2,0,18,3,sharma_2021
226.35999999999996,4.0766000000000036,2,0,18.46,8,0,16,0,sharma_2021
210.31699999999995,3.1411000000000016,2,0,34.14,6,0,15,1,sharma_2021
188.311,2.5986000000000016,2,1,29.46,6,0,13,0,sharma_2021
228.3759999999999,4.280200000000004,2,0,18.46,3,0,16,1,sharma_2021
144.21399999999997,1.9857,2,0,26.3,4,0,10,0,sharma_2021
226.31599999999995,2.725100000000001,3,0,43.370000000000005,6,0,16,1,sharma_2021
239.274,3.2238000000000016,3,0,38.66,3,2,18,2,sharma_2021
141.195,1.65412,3,0,29.96,1,1,9,1,sharma_2021
141.23899999999998,2.3223400000000005,2,0,12.89,1,1,9,1,sharma_2021
207.31699999999998,3.894000000000003,2,0,26.03,0,1,15,2,sharma_2021
154.25300000000001,3.102000000000001,1,0,17.07,8,0,11,0,sharma_2021
140.182,1.6598,2,0,26.3,1,0,10,1,sharma_2021
186.295,3.1560000000000024,2,0,26.3,7,0,13,0,sharma_2021
170.296,3.1398000000000024,1,1,20.23,5,0,12,0,sharma_2021
194.31799999999998,3.283900000000002,1,1,20.23,0,0,14,2,sharma_2021
179.17499999999998,1.0414999999999999,3,1,55.4,3,1,13,1,sharma_2021
212.289,2.4518000000000004,3,0,38.83,5,0,15,1,sharma_2021
156.26899999999998,3.520500000000002,1,1,20.23,5,0,11,0,sharma_2021
178.27499999999998,2.6477000000000013,1,0,17.07,0,0,13,3,sharma_2021
164.20399999999998,1.4445999999999999,2,0,26.3,5,1,12,1,sharma_2021
166.26399999999998,2.6477000000000013,1,0,17.07,1,0,12,2,sharma_2021
233.31099999999998,3.6117000000000026,3,0,38.66,5,1,17,1,sharma_2021
208.257,2.5951000000000017,3,1,46.53,4,1,15,1,sharma_2021
158.24099999999996,2.375800000000001,2,0,26.3,5,0,11,0,sharma_2021
303.44599999999997,4.629020000000005,2,2,53.089999999999996,6,2,22,2,sharma_2021
264.40899999999993,3.740100000000003,2,1,37.3,4,0,19,1,sharma_2021
244.33099999999996,2.8417000000000012,4,0,52.6,9,0,17,0,sharma_2021
289.419,4.320600000000003,2,2,53.089999999999996,6,2,21,2,sharma_2021
228.37599999999995,4.156500000000004,2,0,18.46,9,0,16,0,sharma_2021
191.27400000000003,2.695500000000001,1,0,20.310000000000002,3,1,14,1,sharma_2021
182.307,3.117800000000002,1,1,20.23,1,0,13,2,sharma_2021
194.27399999999997,1.8825,2,0,26.3,2,0,14,3,sharma_2021
182.26299999999998,2.1856,2,0,18.46,0,0,13,3,sharma_2021
200.32199999999997,3.402000000000002,2,0,26.3,7,0,14,0,sharma_2021
214.30499999999995,3.2302000000000017,3,0,35.53,2,0,15,1,sharma_2021
187.28599999999997,3.341280000000002,1,0,23.79,3,1,14,1,sharma_2021
228.37599999999998,3.3788000000000022,2,1,29.46,4,0,16,1,sharma_2021
189.34900000000002,3.0126000000000017,3,0,12.36,7,0,11,0,sharma_2021
196.33399999999997,3.3874000000000026,1,1,20.23,4,0,14,1,sharma_2021
208.25699999999998,1.5291,3,0,38.83,2,0,15,3,sharma_2021
168.236,2.4620000000000006,2,0,26.3,3,0,12,0,sharma_2021
200.32199999999997,3.342600000000002,2,0,26.3,11,0,14,0,sharma_2021
275.39200000000005,4.926100000000004,3,0,38.66,9,1,20,1,sharma_2021
189.30199999999996,3.816780000000003,1,0,23.79,0,0,14,2,sharma_2021
167.25199999999998,2.8069000000000015,2,1,32.59,0,0,12,2,sharma_2021
210.31699999999995,3.3221000000000025,2,0,26.3,2,0,15,1,sharma_2021
184.27899999999994,2.862300000000001,2,0,18.46,3,0,13,2,sharma_2021
224.25600000000003,1.9739999999999998,4,1,55.760000000000005,5,1,16,1,sharma_2021
214.34899999999993,3.6019000000000023,2,0,18.46,5,0,15,1,sharma_2021
204.31300000000005,3.578400000000003,1,0,9.23,4,1,15,2,sharma_2021
234.33899999999997,3.176500000000002,2,1,29.46,0,0,17,3,sharma_2021
350.499,4.794200000000007,4,2,66.76,14,1,25,1,sharma_2021
129.184,0.7207,3,0,29.43,1,0,8,1,sharma_2021
164.248,2.567800000000001,1,0,17.07,2,0,12,3,sharma_2021
214.349,3.936200000000003,2,0,26.3,9,0,15,0,sharma_2021
172.268,2.765900000000001,2,0,26.3,6,0,12,0,sharma_2021
142.24200000000002,2.3612000000000006,1,1,20.23,5,0,10,0,sharma_2021
140.207,2.123,2,0,17.07,2,1,9,1,sharma_2021
153.269,3.3624800000000024,1,0,23.79,5,0,11,0,sharma_2021
210.36099999999993,4.163600000000003,1,0,9.23,0,0,15,2,sharma_2021
154.25299999999996,2.3596000000000004,1,1,20.23,1,0,11,1,sharma_2021
216.27699999999993,2.0615,4,0,52.6,7,0,15,0,sharma_2021
156.26899999999998,2.893800000000002,1,1,20.23,7,0,11,0,sharma_2021
172.312,3.2197000000000027,1,1,20.23,6,0,12,0,sharma_2021
142.19799999999998,1.7381,2,0,26.3,0,0,10,1,sharma_2021
210.31699999999995,3.1319000000000017,2,0,18.46,1,0,15,2,sharma_2021
176.28099999999998,2.4304000000000006,3,0,26.3,6,0,11,0,sharma_2021
184.27899999999997,3.076100000000001,2,0,26.3,6,0,13,0,sharma_2021
156.22499999999997,2.1517999999999997,2,0,26.3,3,0,11,0,sharma_2021
192.25799999999992,2.7486000000000015,2,0,26.3,3,0,14,2,sharma_2021
224.34399999999994,3.400400000000002,2,0,26.3,2,0,16,2,sharma_2021
260.37699999999995,4.1651200000000035,2,0,26.3,2,1,19,2,sharma_2021
222.37199999999993,3.8980000000000037,1,1,20.23,2,0,16,3,sharma_2021
212.289,2.2857000000000003,3,0,35.53,1,0,15,3,sharma_2021
166.224,1.9987,3,0,35.010000000000005,3,1,12,1,sharma_2021
188.26699999999997,1.5348,3,1,46.53,9,0,13,0,sharma_2021
154.23799999999997,1.7609,3,0,25.78,2,1,10,1,sharma_2021
292.463,5.271000000000005,2,0,26.3,4,0,21,2,sharma_2021
290.3999999999999,1.7745000000000002,5,3,86.99000000000001,13,0,20,0,sharma_2021
182.26299999999995,2.828500000000001,2,0,26.3,3,0,13,1,sharma_2021
168.236,2.2723000000000004,2,0,26.3,0,0,12,2,sharma_2021
228.35699999999997,3.1342000000000017,3,0,26.3,2,0,15,1,sharma_2021
192.302,3.3480000000000016,1,0,17.07,1,0,14,2,sharma_2021
220.35599999999994,4.128200000000003,1,0,17.07,3,0,16,2,sharma_2021
178.27499999999998,2.5560200000000006,1,1,20.23,3,1,13,1,sharma_2021
134.222,3.229000000000002,0,0,0.0,1,0,10,1,sharma_2021
136.194,1.7824,1,1,20.23,2,1,10,1,sharma_2021
178.27499999999995,2.215500000000001,1,1,20.23,0,0,13,4,sharma_2021
140.22599999999997,2.711900000000001,1,0,17.07,6,0,10,0,sharma_2021
124.18299999999998,2.0978000000000003,1,0,17.07,3,0,9,0,sharma_2021
210.361,3.9200000000000035,1,1,20.23,2,0,15,1,sharma_2021
141.239,2.445500000000001,2,0,12.36,5,0,9,0,sharma_2021
210.18499999999995,0.9365999999999999,4,1,72.83,4,1,15,1,sharma_2021
258.2699999999999,0.5111999999999999,6,1,82.06,2,0,18,2,sharma_2021
222.37199999999999,4.017900000000004,1,0,9.23,0,0,16,3,sharma_2021
161.295,2.5768000000000004,3,0,12.36,0,0,9,1,sharma_2021
258.40199999999993,4.166400000000004,3,0,27.69,6,0,18,1,sharma_2021
126.19899999999998,1.8896000000000002,1,1,20.23,4,0,9,0,sharma_2021
175.322,2.6225000000000005,3,0,12.36,6,0,10,0,sharma_2021
176.25900000000001,2.8443000000000014,1,0,17.07,4,1,13,1,sharma_2021
144.214,1.5166,2,1,37.3,5,0,10,0,sharma_2021
168.28,2.8476000000000017,1,0,9.23,1,0,12,2,sharma_2021
198.30599999999998,3.0103000000000018,2,0,26.3,2,0,14,1,sharma_2021
158.19699999999997,1.3088000000000002,3,0,43.370000000000005,5,0,11,0,sharma_2021
234.33899999999997,3.742700000000003,2,0,26.3,8,1,17,1,sharma_2021
212.33299999999997,3.400400000000002,2,0,26.3,3,0,15,1,sharma_2021
202.24999999999997,1.4812,4,0,44.760000000000005,4,0,14,1,sharma_2021
178.231,2.5090000000000003,2,0,18.46,1,1,13,2,sharma_2021
178.231,2.1822999999999997,2,0,26.3,4,1,13,1,sharma_2021
200.32199999999997,3.210200000000002,2,0,18.46,2,0,14,1,sharma_2021
220.312,3.3526000000000025,2,0,26.3,7,1,16,1,sharma_2021
194.22999999999996,2.1379,3,1,38.69,4,1,14,1,sharma_2021
222.37199999999999,3.920000000000003,1,1,20.23,1,0,16,2,sharma_2021
132.159,0.5843999999999999,3,0,35.53,4,0,9,0,sharma_2021
124.13899999999997,1.4111,2,0,30.21,2,1,9,1,sharma_2021
138.16599999999997,2.2624000000000004,2,0,30.21,3,1,10,1,sharma_2021
112.172,1.9317,1,0,17.07,3,0,8,0,sharma_2021
214.349,3.936200000000003,2,0,26.3,9,0,15,0,sharma_2021
204.31299999999996,3.361600000000002,1,0,17.07,3,1,15,1,sharma_2021
228.37599999999998,4.2786000000000035,2,0,18.46,9,0,16,1,sharma_2021
172.26799999999997,2.910000000000001,2,0,26.3,7,0,12,0,sharma_2021
214.34899999999996,4.080300000000003,2,0,26.3,10,0,15,0,sharma_2021
228.37599999999995,4.470400000000004,2,0,26.3,11,0,16,0,sharma_2021
248.36599999999999,4.132800000000004,2,0,26.3,9,1,18,1,sharma_2021
192.258,2.3790000000000004,2,0,18.46,2,1,14,2,sharma_2021
152.237,2.401700000000001,1,0,17.07,0,0,11,2,sharma_2021
152.19299999999998,2.6525000000000007,2,0,30.21,4,1,11,1,sharma_2021
168.23599999999996,1.7329,2,0,25.06,1,0,12,3,sharma_2021
202.29399999999998,2.2709000000000006,3,1,46.53,8,0,14,0,sharma_2021
240.38699999999992,4.614500000000005,2,0,26.3,0,0,17,1,sharma_2021
192.258,2.5515000000000008,2,0,18.46,2,1,14,2,sharma_2021
126.11099999999996,0.5844,3,1,50.44,2,1,9,1,sharma_2021
158.19699999999997,1.3088,3,0,43.370000000000005,5,0,11,0,sharma_2021
238.37099999999992,4.2668000000000035,2,0,26.3,7,0,17,0,sharma_2021
264.409,4.180600000000004,2,0,26.3,1,0,19,3,sharma_2021
264.409,4.490800000000004,2,0,26.3,2,0,19,2,sharma_2021
168.19199999999998,1.7178199999999997,3,1,38.69,2,1,12,1,sharma_2021
172.26799999999994,2.908400000000001,2,0,26.3,6,0,12,0,sharma_2021
208.25699999999998,2.538500000000001,3,0,35.53,5,1,15,1,sharma_2021
256.42999999999995,5.106500000000005,2,0,26.3,12,0,18,0,sharma_2021
170.25199999999992,2.6624000000000008,2,0,26.3,3,0,12,1,sharma_2021
256.4299999999999,5.250600000000005,2,0,26.3,13,0,18,0,sharma_2021
200.32199999999997,3.498400000000003,2,0,18.46,6,0,14,1,sharma_2021
128.21499999999997,2.5458000000000007,1,0,17.07,5,0,9,0,sharma_2021
220.268,1.9974,3,0,43.370000000000005,5,1,16,1,sharma_2021
196.29,2.7643000000000013,2,0,26.3,1,0,14,2,sharma_2021
192.39299999999997,3.576700000000003,2,2,0.0,8,0,11,0,sharma_2021
174.284,1.9461,2,2,40.46,6,0,12,0,sharma_2021
238.37099999999992,3.7905000000000033,2,0,26.3,3,0,17,2,sharma_2021
274.36000000000007,3.7638000000000025,3,1,46.53,2,1,20,3,sharma_2021
190.24200000000002,2.6960000000000006,2,0,26.3,3,1,14,1,sharma_2021
272.38800000000003,4.4634000000000045,2,0,26.3,7,1,20,1,sharma_2021
142.19799999999998,1.9058,2,0,26.3,4,0,10,0,sharma_2021
216.236,2.679100000000001,3,0,39.44,4,2,16,2,sharma_2021
228.28799999999993,1.919,4,0,52.60000000000001,4,0,16,1,sharma_2021
125.19599999999998,1.5113999999999999,2,1,12.89,1,1,8,1,sharma_2021
152.237,2.2576,1,0,17.07,1,0,11,2,sharma_2021
178.187,2.5894000000000004,3,0,35.510000000000005,4,2,13,2,sharma_2021
219.28399999999993,2.1159,3,0,29.540000000000003,3,1,16,2,sharma_2021
238.32699999999997,3.2014000000000014,3,0,43.370000000000005,7,0,17,0,sharma_2021
158.197,1.6105,2,1,54.370000000000005,6,0,11,0,sharma_2021
178.23100000000002,2.1822999999999997,2,0,26.3,4,1,13,1,sharma_2021
112.12799999999999,1.2272,2,0,26.3,1,0,8,1,sharma_2021
184.279,3.052500000000001,2,0,26.3,5,0,13,1,sharma_2021
184.2789999999999,2.908400000000001,2,0,26.3,3,0,13,1,sharma_2021
204.35699999999994,4.7252000000000045,0,0,0.0,1,0,15,2,sharma_2021
204.35699999999994,4.415000000000004,0,0,0.0,0,0,15,3,sharma_2021
158.153,0.2550999999999999,4,0,52.60000000000001,2,0,11,1,sharma_2021
238.28599999999997,3.5568000000000026,2,0,26.3,4,2,18,2,sharma_2021
150.22099999999998,2.7128200000000007,1,0,13.14,0,1,11,2,sharma_2021
152.23699999999997,2.2797,1,1,20.23,1,0,11,1,sharma_2021
166.176,1.2383999999999995,3,0,35.53,5,1,12,1,sharma_2021
150.17699999999996,1.9205999999999999,2,0,26.3,3,1,11,1,sharma_2021
164.20399999999995,2.1292999999999997,2,1,29.46,3,1,12,1,sharma_2021
180.20299999999997,2.0106,3,0,35.53,3,1,13,1,sharma_2021
132.15900000000002,0.322,3,1,46.53,4,0,9,0,sharma_2021
152.237,2.2813000000000003,1,1,20.23,2,0,11,1,sharma_2021
150.22099999999998,2.6320000000000006,1,0,17.07,0,0,11,1,sharma_2021
154.325,2.3606,3,0,0.0,4,0,7,0,sharma_2021
168.23599999999996,2.4384000000000006,2,0,26.3,4,0,12,1,sharma_2021
114.14399999999998,1.1256000000000002,2,0,26.3,2,0,8,0,sharma_2021
224.38799999999998,4.477800000000005,1,1,20.23,8,0,16,0,sharma_2021
136.238,3.308900000000002,0,0,0.0,1,0,10,1,sharma_2021
156.26899999999998,2.4395000000000007,1,1,20.23,1,0,11,1,sharma_2021
130.14299999999997,-0.06970000000000015,3,1,46.53,0,0,9,1,sharma_2021
154.253,2.1935000000000002,1,1,20.23,0,0,11,2,sharma_2021
150.22099999999998,2.4879000000000007,1,0,17.07,1,0,11,1,sharma_2021
154.253,2.1935000000000002,1,1,20.23,0,0,11,2,sharma_2021
160.213,1.1006,3,1,46.53,5,0,11,0,sharma_2021
224.3,1.5997999999999999,3,2,57.53,2,0,16,1,sharma_2021
136.238,3.308900000000002,0,0,0.0,1,0,10,1,sharma_2021
136.238,2.9987000000000013,0,0,0.0,0,0,10,2,sharma_2021
136.238,2.9987000000000013,0,0,0.0,0,0,10,3,sharma_2021
136.238,2.9987000000000013,0,0,0.0,0,0,10,3,sharma_2021
204.35699999999997,4.7252000000000045,0,0,0.0,1,0,15,2,sharma_2021
152.237,2.520100000000001,1,0,12.53,1,0,11,2,sharma_2021
156.225,2.2723000000000004,2,0,26.3,4,0,11,1,sharma_2021
184.27899999999997,3.052500000000002,2,0,26.3,6,0,13,1,sharma_2021
222.37199999999999,4.230200000000004,1,1,20.23,4,0,16,1,sharma_2021
222.37199999999999,3.9200000000000035,1,1,20.23,1,0,16,2,sharma_2021
204.35699999999997,4.415000000000004,0,0,0.0,0,0,15,3,sharma_2021
204.35699999999997,4.270900000000004,0,0,0.0,1,0,15,4,sharma_2021
204.35699999999997,4.270900000000004,0,0,0.0,1,0,15,3,sharma_2021
222.37199999999996,3.7539000000000033,1,1,20.23,1,0,16,3,sharma_2021
204.35699999999997,4.7252000000000045,0,0,0.0,1,0,15,2,sharma_2021
166.21999999999997,1.6991,2,0,29.6,1,0,12,2,sharma_2021
150.22099999999998,2.7128200000000007,1,0,13.14,0,1,11,2,sharma_2021
152.23699999999997,2.711900000000001,1,0,17.07,0,0,11,1,sharma_2021
154.25300000000001,2.5037000000000007,1,1,20.23,1,0,11,1,sharma_2021
122.16699999999996,1.7399,1,1,20.23,1,1,9,1,sharma_2021
154.253,2.9579000000000013,1,0,17.07,5,0,11,0,sharma_2021
154.25300000000001,2.6698000000000013,1,1,20.23,4,0,11,0,sharma_2021
154.253,2.6477000000000013,1,0,17.07,1,0,11,1,sharma_2021
136.23799999999997,3.1648000000000023,0,0,0.0,1,0,10,1,sharma_2021
154.25300000000001,2.5037000000000007,1,1,20.23,1,0,11,1,sharma_2021
152.23699999999997,2.567800000000001,1,0,17.07,1,0,11,1,sharma_2021
154.25299999999996,2.3596000000000004,1,1,20.23,1,0,11,1,sharma_2021
152.23699999999997,2.567800000000001,1,0,17.07,1,0,11,1,sharma_2021
522.6760000000004,1.9984000000000006,10,3,133.14000000000001,25,0,36,1,sharma_2021
174.10799999999998,-0.4433000000000001,3,3,111.89999999999999,4,0,12,0,sharma_2021
152.237,2.401700000000001,1,0,17.07,0,0,11,2,sharma_2021
148.16099999999997,1.7844,1,1,37.3,2,1,11,1,sharma_2021
74.12299999999999,0.7771999999999999,1,1,20.23,1,0,5,0,sharma_2021
222.37199999999999,4.3979000000000035,1,1,20.23,7,0,16,0,sharma_2021
282.4679999999999,6.1085000000000065,1,1,37.3,15,0,20,0,sharma_2021
194.18599999999998,1.4986,3,2,66.76,3,1,14,1,sharma_2021
536.8880000000004,12.937999999999976,0,0,0.0,16,0,40,0,sharma_2021
70.09100000000001,0.7614000000000001,1,0,17.07,1,0,5,0,sharma_2021
136.194,1.7824,1,1,20.23,2,1,10,1,sharma_2021
140.22599999999997,2.711900000000001,1,0,17.07,5,0,10,0,sharma_2021
152.237,2.520100000000001,1,0,12.53,1,0,11,2,sharma_2021
256.3419999999999,3.3350000000000017,4,0,52.6,0,0,18,1,sharma_2021
197.281,3.2569000000000017,1,0,12.89,4,2,15,2,sharma_2021
196.28999999999996,2.9304000000000014,2,0,26.3,2,0,14,1,sharma_2021
284.311,3.0889000000000015,4,0,52.6,5,2,21,2,sharma_2021
126.19899999999997,2.1776999999999997,1,0,17.07,3,0,9,0,sharma_2021
190.28599999999994,3.1875000000000018,1,0,17.07,4,1,14,1,sharma_2021
214.34899999999993,4.080300000000004,2,0,26.3,10,0,15,0,sharma_2021
182.263,2.3742,2,0,26.3,2,0,13,2,sharma_2021
282.46799999999996,5.783200000000006,2,0,26.3,12,0,20,1,sharma_2021
146.21099999999998,1.4262,3,0,26.3,3,0,9,0,sharma_2021
176.281,2.0381000000000005,3,1,26.3,5,0,11,0,sharma_2021
155.266,2.576320000000001,2,0,12.89,2,1,10,1,sharma_2021
100.11699999999998,1.0372000000000001,2,1,37.3,1,0,7,0,sharma_2021
128.19599999999997,2.1426,2,0,13.14,2,1,8,1,sharma_2021
324.637,9.074200000000001,0,0,0.0,19,0,23,0,sharma_2021
158.285,3.117800000000002,1,1,20.23,7,0,11,0,sharma_2021
136.19799999999998,1.90842,2,0,25.78,1,1,10,1,sharma_2021
194.31799999999996,3.8822000000000028,1,0,17.07,3,0,14,1,sharma_2021
141.23899999999998,2.656600000000001,2,0,12.89,2,1,9,1,sharma_2021
178.279,2.6820400000000006,2,0,25.78,3,1,13,1,sharma_2021
134.2,0.8677999999999999,3,1,26.3,2,0,8,0,sharma_2021
127.21199999999999,2.01392,2,0,12.89,1,1,8,1,sharma_2021
174.24,1.4907,3,1,46.53,6,0,12,0,sharma_2021
204.35699999999994,4.891300000000005,0,0,0.0,4,0,15,1,sharma_2021
158.24099999999999,2.2317,2,0,26.3,4,0,11,0,sharma_2021
120.217,1.1219,2,1,20.23,4,0,7,0,sharma_2021
104.218,1.9606999999999997,1,1,0.0,1,0,6,0,sharma_2021
146.18599999999998,0.7104999999999999,3,1,46.53,4,0,10,0,sharma_2021
222.37199999999999,3.7759000000000027,1,1,20.23,1,0,16,2,sharma_2021
130.18699999999998,1.5956000000000001,2,0,26.3,3,0,9,0,sharma_2021
126.18399999999998,1.1985,3,0,25.78,1,1,8,1,sharma_2021
166.224,1.9987,3,0,35.010000000000005,3,1,12,1,sharma_2021
127.16799999999998,1.3457,3,0,29.96,1,1,8,1,sharma_2021
122.258,1.6246,2,2,0.0,2,0,6,0,sharma_2021
146.18599999999998,0.5664,3,1,46.53,3,0,10,0,sharma_2021
206.285,2.8184000000000013,2,0,26.3,5,1,15,1,sharma_2021
154.23399999999998,2.56754,2,0,17.07,1,1,10,1,sharma_2021
125.17099999999999,0.8427,2,1,29.1,1,0,9,1,sharma_2021
226.35999999999996,4.222800000000004,2,0,26.3,8,0,16,1,sharma_2021
125.171,1.2003000000000001,2,0,29.43,1,0,9,1,sharma_2021
172.26799999999997,2.6218000000000012,2,0,26.3,5,0,12,0,sharma_2021
124.14299999999999,0.7936199999999999,3,0,35.010000000000005,1,1,9,1,sharma_2021
112.17199999999998,1.9317,1,0,17.07,4,0,8,0,sharma_2021
152.237,2.567800000000001,1,0,17.07,2,0,11,1,sharma_2021
214.349,3.936200000000003,2,0,26.3,9,0,15,0,sharma_2021
130.231,2.0494,1,1,20.23,2,0,9,0,sharma_2021
164.25199999999998,2.6069400000000007,2,0,25.78,2,1,12,1,sharma_2021
100.11699999999999,0.36429999999999996,2,0,26.3,0,0,7,1,sharma_2021
120.217,1.0772,2,2,20.23,2,0,7,0,sharma_2021
152.19699999999997,1.4376999999999998,3,0,35.010000000000005,3,1,11,1,sharma_2021
155.22199999999998,1.9625400000000002,3,0,29.96,1,1,10,1,sharma_2021
180.36299999999997,3.586800000000002,3,0,0.0,2,0,9,1,sharma_2021
126.22399999999999,2.618920000000001,1,0,0.0,1,1,8,1,sharma_2021
146.18599999999998,0.5664,3,1,46.53,3,0,10,0,sharma_2021
222.37199999999999,3.6098000000000026,1,1,20.23,0,0,16,3,sharma_2021
172.26799999999997,2.908400000000001,2,0,26.3,6,0,12,0,sharma_2021
130.14299999999997,0.527,3,0,43.370000000000005,2,0,9,0,sharma_2021
88.106,-0.04219999999999996,2,1,37.3,2,0,6,0,sharma_2021
242.40299999999993,4.860500000000005,2,0,26.3,12,0,17,0,sharma_2021
134.244,1.4672999999999998,2,2,20.23,4,0,8,0,sharma_2021
204.357,4.581100000000004,0,0,0.0,1,0,15,2,sharma_2021
168.30499999999995,3.653100000000003,1,0,0.0,4,1,11,1,sharma_2021
102.13299999999998,0.3463,2,1,37.3,2,0,7,0,sharma_2021
128.19600000000003,2.01782,2,1,13.14,1,1,8,1,sharma_2021
132.272,2.885000000000002,1,1,0.0,4,0,8,0,sharma_2021
207.273,2.5411,3,1,38.33,4,1,15,1,sharma_2021
144.21399999999997,1.9841,2,0,26.3,3,0,10,0,sharma_2021
198.30599999999995,3.4662000000000024,2,0,26.3,9,0,14,0,sharma_2021
186.25099999999995,1.9449,3,0,43.370000000000005,6,0,13,0,sharma_2021
256.4299999999999,5.250600000000006,2,0,26.3,13,0,18,0,sharma_2021
164.33899999999997,3.5779000000000023,2,0,0.0,6,0,9,0,sharma_2021
150.312,3.187800000000002,2,0,0.0,5,0,8,0,sharma_2021
154.253,2.9102000000000015,1,0,9.23,1,0,11,1,sharma_2021
224.344,3.710600000000003,2,0,26.3,3,0,16,1,sharma_2021
116.21,2.0368,2,1,0.0,0,1,6,1,sharma_2021
228.37599999999998,4.326300000000004,2,0,26.3,10,0,16,0,sharma_2021
158.19699999999997,1.1647,3,0,43.370000000000005,4,0,11,0,sharma_2021
227.26299999999998,2.6258,3,1,52.32,3,2,17,2,sharma_2021
111.144,0.8102,2,0,29.43,1,0,8,1,sharma_2021
284.484,6.030800000000006,2,0,26.3,15,0,20,0,sharma_2021
141.23899999999998,2.3223400000000005,2,0,12.89,1,1,9,1,sharma_2021
152.237,2.520100000000001,1,0,9.23,0,0,11,3,sharma_2021
130.14299999999997,0.5286000000000001,3,0,43.370000000000005,3,0,9,0,sharma_2021
196.24599999999995,2.3619000000000003,3,1,38.69,4,1,14,1,sharma_2021
238.45899999999995,6.653700000000007,0,0,0.0,13,0,17,0,sharma_2021
180.36299999999997,3.6120000000000028,3,0,0.0,6,0,9,0,sharma_2021
140.298,2.665700000000001,3,0,0.0,3,0,6,0,sharma_2021
108.231,1.6251999999999998,2,1,0.0,1,0,5,0,sharma_2021
188.22299999999996,1.2812999999999999,4,0,52.6,5,0,13,0,sharma_2021
116.18499999999999,1.568,2,1,9.23,0,0,7,1,sharma_2021
134.244,1.7313,2,1,9.23,3,0,8,0,sharma_2021
148.227,1.2579,3,1,26.3,4,0,9,0,sharma_2021
149.19299999999996,1.6369,2,0,22.0,1,1,11,2,sharma_2021
226.322,4.121520000000003,4,0,26.28,4,2,14,2,sharma_2021
128.196,2.30992,2,0,13.14,1,1,8,1,sharma_2021
226.322,4.288840000000002,4,0,26.28,3,2,14,2,sharma_2021
101.17399999999999,1.1516,2,0,12.36,0,0,6,1,sharma_2021
150.22099999999998,2.4879000000000007,1,0,17.07,2,0,11,1,sharma_2021
143.211,0.7531999999999999,3,1,29.1,1,0,9,1,sharma_2021
140.207,2.2362200000000003,2,0,13.14,0,1,9,2,sharma_2021
228.37599999999995,4.2786000000000035,2,0,18.46,8,0,16,1,sharma_2021
152.23700000000002,2.567800000000001,1,0,17.07,2,0,11,1,sharma_2021
152.237,2.2813000000000003,1,1,20.23,2,0,11,1,sharma_2021
196.28999999999996,2.9320000000000013,2,0,26.3,3,0,14,1,sharma_2021
178.27499999999998,3.517120000000002,1,0,9.23,3,1,13,1,sharma_2021
118.20099999999998,1.2837999999999998,2,1,17.07,2,0,7,0,sharma_2021
134.22199999999998,3.084900000000002,0,0,0.0,1,0,10,1,sharma_2021
132.228,1.5297999999999998,2,1,17.07,3,0,8,0,sharma_2021
118.20099999999998,1.2837999999999998,2,1,17.07,2,0,7,0,sharma_2021
160.28199999999998,2.454100000000001,2,1,17.07,6,0,10,0,sharma_2021
132.228,1.6739,2,1,17.07,4,0,8,0,sharma_2021
136.154,0.9876199999999999,3,0,42.85,1,1,10,1,sharma_2021
178.279,2.6820400000000006,2,0,25.78,3,1,13,1,sharma_2021
164.252,2.2919400000000003,2,0,25.78,2,1,12,1,sharma_2021
164.25199999999998,2.43604,2,0,25.78,3,1,12,1,sharma_2021
140.21099999999998,1.5069199999999998,3,0,25.78,1,1,9,1,sharma_2021
152.19699999999997,1.4377,3,0,35.010000000000005,3,1,11,1,sharma_2021
140.182,1.8174000000000001,2,1,37.3,1,0,10,1,sharma_2021
140.182,1.8174000000000001,2,1,37.3,0,0,10,1,sharma_2021
140.182,1.8174000000000001,2,1,37.3,1,0,10,1,sharma_2021
140.182,1.6733,2,1,37.3,0,0,10,1,sharma_2021
200.325,4.5416200000000035,0,0,0.0,1,1,15,2,sharma_2021
174.309,2.8889000000000014,2,0,17.07,7,0,11,0,sharma_2021
208.417,4.078800000000003,3,0,0.0,2,0,11,1,sharma_2021
191.36499999999998,2.730100000000001,3,1,12.03,1,0,11,1,sharma_2021
191.36499999999998,2.730100000000001,3,1,12.03,1,0,11,1,sharma_2021
205.39199999999997,3.1202000000000014,3,1,12.03,2,0,12,1,sharma_2021
189.34900000000002,2.5803000000000003,3,0,3.24,0,0,11,2,sharma_2021
125.171,1.2003000000000001,2,0,29.43,2,0,9,1,sharma_2021
158.19699999999997,1.3072,3,0,43.370000000000005,4,0,11,0,sharma_2021
216.27699999999996,2.0615,4,0,52.6,7,0,15,0,sharma_2021
161.20399999999998,2.3173000000000004,2,0,29.96,2,1,12,1,sharma_2021
163.21999999999997,2.4076000000000004,2,0,29.96,2,1,12,1,sharma_2021
147.22099999999995,2.677100000000001,1,0,12.89,2,1,11,1,sharma_2021
161.20399999999998,2.3173000000000004,2,0,29.96,2,1,12,1,sharma_2021
138.282,2.418100000000001,3,0,0.0,0,0,6,1,sharma_2021
182.30999999999995,1.8694,3,0,34.14,5,0,10,0,sharma_2021
208.345,3.2197000000000022,1,1,20.23,0,0,15,3,sharma_2021
170.25199999999998,2.3609,2,0,34.14,6,0,12,0,sharma_2021
186.29499999999996,3.2985000000000024,2,0,26.3,7,0,13,0,sharma_2021
118.20099999999998,1.2837999999999998,2,1,17.07,2,0,7,0,sharma_2021
140.22599999999997,2.711900000000001,1,0,17.07,6,0,10,0,sharma_2021
148.209,1.83472,2,0,25.78,0,1,11,2,sharma_2021
204.35699999999997,5.201500000000005,0,0,0.0,7,0,15,0,sharma_2021
150.312,3.043700000000001,2,0,0.0,4,0,8,0,sharma_2021
222.37199999999999,3.7539000000000033,1,1,20.23,0,0,16,3,sharma_2021
116.22899999999998,2.3156,1,0,0.0,2,0,7,0,sharma_2021
140.226,2.545300000000001,1,0,9.23,6,0,10,0,sharma_2021
122.18899999999998,0.7065,2,0,26.3,3,0,7,0,sharma_2021
232.38899999999995,3.5985000000000027,3,1,26.3,9,0,15,0,sharma_2021
158.24099999999999,2.518300000000001,2,0,26.3,5,0,11,0,sharma_2021
158.19699999999997,1.1647,3,0,43.370000000000005,4,0,11,0,sharma_2021
204.33499999999998,2.818300000000002,3,1,26.3,7,0,13,0,sharma_2021
210.27299999999997,2.8015000000000008,3,0,39.44,6,1,15,1,sharma_2021
222.23999999999998,2.0690999999999997,4,0,52.60000000000001,4,1,16,1,sharma_2021
174.243,2.924900000000001,1,0,17.07,3,1,13,1,sharma_2021
156.269,2.751300000000001,1,1,20.23,6,0,11,0,sharma_2021
128.17099999999996,1.3479999999999999,2,0,26.3,0,0,9,1,sharma_2021
184.27899999999997,3.0745000000000013,2,0,26.3,7,0,13,0,sharma_2021
200.32199999999997,3.5461000000000027,2,0,26.3,8,0,14,0,sharma_2021
205.39199999999994,3.264300000000002,3,1,12.03,3,0,12,1,sharma_2021
148.22699999999998,1.301,3,0,26.3,3,0,9,0,sharma_2021
122.258,1.6230000000000002,2,2,0.0,1,0,6,0,sharma_2021
190.30799999999996,2.4729,3,0,26.3,7,0,12,0,sharma_2021
114.14399999999999,1.2832000000000001,1,1,37.3,3,0,8,0,sharma_2021
166.26399999999998,2.9579000000000013,1,0,17.07,4,0,12,1,sharma_2021
198.30599999999995,3.3221000000000025,2,0,26.3,6,0,14,0,sharma_2021
242.40299999999993,4.8605000000000045,2,0,26.3,12,0,17,0,sharma_2021
154.209,2.2075,2,1,37.3,0,0,11,1,sharma_2021
172.22399999999993,1.5087000000000002,3,0,35.53,4,0,12,1,sharma_2021
146.22999999999996,2.1856,2,0,18.46,6,0,10,0,sharma_2021
126.11099999999998,0.9525999999999999,3,0,39.44,3,1,9,1,sharma_2021
214.286,2.466,4,0,39.44,6,1,14,1,sharma_2021
172.26799999999997,1.5543999999999998,2,2,40.46,1,0,12,1,sharma_2021
210.273,3.2932000000000023,3,0,39.44,7,1,15,1,sharma_2021
186.295,3.1083000000000016,2,0,18.46,6,0,13,1,sharma_2021
144.21399999999997,1.9857,2,0,26.3,4,0,10,0,sharma_2021
148.22699999999998,1.301,3,0,26.3,3,0,9,0,sharma_2021
222.24,1.683,4,0,52.60000000000001,5,1,16,1,sharma_2021
160.21599999999998,2.5452000000000004,1,0,17.07,4,1,12,1,sharma_2021
252.39799999999994,4.801000000000005,2,0,26.3,9,0,18,0,sharma_2021
240.38699999999997,4.036500000000004,2,0,26.3,4,0,17,1,sharma_2021
141.23899999999998,2.4857000000000005,2,0,12.89,3,1,9,1,sharma_2021
192.258,3.0909000000000013,2,0,26.3,4,1,14,1,sharma_2021
153.225,2.4899400000000007,2,0,26.03,2,1,11,1,sharma_2021
155.266,2.6500200000000005,2,0,12.89,2,1,10,1,sharma_2021
115.15699999999998,1.1517,3,0,22.12,1,1,7,1,sharma_2021
188.27,3.315000000000002,1,0,17.07,4,1,14,1,sharma_2021
206.285,2.989300000000002,2,0,26.3,4,1,15,1,sharma_2021
206.285,3.1334000000000017,2,0,26.3,5,1,15,1,sharma_2021
192.30199999999994,3.6582000000000026,1,0,17.07,3,0,14,1,sharma_2021
224.34399999999994,3.854700000000003,2,0,26.3,4,0,16,1,sharma_2021
196.33399999999997,3.6740000000000026,1,1,20.23,3,0,14,1,sharma_2021
123.15499999999997,1.3205,2,0,22.0,2,1,9,1,sharma_2021
138.166,2.09904,2,0,30.21,1,1,10,1,sharma_2021
238.37099999999998,4.100700000000003,2,0,26.3,4,0,17,1,sharma_2021
152.237,2.3776,1,0,9.23,0,0,11,2,sharma_2021
138.17,1.10204,3,0,35.010000000000005,1,1,10,1,sharma_2021
270.45699999999994,5.640700000000006,2,0,26.3,14,0,19,0,sharma_2021
164.20399999999998,2.1205,2,0,18.46,1,1,12,2,sharma_2021
164.20399999999998,2.1293,2,1,29.46,3,1,12,1,sharma_2021
218.33999999999997,4.337520000000003,1,1,20.23,1,1,16,2,sharma_2021
180.20299999999997,1.5468199999999999,3,0,35.53,3,1,13,1,sharma_2021
206.28499999999994,2.699600000000001,2,0,26.3,2,1,15,1,sharma_2021
138.20999999999998,2.4879000000000007,1,0,17.07,5,0,10,0,sharma_2021
86.08999999999999,0.6471,1,1,37.3,1,0,6,0,sharma_2021
338.5760000000001,6.934900000000008,2,0,26.3,14,0,24,0,sharma_2021
132.16199999999995,1.8987,1,0,17.07,2,1,10,1,sharma_2021
122.16699999999996,1.7399,1,1,20.23,1,1,9,1,sharma_2021
162.188,1.8728,2,0,26.3,2,1,12,1,sharma_2021
184.279,3.076100000000001,2,0,26.3,6,0,13,0,sharma_2021
164.15999999999997,1.4899999999999995,2,2,57.53,2,1,12,1,sharma_2021
148.20499999999996,2.728300000000001,1,0,9.23,2,1,11,1,sharma_2021
96.12899999999999,1.3176,1,0,17.07,2,0,7,0,sharma_2021
154.253,2.671400000000001,1,1,20.23,4,0,11,0,sharma_2021
88.14999999999999,1.0248,1,1,20.23,2,0,6,0,sharma_2021
176.215,2.2629,2,0,26.3,3,1,13,1,sharma_2021
146.189,2.2888,1,0,17.07,2,1,11,1,sharma_2021
208.26,3.5827000000000027,1,0,17.07,3,2,16,2,sharma_2021
178.23099999999997,2.736900000000001,2,0,18.46,3,1,13,1,sharma_2021
162.18799999999996,2.4484000000000012,2,0,18.46,1,1,12,2,sharma_2021
84.118,1.1515,1,0,17.07,1,0,6,0,sharma_2021
152.237,2.878000000000001,1,0,17.07,4,0,11,0,sharma_2021
152.23699999999997,2.711900000000001,1,0,17.07,0,0,11,1,sharma_2021
192.302,3.6582000000000026,1,0,17.07,2,0,14,1,sharma_2021
285.3430000000001,2.997200000000001,3,0,38.77,3,1,21,3,sharma_2021
102.17699999999998,1.5574,1,1,20.23,3,0,7,0,sharma_2021
100.11699999999999,1.0372000000000001,1,1,37.3,2,0,7,0,sharma_2021
264.409,4.968700000000005,2,0,26.3,8,0,19,0,sharma_2021
136.19399999999996,2.1300000000000003,1,1,20.23,2,1,10,1,sharma_2021
102.17699999999999,1.4149,1,1,20.23,3,0,7,0,sharma_2021
100.161,1.335,1,1,20.23,3,0,7,0,sharma_2021
98.145,1.111,1,1,20.23,2,0,7,0,sharma_2021
162.188,1.9072999999999998,2,0,26.3,3,1,12,1,sharma_2021
162.188,1.9072999999999998,2,0,26.3,3,1,12,1,sharma_2021
150.22099999999998,2.0000000000000004,1,1,20.23,3,1,11,1,sharma_2021
188.226,2.4290000000000003,2,0,26.3,4,1,14,1,sharma_2021
114.14399999999998,1.2832000000000001,1,1,37.3,2,0,8,0,sharma_2021
254.37599999999998,4.905680000000003,4,0,26.28,3,2,16,2,sharma_2021
188.22599999999997,2.998000000000001,2,0,26.3,2,1,14,2,sharma_2021
136.194,2.2419000000000002,1,0,17.07,2,0,10,1,sharma_2021
114.14399999999999,1.1019999999999999,2,0,26.3,0,0,8,1,sharma_2021
162.18799999999996,2.0175199999999998,2,0,26.3,0,1,12,2,sharma_2021
116.15999999999998,1.2055,2,0,26.3,2,0,8,0,sharma_2021
98.145,1.5416,1,0,17.07,3,0,7,0,sharma_2021
290.49100000000004,5.502400000000007,1,1,20.23,3,0,21,2,sharma_2021
138.20999999999998,2.4879000000000007,1,0,17.07,5,0,10,0,sharma_2021
152.237,2.878000000000001,1,0,17.07,4,0,11,0,sharma_2021
154.253,2.671400000000001,1,1,20.23,4,0,11,0,sharma_2021
100.11699999999998,1.0372000000000001,1,1,37.3,1,0,7,0,sharma_2021
98.145,1.5416,1,0,17.07,3,0,7,0,sharma_2021
116.15999999999998,1.2055,2,0,26.3,2,0,8,0,sharma_2021
146.18599999999998,0.5664,3,1,46.53,3,0,10,0,sharma_2021
236.26699999999997,2.4592,4,0,52.6,5,1,17,1,sharma_2021
166.176,1.8559,3,0,39.44,3,1,12,1,sharma_2021
136.14999999999998,1.8818,2,0,30.21,2,1,10,1,sharma_2021
254.32899999999998,4.307300000000005,2,0,18.46,5,2,19,2,sharma_2021
204.269,2.899000000000002,2,0,26.3,4,1,15,1,sharma_2021
194.22999999999996,2.2566000000000006,3,0,35.53,3,1,14,1,sharma_2021
164.20399999999998,2.4339000000000013,2,1,29.46,2,1,12,1,sharma_2021
250.38199999999998,3.934600000000003,2,0,26.3,0,0,18,3,sharma_2021
208.301,2.9320000000000013,2,0,26.3,3,0,15,3,sharma_2021
371.4330000000001,3.0931000000000015,5,1,66.02000000000001,9,2,27,2,sharma_2021
152.237,2.401700000000001,1,0,17.07,0,0,11,2,sharma_2021
150.22099999999998,2.1776999999999997,1,0,17.07,1,0,11,3,sharma_2021
150.22099999999998,2.1776999999999997,1,0,17.07,1,0,11,3,sharma_2021
152.237,1.9695,1,1,20.23,0,0,11,3,sharma_2021
222.37199999999999,4.230200000000004,1,1,20.23,4,0,16,1,sharma_2021
218.33999999999995,3.904200000000003,1,0,17.07,1,0,16,2,sharma_2021
171.24300000000002,3.089080000000002,1,0,23.79,3,1,13,1,sharma_2021
305.41800000000006,3.789600000000002,3,2,58.56,9,1,22,1,sharma_2021
164.248,3.022100000000002,1,0,17.07,3,0,12,1,sharma_2021
164.248,3.022100000000002,1,0,17.07,3,0,12,1,sharma_2021
196.29,3.242200000000002,2,0,26.3,5,0,14,0,sharma_2021
196.29,3.242200000000002,2,0,26.3,5,0,14,0,sharma_2021
148.20499999999996,2.728300000000001,1,0,9.23,2,1,11,1,sharma_2021
164.20399999999998,2.4339000000000013,2,1,29.46,2,1,12,1,sharma_2021
178.23099999999997,2.736900000000001,2,0,18.46,3,1,13,1,sharma_2021
222.37199999999999,4.3979000000000035,1,1,20.23,7,0,16,0,sharma_2021
122.12299999999996,1.4917,2,0,30.21,2,1,9,1,sharma_2021
204.31299999999996,3.361600000000002,1,0,17.07,3,1,15,1,sharma_2021
194.31799999999998,4.048300000000003,1,0,17.07,6,0,14,0,sharma_2021
172.268,2.1527000000000003,2,1,37.3,6,0,12,0,sharma_2021
140.18199999999996,1.6818,2,0,26.3,3,0,10,0,sharma_2021
112.157,1.13919,2,1,28.68,0,1,7,1,sharma_2021
129.16199999999995,2.2233800000000006,1,0,23.79,1,1,10,1,sharma_2021
216.324,4.239300000000004,1,0,17.07,7,1,16,1,sharma_2021
264.32399999999996,3.956400000000003,2,0,26.3,5,2,20,2,sharma_2021
149.237,3.2026800000000017,1,0,23.79,3,0,11,0,sharma_2021
149.237,3.2026800000000017,1,0,23.79,3,0,11,0,sharma_2021
171.24300000000002,3.089080000000002,1,0,23.79,3,1,13,1,sharma_2021
196.28999999999996,3.0520000000000014,2,0,18.46,4,0,14,1,sharma_2021
192.30199999999996,3.6582000000000026,1,0,17.07,2,0,14,1,sharma_2021
202.297,3.8492000000000033,1,0,17.07,6,1,15,1,sharma_2021
262.43699999999995,5.774800000000006,1,0,17.07,9,0,19,0,sharma_2021
202.297,3.8492000000000033,1,0,17.07,6,1,15,1,sharma_2021
154.253,2.7677000000000014,1,0,9.23,1,0,11,1,sharma_2021
194.31799999999998,4.048300000000003,1,0,17.07,6,0,14,0,sharma_2021
198.30599999999995,3.4426000000000023,2,0,26.3,6,0,14,1,sharma_2021
170.25199999999998,2.6624000000000008,2,0,26.3,4,0,12,1,sharma_2021
172.268,2.1527000000000003,2,1,37.3,6,0,12,0,sharma_2021
204.31299999999996,3.361600000000002,1,0,17.07,3,1,15,1,sharma_2021
226.31599999999995,2.725100000000001,3,0,43.370000000000005,6,0,16,1,sharma_2021
154.25299999999996,2.8138000000000014,1,0,17.07,4,0,11,0,sharma_2021
220.35599999999994,3.9364000000000035,1,0,12.53,0,0,16,3,sharma_2021
192.30199999999996,3.8243000000000027,1,0,17.07,5,0,14,0,sharma_2021
174.19899999999996,2.9438200000000014,2,0,30.21,1,2,13,2,sharma_2021
88.14999999999999,1.0248,1,1,20.23,2,0,6,0,sharma_2021
130.231,2.3376000000000006,1,1,20.23,5,0,9,0,sharma_2021
150.221,2.4879000000000007,1,0,17.07,2,0,11,1,sharma_2021
154.25300000000001,2.5037000000000016,1,1,20.23,1,0,11,1,sharma_2021
228.332,2.371200000000001,3,1,46.53,3,0,16,1,sharma_2021
144.264,2.7389000000000014,2,1,0.0,1,1,8,1,sharma_2021
116.20399999999998,1.9475000000000002,1,1,20.23,4,0,8,0,sharma_2021
128.21499999999997,2.1136000000000004,1,1,20.23,5,0,9,0,sharma_2021
142.19799999999998,1.9058,2,0,26.3,4,0,10,0,sharma_2021
218.31799999999998,2.388000000000001,4,0,43.370000000000005,6,0,14,0,sharma_2021
146.18899999999996,3.049640000000001,1,0,13.14,0,2,11,2,sharma_2021
136.19399999999996,2.1300000000000003,1,1,20.23,2,1,10,1,sharma_2021
176.215,2.610500000000001,2,0,26.3,2,1,13,1,sharma_2021
206.289,0.9306999999999996,3,1,26.71,2,1,15,2,sharma_2021
230.34799999999993,2.7152000000000016,3,1,38.69,6,0,16,1,sharma_2021
200.32199999999997,3.0067000000000013,2,0,18.46,3,0,14,1,sharma_2021
146.255,2.1071,2,0,17.07,5,0,9,0,sharma_2021
174.23999999999998,1.4907,3,1,46.53,6,0,12,0,sharma_2021
162.254,1.6910999999999998,3,0,26.3,3,0,10,0,sharma_2021
199.33799999999997,2.8309000000000006,1,1,29.1,5,0,14,0,sharma_2021
146.255,2.0640000000000005,2,1,17.07,4,0,9,0,sharma_2021
172.268,1.9625,2,1,29.46,2,0,12,1,sharma_2021
168.27999999999997,3.059900000000002,1,1,20.23,7,0,12,0,sharma_2021
156.18099999999998,1.2422,3,0,35.53,2,0,11,1,sharma_2021
186.29499999999996,3.0119000000000016,2,0,26.3,4,0,13,0,sharma_2021
143.25499999999997,2.1761999999999997,2,0,12.36,1,0,9,1,sharma_2021
167.296,3.8966800000000035,1,0,23.79,7,0,12,0,sharma_2021
170.296,3.8971000000000036,1,0,9.23,8,0,12,0,sharma_2021
263.38100000000003,4.176200000000002,3,1,52.32,9,1,19,1,sharma_2021
172.31199999999998,3.3638000000000026,1,1,20.23,6,0,12,0,sharma_2021
148.22699999999998,1.6502000000000001,3,0,26.3,4,0,9,0,sharma_2021
212.37699999999995,4.742300000000005,1,0,17.07,11,0,15,0,sharma_2021
170.25199999999995,2.540300000000001,2,0,26.3,4,0,12,0,sharma_2021
164.20399999999998,2.1734999999999998,2,0,26.3,0,0,12,2,sharma_2021
156.269,2.727700000000002,1,1,20.23,4,0,11,1,sharma_2021
246.34999999999997,3.473300000000002,2,0,34.14,3,0,18,2,sharma_2021
250.38199999999995,3.777200000000003,2,0,34.14,3,0,18,2,sharma_2021
168.27999999999997,2.9158000000000013,1,1,20.23,4,0,12,0,sharma_2021
176.28099999999998,2.0812,3,0,26.3,5,0,11,0,sharma_2021
178.27499999999998,2.8086000000000015,1,1,20.23,4,1,13,1,sharma_2021
325.4520000000001,5.648400000000006,3,0,38.66,6,1,24,2,sharma_2021
213.302,2.19322,4,0,39.19,4,1,14,1,sharma_2021
212.3329999999999,3.5461000000000027,2,0,26.3,5,0,15,1,sharma_2021
198.30599999999998,3.3221000000000025,2,0,26.3,7,0,14,0,sharma_2021
213.302,2.33732,4,0,39.19,5,1,14,1,sharma_2021
241.35599999999997,3.1175200000000016,4,0,39.19,7,1,16,1,sharma_2021
212.3329999999999,3.6902000000000026,2,0,26.3,6,0,15,1,sharma_2021
176.25900000000001,3.1742000000000017,1,0,9.23,1,1,13,2,sharma_2021
158.285,2.9737000000000022,1,1,20.23,6,0,11,0,sharma_2021
198.28699999999998,2.8804000000000016,3,0,30.21,5,1,13,1,sharma_2021
151.253,3.282580000000002,1,0,23.79,4,0,11,0,sharma_2021
204.35699999999997,5.179500000000004,0,0,0.0,3,0,15,1,sharma_2021
311.3810000000001,4.062900000000003,4,0,47.89,6,2,23,2,sharma_2021
288.431,4.643600000000005,2,0,18.46,1,1,21,3,sharma_2021
138.21,2.1776999999999997,1,0,17.07,1,0,10,1,sharma_2021
271.36,4.145200000000003,3,1,38.33,3,1,20,2,sharma_2021
206.28499999999994,2.540300000000001,2,0,26.3,2,0,15,3,sharma_2021
142.154,0.2405,3,1,46.53,2,0,10,1,sharma_2021
326.345,-0.39759999999999995,7,4,108.61000000000001,6,1,23,2,sharma_2021
222.37199999999999,3.7759000000000027,1,1,20.23,1,0,16,2,sharma_2021
222.37199999999999,3.7759000000000027,1,1,20.23,1,0,16,2,sharma_2021
184.23499999999996,1.6973,3,0,43.370000000000005,4,0,13,1,sharma_2021
248.32199999999997,3.375200000000002,3,0,35.53,6,1,18,1,sharma_2021
236.35499999999996,4.022400000000003,2,0,26.3,5,0,17,1,sharma_2021
196.33399999999997,3.4837000000000025,1,0,9.23,0,0,14,2,sharma_2021
151.189,0.64604,2,0,33.84,0,1,11,1,sharma_2021
254.32599999999994,3.1655000000000015,4,0,36.92,8,1,18,1,sharma_2021
222.37199999999993,4.064000000000004,1,0,17.07,2,0,16,2,sharma_2021
196.28999999999996,2.9304000000000014,2,0,26.3,2,0,14,1,sharma_2021
166.21999999999997,2.0202199999999997,2,0,18.46,4,1,12,1,sharma_2021
254.3699999999999,3.7935000000000034,3,0,43.370000000000005,0,0,18,1,sharma_2021
214.30499999999995,3.1709000000000014,2,1,54.370000000000005,10,0,15,0,sharma_2021
126.15499999999999,0.9446,2,0,34.14,0,0,9,1,sharma_2021
196.20199999999997,1.50962,4,0,56.51,2,1,14,1,sharma_2021
149.28400000000002,0.9225000000000001,3,1,3.24,2,0,8,1,sharma_2021
152.19299999999998,1.9286999999999996,2,1,29.46,3,1,11,1,sharma_2021
152.193,2.28052,2,0,30.21,3,1,11,1,sharma_2021
252.3979999999999,4.780600000000004,2,0,26.3,0,0,18,1,sharma_2021
272.38800000000003,3.9871000000000034,2,0,26.3,3,1,20,3,sharma_2021
198.30599999999993,3.3001000000000023,2,0,26.3,5,0,14,1,sharma_2021
138.23499999999999,2.5377000000000014,1,1,0.0,1,1,9,1,sharma_2021
152.23699999999997,2.711900000000001,1,0,17.07,2,0,11,1,sharma_2021
168.19199999999998,0.712,3,0,46.67,0,0,12,2,sharma_2021
194.23,1.93692,3,0,35.53,4,1,14,1,sharma_2021
325.3640000000001,3.783000000000002,5,0,57.120000000000005,5,2,24,3,sharma_2021
171.30899999999997,2.9548000000000014,2,0,12.36,2,0,11,1,sharma_2021
152.125,-3.644499999999998,3,0,57.2,3,0,10,0,sharma_2021
180.156,-2.6049999999999995,6,4,99.38000000000001,2,0,12,1,sharma_2021
134.20000000000002,0.9125,3,0,26.3,3,0,8,0,sharma_2021
184.23499999999999,2.0226,2,1,54.370000000000005,6,0,13,0,sharma_2021
114.09999999999998,0.37520000000000003,3,1,46.53,0,0,8,1,sharma_2021
166.26399999999998,3.246100000000002,1,0,17.07,4,0,12,1,sharma_2021
146.255,2.1071,2,0,17.07,3,0,9,0,sharma_2021
150.13299999999995,0.9843999999999998,3,0,35.53,0,1,11,2,sharma_2021
194.27399999999997,2.828500000000001,2,0,26.3,3,0,14,2,sharma_2021
141.214,2.10688,2,0,33.019999999999996,6,0,10,0,sharma_2021
210.273,2.717500000000001,3,1,38.69,6,1,15,1,sharma_2021
210.31699999999995,3.2985000000000024,2,0,26.3,0,0,15,2,sharma_2021
140.226,2.2813000000000003,1,1,20.23,5,0,10,0,sharma_2021
190.242,2.6530000000000014,2,0,26.3,4,1,14,1,sharma_2021
172.17999999999995,0.6688,4,0,52.60000000000001,4,0,12,0,sharma_2021
284.396,3.7896000000000027,4,0,52.60000000000001,12,0,20,0,sharma_2021
190.24200000000002,2.6514000000000006,2,0,26.3,3,1,14,1,sharma_2021
204.269,3.0431000000000017,2,0,26.3,5,1,15,1,sharma_2021
218.29600000000002,3.289100000000002,2,0,26.3,5,1,16,1,sharma_2021
260.377,4.603500000000004,2,0,26.3,9,1,19,1,sharma_2021
238.286,3.443200000000002,2,0,26.3,4,2,18,2,sharma_2021
168.236,2.763700000000001,1,1,37.3,4,0,12,0,sharma_2021
224.38799999999998,4.477800000000005,1,1,20.23,8,0,16,0,sharma_2021
296.539,6.364100000000008,1,1,20.23,13,0,21,0,sharma_2021
270.23999999999995,2.5768000000000018,5,3,90.9,1,3,20,3,sharma_2021
280.4519999999999,5.884500000000005,1,1,37.3,14,0,20,0,sharma_2021
178.18699999999998,1.6129,3,1,46.53,3,1,13,1,sharma_2021
220.356,4.604500000000004,1,0,17.07,7,0,16,0,sharma_2021
196.28999999999994,3.242200000000002,2,0,26.3,7,0,14,0,sharma_2021
128.17099999999996,1.5157,2,0,26.3,2,0,9,0,sharma_2021
100.161,1.335,1,1,20.23,3,0,7,0,sharma_2021
98.14499999999998,1.5416,1,0,17.07,3,0,7,0,sharma_2021
168.236,2.4620000000000006,2,0,26.3,3,0,12,0,sharma_2021
204.35699999999997,4.7252000000000045,0,0,0.0,0,0,15,2,sharma_2021
204.35699999999997,5.201500000000005,0,0,0.0,6,0,15,0,sharma_2021
204.35699999999997,5.201500000000005,0,0,0.0,7,0,15,0,sharma_2021
204.35699999999997,5.179500000000004,0,0,0.0,0,0,15,1,sharma_2021
204.35699999999997,5.0354000000000045,0,0,0.0,0,0,15,1,sharma_2021
204.35699999999997,4.7252000000000045,0,0,0.0,0,0,15,2,sharma_2021
218.33999999999997,4.380500000000004,1,0,17.07,7,0,16,0,sharma_2021
218.33999999999997,4.380500000000004,1,0,17.07,8,0,16,0,sharma_2021
136.238,3.4750000000000023,0,0,0.0,3,0,10,0,sharma_2021
224.29999999999995,2.501100000000001,3,0,43.370000000000005,5,0,16,1,sharma_2021
604.8220000000002,4.115000000000004,10,3,133.14000000000001,30,0,42,1,sharma_2021
192.30199999999996,3.5141000000000027,1,0,17.07,2,0,14,1,sharma_2021
182.263,2.852100000000001,2,0,26.3,6,0,13,0,sharma_2021
176.215,2.2629,2,0,26.3,3,1,13,1,sharma_2021
308.506,6.363000000000007,2,0,26.3,15,0,22,0,sharma_2021
128.171,1.8174000000000001,1,1,37.3,3,0,9,0,sharma_2021
114.14399999999998,1.4273,1,1,37.3,3,0,8,0,sharma_2021
114.14399999999999,1.4273,1,1,37.3,3,0,8,0,sharma_2021
128.17099999999996,1.8174000000000001,1,1,37.3,4,0,9,0,sharma_2021
142.19799999999998,2.2074999999999996,1,1,37.3,5,0,10,0,sharma_2021
142.19799999999998,2.2074999999999996,1,1,37.3,5,0,10,0,sharma_2021
142.198,2.2074999999999996,1,1,37.3,5,0,10,0,sharma_2021
170.25199999999998,2.987700000000001,1,1,37.3,7,0,12,0,sharma_2021
170.25199999999998,2.987700000000001,1,1,37.3,7,0,12,0,sharma_2021
170.25199999999998,2.9877000000000002,1,1,37.3,7,0,12,0,sharma_2021
156.26899999999998,2.8954000000000018,1,1,20.23,7,0,11,0,sharma_2021
98.145,1.5416,1,0,17.07,3,0,7,0,sharma_2021
112.17199999999997,1.9317,1,0,17.07,4,0,8,0,sharma_2021
110.15599999999998,1.7077,1,0,17.07,3,0,8,0,sharma_2021
126.19899999999997,2.3218000000000005,1,0,17.07,5,0,9,0,sharma_2021
124.18299999999996,2.0978,1,0,17.07,4,0,9,0,sharma_2021
140.22599999999997,2.711900000000001,1,0,17.07,6,0,10,0,sharma_2021
140.22599999999997,2.711900000000001,1,0,17.07,6,0,10,0,sharma_2021
140.22599999999997,2.711900000000001,1,0,17.07,6,0,10,0,sharma_2021
138.20999999999995,2.4879000000000007,1,0,17.07,5,0,10,0,sharma_2021
154.253,3.102000000000002,1,0,17.07,7,0,11,0,sharma_2021
154.25300000000001,3.102000000000001,1,0,17.07,7,0,11,0,sharma_2021
152.23699999999997,2.878000000000001,1,0,17.07,6,0,11,0,sharma_2021
150.22099999999998,2.654000000000001,1,0,17.07,5,0,11,0,sharma_2021
168.28,3.4921000000000024,1,0,17.07,8,0,12,0,sharma_2021
168.27999999999997,3.4921000000000024,1,0,17.07,8,0,12,0,sharma_2021
182.30700000000002,3.8822000000000028,1,0,17.07,9,0,13,0,sharma_2021
196.334,4.272300000000004,1,0,17.07,10,0,14,0,sharma_2021
210.361,4.662400000000004,1,0,17.07,11,0,15,0,sharma_2021
266.46899999999994,6.2228000000000065,1,0,17.07,15,0,19,0,sharma_2021
253.30099999999996,3.139000000000001,3,1,52.32,4,2,19,2,sharma_2021
294.4789999999999,5.972900000000005,2,0,26.3,14,0,21,0,sharma_2021
268.4849999999999,6.0162000000000075,1,1,20.23,15,0,19,0,sharma_2021
100.161,1.335,1,1,20.23,3,0,7,0,sharma_2021
222.37199999999999,4.396300000000004,1,1,20.23,7,0,16,0,sharma_2021
543.4000000000003,5.464300000000005,6,4,108.25000000000001,2,4,39,6,sharma_2021
170.25199999999998,2.9877000000000002,1,1,37.3,7,0,12,0,sharma_2021
156.225,2.5976,1,1,37.3,6,0,11,0,sharma_2021
183.04799999999994,3.052200000000002,0,0,0.0,1,1,9,1,sharma_2021
134.17799999999997,1.6921000000000002,1,1,20.23,2,1,10,1,sharma_2021
176.215,2.2629,2,0,26.3,3,1,13,1,sharma_2021
250.4259999999999,5.586700000000006,1,0,17.07,0,0,18,1,sharma_2021
140.22599999999997,2.711900000000001,1,0,17.07,5,0,10,0,sharma_2021
196.28999999999996,3.242200000000002,2,0,26.3,5,0,14,0,sharma_2021
222.37199999999999,3.920000000000003,1,1,20.23,1,0,16,2,sharma_2021
204.35699999999997,5.201500000000005,0,0,0.0,7,0,15,0,sharma_2021
204.35699999999997,4.891300000000005,0,0,0.0,1,0,15,1,sharma_2021
204.35699999999997,4.7252000000000045,0,0,0.0,1,0,15,2,sharma_2021
114.18799999999997,1.7250999999999999,1,1,20.23,4,0,8,0,sharma_2021
100.16099999999999,1.335,1,1,20.23,3,0,7,0,sharma_2021
223.35999999999996,3.4513000000000016,1,1,29.1,8,0,16,0,sharma_2021
208.25699999999995,2.7455000000000016,3,0,27.69,4,1,15,1,sharma_2021
128.21499999999997,2.1152,1,1,20.23,5,0,9,0,sharma_2021
194.31799999999998,3.760100000000003,1,0,17.07,6,0,14,0,sharma_2021
224.29999999999995,2.501100000000001,3,0,43.370000000000005,5,0,16,1,sharma_2021
98.14499999999998,1.5416,1,0,17.07,2,0,7,0,sharma_2021
154.325,3.0558000000000014,3,0,0.0,4,0,7,0,sharma_2021
222.37199999999999,4.396300000000004,1,1,20.23,7,0,16,0,sharma_2021
136.23799999999997,3.4750000000000023,0,0,0.0,4,0,10,0,sharma_2021
136.238,3.4750000000000023,0,0,0.0,3,0,10,0,sharma_2021
148.296,3.3114000000000017,2,0,0.0,4,0,8,0,sharma_2021
218.33999999999995,3.904200000000003,1,0,17.07,1,0,16,2,sharma_2021
84.11799999999998,1.1515,1,0,17.07,1,0,6,0,sharma_2021
204.35699999999997,4.7252000000000045,0,0,0.0,0,0,15,2,sharma_2021
126.15499999999999,1.2917,2,0,26.3,2,0,9,0,sharma_2021
114.14399999999998,1.1256000000000002,2,0,26.3,1,0,8,0,sharma_2021
100.16099999999999,1.335,1,1,20.23,3,0,7,0,sharma_2021
141.195,1.65412,3,0,29.96,1,1,9,1,sharma_2021
114.14399999999999,1.1019999999999999,2,0,26.3,1,0,8,1,sharma_2021
128.171,1.4921,2,0,26.3,2,0,9,1,sharma_2021
210.31699999999995,3.440500000000002,2,0,18.46,4,0,15,1,sharma_2021
224.34399999999994,4.022400000000004,2,0,26.3,7,0,16,0,sharma_2021
226.35999999999996,4.246400000000004,2,0,26.3,10,0,16,0,sharma_2021
184.27899999999997,3.076100000000001,2,0,26.3,7,0,13,0,sharma_2021
196.28999999999994,3.2186000000000012,2,0,26.3,6,0,14,1,sharma_2021
198.30599999999998,3.298000000000002,2,0,18.46,6,0,14,0,sharma_2021
204.35699999999997,5.179500000000004,0,0,0.0,3,0,15,1,sharma_2021
170.25199999999998,2.686000000000001,2,0,26.3,6,0,12,0,sharma_2021
156.22499999999997,2.2959000000000005,2,0,26.3,4,0,11,0,sharma_2021
184.27899999999997,2.9320000000000013,2,0,26.3,6,0,13,0,sharma_2021
184.27899999999997,2.9320000000000013,2,0,26.3,6,0,13,0,sharma_2021
170.25199999999995,2.686000000000001,2,0,26.3,6,0,12,0,sharma_2021
156.22499999999997,2.2959000000000005,2,0,26.3,5,0,11,0,sharma_2021
220.356,4.2466000000000035,1,0,12.53,0,0,16,2,sharma_2021
208.30099999999996,2.8694000000000015,2,0,29.6,2,0,15,2,sharma_2021
154.20899999999997,1.6991,2,0,29.6,5,0,11,1,sharma_2021
170.252,2.541900000000001,2,0,26.3,5,0,12,0,sharma_2021
198.30599999999995,3.4662000000000024,2,0,26.3,8,0,14,0,sharma_2021
142.198,1.9058,2,0,26.3,4,0,10,0,sharma_2021
168.236,2.4384000000000006,2,0,26.3,3,0,12,1,sharma_2021
204.35699999999997,5.0354000000000045,0,0,0.0,3,0,15,1,sharma_2021
182.307,3.8822000000000028,1,0,17.07,8,0,13,0,sharma_2021
170.25199999999995,2.686000000000001,2,0,26.3,6,0,12,0,sharma_2021
170.25199999999998,2.686000000000001,2,0,26.3,6,0,12,0,sharma_2021
156.225,2.2959000000000005,2,0,26.3,5,0,11,0,sharma_2021
168.23599999999996,2.4620000000000006,2,0,26.3,6,0,12,0,sharma_2021
170.25199999999998,2.686000000000001,2,0,26.3,6,0,12,0,sharma_2021
142.242,2.5053000000000005,1,1,20.23,6,0,10,0,sharma_2021
138.20999999999998,2.4879000000000007,1,0,17.07,5,0,10,0,sharma_2021
198.30599999999995,3.4662000000000024,2,0,26.3,8,0,14,0,sharma_2021
142.198,1.9058,2,0,26.3,4,0,10,0,sharma_2021
128.215,2.1152,1,1,20.23,5,0,9,0,sharma_2021
128.215,2.1152,1,1,20.23,5,0,9,0,sharma_2021
184.323,3.6756000000000033,1,1,20.23,9,0,13,0,sharma_2021
124.18299999999999,2.0978,1,0,17.07,4,0,9,0,sharma_2021
124.18299999999998,2.0978000000000003,1,0,17.07,3,0,9,0,sharma_2021
194.22999999999996,2.442500000000001,3,1,38.69,3,1,14,1,sharma_2021
128.171,1.5157,2,0,26.3,5,0,9,0,sharma_2021
198.30599999999995,3.4662000000000024,2,0,26.3,8,0,14,0,sharma_2021
184.27899999999997,3.076100000000002,2,0,26.3,7,0,13,0,sharma_2021
198.30599999999995,3.4662000000000024,2,0,26.3,8,0,14,0,sharma_2021
184.27899999999997,3.076100000000002,2,0,26.3,7,0,13,0,sharma_2021
258.361,4.536100000000004,2,0,26.3,6,1,19,1,sharma_2021
192.214,2.0029999999999997,3,1,46.53,3,1,14,1,sharma_2021
178.231,2.824000000000002,2,1,29.46,3,1,13,1,sharma_2021
338.5760000000001,7.367200000000008,2,0,26.3,18,0,24,0,sharma_2021
170.25199999999998,2.8436000000000003,1,1,37.3,6,0,12,0,sharma_2021
166.26399999999998,2.3612,1,1,20.23,1,0,12,2,sharma_2021
140.22599999999997,2.711900000000001,1,0,17.07,6,0,10,0,sharma_2021
154.253,3.102000000000002,1,0,17.07,7,0,11,0,sharma_2021
182.263,2.852100000000001,2,0,26.3,6,0,13,0,sharma_2021
162.18799999999996,1.8728,2,0,26.3,4,1,12,1,sharma_2021
146.18899999999996,2.2888,1,0,17.07,2,1,11,1,sharma_2021
174.24299999999997,3.022100000000002,1,0,17.07,3,1,13,1,sharma_2021
176.21499999999997,2.2973999999999997,2,0,26.3,3,1,13,1,sharma_2021
182.30700000000002,3.8822000000000028,1,0,17.07,9,0,13,0,sharma_2021
114.14399999999999,1.4273,1,1,37.3,3,0,8,0,sharma_2021
204.269,3.0431000000000017,2,0,26.3,5,1,15,1,sharma_2021
252.3979999999999,4.780600000000004,2,0,26.3,0,0,18,1,sharma_2021
152.14899999999997,1.4658,3,0,39.44,2,1,11,1,sharma_2021
190.24200000000002,2.6530000000000014,2,0,26.3,4,1,14,1,sharma_2021
204.269,2.899000000000002,2,0,26.3,4,1,15,1,sharma_2021
210.31699999999995,3.6323000000000025,2,0,26.3,6,0,15,0,sharma_2021
218.29600000000002,3.289100000000002,2,0,26.3,5,1,16,1,sharma_2021
224.34399999999994,4.022400000000004,2,0,26.3,7,0,16,0,sharma_2021
262.39300000000003,4.441500000000004,2,0,18.46,9,1,19,1,sharma_2021
284.39900000000006,4.934100000000004,2,0,26.3,7,1,21,1,sharma_2021
206.28499999999997,3.0989000000000013,2,0,18.46,6,1,15,1,sharma_2021
176.215,2.3059000000000003,2,0,26.3,3,1,13,1,sharma_2021
232.323,3.8233000000000024,2,0,26.3,7,1,17,1,sharma_2021
222.37199999999999,4.396300000000004,1,1,20.23,7,0,16,0,sharma_2021
82.10199999999999,0.9275,1,0,17.07,2,0,6,0,sharma_2021
204.269,2.738500000000001,2,0,26.3,4,1,15,1,sharma_2021
230.30700000000004,3.575700000000002,2,0,26.3,3,1,17,2,sharma_2021
410.6420000000003,7.973800000000008,2,0,18.46,14,1,30,1,sharma_2021
128.21499999999997,2.1136000000000004,1,1,20.23,4,0,9,0,sharma_2021
144.21399999999997,1.3740999999999999,2,1,37.3,5,0,10,0,sharma_2021
139.22299999999998,2.402940000000001,2,0,12.89,1,1,9,1,sharma_2021
171.30899999999997,2.9548000000000014,2,0,12.36,2,0,11,1,sharma_2021
128.171,1.6733,1,1,37.3,2,0,9,0,sharma_2021
220.30899999999997,2.1731,4,0,36.92,9,0,15,0,sharma_2021
308.4150000000001,2.5523000000000007,6,0,55.38000000000001,14,0,21,0,sharma_2021
136.154,0.9876199999999999,3,0,42.85,1,1,10,1,sharma_2021
140.22599999999997,2.711900000000001,1,0,17.07,5,0,10,0,sharma_2021
220.26799999999997,2.1721199999999996,3,0,38.83,3,1,16,2,sharma_2021
198.30599999999995,3.4662000000000024,2,0,26.3,8,0,14,0,sharma_2021
143.25499999999997,2.3187000000000006,2,0,12.36,1,0,9,1,sharma_2021
126.19899999999997,2.1776999999999997,1,0,17.07,3,0,9,0,sharma_2021
198.30599999999995,3.4662000000000024,2,0,26.3,8,0,14,0,sharma_2021
210.31699999999992,3.6323000000000025,2,0,26.3,8,0,15,0,sharma_2021
170.25199999999998,2.9877000000000002,1,1,37.3,7,0,12,0,sharma_2021
170.252,2.9877000000000002,1,1,37.3,7,0,12,0,sharma_2021
230.34799999999998,1.8169999999999997,3,2,49.69,5,0,16,1,sharma_2021
154.253,3.102000000000001,1,0,17.07,7,0,11,0,sharma_2021
142.198,1.9058,2,0,26.3,4,0,10,0,sharma_2021
142.198,1.9058,2,0,26.3,4,0,10,0,sharma_2021
154.25299999999996,2.8138000000000014,1,0,17.07,4,0,11,0,sharma_2021
154.25300000000001,3.102000000000001,1,0,17.07,7,0,11,0,sharma_2021
154.25299999999996,2.6714000000000016,1,1,20.23,6,0,11,0,sharma_2021
140.226,2.711900000000001,1,0,17.07,6,0,10,0,sharma_2021
236.39899999999994,5.196600000000005,1,0,17.07,0,0,17,1,sharma_2021
128.171,1.5157,2,0,26.3,3,0,9,0,sharma_2021
142.24200000000002,2.5053000000000005,1,1,20.23,6,0,10,0,sharma_2021
156.26899999999998,2.8954000000000018,1,1,20.23,7,0,11,0,sharma_2021
112.172,1.9317,1,0,17.07,4,0,8,0,sharma_2021
128.171,1.5157,2,0,26.3,3,0,9,0,sharma_2021
238.37099999999995,4.268400000000004,2,0,26.3,7,0,17,0,sharma_2021
140.226,2.2813000000000003,1,1,20.23,5,0,10,0,sharma_2021
152.237,2.4458000000000006,1,1,20.23,4,0,11,0,sharma_2021
137.22599999999997,3.0365800000000016,1,0,23.79,5,0,10,0,sharma_2021
182.26299999999998,2.852100000000001,2,0,26.3,6,0,13,0,sharma_2021
112.17199999999998,1.7876,1,0,17.07,2,0,8,0,sharma_2021
184.27899999999997,3.076100000000001,2,0,26.3,7,0,13,0,sharma_2021
212.33299999999997,3.8563000000000027,2,0,26.3,9,0,15,0,sharma_2021
156.22499999999997,2.2959000000000005,2,0,26.3,5,0,11,0,sharma_2021
126.19899999999997,2.3218000000000005,1,0,17.07,4,0,9,0,sharma_2021
140.22599999999997,2.567800000000001,1,0,17.07,4,0,10,0,sharma_2021
154.253,3.102000000000002,1,0,17.07,6,0,11,0,sharma_2021
310.522,6.587000000000008,2,0,26.3,16,0,22,0,sharma_2021
310.522,6.587000000000008,2,0,26.3,16,0,22,0,sharma_2021
170.208,1.4749,3,0,43.370000000000005,5,0,12,0,sharma_2021
142.19799999999998,1.9058,2,0,26.3,4,0,10,0,sharma_2021
142.198,1.9058,2,0,26.3,4,0,10,0,sharma_2021
184.279,3.076100000000001,2,0,26.3,7,0,13,0,sharma_2021
264.409,4.967100000000005,2,0,26.3,8,0,19,0,sharma_2021
292.46299999999997,5.603200000000006,2,0,26.3,9,0,21,0,sharma_2021
140.182,1.6818,2,0,26.3,3,0,10,0,sharma_2021
154.253,2.9102000000000015,1,0,9.23,1,0,11,1,sharma_2021
140.226,2.711900000000001,1,0,17.07,5,0,10,0,sharma_2021
192.30199999999996,3.5141000000000027,1,0,17.07,2,0,14,1,sharma_2021
194.31799999999998,3.305900000000002,1,1,20.23,2,0,14,1,sharma_2021
206.285,2.837200000000001,2,0,34.14,2,0,15,1,sharma_2021
114.188,1.9891,1,0,9.23,4,0,8,0,sharma_2021
172.22400000000002,1.2667,3,1,46.53,5,0,12,0,sharma_2021
172.26799999999997,2.7418000000000013,2,0,18.46,7,0,12,0,sharma_2021
170.25199999999995,2.686000000000001,2,0,26.3,6,0,12,0,sharma_2021
170.25199999999995,2.686000000000001,2,0,26.3,6,0,12,0,sharma_2021
128.17099999999996,1.5157,2,0,26.3,3,0,9,0,sharma_2021
238.4149999999999,5.442600000000005,1,0,17.07,13,0,17,0,sharma_2021
266.4689999999999,6.222800000000006,1,0,17.07,15,0,19,0,sharma_2021
296.49499999999995,6.1969000000000065,2,0,26.3,15,0,21,0,sharma_2021
114.18799999999999,1.7250999999999999,1,1,20.23,4,0,8,0,sharma_2021
128.21499999999997,2.1152,1,1,20.23,5,0,9,0,sharma_2021
156.22499999999997,2.2959000000000005,2,0,26.3,5,0,11,0,sharma_2021
112.17199999999998,1.9317,1,0,17.07,3,0,8,0,sharma_2021
98.14499999999998,1.5416,1,0,17.07,1,0,7,0,sharma_2021
98.14499999999998,1.5416,1,0,17.07,1,0,7,0,sharma_2021
140.18199999999996,1.6818,2,0,26.3,3,0,10,0,sharma_2021
84.118,1.1515,1,0,17.07,2,0,6,0,sharma_2021
142.19799999999998,1.9058,2,0,26.3,4,0,10,0,sharma_2021
156.22499999999997,2.2959000000000005,2,0,26.3,4,0,11,0,sharma_2021
86.134,0.9448999999999999,1,1,20.23,2,0,6,0,sharma_2021
86.134,0.9448999999999999,1,1,20.23,2,0,6,0,sharma_2021
126.24299999999998,3.5329000000000024,0,0,0.0,5,0,9,0,sharma_2021
156.26899999999998,2.8954000000000018,1,1,20.23,7,0,11,0,sharma_2021
198.35,4.065700000000004,1,1,20.23,10,0,14,0,sharma_2021
170.296,3.285500000000002,1,1,20.23,8,0,12,0,sharma_2021
142.242,2.5053000000000014,1,1,20.23,6,0,10,0,sharma_2021
156.225,2.2959000000000005,2,0,26.3,5,0,11,0,sharma_2021
184.279,2.9320000000000013,2,0,26.3,6,0,13,0,sharma_2021
322.6210000000001,8.9943,0,0,0.0,19,0,23,0,sharma_2021
226.35999999999996,4.246400000000004,2,0,26.3,10,0,16,0,sharma_2021
172.26799999999997,2.7418000000000013,2,0,18.46,7,0,12,0,sharma_2021
128.171,1.5157,2,0,26.3,5,0,9,0,sharma_2021
100.161,1.335,1,1,20.23,3,0,7,0,sharma_2021
156.26899999999998,2.8954000000000018,1,1,20.23,7,0,11,0,sharma_2021
158.197,2.1257,3,0,35.53,4,0,11,0,sharma_2021
252.3979999999999,4.780600000000004,2,0,26.3,0,0,18,1,sharma_2021
140.226,2.2813000000000003,1,1,20.23,5,0,10,0,sharma_2021
142.19799999999998,1.7617,2,0,26.3,3,0,10,0,sharma_2021
226.35999999999999,4.078200000000003,2,0,18.46,8,0,16,0,sharma_2021
98.14499999999998,1.5415999999999999,1,0,17.07,2,0,7,0,sharma_2021
168.28,3.059900000000002,1,1,20.23,4,0,12,0,sharma_2021
210.31699999999998,3.6307000000000027,2,0,26.3,5,0,15,0,sharma_2021
182.307,3.715600000000003,1,0,9.23,6,0,13,0,sharma_2021
168.28,3.3255000000000017,1,0,9.23,5,0,12,0,sharma_2021
238.37099999999995,4.412500000000004,2,0,26.3,8,0,17,0,sharma_2021
290.49100000000004,6.122800000000007,1,1,20.23,10,0,21,0,sharma_2021
126.19899999999997,2.3218000000000005,1,0,17.07,4,0,9,0,sharma_2021
114.14399999999998,1.4273,1,1,37.3,2,0,8,0,sharma_2021
182.26299999999998,2.852100000000001,2,0,26.3,4,0,13,0,sharma_2021
182.26299999999998,2.852100000000001,2,0,26.3,4,0,13,0,sharma_2021
192.30199999999994,3.370000000000002,1,0,17.07,2,0,14,1,sharma_2021
232.36699999999993,4.460400000000004,1,0,17.07,5,0,17,1,sharma_2021
210.31699999999995,3.6323000000000025,2,0,26.3,6,0,15,0,sharma_2021
224.34399999999994,3.878300000000003,2,0,26.3,6,0,16,0,sharma_2021
252.39799999999994,4.802600000000004,2,0,26.3,9,0,18,0,sharma_2021
170.252,2.686000000000001,2,0,26.3,6,0,12,0,sharma_2021
168.23599999999996,2.4384000000000006,2,0,26.3,2,0,12,1,sharma_2021
272.38800000000003,4.465000000000004,2,0,26.3,7,1,20,1,sharma_2021
190.28599999999994,3.4342000000000024,1,0,17.07,2,0,14,1,sharma_2021
192.30199999999996,3.5141000000000027,1,0,17.07,2,0,14,1,sharma_2021
170.25199999999998,2.541900000000001,2,0,26.3,4,0,12,0,sharma_2021
128.21499999999997,2.1136000000000004,1,1,20.23,4,0,9,0,sharma_2021
86.134,0.9433,1,1,20.23,1,0,6,0,sharma_2021
296.539,6.364100000000008,1,1,20.23,13,0,21,0,sharma_2021
152.237,2.4458000000000006,1,1,20.23,4,0,11,0,sharma_2021
172.26799999999997,2.7418000000000013,2,0,18.46,7,0,12,0,sharma_2021
226.35999999999996,4.078200000000003,2,0,18.46,8,0,16,0,sharma_2021
170.25199999999998,2.686000000000001,2,0,26.3,6,0,12,0,sharma_2021
112.17199999999998,1.5011,1,1,20.23,3,0,8,0,sharma_2021
150.26499999999996,3.8651000000000035,0,0,0.0,6,0,11,0,sharma_2021
306.49,6.1390000000000065,2,0,26.3,14,0,22,0,sharma_2021
108.18399999999998,2.6948000000000008,0,0,0.0,3,0,8,0,sharma_2021
180.291,3.6582000000000026,1,0,17.07,8,0,13,0,sharma_2021
166.26399999999998,3.2681000000000022,1,0,17.07,7,0,12,0,sharma_2021
114.188,1.7250999999999999,1,1,20.23,4,0,8,0,sharma_2021
236.35499999999996,3.8597000000000037,2,0,26.3,8,0,17,0,sharma_2021
212.33299999999997,3.8563000000000036,2,0,26.3,9,0,15,0,sharma_2021
196.28999999999996,3.242200000000002,2,0,26.3,7,0,14,0,sharma_2021
184.279,2.9320000000000013,2,0,26.3,6,0,13,0,sharma_2021
184.27899999999997,3.076100000000002,2,0,26.3,7,0,13,0,sharma_2021
254.41399999999996,5.026600000000005,2,0,26.3,12,0,18,0,sharma_2021
222.32799999999995,3.4696000000000025,2,0,26.3,7,0,16,0,sharma_2021
218.29600000000002,3.1286000000000023,2,0,26.3,6,1,16,1,sharma_2021
204.26900000000003,3.1997000000000018,2,0,26.3,5,1,15,1,sharma_2021
224.29999999999995,2.501100000000001,3,0,43.370000000000005,5,0,16,1,sharma_2021
142.19799999999998,1.9042000000000001,2,0,26.3,2,0,10,0,sharma_2021
142.19799999999998,1.9058,2,0,26.3,3,0,10,0,sharma_2021
226.35999999999996,4.078200000000003,2,0,18.46,10,0,16,0,sharma_2021
236.35499999999993,4.188500000000004,2,0,26.3,6,0,17,0,sharma_2021
156.22499999999997,2.1517999999999997,2,0,26.3,3,0,11,0,sharma_2021
156.22499999999997,2.1517999999999997,2,0,26.3,3,0,11,0,sharma_2021
194.31799999999993,3.8822000000000028,1,0,17.07,6,0,14,1,sharma_2021
166.26399999999998,3.102000000000001,1,0,17.07,4,0,12,1,sharma_2021
184.27899999999997,3.076100000000002,2,0,26.3,7,0,13,0,sharma_2021
170.25199999999998,2.686000000000001,2,0,26.3,6,0,12,0,sharma_2021
102.202,2.2731000000000003,1,0,0.0,2,0,6,0,sharma_2021
218.296,3.1286000000000023,2,0,26.3,6,1,16,1,sharma_2021
204.313,3.642600000000003,1,1,20.23,6,1,15,1,sharma_2021
154.253,2.6698000000000013,1,1,20.23,4,0,11,0,sharma_2021
136.23799999999997,3.4750000000000023,0,0,0.0,2,0,10,0,sharma_2021
186.295,3.1319000000000017,2,0,18.46,8,0,13,0,sharma_2021
206.32899999999998,4.048300000000003,1,0,17.07,3,0,15,1,sharma_2021
208.301,2.4849000000000006,2,1,37.3,2,0,15,1,sharma_2021
124.18299999999999,2.0978000000000003,1,0,17.07,2,0,9,0,sharma_2021
156.22499999999997,2.1041,2,0,18.46,3,0,11,1,sharma_2021
114.21299999999998,2.7868000000000013,1,0,0.0,2,0,7,0,sharma_2021
252.313,3.4857000000000022,2,0,26.3,5,2,19,2,sharma_2021
188.27,3.315000000000002,1,0,17.07,4,1,14,1,sharma_2021
160.21599999999995,2.6789000000000005,1,0,17.07,2,1,12,1,sharma_2021
206.32899999999998,3.760100000000003,1,0,17.07,2,0,15,1,sharma_2021
206.32899999999992,3.904200000000003,1,0,17.07,3,0,15,1,sharma_2021
220.26800000000003,2.9053000000000018,3,1,46.53,5,1,16,1,sharma_2021
146.189,2.2071199999999997,1,0,17.07,2,1,11,1,sharma_2021
206.32899999999998,3.904200000000003,1,0,17.07,2,0,15,1,sharma_2021
206.32899999999998,4.048300000000003,1,0,17.07,2,0,15,1,sharma_2021
219.28400000000002,2.7819000000000003,3,1,52.32,5,1,16,1,sharma_2021
146.18899999999996,2.2888,1,0,17.07,2,1,11,1,sharma_2021
194.318,3.4500000000000024,1,1,20.23,2,0,14,1,sharma_2021
192.30199999999996,3.6582000000000026,1,0,17.07,2,0,14,1,sharma_2021
206.32899999999998,3.904200000000003,1,0,17.07,2,0,15,1,sharma_2021
206.32899999999995,4.048300000000003,1,0,17.07,3,0,15,1,sharma_2021
218.25199999999998,2.2221,3,0,43.370000000000005,4,1,16,1,sharma_2021
220.35599999999997,4.150200000000003,1,0,17.07,3,0,16,1,sharma_2021
192.25799999999998,3.1270000000000016,2,0,18.46,4,1,14,1,sharma_2021
154.20899999999997,2.0719,2,0,26.3,4,0,11,0,sharma_2021
188.26999999999998,3.459100000000002,1,0,17.07,5,1,14,1,sharma_2021
115.201,1.8877,2,0,12.36,2,0,7,0,sharma_2021
150.13,-2.7396999999999996,5,4,97.99000000000001,4,0,10,0,sharma_2021
126.19899999999997,2.1776999999999997,1,0,17.07,3,0,9,0,sharma_2021
178.231,2.3187000000000006,2,0,18.46,4,1,13,1,sharma_2021
112.17199999999997,1.9317,1,0,17.07,3,0,8,0,sharma_2021
170.25199999999998,2.541900000000001,2,0,26.3,4,0,12,0,sharma_2021
171.24299999999997,2.944980000000001,1,0,23.79,3,1,13,1,sharma_2021
180.20299999999997,0.9387000000000001,3,3,60.69,3,1,13,1,sharma_2021
142.19799999999998,1.7617,2,0,26.3,3,0,10,0,sharma_2021
170.25199999999998,2.686000000000001,2,0,26.3,6,0,12,0,sharma_2021
198.30599999999995,3.4662000000000024,2,0,26.3,8,0,14,0,sharma_2021
204.31300000000002,3.624500000000003,1,0,17.07,6,1,15,1,sharma_2021
226.35999999999993,4.246400000000004,2,0,26.3,10,0,16,0,sharma_2021
162.232,2.5166200000000005,1,0,17.07,3,1,12,1,sharma_2021
192.21399999999997,2.2635000000000005,3,0,35.53,4,1,14,1,sharma_2021
156.269,3.0378000000000016,1,0,17.07,6,0,11,0,sharma_2021
246.39099999999996,3.3529000000000027,3,1,38.69,10,0,17,0,sharma_2021
206.32899999999995,3.760100000000003,1,0,17.07,3,0,15,1,sharma_2021
228.37599999999998,4.326300000000004,2,0,26.3,10,0,16,0,sharma_2021
162.254,1.6927,3,0,26.3,5,0,10,0,sharma_2021
114.18799999999999,1.9891,1,0,9.23,3,0,8,0,sharma_2021
262.34599999999995,0.9943,5,3,86.99000000000001,11,0,18,0,sharma_2021
154.253,2.5273000000000003,1,1,20.23,4,0,11,0,sharma_2021
264.36499999999995,3.255600000000002,3,0,38.83,3,0,19,2,sharma_2021
134.17799999999997,2.4253000000000005,1,1,20.23,1,1,10,1,sharma_2021
134.17799999999997,1.9889999999999999,1,0,17.07,2,1,10,1,sharma_2021
156.26899999999998,2.8954000000000018,1,1,20.23,7,0,11,0,sharma_2021
154.253,3.102000000000001,1,0,17.07,7,0,11,0,sharma_2021
144.195,1.4803,3,1,37.3,0,0,9,1,sharma_2021
230.30700000000004,3.599300000000002,2,0,26.3,6,1,17,1,sharma_2021
238.37099999999998,4.410900000000004,2,0,26.3,7,0,17,0,sharma_2021
262.393,4.2668000000000035,2,0,26.3,1,0,19,2,sharma_2021
284.39900000000006,4.935700000000004,2,0,26.3,7,1,21,1,sharma_2021
252.3979999999999,4.780600000000004,2,0,26.3,0,0,18,1,sharma_2021
204.269,2.851300000000001,2,0,18.46,2,1,15,2,sharma_2021
98.14499999999998,1.3975,1,0,17.07,2,0,7,0,sharma_2021
208.34499999999997,3.939600000000003,1,0,9.23,0,0,15,2,sharma_2021
238.32699999999997,3.2014000000000014,3,0,43.370000000000005,7,0,17,0,sharma_2021
162.188,2.2203999999999997,2,0,26.3,2,1,12,1,sharma_2021
168.236,2.3179000000000007,2,0,26.3,4,0,12,0,sharma_2021
222.32799999999995,3.7984000000000027,2,0,26.3,6,0,16,0,sharma_2021
248.36599999999999,4.269200000000004,2,0,18.46,8,1,18,1,sharma_2021
212.33299999999997,3.854700000000003,2,0,26.3,7,0,15,0,sharma_2021
190.242,2.4612000000000007,2,0,18.46,2,1,14,2,sharma_2021
168.236,2.4384000000000006,2,0,26.3,4,0,12,1,sharma_2021
220.26800000000003,2.9053000000000018,3,1,46.53,5,1,16,1,sharma_2021
224.34399999999994,3.878300000000003,2,0,26.3,6,0,16,0,sharma_2021
280.86999999999995,-7.616299999999998,8,0,204.0,0,0,14,0,sharma_2021
196.29,3.2406000000000024,2,0,26.3,5,0,14,0,sharma_2021
282.339,3.876400000000003,3,0,35.53,5,2,21,2,sharma_2021
232.27900000000002,2.4220000000000006,3,0,35.53,4,1,17,2,sharma_2021
174.19899999999996,2.6079000000000008,2,0,26.3,1,1,13,2,sharma_2021
176.215,2.0727,2,0,18.46,2,1,13,2,sharma_2021
192.30199999999994,3.3700000000000028,1,0,17.07,2,0,14,1,sharma_2021
128.171,1.5157,2,0,26.3,5,0,9,0,sharma_2021
154.253,2.1935000000000002,1,1,20.23,0,0,11,2,sharma_2021
154.253,2.1935000000000007,1,1,20.23,1,0,11,2,sharma_2021
236.39899999999992,5.1966000000000045,1,0,17.07,0,0,17,1,sharma_2021
222.37199999999996,4.806500000000004,1,0,17.07,0,0,16,1,sharma_2021
142.19799999999998,1.9058,2,0,26.3,3,0,10,0,sharma_2021
184.27899999999997,3.076100000000002,2,0,26.3,7,0,13,0,sharma_2021
222.37199999999996,4.350100000000004,1,0,9.23,4,0,16,1,sharma_2021
280.452,5.582800000000006,2,0,26.3,11,0,20,0,sharma_2021
124.18299999999998,2.0978,1,0,17.07,4,0,9,0,sharma_2021
194.27399999999994,3.018200000000001,2,0,26.3,6,0,14,0,sharma_2021
209.33299999999994,4.021200000000003,2,1,32.59,5,0,15,0,sharma_2021
168.23599999999996,2.4620000000000006,2,0,26.3,3,0,12,0,sharma_2021
216.32399999999998,4.157620000000003,1,0,17.07,6,1,16,1,sharma_2021
198.306,3.3221000000000016,2,0,26.3,7,0,14,0,sharma_2021
172.268,2.7418000000000013,2,0,18.46,7,0,12,0,sharma_2021
210.31699999999992,3.4662000000000024,2,0,26.3,6,0,15,1,sharma_2021
238.37099999999995,4.268400000000004,2,0,26.3,7,0,17,0,sharma_2021
148.20499999999996,2.0822,1,1,20.23,2,1,11,1,sharma_2021
142.19799999999998,1.9058,2,0,26.3,5,0,10,0,sharma_2021
162.25400000000002,1.648,3,1,26.3,3,0,10,0,sharma_2021
192.302,3.8243000000000027,1,0,17.07,8,0,14,0,sharma_2021
162.23199999999997,2.6477000000000013,1,0,9.23,3,1,12,2,sharma_2021
168.236,2.0892,2,0,29.6,6,0,12,1,sharma_2021
166.21999999999997,1.9042000000000001,2,0,26.3,0,0,12,2,sharma_2021
126.19899999999997,2.3218000000000005,1,0,17.07,5,0,9,0,sharma_2021
152.23699999999997,2.878000000000001,1,0,17.07,6,0,11,0,sharma_2021
152.237,2.2576,1,0,17.07,0,0,11,3,sharma_2021
170.25199999999998,2.541900000000001,2,0,26.3,4,0,12,0,sharma_2021
166.26399999999995,3.2681000000000022,1,0,17.07,6,0,12,0,sharma_2021
170.32100000000003,3.4412000000000025,1,1,0.0,1,0,11,1,sharma_2021
154.25300000000001,2.1935000000000002,1,1,20.23,0,0,11,3,sharma_2021
222.37199999999996,3.9200000000000026,1,1,20.23,1,0,16,2,sharma_2021
144.214,1.5166,2,1,37.3,5,0,10,0,sharma_2021
108.23099999999998,1.5821,2,2,0.0,1,0,5,0,sharma_2021
126.19899999999998,1.8896000000000002,1,1,20.23,4,0,9,0,sharma_2021
170.25199999999998,1.881,2,1,29.46,2,0,12,1,sharma_2021
170.25199999999998,1.881,2,1,29.46,1,0,12,1,sharma_2021
98.14499999999998,1.5416,1,0,17.07,3,0,7,0,sharma_2021
148.209,1.5821399999999999,2,0,25.78,0,1,11,2,sharma_2021
166.21999999999997,2.30792,2,0,25.67,2,1,12,2,sharma_2021
152.237,2.878000000000001,1,0,17.07,4,0,11,0,sharma_2021
164.204,1.179,2,1,37.3,3,1,12,1,sharma_2021
170.25199999999998,2.505000000000001,2,0,34.14,8,0,12,0,sharma_2021
206.285,2.6454000000000013,2,0,26.3,0,0,15,2,sharma_2021
204.35699999999997,4.7252000000000045,0,0,0.0,3,0,15,3,sharma_2021
143.211,1.1108,3,0,29.43,2,0,9,1,sharma_2021
132.16199999999995,1.8987,1,0,17.07,2,1,10,1,sharma_2021
111.14399999999999,0.45259999999999995,2,1,29.1,1,0,8,1,sharma_2021
238.37099999999995,4.268400000000004,2,0,26.3,7,0,17,0,sharma_2021
180.24699999999999,2.1517999999999997,2,0,26.3,3,0,13,3,sharma_2021
138.17,1.10204,3,0,35.010000000000005,1,1,10,1,sharma_2021
126.19899999999997,2.3218000000000005,1,0,17.07,4,0,9,0,sharma_2021
134.182,1.7364399999999998,2,0,25.78,1,1,10,1,sharma_2021
138.20999999999995,2.4879000000000007,1,0,17.07,5,0,10,0,sharma_2021
140.18199999999996,1.309,2,0,29.6,4,0,10,1,sharma_2021
204.35699999999997,4.7252000000000045,0,0,0.0,3,0,15,3,sharma_2021
134.244,1.4657,2,2,20.23,2,0,8,0,sharma_2021
182.26299999999998,2.852100000000001,2,0,26.3,6,0,13,0,sharma_2021
146.189,2.2888,1,0,17.07,2,1,11,1,sharma_2021
124.18299999999999,2.0978,1,0,17.07,4,0,9,0,sharma_2021
194.23000000000002,1.1531,3,1,46.53,4,1,14,1,sharma_2021
182.307,3.8822000000000028,1,0,17.07,9,0,13,0,sharma_2021
182.30699999999996,3.8822000000000028,1,0,17.07,9,0,13,0,sharma_2021
210.36099999999993,4.662400000000003,1,0,17.07,11,0,15,0,sharma_2021
126.19899999999998,1.8896000000000002,1,1,20.23,4,0,9,0,sharma_2021
166.21999999999997,1.9042000000000001,2,0,26.3,0,0,12,2,sharma_2021
104.17399999999999,0.9384,2,0,17.07,2,0,6,0,sharma_2021
222.37199999999996,4.064100000000004,1,1,20.23,1,0,16,2,sharma_2021
170.25199999999998,2.686000000000001,2,0,26.3,5,0,12,0,sharma_2021
148.227,1.2579,3,1,26.3,3,0,9,0,sharma_2021
190.308,2.428200000000001,3,1,26.3,6,0,12,0,sharma_2021
134.244,1.3232,2,2,20.23,3,0,8,0,sharma_2021
140.22599999999997,2.711900000000001,1,0,17.07,6,0,10,0,sharma_2021
148.20899999999997,1.9904199999999999,2,0,25.78,2,1,11,1,sharma_2021
168.28,3.4921000000000024,1,0,17.07,8,0,12,0,sharma_2021
220.35599999999997,3.5519000000000025,1,1,20.23,1,0,16,2,sharma_2021
140.182,1.6733,2,1,37.3,0,0,10,1,sharma_2021
140.182,1.6733,2,1,37.3,0,0,10,1,sharma_2021
170.25199999999998,1.881,2,1,29.46,1,0,12,1,sharma_2021
222.37199999999996,4.064100000000004,1,1,20.23,1,0,16,2,sharma_2021
224.29999999999995,2.501100000000001,3,0,43.370000000000005,5,0,16,1,sharma_2021
154.253,2.7677000000000014,1,0,9.23,1,0,11,1,sharma_2021
222.37199999999999,3.7759000000000027,1,1,20.23,1,0,16,2,sharma_2021
204.357,4.581100000000004,0,0,0.0,1,0,15,2,sharma_2021
204.35699999999997,4.891300000000005,0,0,0.0,2,0,15,1,sharma_2021
222.37199999999996,3.6098000000000026,1,1,20.23,0,0,16,3,sharma_2021
154.253,2.6477000000000013,1,0,17.07,1,0,11,1,sharma_2021
152.237,2.567800000000001,1,0,17.07,1,0,11,1,sharma_2021
152.237,2.520100000000001,1,0,12.53,1,0,11,2,sharma_2021
154.25300000000001,3.102000000000001,1,0,17.07,7,0,11,0,sharma_2021
204.269,2.738500000000001,2,0,26.3,4,1,15,1,sharma_2021
188.267,1.8808000000000002,3,1,46.53,7,0,13,0,sharma_2021
216.28,3.209200000000002,2,0,26.3,4,1,16,1,sharma_2021
148.24899999999997,3.3123000000000022,0,0,0.0,4,0,11,0,sharma_2021
238.37099999999995,4.268400000000004,2,0,26.3,7,0,17,0,sharma_2021
428.74500000000035,8.869200000000003,1,1,20.23,6,0,31,3,sharma_2021
180.24699999999996,2.9537000000000013,2,0,26.3,3,0,13,1,sharma_2021
246.35,4.211800000000003,2,0,26.3,7,1,18,1,sharma_2021
168.27999999999997,3.0599000000000016,1,1,20.23,5,0,12,0,sharma_2021
142.198,2.2074999999999996,1,1,37.3,5,0,10,0,sharma_2021
152.237,2.4458000000000006,1,1,20.23,4,0,11,0,sharma_2021
124.18299999999998,2.0978000000000003,1,0,17.07,3,0,9,0,sharma_2021
156.26899999999998,2.6072000000000006,1,1,20.23,4,0,11,0,sharma_2021
198.30599999999998,3.1780000000000017,2,0,26.3,5,0,14,0,sharma_2021
140.226,2.2813000000000003,1,1,20.23,5,0,10,0,sharma_2021
210.31699999999995,3.6307000000000027,2,0,26.3,6,0,15,0,sharma_2021
182.263,2.852100000000001,2,0,26.3,5,0,13,0,sharma_2021
238.37099999999995,4.268400000000004,2,0,26.3,7,0,17,0,sharma_2021
204.26899999999998,2.9335000000000013,2,0,26.3,4,1,15,1,sharma_2021
266.34,3.8758000000000026,2,0,26.3,6,2,20,2,sharma_2021
142.19799999999998,1.7617,2,0,26.3,3,0,10,0,sharma_2021
180.20299999999997,2.2460000000000004,3,0,39.44,4,1,13,1,sharma_2021
150.17699999999996,2.2719000000000005,2,0,30.21,3,1,11,1,sharma_2021
136.14999999999998,1.8818,2,0,30.21,2,1,10,1,sharma_2021
152.19299999999998,1.8479,2,0,26.3,4,0,11,0,sharma_2021
232.32299999999998,3.8233000000000033,2,0,26.3,8,1,17,1,sharma_2021
288.431,5.239600000000006,2,0,26.3,9,1,21,1,sharma_2021
284.399,4.768000000000004,2,0,26.3,4,1,21,2,sharma_2021
140.22599999999997,2.711900000000001,1,0,17.07,5,0,10,0,sharma_2021
246.35000000000002,4.213400000000004,2,0,26.3,8,1,18,1,sharma_2021
164.24799999999996,3.022100000000002,1,0,17.07,3,0,12,1,sharma_2021
198.30599999999998,3.4662000000000024,2,0,26.3,8,0,14,0,sharma_2021
114.14399999999999,1.2832000000000001,1,1,37.3,2,0,8,0,sharma_2021
170.321,3.608900000000002,1,1,0.0,4,0,11,0,sharma_2021
126.199,2.3218000000000005,1,0,17.07,5,0,9,0,sharma_2021
198.22099999999998,3.0191000000000017,2,0,30.21,3,2,15,2,sharma_2021
196.29,3.242200000000002,2,0,26.3,7,0,14,0,sharma_2021
198.30599999999998,3.4662000000000015,2,0,26.3,8,0,14,0,sharma_2021
174.243,2.924900000000001,1,0,17.07,3,1,13,1,sharma_2021
142.19799999999998,1.9058,2,0,26.3,3,0,10,0,sharma_2021
182.26299999999995,2.852100000000001,2,0,26.3,6,0,13,0,sharma_2021
250.38199999999998,4.578600000000004,2,0,26.3,6,0,18,0,sharma_2021
272.38800000000003,4.465000000000004,2,0,26.3,7,1,20,1,sharma_2021
182.263,2.828500000000001,2,0,26.3,4,0,13,1,sharma_2021
144.21399999999997,1.9616,2,0,18.46,5,0,10,0,sharma_2021
126.19899999999997,1.8912,1,1,20.23,4,0,9,0,sharma_2021
182.307,3.451600000000003,1,1,20.23,8,0,13,0,sharma_2021
182.307,3.715600000000003,1,0,9.23,6,0,13,0,sharma_2021
192.30199999999996,3.5141000000000027,1,0,17.07,2,0,14,1,sharma_2021
136.19399999999996,2.2639000000000005,1,0,17.07,4,0,10,0,sharma_2021
168.28,3.4921000000000024,1,0,17.07,8,0,12,0,sharma_2021
194.31799999999998,3.904200000000003,1,0,17.07,6,0,14,0,sharma_2021
218.29600000000002,3.433200000000002,2,0,26.3,6,1,16,1,sharma_2021
168.27999999999997,3.061500000000002,1,1,20.23,7,0,12,0,sharma_2021
180.291,3.6582000000000026,1,0,17.07,6,0,13,0,sharma_2021
206.32899999999998,3.904200000000003,1,0,17.07,3,0,15,1,sharma_2021
196.29,2.8946000000000014,2,0,26.3,7,0,14,0,sharma_2021
168.23600000000002,2.4620000000000006,2,0,26.3,5,0,12,0,sharma_2021
222.37199999999993,4.494200000000004,1,0,9.23,4,0,16,1,sharma_2021
152.237,2.711900000000001,1,0,17.07,3,0,11,1,sharma_2021
184.279,2.9320000000000013,2,0,26.3,5,0,13,0,sharma_2021
142.19799999999998,1.9058,2,0,26.3,3,0,10,0,sharma_2021
212.33299999999994,3.688100000000003,2,0,18.46,9,0,15,0,sharma_2021
285.38700000000006,4.868200000000004,3,0,38.66,6,1,21,1,sharma_2021
273.37600000000003,4.118300000000002,3,1,52.32,6,1,20,1,sharma_2021
349.47400000000016,6.229500000000006,3,0,38.66,9,2,26,2,sharma_2021
294.47900000000004,5.972900000000006,2,0,26.3,12,0,21,0,sharma_2021
290.447,4.738400000000005,2,0,26.3,7,0,21,4,sharma_2021
206.329,3.3059000000000025,1,1,20.23,3,0,15,2,sharma_2021
208.345,3.551900000000003,1,1,20.23,3,0,15,1,sharma_2021
196.2899999999999,3.0745000000000013,2,0,26.3,3,0,14,1,sharma_2021
222.32799999999995,3.4646000000000026,2,0,26.3,3,0,16,2,sharma_2021
232.32300000000004,3.8233000000000024,2,0,26.3,7,1,17,1,sharma_2021
144.214,1.9616,2,0,18.46,5,0,10,0,sharma_2021
220.35599999999994,4.438400000000004,1,0,17.07,5,0,16,1,sharma_2021
208.34499999999997,3.8401000000000036,1,1,20.23,3,0,15,1,sharma_2021
208.345,3.696000000000003,1,1,20.23,3,0,15,1,sharma_2021
250.38199999999998,4.2668000000000035,2,0,26.3,3,0,18,1,sharma_2021
206.32899999999998,3.904200000000003,1,0,17.07,3,0,15,1,sharma_2021
220.35599999999997,4.150200000000003,1,0,17.07,3,0,16,1,sharma_2021
220.268,2.9053000000000018,3,1,46.53,5,1,16,1,sharma_2021
240.38699999999997,4.636500000000004,2,0,26.3,11,0,17,0,sharma_2021
186.295,3.1319000000000017,2,0,18.46,8,0,13,0,sharma_2021
190.28599999999997,3.4342000000000024,1,0,17.07,1,0,14,1,sharma_2021
238.37099999999995,4.268400000000004,2,0,26.3,7,0,17,0,sharma_2021
320.51700000000005,6.529100000000007,2,0,26.3,14,0,23,0,sharma_2021
286.41499999999996,5.0156000000000045,2,0,26.3,8,1,21,1,sharma_2021
234.339,4.2973000000000035,2,0,18.46,7,1,17,1,sharma_2021
192.25799999999992,2.2943000000000007,2,0,26.3,0,0,14,3,sharma_2021
234.38299999999995,4.540300000000004,1,0,17.07,4,0,17,1,sharma_2021
135.20999999999998,2.8125800000000014,1,0,23.79,4,0,10,0,sharma_2021
254.41399999999993,4.882500000000005,2,0,26.3,11,0,18,0,sharma_2021
292.50699999999995,6.346800000000008,1,1,20.23,10,0,21,0,sharma_2021
180.291,3.5141000000000027,1,0,17.07,7,0,13,0,sharma_2021
192.302,3.5141000000000027,1,0,17.07,2,0,14,1,sharma_2021
168.28,2.893800000000001,1,1,20.23,4,0,12,1,sharma_2021
168.236,2.4384000000000006,2,0,26.3,3,0,12,1,sharma_2021
246.39399999999995,4.994600000000005,1,0,17.07,1,0,18,1,sharma_2021
194.31799999999998,3.3075000000000023,1,1,20.23,3,0,14,1,sharma_2021
208.34499999999997,3.6976000000000027,1,1,20.23,4,0,15,1,sharma_2021
210.31699999999992,3.6323000000000025,2,0,26.3,8,0,15,0,sharma_2021
204.313,3.3480000000000016,1,0,17.07,3,0,15,3,sharma_2021
194.31799999999998,3.904200000000003,1,0,17.07,7,0,14,0,sharma_2021
168.236,2.4384000000000006,2,0,26.3,3,0,12,1,sharma_2021
358.6100000000001,7.850900000000008,1,1,20.23,13,0,26,0,sharma_2021
246.39399999999995,4.3742000000000045,1,0,17.07,1,0,18,3,sharma_2021
236.311,3.489600000000003,3,0,27.69,6,1,17,1,sharma_2021
170.25199999999998,2.540300000000001,2,0,26.3,4,0,12,0,sharma_2021
229.36700000000002,4.7069000000000045,1,0,12.89,6,1,17,1,sharma_2021
170.296,3.2839000000000023,1,1,20.23,6,0,12,0,sharma_2021
154.25299999999996,2.8138000000000014,1,0,17.07,4,0,11,0,sharma_2021
178.27499999999992,2.7677000000000014,1,0,9.23,0,0,13,3,sharma_2021
220.35599999999994,4.294300000000003,1,0,17.07,3,0,16,1,sharma_2021
290.49100000000004,6.388400000000007,1,0,9.23,10,0,21,0,sharma_2021
226.35999999999999,4.246400000000004,2,0,26.3,10,0,16,0,sharma_2021
220.35599999999997,4.2466000000000035,1,0,12.53,0,0,16,2,sharma_2021
196.29,3.242200000000002,2,0,26.3,6,0,14,0,sharma_2021
340.5040000000001,5.650100000000005,3,1,63.60000000000001,16,0,24,0,sharma_2021
228.37599999999995,4.302200000000004,2,0,18.46,11,0,16,0,sharma_2021
150.22099999999998,2.654000000000001,1,0,17.07,5,0,11,0,sharma_2021
265.312,3.888900000000003,3,0,38.66,4,2,20,2,sharma_2021
262.393,3.9582000000000033,2,0,26.3,5,0,19,4,sharma_2021
160.21599999999998,2.6789000000000005,1,0,17.07,3,1,12,1,sharma_2021
266.42499999999995,5.192700000000006,2,0,26.3,10,0,19,0,sharma_2021
191.318,4.372980000000004,1,0,23.79,9,0,14,0,sharma_2021
192.30199999999996,3.466400000000002,1,0,9.23,0,0,14,2,sharma_2021
230.26,-0.68988,5,5,101.15,3,1,16,1,sharma_2021
196.28999999999996,2.908400000000001,2,0,26.3,1,0,14,2,sharma_2021
314.28999999999996,-1.3136,8,4,125.68000000000002,5,1,22,2,sharma_2021
182.21899999999997,1.9373,3,1,38.69,4,1,13,1,sharma_2021
194.31799999999996,3.738100000000003,1,0,17.07,4,0,14,1,sharma_2021
186.25099999999998,1.8987999999999998,3,0,35.53,5,0,13,1,sharma_2021
178.27499999999998,3.412200000000002,1,0,17.07,3,0,13,1,sharma_2021
154.25300000000001,2.671400000000001,1,1,20.23,4,0,11,0,sharma_2021
166.26399999999998,3.2681000000000022,1,0,17.07,4,0,12,0,sharma_2021
134.175,0.45980000000000004,3,2,49.69,4,0,9,0,sharma_2021
238.37099999999992,4.390500000000004,2,0,26.3,0,0,17,1,sharma_2021
168.236,2.4620000000000006,2,0,26.3,5,0,12,0,sharma_2021
126.19899999999997,2.3218000000000005,1,0,17.07,4,0,9,0,sharma_2021
154.253,2.1935000000000002,1,1,20.23,0,0,11,2,sharma_2021
170.25199999999998,2.6624000000000008,2,0,26.3,4,0,12,1,sharma_2021
198.30599999999995,3.3221000000000016,2,0,26.3,6,0,14,0,sharma_2021
777.228,13.730099999999975,5,2,75.99000000000001,16,1,56,3,sharma_2021
747.202,13.309439999999974,4,4,80.92,8,2,54,5,sharma_2021
282.383,4.849000000000005,2,1,29.46,4,2,21,2,sharma_2021
152.237,2.520100000000001,1,0,12.53,1,0,11,2,sharma_2021
220.35599999999997,3.6976000000000027,1,1,20.23,4,0,16,2,sharma_2021
156.225,2.2959000000000005,2,0,26.3,5,0,11,0,sharma_2021
204.35699999999997,4.747200000000005,0,0,0.0,3,0,15,1,sharma_2021
160.28199999999998,2.654600000000001,2,0,9.23,2,0,10,1,sharma_2021
160.28199999999998,2.654600000000001,2,0,9.23,2,0,10,1,sharma_2021
196.29,2.7643000000000013,2,0,26.3,1,0,14,2,sharma_2021
102.13299999999998,1.1171,1,1,37.3,2,0,7,0,sharma_2021
164.20399999999995,2.3106999999999998,2,0,26.3,2,1,12,1,sharma_2021
186.32,2.7001000000000013,2,1,17.07,1,0,12,1,sharma_2021
86.13399999999999,1.2314,1,0,17.07,2,0,6,0,sharma_2021
86.13399999999999,1.2314,1,0,17.07,2,0,6,0,sharma_2021
128.21499999999997,2.1136000000000004,1,1,20.23,5,0,9,0,sharma_2021
116.20399999999998,1.9475000000000002,1,1,20.23,4,0,8,0,sharma_2021
206.26699999999997,-0.7323999999999982,4,3,92.42,6,0,13,0,sharma_2021
206.19399999999996,-1.1656,6,2,93.06000000000002,5,0,14,0,sharma_2021
102.17699999999998,1.5574,1,1,20.23,3,0,7,0,sharma_2021
144.21399999999997,1.9857,2,0,26.3,4,0,10,0,sharma_2021
158.24099999999999,2.6775,1,1,37.3,6,0,11,0,sharma_2021
158.24099999999999,2.6775,1,1,37.3,6,0,11,0,sharma_2021
154.253,2.1935000000000002,1,1,20.23,0,0,11,2,sharma_2021
137.22699999999998,2.2092400000000003,1,0,0.0,0,1,9,1,sharma_2021
116.20399999999998,1.9475000000000002,1,1,20.23,4,0,8,0,sharma_2021
143.206,0.9526999999999999,2,0,40.129999999999995,5,0,10,0,sharma_2021
198.30599999999995,3.3221000000000016,2,0,26.3,6,0,14,0,sharma_2021
146.18599999999998,0.7104999999999999,3,1,46.53,4,0,10,0,sharma_2021
170.25199999999998,2.6624000000000008,2,0,26.3,5,0,12,1,sharma_2021
100.117,0.36429999999999996,2,0,26.3,0,0,7,1,sharma_2021
154.253,2.7677000000000014,1,0,9.23,1,0,11,1,sharma_2021
130.18699999999998,1.5956000000000001,2,0,26.3,3,0,9,0,sharma_2021
118.20100000000001,1.0936,2,1,9.23,0,0,7,1,sharma_2021
238.41499999999994,5.276500000000005,1,0,17.07,0,0,17,1,sharma_2021
134.244,1.4672999999999998,2,2,20.23,4,0,8,0,sharma_2021
150.22099999999998,2.7128200000000007,1,0,13.14,0,1,11,2,sharma_2021
218.33999999999995,3.904200000000003,1,0,17.07,1,0,16,2,sharma_2021
126.19899999999997,2.1776999999999997,1,0,17.07,3,0,9,0,sharma_2021
143.23,2.8069000000000006,2,1,32.59,5,0,10,0,sharma_2021
148.271,1.8574000000000002,2,2,20.23,4,0,9,0,sharma_2021
161.22599999999997,0.31749999999999995,3,2,63.31999999999999,5,0,10,0,sharma_2021
182.307,3.594000000000003,1,0,17.07,4,0,13,0,sharma_2021
188.22299999999996,1.2812999999999999,4,0,52.60000000000001,5,0,13,0,sharma_2021
226.4039999999999,4.535700000000005,1,1,20.23,2,0,16,1,sharma_2021
148.227,1.2579,3,1,26.3,3,0,9,0,sharma_2021
244.37499999999997,2.2070999999999996,3,2,49.69,5,0,17,1,sharma_2021
192.30199999999996,3.5141000000000027,1,0,17.07,2,0,14,1,sharma_2021
204.35699999999994,4.7252000000000045,0,0,0.0,1,0,15,2,sharma_2021
238.37099999999992,4.390500000000004,2,0,26.3,0,0,17,1,sharma_2021
428.61000000000007,4.048600000000005,6,3,96.22000000000001,18,0,30,1,sharma_2021
204.335,2.818300000000001,3,1,26.3,7,0,13,0,sharma_2021
119.16399999999999,0.15859999999999985,2,1,76.63,2,0,8,0,sharma_2021
204.35699999999997,5.0354000000000045,0,0,0.0,4,0,15,1,sharma_2021
174.24299999999997,2.7966000000000015,1,0,17.07,0,1,13,2,sharma_2021
184.27899999999997,3.052500000000002,2,0,26.3,6,0,13,1,sharma_2021
158.285,2.8296000000000014,1,1,20.23,4,0,11,0,sharma_2021
258.35799999999995,2.981200000000001,4,1,55.760000000000005,4,0,18,1,sharma_2021
136.238,2.9987000000000013,0,0,0.0,0,0,10,3,sharma_2021
152.237,2.2576,1,0,17.07,0,0,11,3,sharma_2021
222.37199999999999,3.7759000000000027,1,1,20.23,1,0,16,2,sharma_2021
242.35899999999995,3.0269000000000013,3,0,35.53,5,0,17,1,sharma_2021
198.30599999999995,3.4426000000000023,2,0,26.3,6,0,14,1,sharma_2021
204.35699999999997,4.869300000000004,0,0,0.0,0,0,15,2,sharma_2021
158.24099999999999,2.0641000000000003,2,1,29.46,4,0,11,1,sharma_2021
154.20899999999997,2.3975,2,0,26.3,4,0,11,1,sharma_2021
236.39899999999997,4.408000000000004,1,0,9.23,0,0,17,3,sharma_2021
204.31299999999996,3.3480000000000016,1,0,17.07,0,0,15,3,sharma_2021
154.209,1.9058,2,0,26.3,3,0,11,1,sharma_2021
170.32100000000003,3.4412000000000025,1,1,0.0,1,0,11,1,sharma_2021
222.37199999999999,3.9200000000000026,1,1,20.23,1,0,16,2,sharma_2021
90.14699999999999,0.5483,2,0,17.07,2,0,5,0,sharma_2021
198.30599999999995,3.4426000000000023,2,0,26.3,7,0,14,1,sharma_2021
160.21299999999997,0.9564999999999999,3,1,46.53,4,0,11,0,sharma_2021
130.18699999999998,0.9823999999999999,2,1,37.3,3,0,9,0,sharma_2021
222.37199999999999,3.609800000000003,1,1,20.23,0,0,16,4,sharma_2021
138.254,3.0786000000000016,0,0,0.0,0,0,10,3,sharma_2021
154.209,2.0719,2,0,26.3,5,0,11,0,sharma_2021
166.21999999999997,1.6991,2,0,29.6,1,0,12,2,sharma_2021
166.26399999999998,3.1240000000000014,1,0,17.07,3,0,12,0,sharma_2021
184.279,3.076100000000001,2,0,26.3,7,0,13,0,sharma_2021
168.28,2.5836000000000006,1,1,20.23,0,0,12,2,sharma_2021
234.29499999999996,2.615500000000001,3,0,35.53,3,1,17,2,sharma_2021
180.29099999999997,3.156200000000002,1,0,9.23,2,0,13,2,sharma_2021
156.22499999999997,2.1282000000000005,2,0,26.3,3,0,11,1,sharma_2021
172.26799999999997,2.7166000000000006,2,0,18.46,4,0,12,1,sharma_2021
156.22499999999997,2.1282000000000005,2,0,26.3,3,0,11,1,sharma_2021
156.225,2.2723000000000004,2,0,26.3,4,0,11,1,sharma_2021
182.26299999999998,2.541900000000001,2,0,26.3,1,0,13,1,sharma_2021
204.3569999999999,4.270900000000004,0,0,0.0,0,0,15,3,sharma_2021
172.268,2.7182000000000013,2,0,18.46,4,0,12,1,sharma_2021
204.35699999999997,4.5591000000000035,0,0,0.0,0,0,15,3,sharma_2021
328.31700000000006,-0.9235,8,4,125.68000000000002,6,1,23,2,sharma_2021
146.255,2.0640000000000005,2,1,17.07,3,0,9,0,sharma_2021
226.31599999999997,2.7368000000000006,3,0,35.53,1,0,16,2,sharma_2021
222.37199999999996,3.4657000000000027,1,1,20.23,1,0,16,3,sharma_2021
181.279,2.4251000000000005,1,1,29.1,6,0,13,0,sharma_2021
234.38299999999995,4.5183000000000035,1,0,17.07,1,0,17,2,sharma_2021
272.47599999999994,6.307600000000007,0,0,0.0,4,0,20,2,sharma_2021
146.255,2.0640000000000005,2,1,17.07,3,0,9,0,sharma_2021
176.25900000000001,2.09222,1,1,20.23,1,1,13,2,sharma_2021
128.171,1.4921,2,0,26.3,2,0,9,1,sharma_2021
171.23999999999998,2.0173,2,0,29.54,4,0,12,1,sharma_2021
136.14999999999998,1.80012,2,0,30.21,2,1,10,1,sharma_2021
193.29,2.5676000000000005,1,1,29.1,6,0,14,1,sharma_2021
213.126,-1.4073000000000002,4,4,116.09,5,0,13,0,sharma_2021
242.35899999999998,2.761300000000001,3,1,46.53,4,0,17,1,sharma_2021
269.385,2.3741000000000003,3,1,55.4,5,0,19,1,sharma_2021
182.30699999999996,3.5463000000000022,1,0,9.23,2,0,13,1,sharma_2021
221.34399999999997,3.205300000000002,1,1,29.1,6,0,16,1,sharma_2021
198.30599999999995,3.0119000000000016,2,0,26.3,2,0,14,1,sharma_2021
222.37199999999996,3.7539000000000033,1,1,20.23,0,0,16,3,sharma_2021
110.15599999999998,1.7077,1,0,17.07,3,0,8,0,sharma_2021
151.253,3.282580000000002,1,0,23.79,4,0,11,0,sharma_2021
192.258,2.428300000000001,2,0,26.3,5,1,14,1,sharma_2021
130.18699999999998,0.9823999999999999,2,1,37.3,3,0,9,0,sharma_2021
142.154,0.8521,3,0,35.53,1,0,10,1,sharma_2021
206.285,3.1209000000000016,2,0,26.3,3,1,15,1,sharma_2021
222.37199999999993,4.662400000000004,1,0,17.07,0,0,16,1,sharma_2021
152.237,2.2115,1,0,12.53,0,0,11,4,sharma_2021
160.17199999999997,1.7091,2,0,26.3,0,1,12,3,sharma_2021
166.264,2.9579000000000013,1,0,17.07,4,0,12,1,sharma_2021
182.26299999999998,2.828500000000001,2,0,26.3,4,0,13,1,sharma_2021
195.35,4.676880000000004,1,0,23.79,9,0,14,0,sharma_2021
146.18599999999998,0.5186999999999999,3,1,38.69,1,0,10,1,sharma_2021
222.37199999999993,3.465700000000003,1,1,20.23,0,0,16,3,sharma_2021
186.25099999999998,1.4758,3,1,54.370000000000005,6,0,13,0,sharma_2021
204.35699999999994,4.747200000000005,0,0,0.0,3,0,15,1,sharma_2021
162.298,2.511500000000001,2,1,9.23,6,0,10,0,sharma_2021
296.451,4.339700000000004,3,0,35.53,6,0,21,2,sharma_2021
182.26299999999998,2.3978,2,0,26.3,1,0,13,1,sharma_2021
196.28999999999994,3.2186000000000012,2,0,26.3,6,0,14,1,sharma_2021
198.30599999999995,3.4426000000000023,2,0,26.3,7,0,14,1,sharma_2021
184.27899999999997,3.052500000000002,2,0,26.3,5,0,13,1,sharma_2021
162.232,2.6251000000000007,1,0,17.07,3,1,12,1,sharma_2021
194.23000000000002,1.8878999999999997,3,1,46.53,4,1,14,1,sharma_2021
200.325,4.5416200000000035,0,0,0.0,1,1,15,2,sharma_2021
222.37199999999996,3.9200000000000026,1,1,20.23,1,0,16,2,sharma_2021
154.253,2.0494,1,1,20.23,1,0,11,2,sharma_2021
204.357,4.581100000000004,0,0,0.0,1,0,15,2,sharma_2021
204.357,4.581100000000004,0,0,0.0,1,0,15,2,sharma_2021
204.35699999999994,4.747200000000005,0,0,0.0,3,0,15,1,sharma_2021
204.357,4.581100000000004,0,0,0.0,1,0,15,2,sharma_2021
220.35599999999997,3.6976000000000027,1,1,20.23,4,0,16,2,sharma_2021
204.35699999999994,4.891300000000005,0,0,0.0,4,0,15,1,sharma_2021
175.18699999999998,2.2558000000000007,3,0,31.23,0,2,13,2,sharma_2021
134.269,2.5485000000000007,2,0,0.0,0,0,7,1,sharma_2021
238.37099999999995,4.390500000000004,2,0,26.3,0,0,17,1,sharma_2021
166.26399999999998,3.246100000000002,1,0,17.07,4,0,12,1,sharma_2021
188.22299999999996,1.2812999999999999,4,0,52.6,5,0,13,0,sharma_2021
200.27799999999996,2.4791000000000007,3,0,43.370000000000005,8,0,14,0,sharma_2021
208.345,4.962800000000005,1,0,13.14,9,1,15,1,sharma_2021
171.221,1.16702,4,0,39.19,4,1,11,1,sharma_2021
222.37199999999996,3.7539000000000025,1,1,20.23,2,0,16,3,sharma_2021
192.30199999999994,3.370000000000002,1,0,17.07,2,0,14,1,sharma_2021
184.26,2.6576200000000014,3,0,30.21,3,1,12,1,sharma_2021
194.27399999999994,2.994600000000002,2,0,26.3,5,0,14,1,sharma_2021
180.203,1.8773199999999997,3,1,46.53,2,1,13,1,sharma_2021
160.21299999999997,0.9564999999999999,3,1,46.53,4,0,11,0,sharma_2021
168.27999999999997,3.061500000000002,1,1,20.23,7,0,12,0,sharma_2021
106.19,0.6855,2,2,20.23,1,0,6,0,sharma_2021
158.19699999999997,1.1647,3,0,43.370000000000005,4,0,11,0,sharma_2021
182.26299999999998,2.828500000000001,2,0,26.3,4,0,13,1,sharma_2021
222.37199999999996,4.0861000000000045,1,1,20.23,4,0,16,1,sharma_2021
123.155,1.52572,1,1,32.86,1,1,9,1,sharma_2021
160.21299999999997,0.9564999999999999,3,1,46.53,4,0,11,0,sharma_2021
120.21699999999997,0.9331,2,2,20.23,2,0,7,0,sharma_2021
116.204,1.8050000000000002,1,1,20.23,4,0,8,0,sharma_2021
216.32099999999997,2.661000000000002,3,1,46.53,9,0,15,0,sharma_2021
142.19799999999998,1.533,2,0,29.6,5,0,10,1,sharma_2021
198.30599999999998,3.1544000000000016,2,0,26.3,1,0,14,1,sharma_2021
204.35699999999994,4.7252000000000045,0,0,0.0,0,0,15,2,sharma_2021
933.4499999999992,15.009499999999965,9,3,139.59,50,0,66,0,sharma_2021
148.227,1.2578999999999998,3,1,26.3,2,0,9,0,sharma_2021
208.257,2.0633000000000004,3,1,46.53,5,1,15,1,sharma_2021
182.26299999999998,2.2317,2,0,26.3,0,0,13,2,sharma_2021
142.242,2.791800000000001,1,0,17.07,6,0,10,0,sharma_2021
200.18999999999997,1.3788,5,0,61.830000000000005,2,0,14,1,sharma_2021
168.23599999999996,1.9841,2,0,26.3,0,0,12,2,sharma_2021
152.23699999999997,2.5437000000000003,1,0,9.23,2,0,11,1,sharma_2021
170.296,3.117800000000002,1,1,20.23,3,0,12,1,sharma_2021
184.32299999999998,3.5299000000000027,1,1,20.23,5,0,13,0,sharma_2021
236.26699999999994,2.6261,4,0,52.6,4,1,17,1,sharma_2021
206.32899999999995,3.5720000000000027,1,0,17.07,0,0,15,3,sharma_2021
156.206,1.9647200000000002,3,1,37.3,1,1,10,1,sharma_2021
192.302,3.1819000000000015,1,0,17.07,0,0,14,3,sharma_2021
153.22500000000002,2.2729800000000004,2,0,33.019999999999996,6,0,11,0,sharma_2021
170.25199999999998,2.9877000000000002,1,1,37.3,7,0,12,0,sharma_2021
186.33899999999994,3.321600000000002,1,1,20.23,3,0,13,0,sharma_2021
200.25900000000001,2.0759,4,0,39.44,5,1,13,1,sharma_2021
140.226,2.567800000000001,1,0,17.07,5,0,10,0,sharma_2021
156.22499999999997,1.3724999999999998,2,1,37.3,1,0,11,1,sharma_2021
218.3399999999999,4.192400000000004,1,0,17.07,4,0,16,2,sharma_2021
182.263,2.852100000000001,2,0,26.3,5,0,13,0,sharma_2021
186.23200000000003,2.6693000000000007,4,0,39.44,3,1,12,1,sharma_2021
161.226,0.4021999999999997,3,1,46.17,3,0,10,0,sharma_2021
182.307,3.1178000000000017,1,1,20.23,0,0,13,2,sharma_2021
204.35699999999994,4.581100000000004,0,0,0.0,1,0,15,2,sharma_2021
142.19799999999998,1.5807,2,0,34.14,4,0,10,0,sharma_2021
188.317,3.5710000000000024,3,0,13.14,5,1,11,1,sharma_2021
212.28899999999996,2.335,3,0,43.370000000000005,5,0,15,1,sharma_2021
156.225,2.2959000000000005,2,0,26.3,5,0,11,0,sharma_2021
180.203,1.9918999999999998,3,1,46.53,3,1,13,1,sharma_2021
192.3019999999999,3.6582000000000026,1,0,17.07,5,0,14,1,sharma_2021
222.37199999999999,3.9420000000000033,1,1,20.23,3,0,16,1,sharma_2021
208.34499999999997,3.5535000000000028,1,1,20.23,4,0,15,1,sharma_2021
284.43999999999994,4.339700000000004,3,0,35.53,6,0,20,1,sharma_2021
202.29399999999995,2.5333000000000006,3,0,35.53,6,0,14,0,sharma_2021
266.42499999999995,4.404100000000004,2,0,18.46,3,0,19,2,sharma_2021
1701.2060000000008,4.838100000000011,46,25,777.9800000000005,21,10,122,11,sharma_2021
192.283,2.631900000000001,2,0,17.07,4,1,13,1,sharma_2021
304.47400000000005,4.847400000000005,2,0,34.14,2,0,22,2,sharma_2021
240.38699999999992,4.3483000000000045,2,0,26.3,9,0,17,0,sharma_2021
176.26300000000003,2.599400000000001,2,0,25.78,2,1,13,2,sharma_2021
182.26299999999998,2.708000000000001,2,0,26.3,5,0,13,0,sharma_2021
218.296,3.1270000000000016,2,0,26.3,4,1,16,1,sharma_2021
212.33299999999997,3.400400000000002,2,0,26.3,1,0,15,1,sharma_2021
204.35699999999994,4.415000000000004,0,0,0.0,0,0,15,3,sharma_2021
199.703,-3.329699999999998,2,2,63.31999999999999,4,0,11,0,sharma_2021
404.5880000000002,4.541800000000005,6,2,93.06,16,0,28,0,sharma_2021
244.34199999999998,2.694840000000001,4,0,51.56,2,2,18,2,sharma_2021
182.263,2.852100000000001,2,0,26.3,5,0,13,0,sharma_2021
246.39399999999995,4.3742000000000045,1,0,17.07,1,0,18,3,sharma_2021
236.39899999999994,4.144000000000005,1,1,20.23,1,0,17,3,sharma_2021
125.17099999999998,2.0172,2,0,26.03,3,1,9,1,sharma_2021
182.379,3.0514000000000023,3,2,0.0,4,0,9,0,sharma_2021
146.255,2.2645,2,0,9.23,0,0,9,1,sharma_2021
160.28199999999998,2.654600000000001,2,0,9.23,1,0,10,1,sharma_2021
182.26299999999998,2.6624000000000008,2,0,26.3,1,0,13,2,sharma_2021
226.35999999999996,2.8462000000000014,2,1,29.46,4,0,16,2,sharma_2021
198.34999999999994,4.017900000000004,1,0,9.23,4,0,14,1,sharma_2021
111.09999999999998,0.8772,3,0,43.1,1,1,8,1,sharma_2021
154.253,2.4575000000000005,1,0,9.23,2,0,11,2,sharma_2021
132.228,1.5297999999999998,2,1,17.07,2,0,8,0,sharma_2021
220.31199999999993,2.7863000000000016,2,0,26.3,1,0,16,4,sharma_2021
198.21799999999996,1.549,4,0,52.6,3,0,14,1,sharma_2021
154.253,2.1935000000000007,1,1,20.23,1,0,11,2,sharma_2021
144.264,2.6111000000000004,2,0,0.0,2,1,8,1,sharma_2021
170.296,3.5720000000000027,1,0,17.07,8,0,12,0,sharma_2021
206.32899999999998,3.7124000000000024,1,0,9.23,1,0,15,2,sharma_2021
174.29,3.2665400000000018,3,0,13.14,2,1,10,1,sharma_2021
240.41199999999998,4.223700000000004,2,0,17.07,4,0,16,1,sharma_2021
132.25300000000004,1.9354,2,1,0.0,0,0,7,1,sharma_2021
204.379,3.4162000000000035,2,2,20.23,8,0,13,0,sharma_2021
202.36299999999997,3.6244000000000027,2,1,17.07,8,0,13,0,sharma_2021
190.333,2.2278000000000002,3,0,17.07,6,0,11,0,sharma_2021
132.228,1.4821,2,1,9.23,0,0,8,1,sharma_2021
176.325,2.636000000000002,2,2,20.23,6,0,11,0,sharma_2021
174.309,2.844200000000002,2,1,17.07,6,0,11,0,sharma_2021
202.16199999999998,0.03520000000000001,4,2,100.90000000000002,5,0,14,0,sharma_2021
182.30699999999996,3.594000000000003,1,0,17.07,2,0,13,0,sharma_2021
184.23499999999999,1.865,3,0,43.370000000000005,6,0,13,0,sharma_2021
184.27899999999997,3.076100000000001,2,0,26.3,7,0,13,0,sharma_2021
236.39899999999994,5.196600000000005,1,0,17.07,0,0,17,1,sharma_2021
142.198,1.5582,2,0,26.3,6,0,10,0,sharma_2021
250.38199999999995,4.410900000000004,2,0,26.3,4,0,18,1,sharma_2021
248.40999999999997,4.454100000000004,1,0,17.07,1,0,18,3,sharma_2021
196.28999999999996,2.9320000000000013,2,0,26.3,3,0,14,1,sharma_2021
130.191,1.3459999999999999,3,1,41.46,5,0,9,0,sharma_2021
126.199,2.3218000000000005,1,0,17.07,5,0,9,0,sharma_2021
168.23599999999996,2.4620000000000006,2,0,26.3,6,0,12,0,sharma_2021
156.225,2.2959000000000005,2,0,26.3,5,0,11,0,sharma_2021
158.241,2.6775,1,1,37.3,6,0,11,0,sharma_2021
136.154,0.81522,3,0,35.010000000000005,0,1,10,2,sharma_2021
150.18099999999998,1.37622,3,0,35.010000000000005,0,1,11,2,sharma_2021
150.22099999999998,2.4418000000000006,1,0,9.23,0,0,11,2,sharma_2021
236.47099999999998,4.8590000000000035,3,0,0.0,4,0,13,1,sharma_2021
168.236,2.4384000000000006,2,0,26.3,4,0,12,1,sharma_2021
184.32299999999998,3.2417000000000016,1,1,20.23,3,0,13,0,sharma_2021
156.269,3.1819000000000015,1,0,17.07,7,0,11,0,sharma_2021
270.36899999999997,3.0877000000000017,4,0,52.60000000000001,5,0,19,1,sharma_2021
182.307,3.450000000000002,1,1,20.23,4,0,13,0,sharma_2021
172.29299999999998,2.5208000000000004,2,0,17.07,5,0,11,0,sharma_2021
216.36499999999992,4.136100000000003,2,0,18.46,11,0,15,0,sharma_2021
222.37199999999999,3.4673000000000025,1,1,20.23,3,0,16,3,sharma_2021
160.28199999999998,2.4972000000000003,2,0,17.07,5,0,10,0,sharma_2021
158.24099999999999,2.375800000000001,2,0,26.3,5,0,11,0,sharma_2021
162.254,1.6911,3,0,26.3,4,0,10,0,sharma_2021
206.32899999999998,3.856500000000003,1,0,9.23,1,0,15,2,sharma_2021
210.273,2.2122,3,0,27.69,7,1,15,1,sharma_2021
148.22699999999998,1.2579,3,1,26.3,3,0,9,0,sharma_2021
184.279,3.076100000000001,2,0,26.3,6,0,13,0,sharma_2021
164.24799999999993,2.5116000000000005,1,0,9.23,4,1,12,1,sharma_2021
170.296,2.9737000000000022,1,1,20.23,2,0,12,1,sharma_2021
220.356,4.2466000000000035,1,0,12.53,0,0,16,2,sharma_2021
158.24099999999999,2.518300000000001,2,0,26.3,7,0,11,0,sharma_2021
716.3899999999999,11.461099999999986,8,0,36.92,28,0,39,0,sharma_2021
434.5700000000003,1.9652000000000003,8,3,114.68000000000002,19,0,30,1,sharma_2021
134.244,1.5104,2,1,20.23,4,0,8,0,sharma_2021
568.8860000000001,11.227519999999988,2,0,34.14,5,2,42,6,sharma_2021
132.166,1.6069,2,0,25.78,0,1,10,2,sharma_2021
150.22099999999998,2.4879000000000007,1,0,17.07,0,0,11,1,sharma_2021
160.213,0.9564999999999999,3,1,46.53,4,0,11,0,sharma_2021
158.24099999999999,2.3281,2,0,18.46,4,0,11,1,sharma_2021
238.37099999999992,3.7905000000000033,2,0,26.3,3,0,17,2,sharma_2021
182.263,2.3742,2,0,26.3,2,0,13,2,sharma_2021
142.08599999999998,-4.148899999999999,3,1,77.42999999999999,0,0,9,0,sharma_2021
216.16799999999998,-2.8320999999999983,4,1,69.59,3,1,15,1,sharma_2021
218.184,-2.783599999999998,4,0,58.59,4,1,15,1,sharma_2021
142.111,-4.7608,4,1,57.2,2,0,8,0,sharma_2021
270.36899999999997,3.245300000000001,3,1,63.60000000000001,6,0,19,1,sharma_2021
186.295,2.806800000000001,2,0,26.3,7,0,13,0,sharma_2021
290.456,5.585240000000003,6,0,26.28,5,2,16,2,sharma_2021
218.33999999999997,4.380500000000004,1,0,17.07,8,0,16,0,sharma_2021
500.4940000000002,-4.555599999999988,14,7,206.21999999999997,8,0,34,3,sharma_2021
199.275,1.94722,4,0,39.19,4,1,13,1,sharma_2021
128.171,1.8174000000000001,1,1,37.3,4,0,9,0,sharma_2021
524.7860000000004,8.226600000000008,4,0,52.6,10,0,38,6,sharma_2021
180.291,3.6582000000000026,1,0,17.07,8,0,13,0,sharma_2021
192.302,3.2188000000000017,1,0,9.23,1,0,14,3,sharma_2021
192.302,3.059800000000002,1,0,17.07,2,0,14,3,sharma_2021
168.236,2.2959000000000005,2,0,26.3,5,0,12,1,sharma_2021
220.31199999999995,2.9304000000000014,2,0,26.3,3,0,16,3,sharma_2021
198.30599999999995,3.130300000000002,2,0,18.46,4,0,14,1,sharma_2021
238.37099999999992,3.4578000000000024,2,0,18.46,0,0,17,3,sharma_2021
258.361,4.368400000000004,2,0,26.3,3,1,19,2,sharma_2021
297.464,4.677920000000004,4,0,39.19,11,1,20,1,sharma_2021
222.37199999999999,4.684400000000004,1,0,17.07,8,0,16,0,sharma_2021
196.24599999999998,2.903100000000001,3,0,39.44,6,1,14,1,sharma_2021
184.23499999999999,2.6583000000000006,3,0,35.53,1,0,13,1,sharma_2021
140.226,2.2813000000000003,1,1,20.23,5,0,10,0,sharma_2021
162.23199999999994,2.4879000000000007,1,0,17.07,1,0,12,2,sharma_2021
160.28199999999998,2.654600000000001,2,0,9.23,2,0,10,1,sharma_2021
146.255,2.3122000000000007,2,0,17.07,3,0,9,0,sharma_2021
180.294,1.2125,4,1,26.3,5,0,10,0,sharma_2021
184.23499999999996,1.1595,3,0,35.53,0,0,13,2,sharma_2021
128.17099999999996,1.1429,2,0,29.6,4,0,9,1,sharma_2021
289.55400000000003,5.172600000000005,3,1,12.03,6,0,18,1,sharma_2021
222.265,3.421940000000002,4,0,43.35,2,2,15,2,sharma_2021
216.36499999999995,3.9920000000000035,2,0,18.46,10,0,15,0,sharma_2021
128.171,1.6733,1,1,37.3,2,0,9,0,sharma_2021
228.24699999999999,3.6472000000000024,3,0,39.42,4,3,17,3,sharma_2021
150.18099999999998,1.29604,3,0,42.85,1,1,11,1,sharma_2021
214.34899999999996,3.936200000000003,2,0,26.3,8,0,15,0,sharma_2021
168.35199999999998,3.4459000000000026,3,0,0.0,5,0,8,0,sharma_2021
204.33499999999998,2.6742000000000012,3,1,26.3,5,0,13,0,sharma_2021
154.165,0.8372,3,0,43.370000000000005,1,0,11,1,sharma_2021
156.18099999999998,1.4324000000000001,3,0,43.370000000000005,4,0,11,0,sharma_2021
210.36099999999993,4.662400000000004,1,0,17.07,10,0,15,0,sharma_2021
170.25199999999998,2.541900000000001,2,0,26.3,3,0,12,0,sharma_2021
172.22399999999996,1.5087000000000002,3,0,35.53,4,0,12,1,sharma_2021
256.4299999999999,5.250600000000006,2,0,26.3,13,0,18,0,sharma_2021
189.302,3.5285800000000025,1,0,23.79,1,0,14,2,sharma_2021
186.31999999999996,3.2585000000000024,2,0,17.07,4,0,12,0,sharma_2021
181.66299999999998,0.9545999999999999,3,1,52.32,3,0,11,0,sharma_2021
194.31799999999996,3.594000000000003,1,0,17.07,2,0,14,1,sharma_2021
148.24899999999997,3.6411000000000024,0,0,0.0,5,0,11,0,sharma_2021
338.5760000000001,7.367200000000008,2,0,26.3,18,0,24,0,sharma_2021
190.26399999999998,1.6094,4,0,43.370000000000005,5,0,12,0,sharma_2021
152.237,2.878000000000001,1,0,17.07,6,0,11,0,sharma_2021
178.275,2.6477000000000013,1,0,17.07,2,0,13,3,sharma_2021
190.308,2.3272000000000004,3,0,26.3,5,0,12,0,sharma_2021
176.124,-1.4073999999999995,6,4,107.22000000000001,2,0,12,1,sharma_2021
183.251,2.714600000000001,3,2,52.82000000000001,1,0,13,1,sharma_2021
170.25199999999998,2.3132,2,0,29.6,7,0,12,1,sharma_2021
152.237,2.711900000000001,1,0,17.07,1,0,11,1,sharma_2021
185.336,3.3449000000000018,2,0,12.36,3,0,12,1,sharma_2021
232.16699999999994,-3.394099999999998,5,0,75.66,4,1,16,1,sharma_2021
288.435,3.4487000000000023,2,1,41.99,5,1,21,2,sharma_2021
186.29499999999996,3.1544000000000016,2,0,26.3,6,0,13,0,sharma_2021
186.258,2.8248000000000015,2,0,17.82,3,2,14,2,sharma_2021
160.28199999999998,2.497200000000001,2,0,17.07,6,0,10,0,sharma_2021
236.39899999999994,5.1966000000000045,1,0,17.07,0,0,17,1,sharma_2021
182.26299999999995,2.684400000000001,2,0,26.3,4,0,13,1,sharma_2021
100.11999999999998,1.1124,0,0,0.0,0,0,8,6,sharma_2021
226.41000000000003,4.6292000000000035,2,0,0.0,7,0,14,0,sharma_2021
224.25599999999997,2.2231999999999994,4,1,47.92,2,1,16,2,sharma_2021
172.29299999999998,3.096700000000002,2,0,9.23,6,0,11,0,sharma_2021
160.238,1.5276999999999998,3,0,18.46,1,0,10,1,sharma_2021
228.33199999999997,2.683000000000001,3,1,46.53,7,0,16,0,sharma_2021
160.28199999999998,2.930600000000001,2,0,9.23,5,0,10,0,sharma_2021
190.28599999999994,3.1156000000000015,1,0,17.07,3,1,14,1,sharma_2021
219.328,3.394020000000002,1,0,20.310000000000002,4,1,16,1,sharma_2021
125.12699999999998,1.18562,3,0,43.1,1,1,9,1,sharma_2021
223.35999999999996,2.9734000000000016,1,1,29.1,3,0,16,2,sharma_2021
129.22799999999998,1.9302,2,0,12.36,1,0,8,1,sharma_2021
166.21999999999997,1.9042000000000001,2,0,26.3,0,0,12,2,sharma_2021
154.253,2.9354000000000013,1,0,9.23,6,0,11,0,sharma_2021
160.213,0.7663,3,1,38.69,2,0,11,1,sharma_2021
278.436,4.378900000000004,2,0,18.46,0,0,20,4,sharma_2021
222.37199999999993,4.662400000000004,1,0,17.07,0,0,16,1,sharma_2021
234.29500000000002,3.2938000000000023,3,1,46.53,5,1,17,1,sharma_2021
224.29999999999995,3.191600000000002,3,0,39.44,7,1,16,1,sharma_2021
456.7110000000003,8.323800000000007,3,0,51.21,8,0,33,1,sharma_2021
182.307,2.9737000000000022,1,1,20.23,1,0,13,2,sharma_2021
188.267,2.2060999999999997,2,2,57.53,5,0,13,0,sharma_2021
248.4099999999999,5.384700000000005,1,0,17.07,12,0,18,0,sharma_2021
157.257,3.197000000000002,2,1,32.59,6,0,11,0,sharma_2021
168.27999999999997,3.323900000000002,1,0,9.23,6,0,12,0,sharma_2021
174.265,2.0238,3,0,34.14,5,0,11,0,sharma_2021
172.26799999999997,2.7643000000000013,2,0,26.3,5,0,12,0,sharma_2021
212.35799999999995,3.586000000000002,2,0,17.07,5,0,14,1,sharma_2021
188.267,2.2060999999999997,2,2,57.53,5,0,13,0,sharma_2021
168.236,3.1262000000000008,2,1,29.46,2,0,12,1,sharma_2021
172.293,2.868400000000001,2,0,17.07,3,0,11,0,sharma_2021
196.33399999999997,3.6740000000000026,1,1,20.23,3,0,14,1,sharma_2021
216.32399999999998,3.680200000000003,1,0,17.07,1,0,16,2,sharma_2021
172.18,1.1281,2,2,74.6,5,0,12,0,sharma_2021
184.27899999999997,3.076100000000001,2,0,26.3,7,0,13,0,sharma_2021
234.29499999999996,2.6439000000000012,3,0,38.83,4,1,17,2,sharma_2021
220.35599999999994,3.9841000000000033,1,0,17.07,1,0,16,2,sharma_2021
252.35399999999998,4.463500000000004,3,0,39.44,10,1,18,1,sharma_2021
164.20399999999998,2.1734999999999998,2,0,26.3,0,0,12,2,sharma_2021
172.29299999999998,2.5208000000000004,2,0,17.07,5,0,11,0,sharma_2021
208.30099999999993,3.0504000000000016,2,0,18.46,2,0,15,2,sharma_2021
302.411,2.7926000000000015,5,1,64.99000000000001,10,0,21,1,sharma_2021
182.26299999999998,2.852100000000001,2,0,26.3,6,0,13,0,sharma_2021
210.22899999999996,1.7636,4,0,56.51,3,1,15,1,sharma_2021
184.26,2.6576200000000005,3,0,30.21,4,1,12,1,sharma_2021
222.37199999999996,4.064000000000004,1,0,17.07,1,0,16,2,sharma_2021
185.33599999999998,3.3449000000000018,2,0,12.36,3,0,12,1,sharma_2021
204.35699999999997,4.270900000000004,0,0,0.0,1,0,15,4,sharma_2021
152.237,2.1136000000000004,1,1,20.23,0,0,11,3,sharma_2021
168.236,2.787600000000001,2,0,29.6,7,0,12,1,sharma_2021
164.248,3.044100000000002,1,0,17.07,6,0,12,0,sharma_2021
200.32199999999997,3.402000000000002,2,0,26.3,7,0,14,0,sharma_2021
304.427,4.829700000000004,5,1,57.150000000000006,16,0,21,0,sharma_2021
264.453,4.898400000000005,1,0,9.23,0,0,19,3,sharma_2021
136.238,3.453000000000002,0,0,0.0,2,0,10,1,sharma_2021
289.392,1.8984,4,2,97.66000000000001,11,0,20,0,sharma_2021
222.37199999999999,3.920000000000003,1,1,20.23,1,0,16,2,sharma_2021
224.34399999999994,3.998800000000003,2,0,26.3,7,0,16,1,sharma_2021
338.49100000000004,5.491200000000005,2,0,26.3,7,1,25,3,sharma_2021
220.356,5.087200000000005,1,1,20.23,7,0,16,0,sharma_2021
204.22199999999998,0.2537000000000001,5,1,72.83000000000001,6,0,14,0,sharma_2021
261.33799999999997,1.1182,4,2,97.66000000000001,9,0,18,0,sharma_2021
250.291,-0.05759999999999971,5,4,115.06000000000002,8,0,17,0,sharma_2021
222.237,-0.8377999999999999,5,4,115.06000000000002,6,0,15,0,sharma_2021
178.27499999999995,2.2155000000000005,1,1,20.23,0,0,13,3,sharma_2021
283.412,2.8588000000000013,3,0,46.61000000000001,5,0,20,1,sharma_2021
73.12,0.7190000000000001,2,0,12.36,0,0,4,0,sharma_2021
34.083,0.11280000000000001,0,0,0.0,0,0,1,0,sharma_2021
45.085,-0.1644000000000001,1,1,12.03,0,0,3,0,sharma_2021
220.35600000000002,4.685300000000005,1,1,20.23,8,1,16,1,sharma_2021
147.004,2.9934000000000003,0,0,0.0,0,1,8,1,sharma_2021
141.939,1.0512000000000001,0,0,0.0,0,0,2,0,sharma_2021
31.058,-0.4251,1,1,26.02,0,0,2,0,sharma_2021
211.47499999999997,3.655400000000001,1,0,9.23,1,1,11,1,sharma_2021
173.00899999999996,2.1547000000000005,1,1,20.23,0,1,8,1,sharma_2021
128.558,2.0456,1,1,20.23,0,1,8,1,sharma_2021
120.19499999999995,2.8100000000000014,0,0,0.0,1,1,9,1,sharma_2021
68.075,1.2795999999999998,1,0,13.14,0,1,5,1,sharma_2021
118.17899999999997,2.1753,0,0,0.0,0,1,9,2,sharma_2021
267.10999999999996,-1.5101999999999975,1,0,13.14,2,1,11,1,sharma_2021
70.906,1.379,0,0,0.0,0,0,2,0,sharma_2021
47.997,-1.1219999999999999,2,0,51.43,0,0,3,0,sharma_2021
51.476,0.0989000000000001,1,1,26.02,0,0,2,0,sharma_2021
144.21399999999997,1.7955,2,0,18.46,1,0,10,1,sharma_2021
85.921,0.8835999999999999,1,1,12.03,0,0,3,0,sharma_2021
116.15999999999998,1.1578,2,0,18.46,1,0,8,1,sharma_2021
82.10199999999999,1.0865,1,0,9.23,0,0,6,1,sharma_2021
152.23699999999997,2.878000000000001,1,0,17.07,6,0,11,0,sharma_2021
111.14399999999999,0.7523000000000001,1,0,20.310000000000002,0,0,8,1,sharma_2021
110.15599999999998,1.7077,1,0,17.07,3,0,8,0,sharma_2021
68.11900000000001,1.7485,0,0,0.0,1,0,5,0,sharma_2021
170.25199999999998,2.3132,2,0,29.6,7,0,12,1,sharma_2021
118.17899999999995,2.4151000000000007,0,0,0.0,2,1,9,1,sharma_2021
