SMILES,MaxSimilarity,NearestNeighbor
CCCc1cccc(C)c1,0.41935483870967744,CCCc1ccc(OC)c(OC)c1
C=CC(C)CCC=C(C)S,0.41935483870967744,CC(C)=CCCC(C)C=O
CCCCCCC1C=CC(=O)C1,0.38461538461538464,CCCCCCCC1CCC(=O)O1
CC(N)c1cccc(C(C)CC=O)c1,0.34285714285714286,CC(C=O)c1ccccc1
CCCCSCCCCCCCC=O,0.6521739130434783,CCCCCCCC=O
CSC(O)c1ccccc1,0.38461538461538464,COC(OC)c1ccccc1
CC(=O)CC(C)CCC=C(C)CCCC(C)O,0.4473684210526316,CC(C)=CCCC(C)CC(=O)O
C=C(C)C(C)OCC,0.42857142857142855,CCOC(C)OCC
CCC1CCC(C)O1,0.6842105263157895,CCC1CCC(CC)O1
CC1CNSC1,0.1875,CC(C)=C1CCC(C)CC1O
CC(C)C1CCCCC1,0.43478260869565216,CC(C)C1CCC(CO)CC1
CC1CCNC1C,0.20689655172413793,CC1CCC(=O)OC1C
C=CC(C)CCCCCC,0.5769230769230769,C=CC(O)CCCCCCC
O=CC1=CC(O)=CC1,0.2972972972972973,C=C(C)C1CC=C(C=O)CC1
CC(C)OC(O)C(C)C,0.3125,C[C@H](O)[C@@H](C)O
CCOC(O)C(S)CC,0.34782608695652173,CCOC(C)OCC
CCC(C)OC1CC=CC=CCC1,0.2413793103448276,C1=CCCC=C1
C=C(C)C1CC(C(C)=O)=CC=N1,0.3,C=C(C)C1CCC(C)CC1=O
CCCCNC=CC=O,0.4444444444444444,CCCCC=CC=O
C=CCC1=CC2=C(CCC2)CC1CC,0.23809523809523808,C=CCc1ccc(O)cc1
CC=C(C)CCC(=O)C(C)CC,0.4074074074074074,CCC(C)C(=O)O
OC(CCCCc1ccccc1)c1ccccc1,0.45161290322580644,O=C(O)CCCc1ccccc1
COC1CC(C=O)CC=C1OC(C)C(C)C,0.24489795918367346,CC1=CCC(C(C)C=O)CC1
CC(=O)CCSCCCCO,0.35714285714285715,CCCCCC(C)=O
CC1CCCC(C)(C)CC1S,0.30303030303030304,CC1CCCC(C)(C)C1=O
C=C(C)C1(OC(C)=O)CCCCC1,0.6923076923076923,CC(=O)OC1(C(C)=O)CCCCC1
CCC(C)C(C)CCCCCO,0.43478260869565216,CCCCCCCCO
CCCCCC1C(C)CCC1C,0.36363636363636365,CCCCCC1CCC(=O)O1
CC(CC(C)(O)COC(=O)C1CC1)C1CCCC(C)(C)C1,0.22580645161290322,CC(C)CC(=O)O[C@@H]1C[C@H]2CC[C@@]1(C)C2(C)C
CCCCN=CCO,0.36363636363636365,CCCCO
CC(C)CCC(=O)C(C)C,0.36363636363636365,CC(C)CC(=O)CC(C)C
CC1CCC2C(C)CCC(C(C)C)C2C1,0.5,CC(C)[C@@H]1CC[C@@H](C)C[C@H]1O
CC(C)SC(S)CC1CCCCC1,0.2631578947368421,CC(=O)OCCC1CCCCC1
CCCCCC1CC(O)CC(C)C1C(O)CCC,0.2894736842105263,CCCCCC(C)O
COC1C=CC(C)C1,0.17142857142857143,CC1=CC(=O)C2CC1C2(C)C
CCC(C)C(C)CC,0.4,CCC(C)SSC(C)CC
CC1CCC2=C(CCC2C)O1,0.36363636363636365,CC(C)=C1CC[C@H](C)C2=C(C1)[C@@H](C)CC2
CCCC(O)CCCc1ccccc1,0.6333333333333333,CCCC(O)Cc1ccccc1
CC(C)CC(C)(C)C,0.2777777777777778,CC(C)C(C)(O)C(C)C
C=C1CCC(CCCCCC)CC1,0.4166666666666667,CCCCCCCC1CCC(=O)O1
CC(C)CCCCCC(C)O,0.65,CCCCCCC(C)O
O=C1CCC2C=CCCC2O1,0.4117647058823529,O=C1CCC2CCCCC2O1
CSC(C)O,0.4166666666666667,C[C@H](O)[C@@H](C)O
CC(S)C1CCCCC1,0.28125,CC(C)CC(=O)OC1CCCCC1
CCCNCC1CCCC(=O)O1,0.5675675675675675,CCCCCC1CCCC(=O)O1
CCC(C)COc1ccco1,0.32432432432432434,CCCCc1ccco1
CC=CC1=CC(SC)C(CC)C(CC)=C1,0.18181818181818182,C/C=C/c1ccc(OC)cc1
COCCCCO,0.4,CCCCCCCCO
CCCC(=O)CCC(C)C,0.4230769230769231,CCCC(=O)CC(=O)[O-]
CCC1C=CCC(O)C1,0.2702702702702703,CC(C)C1=CCC(CO)C=C1
CC(=O)OCC(C)CC(C)C,0.5185185185185185,CC(=O)OCC(C)OC(C)=O
CCCCCCCCCCCCC(C)O,1.0,CCCCCCC(C)O
C=C1CC(C)CCC1C(C)(C)CC(C)O,0.3333333333333333,CC(=O)SC(C)(C)C1CCC(C)CC1=O
CCCC(=O)OCCC(C)CCCC(C)S,0.575,CCCC(=O)OCCC(C)CCC=C(C)C
C=C(C)OC(CS)CCC,0.325,CCCC(CCCC(=O)OCC)OC(C)=O
CCC(C)Cc1ccc(CC(C)C)cc1,0.34375,CC(C)CC(O)Cc1ccccc1
COC1=CC(C)=CCC1,0.25,CC(C)=C1C/C=C(\C)CC/C=C(\C)CC1
CCCC(O)CC(C)CC,0.55,CCCC(O)CCC
CC(CC1C=COC=C1)c1ccccc1,0.3142857142857143,CC(C=O)c1ccccc1
CC(C)CC(C)S,0.30434782608695654,CC(C)C[C@H](N)C(=O)O
CC=CC1=CC(OC)C(CC(C)O)C=C1,0.25,C/C=C/c1ccc(OC)cc1
C=C(O)C(=CC(C)O)CC(=O)O,0.3103448275862069,CC(C)CC(=O)O
CCCCC(C)CS,0.45454545454545453,CCCCC(C)O
C=COC(C)=CCC,0.34615384615384615,CCC=C(C)C=O
C=CCCCCCC(O)OC,0.42857142857142855,C=CCCCCCC
COC1CC=CC=C1C(C)C,0.24242424242424243,CC1=CC=CCC1
C1CO1,0.17647058823529413,O=C1CCCO1
CC1CCC2C(CCCC2(C)C)C1,0.2857142857142857,CC1CCCC(C)(C)C1=O
CC1=C(OC(C)O)C(=O)C(C)O1,0.46875,CC1=C(O)C(=O)C(C)O1
Cc1ccc(C)c2c1CCC(C(C)(C)C)C2,0.3333333333333333,CC1=CCC(C(C)(C)O)CC1
CCCCC=C(C)C,0.44,CCCCC=CC(C)=O
C=C(O)C(C)CC,0.5,CCC(C)C(=O)O
CNCC(C)Cc1ccccc1,0.4375,CC(C)CC(O)Cc1ccccc1
CC1=CC=C2C(CCCC2(C)C)C1,0.3333333333333333,CC1CCCC(C)(C)C1=O
CCCC1C=CC(O)C(OC)C1,0.21428571428571427,CCCC(=O)OC1CCCCC1
C=C(CCCC=CCC)CCc1ccccc1,0.43243243243243246,CC/C=C\CCCC(=O)O
C=C(C)C(C)c1ccccc1,0.39285714285714285,CC(C=O)c1ccccc1
CCOCCC1CCCCCCCCCCC1,0.5,CC(=O)OCCC1CCCCC1
CCCC=CCCN(O)CCCO,0.4482758620689655,CCCC/C=C\CCCCO
CCC1C=C(C)CCC1C,0.4117647058823529,CC1=CC2OCC(C)C2CC1
CC(=O)C(O)CCCC(C)C,0.4583333333333333,CCC(O)C(C)=O
c1ccccc1,1.0,c1ccccc1
CC(C)CCCC(C)COCC(O)Cc1ccccc1,0.5,CC(C)CC(O)Cc1ccccc1
OC(=S)CCC1=CC=CCC1,0.34375,CC1=CC=CCC1
CCCCCCCCCSCC,0.5,CCCCCCCCCC
CCC(C)C(=O)OCC1=CC=CC1,0.3235294117647059,CCC(C)C(=O)O
CCc1ccc(C(C)CC)cc1,0.39285714285714285,CC(C)c1ccc(CO)cc1
CCCCCSC,0.47368421052631576,CSCCCN
CC1=CC(C)C=CC1C,0.25806451612903225,CC1=CCC(C(C)C)C=C1
C=CCCSCC,0.391304347826087,C=CCCCCCC
CC(=O)C1=CCC=C1,0.29411764705882354,CC(=O)C1=CSCCN1
CCCC(=O)CCSC,0.4230769230769231,CCCC(=O)CC(=O)[O-]
CCCCC1CC=CC=C1C,0.2647058823529412,CC1=CC=CCC1
CCCCC(C)(C)C,0.4,CCCCCCCCCC
CC=CCOC,0.28,CC=CCCCCCCCC=O
CC(C)C1CCC(C)(C)C(C(C)O)O1,0.28205128205128205,CC(C)[C@H]1C=C[C@@](C)(O)CC1
CCC1C=CSC1C,0.23076923076923078,CCC1SSC(CC)S1
CC1=CC(CC(C)C)=CCC1CCC=O,0.2978723404255319,CC1=CCC(C(C)C=O)CC1
C=CCCCC=C,0.5294117647058824,C=CCCCCCC
CCN(C)CC(C)CCC=C(C)C,0.5161290322580645,CC(C)=CCCC(C)CCO
CC1=CCC(OC(O)CC2C=CCCC2)C=C1,0.32142857142857145,CC(C)=CCC[C@H](C)[C@@H]1C=CC(C)=CC1
CCCCCCCCC(C)CCCC,0.5714285714285714,CCCCCCC(C)O
C=C(CCCC)C(C)(C)C,0.375,CCCCC(=O)O
CCCCCCCOC,0.5333333333333333,CCCCCCCCCC
CCCCCCCC(O)OCC,0.52,CCCCCCC(C)O
CCCNCOC(O)C(C)CC,0.26666666666666666,CCCC(C)O
CCCCCCCOCCC(C)O,0.6,CCCCCCC(C)O
CCC(CC(C)C)OC,0.30434782608695654,CCC(C)CN
C=C(C=O)C(C)CC(C)(C)O,0.34285714285714286,CC(CC=O)CCCC(C)(C)O
CC(CO)CC1CCC(C(C)C)CO1,0.38235294117647056,CC(C)C1CCC(CO)CC1
COCOOCCCC(C)C,0.3,CC(C)CCCC(C)CCO
C1CCCC1,0.2727272727272727,O=C1CCCCC1
CCC(=O)C(C)CC1C(C)=CCCC1(C)C,0.41304347826086957,C/C=C/C(=O)C1C(C)=CCCC1(C)C
CC(C)(C)CC(N)CCCC=O,0.3448275862068966,CCCCCC=O
C=CC(C)CS,0.3684210526315789,C=CC(C)O
C=C(CCC)C(C)(C)OC,0.28,CCCC(=O)C(=O)CCC
CC1=c2ccccc2=NC1C,0.2692307692307692,Cc1cccc(C)n1
CCCOCCCO,0.47368421052631576,CCCCO
C=CCC(C)C(=O)CCC,0.4117647058823529,C=CCC(CCCC)C(=O)O
CC1=CCC=C1,0.32142857142857145,CC1=CCC(C(C)C)C=C1
CCC(C)c1ccc(C(C)C)cc1,0.5,Cc1ccc(C(C)C)cc1
CC=CC=CCCC(C)=O,0.46153846153846156,CC(=O)CCC=C(C)C
CCC(C)CSC(C)O,0.34782608695652173,CCC(C)CN
CC(C)CC(O)C(C)C,0.35,CC(C)CCC(C)O
C=C(CC(C)C)OCCC(C)C,0.5555555555555556,CC(C)CCOC(=O)CC(C)C
OCCCC1=CC=CC1,0.2692307692307692,CCCCO
CCCCCOCCCCC(C)CC,0.4074074074074074,CCCCCC(C)O
CCC1=CCCC1CC,0.25,CCC1CCC(CC)O1
C=CC1=CCC(OC)C(CC)C1,0.23404255319148937,C=C(C)C1CC=C(C=O)CC1
CC(O)O,0.625,C[C@H](O)[C@@H](C)O
C=C(C)C,0.3,CC(=O)O
CCCC1=CCC=CC1C,0.2222222222222222,CCCc1ccc(OC)cc1
CCC=COCCCC(CC)OC,0.2777777777777778,CCC/C=C/C(OC)OC
CC(C)CC(=O)C1=CCCC=C1N,0.34375,CC(=O)C(=O)CC(C)C
CCCCCCCCOC(C)Cc1ccccc1,0.5555555555555556,CCCCOC(C)OCCc1ccccc1
CC(C)=CCCC(C)CCCC(C)CC(C)C,0.6071428571428571,CC(C)=CCCC(C)CCO
CC(C)C1=CCC(O)C=C1,0.6206896551724138,CC(C)C1=CCC(CO)C=C1
CCC(O)SCOCc1ccccc1,0.5,CCOCc1ccccc1
CC(C)CCCCC(=O)C1CC=CCC1C,0.28888888888888886,CCCCCCCCCCCC(=O)OCCC(C)C
CCCCCOC(C)C,0.5384615384615384,CCCCCCOC(C)OCCC(C)C
COc1cccnc1C(C)C,0.5172413793103449,COc1nccnc1C(C)C
CC(C)CC1CC(C)CC(C)C1,0.28125,CC1=NC(CC(C)C)SC1C
C=CCNCCO,0.32,C=CCCCCCCCCO
CCCCCCC(C)COC(C)C,0.4444444444444444,CCCCCCC(C)O
CCCCCCCCCC(C)C,0.6,CCCCCCC(C)O
CCCCCCCCCOCCC,0.5,CCCCCCCCCC
CC(C)CCCC(C)CCOC(O)C1=C(N)C=CCC1,0.3181818181818182,CC(C)CCCC(C)CCO
C=CCCOC,0.4,C=CCCC(=O)OC
CCCCC(C)C(C)=O,0.56,CCCCC(C(C)=O)C(=O)O
CCCCOSCCC,0.391304347826087,CCCCSSCCC
CCCCCCCCN,1.0,CCCCCCN
CC1C=CC(C)C(C)C1,0.1935483870967742,CC(C)[C@H]1CC[C@H](C)[C@@H](O)C1
CCC(C)CCC(C)CC,0.5,CCC(C)CN
CC(C)C1CCC2CCC(O)COC2C1,0.4117647058823529,CC(C)[C@H]1CC[C@H](C)[C@@H](O)C1
C=C(C)C(CC)CC=C(C)C,0.68,C=C(C)C(CO)CC=C(C)C
C=C(CCC)SC1CCCC1C1CCCC1,0.2857142857142857,CCCC(=O)OC1CCCCC1
NC=Cc1ccccc1,0.4782608695652174,O=C/C=C/c1ccccc1
CCCCCc1ccoc1C,0.46875,CCCCCc1ccco1
COCC(=O)C=O,0.35,CC(=O)C=O
CC1=CSC(C(C)C=O)C=C1,0.3170731707317073,CC1=CCC(C(C)C=O)CC1
CC1CSC(c2cccnc2)C1,0.3,CC(=O)c1cccnc1
C=C(CCCCCCOCC)CC(CCCCCCCC)C(C)O,0.358974358974359,CCCCCCC(C)O
CCC1C=CC(C(C)O)CC1,0.2631578947368421,CC(C)[C@H]1C=C[C@@](C)(O)CC1
CCC(C)C1=CCCCC1OC,0.2558139534883721,CCC(C)C1CCCCC1=O
C=C(C)c1ccccc1N,0.6,CC(=O)c1ccccc1N
CC1=CC=C(C)OC1,0.2857142857142857,CC1=CC=C(C(C)C)CC1
CC1CCC(CO)C(C)(C)C1,0.34146341463414637,C=C1C2CCC(CO)[C@@]23CC[C@H](C3)C1(C)C
C=C(CC)CC1CC=CCC1,0.23255813953488372,C=C(C)C1CC=C(CO)CC1
C=CCCC(O)CCCCCC,0.6923076923076923,C=CCCC(O)CCC
CCCCC1CC(C)CC(C)(C)C1,0.22916666666666666,CCCCC(=O)O[C@@H]1CC2CCC1(C)C2(C)C
CC(CO)CCC(C)C(C)C,0.2962962962962963,CC(C)CCCC(C)CCO
OCCC(O)C1C=CC=C1,0.23333333333333334,CC(C)CCCC(C)CCO
CC(=O)C1=NCCO1,0.3548387096774194,CC(=O)C1=NCCS1
CC(O)CCC1=CC=CC(C)C1,0.2727272727272727,CC(C)CCC(C)O
C=C(CCCCC)CCCC(O)CCC,0.5,CCCC(O)CCC
OC1=CCCC1,0.28,O=C1C=CCCC1
CCC(C)C(O)O,0.3684210526315789,CCCC(C)O
CC1=C(C)CS2(CCCCC2)C(C)C1,0.175,C=C(C)C1CCC(C)C(=O)C1
CCCCOC(C)CCC(=O)CCCCO,0.38095238095238093,CCCCCCCCCCCC(=O)OCCC(C)C
CC(=O)C1CCCC1C,0.3103448275862069,CC(=O)OC1CCCCC1
CC(C)C(C)Sc1ccccc1,0.3103448275862069,CC(C=O)c1ccccc1
COC(O)C1(C)CCCCC1,0.32142857142857145,CC1(C(=O)O)CCCCC1
CC(Cc1ccccc1)SO,0.5,CC(C)CC(O)Cc1ccccc1
CCCC(O)C1C=CCS1,0.3103448275862069,CCCC(O)CCC
CCCCCC(=O)C1C=CC=CC1O,0.3870967741935484,CCCCCC(C)=O
COc1ccccc1C(C)C,0.5,COc1ccccc1C
CCC1CC(C)=C(O)C1C,0.2702702702702703,C=C(C)C1CC(=O)C(C)=C(O)C1
CCC(O)(CC)C(C)N,0.2857142857142857,CC(C)C(C)(O)C(C)C
CCOC(=O)C1CC2=CC1CC2,0.36363636363636365,CCOC(=O)CCC(=O)OCC
CCCCCCCC(O)CCCCC,0.65,CCCCCCC(C)O
CCCCOCCCCC(=O)O,0.6521739130434783,CCCCCC(=O)O
CCCC(O)CC(C)N,0.55,CCCC(O)CCC
CC=CCSCCC,0.3333333333333333,C=CCSSCCC
CC(=O)C(C)C(C)C(C)O,0.5882352941176471,CC(=O)C(C)O
CCC(C)C(O)CCCC(C)C,0.4074074074074074,CC(C)CCCC(C)CCO
CC(C)CC(O)C(C)O,0.4,C[C@H](O)[C@@H](C)O
C=C1CCCCCSCC=CCOCCCC1,0.2558139534883721,O=C1CCCCC/C=C\CCCCCCCCO1
CC(C)C(O)CCC1=NCC=C1,0.20588235294117646,CC(C)CCC(C)O
CCCC1=CCC(C(C)C)C=C1,0.53125,CC1=CCC(C(C)C)C=C1
C=CCCCC(C)C(C)O,0.41379310344827586,C=CCCC(O)CCC
CCOC(C)SCCCSC,0.34615384615384615,CCOC(C)OCC
C=CC1(O)CCC(=O)O1,0.3333333333333333,CCCCC1(CCCC)CCC(=O)O1
CC(=O)OCC1CC=COC1C,0.36585365853658536,CC(=O)OCC1CCCO1
CCCCSCCCCCC=O,0.6521739130434783,CCCCCCCC=O
CSc1cc(C(C)C)ccc1C,0.5172413793103449,Cc1ccc(C(C)C)cc1O
CC1CC(=O)C(C)O1,0.4,CC1OCCC1=O
CC(C)=CCCC1(C)CCC(C)C1,0.41025641025641024,CC(C)=CCC[C@]1(C)C2C[C@@H]3[C@H](C2)C31C
CCCC(CC)CC,0.4117647058823529,CCCC(O)CCC
C=C(OCc1ccccc1)C(C)CC,0.5294117647058824,CC(C)C(=O)OCc1ccccc1
C=CC1(C)CCC(C(C)(C)CCNC(C)C)S1,0.2549019607843137,C=CC1(C)CCC(C(C)(C)O)O1
CCCCC(C)OCC(O)CC,0.5384615384615384,CCCCC(O)CC
C=Cc1ccc2c(c1)OCO2,0.53125,C=CCc1ccc2c(c1)OCO2
CC(O)CC(C)c1ccccc1,0.41935483870967744,CC(C)CC(O)Cc1ccccc1
CC(C)=CCCC(C)CC=CC(C)C,0.6,CC(C)=CCCC(C)CC=O
CC(C)CCCC(C)CCCC(=S)Cc1ccccc1,0.4,CC(C)CC(=O)Cc1ccccc1
CCC(CC(C)CCCC(C)C)OC,0.4,CC(C)CCCC(C)CCO
CC1CCC2C(C1)CC(O)C2C,0.3870967741935484,CC(C)[C@@H]1CC[C@@H](C)C[C@H]1O
CCCCCC(C)CCC(C)CC,0.4782608695652174,CCCCCC(C)O
CCCC(O)C1=CC=CC1,0.3333333333333333,CCCC(O)CCC
C=CCCc1ccccc1,0.5833333333333334,O=CCCc1ccccc1
CC(C)C1CC=C(CO)CC1,0.5142857142857142,C=C(C)C1CC=C(CO)CC1
C=C(C)C(=O)C(C)C,0.47368421052631576,CC(C)C(=O)C(=O)O
CCCC(O)C(C)C(C)O,0.5,CCCC(C)O
COCCC1C=CC=C1,0.25,COCCOC(C)OCc1ccccc1
C=CC1=CCC(C)C(CC(C)C)C1,0.23809523809523808,CC1=CCC(C(C)C)C=C1
COC(C)CC1C=CCCC1,0.23809523809523808,CC(C)CC(=O)OC1CCCCC1
C=CNCC1C=CC(OC)CC1,0.1951219512195122,C=CCCC(=O)OC
CCC1(CC)CCCCC1CO,0.2727272727272727,C=C1C2CCC(CO)[C@@]23CC[C@H](C3)C1(C)C
CCCCCCCCCCCCC(O)O,0.65,CCCCCCC(C)O
CC(=O)CC1CCC2C3CCC(C3)C12,0.2558139534883721,CC(=O)OC1CC(C)CCC1C(C)C
CCCCc1ccccc1,0.5333333333333333,CCCCOC(C)OCCc1ccccc1
CCCC,0.4444444444444444,CCCN
CC(S)C=O,0.3888888888888889,CCC(C)C=O
C=C(CC)OC(C)(C)C,0.2972972972972973,C=CC(C)(CCC=C(C)C)OC(=O)CC
C=C(OCC)C(C)(O)c1ccccc1,0.358974358974359,CC(C)C(=O)OC(C)(C)c1ccccc1
CCCOCCC,0.2857142857142857,CCCN
CCCCCCOC(C)CCCC,0.5714285714285714,CCCCCCOC(C)OCCC(C)C
CCCCCOCCCCOC(=O)Oc1ccc(C)cn1,0.35294117647058826,CCCCCOC(=O)c1ccco1
CCC1=COC(CC)O1,0.21428571428571427,CCc1nccnc1CC
Cc1ccc(C(C)C)c(C)n1,0.375,Cc1cccc(C)n1
C=CC(C)(C)C(=O)CC(C)C,0.4,CC(C)CC(=O)CC(C)C
CCC1OC(OC(C)C)CC1C,0.2558139534883721,CCC1OC(C)(CC)CCC1C(C)C
C=C(C)C1CC(CCCC)CC1O,0.42424242424242425,C=C(C)C1CCC(C)CC1O
C=CC1(C)CCC(O)C1,0.38235294117647056,C=C[C@]1(C)OC(C)(C)CC[C@@H]1O
C=CC(=C)CCCC(C)CC,0.40625,CCC(C)CCCC(C)C=O
C=C(CC)CCC,0.3684210526315789,CCCC(=O)C(=O)CCC
CCCCC(C)CCCC,0.5555555555555556,CCCCC(C)O
CCC(Cc1ccccc1)NC,0.4375,CCCC(O)Cc1ccccc1
C=C(C)C1CCC(C)CC1,0.5,C=C(C)C1CCC(C)C(O)C1
CCCCOC,0.4090909090909091,CCCCOC(C)=O
COC(O)C1OC1c1ccccc1,0.34375,COC(OC)c1ccccc1
CCCC(C)CCC1C(C)CCCC1(C)C,0.23809523809523808,CC1CCCC(C)(C)C1=O
CC1CCC(=O)C1,0.48148148148148145,CC(C)=C1CCC(C)CC1=O
Cc1cccc(C)c1C,0.4,Cc1ccccc1SSc1ccccc1C
CC=CC(O)C1C(C)CC=CC1(O)O,0.22448979591836735,C/C=C/C(=O)C1C(C)C=CCC1(C)C
C=CCC,0.3888888888888889,C=CCCCCCC
CC(C)C(O)O,0.5,C[C@H](O)[C@@H](C)O
CC(O)COc1ccccc1,0.5,OCOc1ccccc1
CCCCCCCC(C)OO,0.5416666666666666,CCCCCCC(C)O
CCCC(C)CC(C)OC,0.3333333333333333,COC(CC(C)CCCC(C)(C)O)OC
CCC(=O)CCCCCCCCCSC,0.6,CCCCCCC(=O)CC
CC(C)OCO,0.3157894736842105,CCOC(C)OCC
CCCCCC=N,0.5,CCCCCC=O
CC(C)CCC(C)OCC(C)C,0.36363636363636365,CC(C)CCC(C)O
COCCCCCCC=O,0.5217391304347826,CCCCCCCC=O
CC1CCOC1C,0.34615384615384615,CC1CCC(=O)OC1C
CC1CC=C2N(CCCC2(C)C)C1,0.28205128205128205,CC1CCCC(C)(C)C1=O
CCCCC1CCC2(CCCC2)O1,0.35,CCCCCC1CCCC(=O)O1
CCCCCN1C(C)CCC1C,0.3333333333333333,CCCCCCCCCC
CCC1=CC(OC)C(O)CC1,0.2765957446808511,C=C(C)C1CC=C(COC(C)=O)CC1
CCCSOC1C=CC=C1C,0.20588235294117646,CCCCSSCCC
CCCCCCCCOC(C)O,0.5357142857142857,CCCCCCOC(C)OCCC(C)C
C=CC(CCCCC)Cc1ccccc1,0.4444444444444444,CCCC(O)Cc1ccccc1
COC(C)(C)CC(C)O,0.34615384615384615,COC(=O)CC(C)O
CCNC(=O)C1=C(CC)C(C)CCC1(C)C,0.2857142857142857,CC1CCCC(C)(C)C1=O
CCC(C)CCN,0.5555555555555556,CCC(C)CN
CC=Cc1ccc(OC(C)CCC)c(OC)c1,0.6111111111111112,C/C=C\c1ccc(OC)c(OC)c1
CCC(=O)C1=COC=CC1CC(C)C,0.24444444444444444,CC(C)CC(=O)Cc1ccccc1
CCCC(=O)CC1=CC=C(C)CC1,0.3142857142857143,CCCC(=O)CC(=O)[O-]
CCSC(C)(C)C1CCC(C)CC1,0.2682926829268293,CC(=O)SC(C)(C)C1CCC(C)CC1=O
CCCC1CCC2CC1C2(C)C,0.3055555555555556,CC1C(=O)CC2CC1C2(C)C
CCCC(C)CCC(C)(CCC)COC,0.275,COC(CC(C)CCCC(C)(C)O)OC
CC(C)C1(C)CCS23CC1C(C)(O)C2CCC3C,0.2727272727272727,CC(C)C12CCC(C)(O)C1C2
CC(=O)C1C=CC(C)=CC1C,0.2777777777777778,CC1=CCC(C(C)C)C=C1
CC(=O)CCCC(C)(C)C,0.4782608695652174,CCCCCC(C)=O
CC=C(C)C(O)CCC(C)C,0.45454545454545453,CC(C)CCC(C)O
CC1OC(C)(O)C(C)CC1(C)C,0.26666666666666666,CC1COC(C)(C)O1
CC1CC(C)CC(C(C)C)C1,0.38461538461538464,CC(C)[C@H]1CC[C@H](C)[C@@H](O)C1
CCCC(=O)CCCCCCOC,0.4642857142857143,CCCCCCC(=O)CC
CCC1CC=CO1,0.375,CCC1CCC(CC)O1
CCC1=CCC(C(C)CC)C=C1,0.4,CC1=CCC(C(C)C)C=C1
CC1CCCC2(C)CCC(C(C)(C)S)CC12,0.3404255319148936,C=C1CCC[C@]2(C)CC[C@@H](C(C)(C)O)C[C@@H]12
CC(C)OC1C(=O)CCC1C,0.35294117647058826,CC1CCC(C(C)C)C(=O)C1
CCC(C)=CCCC(C)=CCO,0.7083333333333334,CC(C)=CCC/C(C)=C/CC/C(C)=C/CO
CCCOCOC(=O)c1ccccc1,0.5263157894736842,CCC/C=C/COC(=O)c1ccccc1
CCC(C)C1C=CC=C1,0.2727272727272727,CCC(C)C1CCCCC1=O
CS(=O)C(O)CS,0.2692307692307692,N[C@@H](CS)C(=O)O
CC(C)C(C)OCCC1=CCCCC1,0.25,CCCOC(C)OCCc1ccccc1
CCCc1ncccc1C,0.4666666666666667,CCCc1ccccn1
CCOC(O)C(C)CC(C)C,0.391304347826087,CCOC(C)OCC
CCCCCC(C)OC,0.5652173913043478,CCCCCCCCCC(OC)OC
CC1OCC(C2=CC3SCOC3C=C2)O1,0.28205128205128205,CC1COC(C)O1
CCC1CC(C(C)NC)CC1C,0.24324324324324326,CC(C)[C@H]1CC[C@H](C)[C@@H](O)C1
CCCC(CC)CC=O,0.391304347826087,CC(C)CC=O
CCCCC(=O)C(C)S,0.4583333333333333,CCCCC(=O)O
CCC(C)CC(O)C=C(C)C,0.3076923076923077,CCC(C)CN
CC1CCC(CNc2ccccc2)O1,0.2647058823529412,SCc1ccccc1
CCCCOCC,0.4230769230769231,CCCCOCc1ccccc1
CCCOC,0.26666666666666666,CCCN
C=C1C(C)OC(CC)C1O,0.23333333333333334,CCC1CCC(CC)O1
CCCC(C)C1C(C=C(C)C)C1(C)C,0.2903225806451613,CCCC(C)O
CC(C)CCCCc1ccccc1,0.43333333333333335,O=C(O)CCCc1ccccc1
COC1CC=CO1,0.16129032258064516,CC1COC(C)(C)O1
CC(C)CCSC(N)C(C)C,0.45454545454545453,CC(C)CCSSCCC(C)C
CC1CCCCC1C,0.2608695652173913,CC(=O)OC1CCCCC1
C=C(CCC)OCC,0.391304347826087,CCOC(=O)CCC(=O)OCC
C1=CCC=C1,0.45454545454545453,C1=CCCC=C1
CCOC1CC(C(C)C)C=CC1C,0.2564102564102564,CC1=CCC(C(C)C)C=C1
CCC=CCCCCCC,0.6363636363636364,CCCCCCCC=CCO
CC(C)C1CCC(=O)OC1,0.34375,CC1CCC(=O)OC1C
C=C(CCCC=CCC)C(C)O,0.4838709677419355,CC/C=C\CCCC(=O)O
C=CCC(C)C1CCCC(C)(C)C1,0.22727272727272727,C=C[C@]1(C)OC(C)(C)CC[C@@H]1O
C=C1CCCC1,0.3333333333333333,O=C1CCCC1
CC1=NCCC1,0.35714285714285715,CCC(=O)C1=NCCC1
CC(CO)CCC1CCC(C)C1(C)C,0.26666666666666666,CC(C)[C@@H]1CC[C@@H](C)[C@@]23CC[C@](C)(O)[C@@H]2[C@@H]13
CC1CCC(C(C)C(C)(C)C)C(C)C1,0.41935483870967744,CC(C)[C@@H]1CC[C@@H](C)C[C@H]1O
C1COSC1,0.1875,C1CSCCS1
CCC(=O)NCC(C)(C)CC(C)C1CCCC(C)(C)C1,0.22033898305084745,CCC(=O)O[C@H]1C[C@@H]2CC[C@@]1(C)C2(C)C
CSCO,0.2777777777777778,CSCCCN
CC(C)CC1CCCS1,0.2777777777777778,CC(C)CC(=O)OC1CCCCC1
CC1CC(C)(C)CC(C)C1O,0.2857142857142857,CC12CCC(C1)C(C)(C)C2O
CCCCCOCCS,0.5,CCCCCS
CC(C)CCCC(=O)CCC(C)CCCC(C)C,0.5185185185185185,CC(C)CCCC(C)CCO
CCC1CCC(OC)C1,0.25925925925925924,CCC1CCC(CC)O1
CC(=CC(=O)O)CCCC(C)C,0.47058823529411764,C/C(=C\CO)CCC[C@H](C)CCC[C@H](C)CCCC(C)C
CC(=O)C(C)CC(C)C,0.42105263157894735,CC(=O)C(C)O
CC1CCC2C(CC(=O)C2O)C1,0.3783783783783784,CC1CCC2C(C1)OC(=O)C2C
Cc1cc(CCO)ccn1,0.3793103448275862,OCCc1ccccc1
C=C(O)C(C)CC(C)C,0.36,CC(C)C[C@H](N)C(=O)O
CCCCCC1=CC(C)C=C1,0.3055555555555556,CCCCCc1ccco1
CC1=CC(C(C)C)C(C)=C1,0.2972972972972973,CC1=C[C@@H]2[C@@H](CC1)C(C)=CC[C@H]2C(C)C
CCCC(CC)OC,0.36,CCCCCCCCCC(OC)OC
C=C(O)C1CC=CCC1,0.2571428571428571,C=C(C)[C@H]1CC=C(C)CC1
O=C(O)C=CC(O)O,0.3793103448275862,CCCCC(/C=C\C(=O)O)CC
C1COCOC1,0.19047619047619047,O=C1CCCO1
CCC(C)C(CC)OC(C)=O,0.4230769230769231,CC(=O)OC(C)C(C)=O
COCCC(C)CCC(C)=O,0.40540540540540543,C=C(C)CCCC(C)CCOC(=O)C(C)C
CCC(C)C(=O)C(O)CC,0.5,CCC(C)C(=O)O
CC1CCC(C(C)C)C(C)C1,0.6,CC(C)[C@@H]1CC[C@@H](C)C[C@H]1O
CCCCC1CCCCC(=O)C1,0.375,CCCCCC1CCCC(=O)O1
CC(C)C(C)C(C)CCc1ccccc1,0.4,CC(C)C(=O)OCCc1ccccc1
CCC(O)CCOCCCO,0.4444444444444444,CCCCC(O)CC
CC(C)CC(O)Cc1ccccn1,0.5454545454545454,CC(C)CC(O)Cc1ccccc1
CC(C)CCCC(C)COOC(C)C1=CC=CCC1,0.2857142857142857,CC1=CC=CCC1
CC1=CCCC(C)CCC(C)(C)CCC1,0.37209302325581395,C=C1CC/C=C(\C)CC[C@@H]2[C@@H]1CC2(C)C
CCC(C)CCCC(C)CCOC(C)CC,0.41935483870967744,CCC(C)CCCC(C)C=O
CCCCCCCC(O)C(CC)CC,0.5416666666666666,CCCCCCC(C)O
CCC(O)CCC(CC)CCNC,0.4074074074074074,CCCCC(O)CC
CCOCCC1=C(C)COC1C,0.21621621621621623,CC1OCCC1=O
CCCCCCCCCCOCCCC,0.5333333333333333,CCCCCCCCCC
CCC=CCCCC(=O)C(C)O,0.5862068965517241,CC/C=C\CCCC(=O)O
CC(=O)C1CC(C)CC1C,0.35294117647058826,C=C(C)[C@@H]1CC[C@@H](C)C[C@H]1OC(C)=O
CCCCCC(C)CCO,0.6086956521739131,CC(C)CCCC(C)CCO
CC1COC(O)CC1C,0.2727272727272727,CC(C)=CC1CC(C)CCO1
C=C(C)CCCC(C)CCCC(C)C,0.6923076923076923,C=C(C)CCC[C@H](C)CCO
CCC(O)OCC(C)C,0.3225806451612903,CC(C)COC(Cc1ccccc1)OCC(C)C
CCCCCCC1CC(C)C(C)O1,0.40540540540540543,CCCCCCCC1CCC(=O)O1
Cc1cccc(Sc2ccccc2)c1,0.2857142857142857,c1ccc(CSSCc2ccccc2)cc1
C=CCCCCCC(=C)C,0.5384615384615384,C=CCCCCCCCC(=O)O
CCC1CCCC=N1,0.25925925925925924,CCC1CCC(CC)O1
Cc1cc(CC(C)C)c(C)o1,0.3870967741935484,CC(=O)c1cc(C)oc1C
OCCCCCCCOCC1=CONC=C1,0.23076923076923078,C=CCCCCCCCCO
CCCC(C)CCc1ccco1,0.5806451612903226,CCCCc1ccco1
CC1C=CCC1,0.21052631578947367,C1=CCCC=C1
C=CC(CCC)c1ccccc1,0.38235294117647056,CCCC(O)Cc1ccccc1
CC1CCSNC1,0.21212121212121213,CC(C)=C1CCC(C)CC1O
C=C(CCCCCCC)CCCCCCC,0.5,CCCCCCCC(=O)O
CCCCCCCC(=O)Cc1ccccc1,0.5833333333333334,CCCCCCCCC(=O)OCc1ccccc1
O=C(O)CCC(O)O,0.5,N[C@@H](CCC(=O)O)C(=O)O
CC1C=C2C(C)(C)CCCC2(C)C1C,0.35294117647058826,CC1CCCC(C)(C)C1=O
CC=Cc1ccc(CC(C)OCC)c(CC)c1,0.35714285714285715,C/C=C\c1ccc(OC)c(OC)c1
CCCCCC1C=CCCCCCCCCC1,0.3333333333333333,CCCCCCC/C=C/C1CCCCC1
CC1OCC=C1CCCC1CCCC1,0.2558139534883721,CC(=O)OCCC1CCCCC1
CCCCCCCC(C)OC(C)C,0.48,CCCCCCC(C)O
C=CCCCCCC(C)=N,0.5185185185185185,C=CCCCCCCCC(=O)O
CCCC1CCC2CC1C2(C)S,0.23684210526315788,C=C1C2CCC(C2)C1(C)C
COC(C)C(O)CC(C)C,0.2916666666666667,CC(C)CCC(C)O
CC(C)CC(C)CCC1=CC=C(O)CC1,0.24390243902439024,CC(C)CC(O)Cc1ccccc1
C=C(CO)C1CC=C(C)CS1,0.34210526315789475,C=C(C)[C@H]1CC=C(C)CC1
C=C(C)CCCCCCCC,0.5454545454545454,CCCCCCC(C)=O
CC(C)CCC(C)C1C=CC=CC1C,0.2857142857142857,CC(C)CCC(C)O
CCc1cccc(CO)c1O,0.46153846153846156,OCc1ccccc1O
CCC1=CC=C(OC)CO1,0.2558139534883721,C=CCc1cc(OC)c2c(c1OC)OCO2
CCC=CC(C)CCONCCC,0.24242424242424243,CCCC(C)O
CC1=CC=C(C(C)CC=O)C1,0.36363636363636365,CC1=CC=C(C(C)C)CC1
CCCC(C)OC(C)C,0.38095238095238093,CCCC(C)O
CC(=O)C=C(C)CCCC(C)C,0.48484848484848486,C/C(=C\CO)CCC[C@H](C)CCC[C@H](C)CCCC(C)C
C=C(CC)C1CCC(C)CS1,0.3142857142857143,C=C(C)C1CCC(C)CC1O
C=CCCOCCCC,0.5,C=CCCCCCC
CC1CCC(C)C1C,0.2916666666666667,CC(C)[C@H]1CC[C@H](C)[C@@H](O)C1
CCCc1ccc(O)c(CC)c1,0.5625,CCCc1ccc(O)c(OC)c1
CC(C)=CCCC1CCCC(C)(C=O)C1,0.30434782608695654,CC(C)=CCC[C@]1(C)C2C[C@@H]3[C@H](C2)C31C
CC(=O)C(C)C1=CCCC1,0.2962962962962963,CC(=O)C(C)O
CC1CCSC1C,0.20689655172413793,CC1CCC(=O)OC1C
CCCCCCCCCCCC(C)COCC,0.4444444444444444,CCCCCCC(C)O
CCCOC1OCC(C)O1,0.39285714285714285,CC1COC(C)O1
CC1(C)CCCC1=O,0.42857142857142855,CC1=C(C=O)C(C)(C)CCC1
CCCCOCCCCCC(C)CC,0.3939393939393939,CCCCCCOC(C)OCCC(C)C
CCCCCCC(CC)CC(O)O,0.5384615384615384,CCCCCCCCC(CO)CCCCCC
CC1OC2(CC1=O)C(C)CC=CC2(C)C,0.2631578947368421,CC1OCCC1=O
CCCC1=CC(c2ccccc2)C=C1,0.2972972972972973,CCCc1ccccn1
CCOc1ccc2c(C)cc(C)cc2c1,0.3170731707317073,CCOc1cc(C(C)C)ccc1C
CCCCCCCOC(O)CCCCC,0.5,CCCCCCC(C)O
CCCC(C)(O)O,0.2631578947368421,CCCCO
COCC1=CC=C(OC)CC1,0.20512820512820512,COc1ccc(COC=O)cc1
NC1=CC=CC1,0.34782608695652173,CC1=CC=CCC1
CSCC(C=O)CC(C)C,0.32,CC(C)CC=O
CCOC(CC)CC,0.47058823529411764,CCOC(C)OCC
CCCC(=O)C(S)CCO,0.36,CCCC(=O)C(=O)CCC
CCCC(CCO)OC,0.37037037037037035,CCCCCCCCCC(OC)OC
CC=CC(O)CO,0.25,C=CC(O)CCCC
C=COCCC1CCCCN1,0.22727272727272727,C=CCCC(=O)OC1CCCCC1
CC(=O)c1ccc(N)cc1,0.5909090909090909,CC(=O)c1ccc(C)cc1
CCCC(C)CCOC(O)CCC,0.4,CCCC(C)O
CC(C)OC(C)CCc1ccccc1,0.42857142857142855,CC(C)C(=O)OCCc1ccccc1
C=CC=CCC,0.391304347826087,CCC=CC=CC(C)=O
CC1=C(O)C=CCS1,0.2222222222222222,Cc1ccc(O)cc1
CCCCC(C)C(C)CCC,0.5,CCCCC(C)O
CC(C)NC(O)(CC(O)O)C(=O)O,0.2894736842105263,CC(C)CC(CCCC(=O)O)(CC(C)C)C(=O)O
CCCC1CC=CCC1,0.3142857142857143,CCCC1CC(=O)C=C(C)C1
CCCC(C)CC=C(C)C,0.4827586206896552,CC(C)=CCCC(C)CC=O
CCC(C)CCCOC,0.42857142857142855,CCC(C)CCCC(C)C=O
CC(=O)CC(C)C1CCC(C)C1(C)C,0.26666666666666666,CC(C)[C@@H]1CC[C@@H](C)[C@@]23CC[C@](C)(O)[C@@H]2[C@@H]13
CCC(CC(C)CCC=C(C)C)OC,0.48484848484848486,CC(C)=CCCC(C)CCO
CC1=NC(C(C)C)C=C1,0.3125,CC1=CCC(C(C)C)C=C1
CCC1=CC(C(C)(C)C)C(OC)C=C1,0.1836734693877551,CCCC(=O)OC(C)(C)Cc1ccccc1
CC(=O)OC1=C(C(C)C)CC=C(C)C1,0.3404255319148936,CC(=O)OCC(C)C1CC=C(C)CC1
CC1=CCCC(C)(S)CC1C,0.34146341463414637,C/C=C/C(=O)C1C(C)=CCCC1(C)C
Cc1ccc(C(C)CCCC(C)C)cc1,0.5151515151515151,CC(C)=CCCC(C)c1ccc(C)cc1
CC(=S)C=O,0.5,CC(=O)C=O
CCC=CCCCC(CC)CC,0.41379310344827586,CC/C=C\CCCC(=O)O
CCCCC1C2CCC(C2)C1C,0.2692307692307692,CCCCS
CC1CCC(C)(C(C)C)N1,0.2647058823529412,CC(C)C12CCC(C)(O)C1C2
CC=CCOCC,0.25925925925925924,CC=CCCCCCCCC=O
CC(C)C(=O)CCCCc1ccccc1,0.5483870967741935,O=C(O)CCCc1ccccc1
CC1CC(C)C(C)C(C(C)O)C1,0.3125,CC(C)[C@@H]1CC[C@@H](C)C[C@H]1O
CCCCCCC(N)CCCc1ccccc1,0.4358974358974359,CCCCOC(C)OCCc1ccccc1
CCCCCC(CC)OC(C)C,0.4838709677419355,CCCCCC(CC)OC(=O)CCC
OCOCCC1CCCCN1,0.25,CC(=O)OCCC1CCCCC1
CC1(C)C2CCC(C=O)C1C2,0.35294117647058826,CC1C(=O)CC2CC1C2(C)C
CC1CCCC1O,0.4230769230769231,C=C(C)C1CCC(C)C(O)C1
CCC(O)C(CC)CC,0.3333333333333333,CCC(O)C(C)=O
C=C(CCCC)NCC,0.36,CCCCC(=O)O
Cc1ccc(CN)cc1,0.44,Cc1ccc(CC(=O)O)cc1
CCCCCC(O)CC(C)C,0.5652173913043478,CCCCCC(C)O
C=CC(=C)CCC,0.5,C=CC(=C)CCC=C(C)C
C=CCCOCS,0.3684210526315789,C=CCS
CC=CCCCCC(C)=O,0.56,CC=CCCCC(=O)O
CC(N)CS,0.35,N[C@@H](CS)C(=O)O
CCC(O)CCC1C(C)SOCC1(C)C,0.2894736842105263,CCCCC(O)CC
CC1CC2C(CC3=COC=CN32)C(C)O1,0.16666666666666666,CC1COC(C)O1
CCC(C)C1=CC(C)CC=C1C,0.29545454545454547,CC1=CCC(C(C)C)=CC2C(C)CCC12
C=C(C)C1=CC=CC2CCCCC12,0.2631578947368421,C=C(C)c1cnccn1
CCCCCCCC(C)C(C)C,0.5454545454545454,CCCCCCC(C)O
CCCc1ccccc1,0.5238095238095238,NCCc1ccccc1
C=C=CCCC1C=CCC=C1,0.1568627450980392,C=C1C=CC(C(C)CCC=C(C)C)CC1
CCCC=CC(C)CC,0.48,CCC/C=C/C(OC)OC
CCC(C)C1C=CCCC1,0.32432432432432434,CCC(C)C1CCCCC1=O
C=CC(C)CCCC(C)COC(C)C,0.35294117647058826,CCC(C)CCCC(C)C=O
C=CCCSCC(O)C(C)(C)C,0.3235294117647059,C=CCCC(O)CCC
CCCCCC(C)C(C)C,0.5238095238095238,CCCCCC(C)O
C=CCC(CC)c1ccccn1,0.35135135135135137,CCCc1ccccn1
CC(=N)Cc1ccccc1C,0.36666666666666664,CC(=O)c1ccccc1C
CCC(C)(O)OC,0.25,COC(CC(C)CCCC(C)(C)O)OC
NCCCS,0.375,CCCCN
CCCCCCCCC(C)CCCc1ccccc1,0.4864864864864865,CCCCOC(C)OCCc1ccccc1
CCC(C)C(O)CCC1CCCO1,0.36585365853658536,CC(=O)OCC1CCCO1
CCCCCCCCCC(C)CC,0.5454545454545454,CCCCCCC(C)O
OC1CCC2=C1OCCC2,0.3103448275862069,O=C1CCCO1
C1CCSCC1,0.5,C1CSCCS1
CC=CCCC(CCC)CCC,0.32142857142857145,CC=CCCCCCCCC=O
CC1CCCC1C1CCCC1,0.2564102564102564,C=C1CCC[C@H](C)C2CC(C(C)(C)O)CC12
C=C(COC)c1ccccc1,0.35714285714285715,CC(=O)c1ccccc1
CCCCCCOC(O)C(C)CC,0.46875,CCCCCCOC(C)OCCC(C)C
CCCCSNSCC,0.391304347826087,CCCCSSCCC
C=C(CCCCCCC)OC(C)C,0.41379310344827586,CC(C)OC(=O)CCCCC(=O)OC(C)C
CCCCCCC1=C(C)CC(C)O1,0.34210526315789475,CCCCCC1=C(C)CCC1=O
CCCC(O)CC(O)CC,0.6111111111111112,CCCC(O)CCC
CC1CC(C)CC(C=O)C1,0.23333333333333334,CC(C)[C@@H]1CC[C@@H](C)C[C@H]1O
OC(OCCC1C=CC=CC1)C1=CCC=CN1,0.2037037037037037,CC(C)C1=CCC(CO)C=C1
CC(C)CCC(O)C(C)O,0.5555555555555556,CC(C)CCC(C)O
CCC1C=NC=CC1CCCCOC,0.16326530612244897,COCCOC(C)OCc1ccccc1
CC(=O)OCCC(C)(C)O,0.46153846153846156,CCCCOC(C)=O
CC(C)C1C=CN(C(C)(C)C)C=C1,0.2,CC1=CCC(C(C)C)C=C1
CC(O)C(=O)Cc1ccccc1,0.5666666666666667,CC(C)CC(=O)Cc1ccccc1
CC(O)C(C)CO,0.42857142857142855,C[C@H](O)[C@@H](C)O
CCC(O)C(C)C,0.3684210526315789,CCCC(C)O
CCC1CC2CC1OC2CC,0.2857142857142857,CCC1CCC(CC)O1
CCCCCCCCC,1.0,CCCCCCCCCC
CC(=O)CC(C)c1ccccc1,0.42424242424242425,CC(C)CC(=O)Cc1ccccc1
CCC1NC(C)C(O)C1C,0.17857142857142858,CCC1SSC(CC)S1
C1=CCCCC1,0.47058823529411764,O=C1CCCCCCCC=CCCCCCCC1
CCc1cc(C)co1,0.2571428571428571,c1coc(Cc2coc(Cc3ccco3)c2)c1
CCCCCCCC(O)CCCc1ccccc1,0.5,CCCC(O)Cc1ccccc1
C=CCCC(O)OCC,0.5,C=CCCC(O)CCC
CC1C=CCC(C)N1C,0.20588235294117646,CC1=CCC(C(C)C)C=C1
CCC1=C(O)C=CCC1,0.2727272727272727,CCC/C=C1\OC(=O)C2=C1CCC=C2
CCC(C)c1cccs1,0.40625,CCC(C)c1nccs1
C=C(CC)CCCOc1ccccc1,0.41935483870967744,OCOc1ccccc1
CCCC=C1CC2C(CC1O)C2(C)C,0.275,CC1=CCC2C(C1)C2(C)C
CCC1CCCC(C)(C)S12COC(C)C2,0.23255813953488372,CC1CCCC(C)(C)C1=O
CC1CC=CC1(C)SC1=CCCC1O,0.2692307692307692,C=C(C)[C@@H]1CCC2=CCC[C@@H](C)[C@]2(C)C1
CSc1c[nH]cc1C,0.25925925925925924,Cc1ccccc1SSc1ccccc1C
CC1CCCCO1,0.2916666666666667,CC1COC(C)O1
C=C(CC)CC(O)C=C(C)C,0.28125,C=CC(O)CCCC
CC=Cc1ccc(O)c(OC)c1CC,0.4,C/C=C/c1ccc(O)c(OC)c1
CC(C)CC1C=CC=NC1C,0.2631578947368421,CC1=NC(CC(C)C)SC1C
C=C(CC)CC,0.3333333333333333,CCC(=O)O
CC1CC=COC1,0.2222222222222222,CC1COC(C)O1
CC(C)C1CCC(C)(C)CC1,0.38461538461538464,CC(C)C1CCC(CO)CC1
CNC=CCCCC(C)=O,0.4,CC=CCCCC(=O)O
CCOC1C=CC(C=O)C=C1,0.24242424242424243,CCC=CCC=CC=CC=O
CCC=CCOC(=O)CCC,0.6071428571428571,C=CCOC(=O)CCC
CCc1ccc(C)cc1,0.4583333333333333,Cc1ccc(CC(=O)O)cc1
CC1C=CCO1,0.24,CC1COC(C)O1
NCOCCCO,0.2857142857142857,CCCCO
CC(C)CCCC(OCCC(C)C)C(C)C,0.4666666666666667,CCCCCCOC(C)OCCC(C)C
CCC(=O)C1CCCN1,0.3235294117647059,CCC(=O)OC1CCCCC1
CC(C)=CCC(C)(C)C(C)C(C)C,0.3448275862068966,CC(C)=CCCC(C)O
CC(C)CCCC(N)CC(C)C,0.38461538461538464,CC(C)CCCC(C)CCO
CC(C)C(C)C(=O)O,0.5333333333333333,CC(C)C(=O)O
C=C1CC(C)CCC(C(C)C)C1,0.40625,CC1CCC(C(C)C)C(=O)C1
C=CC1CC(CC)C(O)C(OC)C1,0.225,C=CCOC(=O)CC
CC1CCC2C=C1C2(C)C,0.2727272727272727,CC1CCCC(C)(C)C1=O
CCCCCCCOC(C)CC(C)C,0.5517241379310345,CCCCCCOC(C)OCCC(C)C
CCCC(C)CC1C(C)CCC1C,0.2962962962962963,CCCC(C)O
CC(O)COC(C)C,0.3333333333333333,CC(C)CCC(C)O
COC(C)CCC1=CCC(C)C=C1,0.2727272727272727,CC(C)C1=CCC(CO)C=C1
CC1C=CC(C(C)C)C(C)C1,0.28125,CC(C)[C@H]1CC[C@H](C)[C@@H](O)C1
CCCCC(C)CC(C)C,0.45454545454545453,CCCCC(C)O
CC(C)OC(C)(C)C,0.2777777777777778,CC(C)C(C)(O)C(C)C
CCCCCCCCCC1CCCC(=O)C1,0.47368421052631576,CCCCCC1CCCC(=O)O1
CNC1=CCC(CCC(C)C)=CS1,0.22857142857142856,CC(C)CCSSCCC(C)C
CC(C)CC(C)(C)c1ccccc1,0.4827586206896552,CC(C)(CC=O)c1ccccc1
CC1C=CC(C(C)(C)C)C(O)C1,0.22857142857142856,CC(C)[C@@H]1CC[C@@H](C)C[C@H]1O
CCCC(C)CC(C)CCCC(C)C,0.48,CC(C)CCCC(C)CCO
CC(C)=CCCC(C)CCCC=O,0.6551724137931034,CC(C)=CCCC(C)CC=O
CCCC(C)OCC1C=CCC1,0.23529411764705882,CCCC(C)O
C=C(CCC)C(Cc1ccccc1)C(C)=O,0.5128205128205128,CCCC(=O)C(CC)Cc1ccccc1
CC(C)=CCCC(C)CC(C)OC(C)O,0.5,CC(C)=CCCC(C)CCO
CCC1=CC=C(C(O)CC)CO1,0.21621621621621623,CC1=CC=C(C(C)C)CC1
CCCCCC(C)OC(C)OCC,0.4583333333333333,CCOC(C)OCC
CC1=C(C)CC(C)C(C)C1,0.23529411764705882,CC1=C2CCC(C)C2CC(C(C)(C)O)CC1
CC1=COC=C(C)C1,0.25,Cc1cnc(C)cn1
C=C(CCC)C(=O)CC(C)CC,0.38461538461538464,CCCC(=O)C(=O)CCC
CC1C(C)(C)CCCC1(C)C,0.3076923076923077,CC1(C)CCCC(C)(O)C1=O
CCCC(O)CCCC(C)CCCCS,0.48,CCCC(O)CCC
CCCCC(=O)c1ccccc1N,0.5833333333333334,CCCCOC(=O)c1ccccc1N
CCC1=CC=CC1C(C)=O,0.2702702702702703,CCc1nccnc1C(C)=O
C=C(C)OCCCCCC=CCC,0.45454545454545453,CCC=CCCOC(C)=O
CC(O)C1CCC(O)=CO1,0.25,CC1=C(O)C(=O)C(C(C)C)CC1
COCC1C=CC=C1,0.16666666666666666,COc1ccc(CO)cc1
CC=CC(=O)C(C)C(C)C(C)C,0.2903225806451613,C/C=C/C(=O)CCCC
CCC(O)C(C)(C)C,0.3181818181818182,CCC(O)C(C)=O
C=C(CCCCC)CCC(C)C,0.4411764705882353,CCCCCCCCCCCC(=O)OCCC(C)C
CCCC(C)CC,0.4444444444444444,CCC(C)CN
CCc1ccc(C)c(CC)c1,0.2903225806451613,Cc1ccc(CC(=O)O)cc1
CC(C)C1CCC(C(C)O)OC1,0.3548387096774194,CC(C)C1CCC(CO)CC1
C=C(C)C=CCC(C)C,0.3333333333333333,CC(C)CC=O
CCCCCCCCC(=O)CCc1ccccc1,0.6216216216216216,CCCCCCCC(=O)OCCc1ccccc1
CCC1=C(S)CCC=C1,0.2727272727272727,CCC/C=C1\OC(=O)C2=C1CCC=C2
CC=CC(O)OCCC,0.2727272727272727,CCCCOC(=O)C(C)O
CC=CC(=O)CCC=C(C)CCCC(C)C,0.46153846153846156,C/C(=C\CO)CCC[C@H](C)CCC[C@H](C)CCCC(C)C
CCC1=C(CC(O)C(C)C)CC=C(C=O)C1,0.26666666666666666,CC(C)C1=CC=C(C=O)CC1
CC=CCCCCCO,0.6086956521739131,CCCCCCCC/C=C/CCCCCCCCO
CSC(=O)C1C=CCC1,0.23529411764705882,CC(=O)OC1CCCCC1
CCC(N)S,0.3333333333333333,CCC(C)CN
CCc1ccoc1,0.2647058823529412,CCCC(=O)c1ccco1
CCCC(C)c1ccc(C(C)(C)C)cc1,0.34210526315789475,CC(C)=CCCC(C)c1ccc(C)cc1
C=C(C)CC(C)O,0.375,COC(=O)CC(C)O
CCCC(=O)CCCCc1ccccn1,0.6470588235294118,CCCCCc1ccccn1
COC(C)C1=COC2CCC=CC2C1,0.2037037037037037,C=C1/C=C\C(C(C)C)CC/C(C)=C\CC1
CC1=CC2C3CCC(C3)C2CC1C,0.27906976744186046,CC1=CCC(C(C)C)=CC2C(C)CCC12
O=C1CCC2CCCCC2C1,0.41379310344827586,O=C1CCC2CCCCC2O1
CC(C)OCC(C)c1ccccc1,0.40625,CC(C)COC(Cc1ccccc1)OCC(C)C
CCCCC(C)C=Cc1ccccc1,0.5,CCCCCC(/C=C/c1ccccc1)OC(C)=O
CCCCCC1CCCC1,0.3939393939393939,CCCCCC1CCCC(=O)O1
CCC1=NC(C=O)=CC1,0.2702702702702703,CC(C)C1=CC=C(C=O)CC1
CCC(C)CNCC(C)(C)O,0.32,CC(C)C(C)(O)C(C)C
CC(=O)CCC(C)CCC(C)C,0.375,CC(C)CCC(C)O
C=C(CCC)OCCC(C)CCC=C(C)C,0.6842105263157895,CCCC(=O)OCCC(C)CCC=C(C)C
C=C(C)C1CCC(C)(S)C(C)C1,0.5,C=C(C)[C@@H]1CCC2(C)OC2C1
COC1=CCC=CC1C1=CCCC=C1,0.18181818181818182,CC1=CCC(C(C)C)C=C1
CCCCCCOC(C)C(C)C,0.5357142857142857,CCCCCCOC(C)OCCC(C)C
C=C(O)CCCCCCCCC,0.5454545454545454,CCCCCCCC(=O)O
C=CC(CCCCC)CC(C)CC,0.45161290322580644,C=CC(O)CCCCC
C=C(C)CC(O)C(O)O,0.26666666666666666,C=C(C)CCC[C@H](C)CCO
CCCCC(CC)C(C)C,0.45454545454545453,CCCCC(C)O
C=C(C)C1C2CC(C(=O)OC)C(C)(C2)C1C,0.2765957446808511,C=C(C)[C@@H]1CC[C@@H](C)C[C@H]1OC(C)=O
CCCC(=O)C1=CC=C(C)C(SC)C1,0.29545454545454547,CCCC(=O)c1ccco1
CCCCC1CC(C)CO1,0.32432432432432434,CCCCCC1CCC(=O)O1
CC=CC(=O)CC(C)C1=CCCCC1,0.2926829268292683,C/C=C/C(=O)CCCC
CC1=CC(O)C(C(C)C)=CO1,0.22857142857142856,CC1=CCC(C(C)C)=CC1
CCC(C)CC(C)O,0.4,CCC(C)CN
CCCCCC(C)CC=O,0.64,CC(C)CCCC(C)CC=O
CC(C)CC1C=COC1C,0.24324324324324326,CC1=NC(CC(C)C)SC1C
CC1=C(CCC2=CCC=C2)CC=CO1,0.23076923076923078,CC1=CCC(=O)O1
CCCCCC1OC1CO,0.36,CCCCCCCCO
CCC(C)C(O)CC,0.35,CCCC(C)O
CC1=CC2CCCC=C2CC1C,0.26666666666666666,CC1=CCC(C(C)C)=CC2C(C)CCC12
CC(C)C1C=CC=CO1,0.20588235294117646,CC1=CCC(C(C)C)C=C1
CCC(C)CCC(C)=O,0.4,CCCCCC(C)=O
C=CC(C)CCC(C)(C)C(NC)C(C)C,0.22580645161290322,C=CC(C)O
CCC(=O)C1=CCCC=C1NCC1CCC(CCCC(C)(C)O)CC1,0.23076923076923078,CC1CCC=C(C=O)C12CCC(C(C)(C)O)C2
CC1=CC(C)=C(C(C)C)CC1,0.39285714285714285,CC1=CC=C(C(C)C)CC1
CC(C=O)C(C)CC(C)(C)O,0.36363636363636365,CC(CC=O)CCCC(C)(C)O
Cc1ccn(C)c1,0.2608695652173913,Cc1ccc(O)cc1
CCC(C)CCC(=O)C1=CC=CCC1C,0.2545454545454545,CC(=O)OCC(C)C1CC=C(C)CC1
CC(=O)C(C)OCC(C)C,0.4583333333333333,CC(=O)OC(C)C(C)=O
C=CCC(C)CC,0.38095238095238093,CCC(C)CN
CC(C)CCC(C)(C)C(C)C(C)C,0.2916666666666667,CC(C)CCC(C)O
CC(=O)C1(C)CCC(C)CC1,0.3235294117647059,CC1(C)C2CCC1(C)C(C(=O)O)C2
CCC=CCCN,0.5,CC/C=C\CCO
CCC(C)C1CCCCC1CCC1CCC(C)CC1C,0.325,CC(C)[C@@H]1CC[C@@H](C)C[C@H]1O
CCC(C1=CC=CCC1)C(C)C,0.3870967741935484,CC1=CC=CCC1
CCCCCCCCCCC(O)CCC,0.6666666666666666,CCCC(O)CCC
C=CC(CC)CCCCC,0.5384615384615384,C=CC(O)CCCCC
CC1=CC(OC=O)C(C(C)C)CC1,0.4146341463414634,CC1=C[C@@H]2C(=C(C)CC[C@H]2C(C)C)CC1
C=C(C)C1C(C)CC(C)C1C,0.36666666666666664,C=C(C)C1CCC(C)C(O)C1
CCC1C=COC=C1,0.25,CCC1CCC(CC)O1
C=CC(CC)c1ccc(C)o1,0.3333333333333333,Cc1ccc(C=O)o1
CC(c1ccccc1)C1C=C2CC=CC=C2CC1,0.2926829268292683,CC(C=O)c1ccccc1
CC(C)C1OC(C)C2C=CC=CC21,0.19444444444444445,CC(C)[C@H]1CC[C@H](C)[C@@H](O)C1
OC(CCc1ccccc1)C1C=CCC1,0.34285714285714286,OCCc1ccccc1
CC(C)CCCC(C)CCNC(N)C(C)C,0.43333333333333335,CC(C)CCCC(C)CCO
COSC(=O)CC(C)C,0.43478260869565216,CC(C)CC(=O)CC(C)C
CCOC(C)CC(C)O,0.42857142857142855,CCOC(C)OCC
CCCCCC1CCCC(CCC)C1,0.35135135135135137,CCCCCC1CCCC(=O)O1
CC=CCCC(O)C(C)CCC,0.37037037037037035,CCCC(C)O
CCSCC1=CC=CC1,0.25806451612903225,CC1=CC=CCC1
C=CC(C)(CCC=C(C)CC)OC(C)C,0.4878048780487805,C=CC(C)(CCC=C(C)C)OC(=O)CC
CCCCC(CO)OC,0.4074074074074074,CCCCCCCCCC(OC)OC
CC(CCc1ccccc1)CCc1ccccc1,0.46153846153846156,CN(C)CCc1ccccc1
CC(C)C1=CC=CC(C(C)C)C1O,0.2564102564102564,CC(C)C1=CCC(CO)C=C1
CCC=CCCC(C)C,0.45454545454545453,CC/C=C\CCO
C=CC(=C)CCCC(C)CCCC(C)CC,0.42424242424242425,CCC(C)CCCC(C)C=O
CCCCC=CCC(O)C(C)CCC,0.41935483870967744,CCCC/C=C\CCCCO
CC(=O)C1C=CC2=CC=CCC21,0.22727272727272727,CC(C)C1=CCC(CO)C=C1
CCCCCC1CC1C(C)O,0.3793103448275862,CCCCCC(C)O
C1=c2ccccc2=CC1,0.29411764705882354,c1ccc(-c2ccccc2)cc1
CC(C)C1=c2ccccc2=CC1,0.2727272727272727,CC1=CCC(C(C)C)=CC1
CC(C)CC(=O)CCCC(C)(C)N,0.46153846153846156,CC(C)CC(=O)CC(C)C
COC1C=C(C(C)C)C=CC1O,0.3888888888888889,CC(C)C1=CCC(CO)C=C1
CCCC(C)CCCC(C)=O,0.52,CCCCCC(C)=O
CCCCCCC(CCCCC)CCCCC,0.6842105263157895,CCCCCCCCC(CO)CCCCCC
SC1=CCC=C1,0.18518518518518517,O=C1C=CCCC1
CCCCCCCC,1.0,CCCCCCCCCC
CCC1CC=CN=C1C(C)C,0.2222222222222222,CC1=CCC(C(C)C)=CC1
CCCN(C)C(C)CCC(C)C,0.32,CC(C)CCC(C)O
CCCC(CC)CCC,0.4117647058823529,CCCC(O)CCC
C=C(CC)C(C)CC,0.4090909090909091,CCC(C)C(=O)O
CC1=CC(O)CC(C)(S)C1(S)CCNO,0.2558139534883721,CC1=CC(O)C2CC1C2(C)C
CCC=CC(=O)CCC,0.4444444444444444,C/C=C/C(=O)CCCC
CCC1C=CC(C)O1,0.28,CCC1CCC(CC)O1
O=C(Cc1ccccc1)OCC1=CCC=C1,0.6,O=C(Cc1ccccc1)OCc1ccccc1
CC1CCC(C(C)C)C2(CCC(C)C2)C1,0.29411764705882354,CC(C)[C@@H]1CC[C@@H](C)C[C@H]1O
O=CCO,0.3125,CCCC=O
CCCC(C=O)CC,0.4090909090909091,CCC(C)C=O
CC(C)=CCCC(C)CCCCCO,0.7037037037037037,CC(C)=CCCC(C)CCO
CC1=CCC=CC1C,0.25,CC1=CCC(CC=O)C1(C)C
CC1=CC(C=CC=O)CC1,0.3333333333333333,CC1=CCC(C(C)C=O)CC1
COC1C=C(C(O)O)C=CC1C,0.24390243902439024,CC(C)C1=CCC(CO)C=C1
COCSCOC,0.23809523809523808,CCOC(=O)CC(=O)OCC
CCC1C(C)CCCC1(C)C,0.30303030303030304,CC1CCCC(C)(C)C1=O
CCC1CC(C=O)=COO1,0.28125,CCC1CCC(CC)O1
CCC(C)COC(C)O,0.34782608695652173,CCC(C)CN
OCS,0.25,C=CCS
CC(O)C1=CCCC1,0.27586206896551724,Cc1ccc(C(C)O)cc1
OCCC(O)O,0.3181818181818182,CC(C)CCCC(C)CCO
C=C(CCCCO)OCCC,0.38461538461538464,CCCCCCCCO
CC1=CC2CC=CC=C2O1,0.2727272727272727,CC1=CC=CCC1
CCOC(C)C1C=CCO1,0.32142857142857145,CCOC(C)OCC
CC(C)=CCN,0.47058823529411764,CC(C)=CCO
Cc1cccc(Cc2ccccc2)c1,0.4,Cc1ccc(OC(=O)Cc2ccccc2)cc1
CCCCCCCCC1CCC(C)C1,0.35135135135135137,CCCCCCCC1CCC(=O)O1
CCC(O)C(C)=CC1(C)CC2CCC1C2,0.2702702702702703,CCC(O)C(C)=O
CC1COC(C)C1,0.36363636363636365,CC1COC(C)O1
CCC(c1ccccc1)C1CC=CCC1,0.2702702702702703,COC(OC)c1ccccc1
CCCC(=O)C(C)(C)C,0.47368421052631576,CCCC(=O)C(=O)CCC
CCC=CC1CC1CCC,0.23684210526315788,CCCC1CC(=O)C=C(C)C1
CC(C)CC(C)Cc1ccccc1,0.6296296296296297,CC(C)CC(O)Cc1ccccc1
O=C(CCC=CC1C=CC=CC1)c1ccccc1,0.3333333333333333,NCC(=O)c1ccccc1
CC(C)(C)C1C=CC(CO)=CC1,0.3076923076923077,CC(C)C1=CCC(CO)C=C1
CC(C)=C1CCC(C)CC1,0.48148148148148145,CC(C)=C1CC[C@H](C)C2=C(C1)[C@@H](C)CC2
CC(=O)CC1(C(C)C)CC=CCC1,0.23809523809523808,CC1=CCC(O)(C(C)C)CC1
CCC1C=CCC1CC(C)C,0.225,CC(C)C1=CCC(CO)C=C1
CCCC(C)C(C)CCOC,0.34782608695652173,CCCC(C)O
CCC(C)CC(C)COC,0.34782608695652173,CCC(C)CN
CC1CC=C(C(C)C)CC1,0.34210526315789475,CC1=CCC(C(C)C)=CC2C(C)CCC12
C=C(CCCCC)CCCCCCC,0.5,CCCCCCCC(=O)O
O=C1CCCCC1O,0.4230769230769231,O=C1CCCC1C1CCCC1
CC(C)CC1CCCC(C)(C)C1,0.25,CC1CCCC(C)(C)C1=O
CCCOC(CCC)CCCNC,0.27906976744186046,CCCC(CCCC(=O)OCC)OC(C)=O
CCC(C)C(C)OC(C)C,0.2727272727272727,CCOC(C)OCC
CCCCC(C)C(O)=S,0.4782608695652174,CCCCC(C)O
CCCC(=O)C=C(C)C,0.42857142857142855,CCCC(=O)C(=O)CCC
CC1=CC(C(C)C)SC1,0.3,CC1=CCC(C(C)C)=CC1
CSC1=C(C(C)(C)C)CC(C(=O)O)C(C)C1C(C)O,0.22641509433962265,CC(=O)SC(C)(C)C1CCC(C)CC1=O
CC=CC=CCCC(=O)O,0.5384615384615384,CC=CCCCC(=O)O
CCCC(O)OC1C=C2CCC1(C)C2(C)C,0.23684210526315788,CCCC(O)CCC
C=C(C)C1OC=CC1C,0.2564102564102564,C=C(C)C1C=CC(C)(OO)CC1
CCNCCCCCCC(C)CC(C)C,0.29411764705882354,CC(C)CCCC(C)CC=O
CC1=C(O)C=CCC1,0.3333333333333333,CC1=CC=CCC1
CCNCCCCCCO,0.47619047619047616,CCCCCCCCO
CCCCCC(=O)CCCC(C)C,0.56,CCCCCC(=O)CC
CC1CC(C)NC(OO)C1,0.2,CC(C)[C@@H]1CC[C@@H](C)C[C@H]1O
CCC(C)OCCC(C)CCCC(C)C,0.4482758620689655,CC(C)CCCC(C)CCO
CCNCC1CC(C)CC(C)O1,0.25806451612903225,CCC1CCC(CC)O1
CC1=CC(O)CC(C)(C)C1(C)C=CC(O)O,0.2558139534883721,CC1=CC(O)C2CC1C2(C)C
COC(O)C1CCCC1,0.27586206896551724,CC(=O)OC1CCCCC1
CC(C)CC(C)CNC1C(C)CCCC1(C)C,0.23255813953488372,CC1CCCC(C)(C)C1=O
CC(C)=CCCC(C)(C)C1CS1,0.42424242424242425,C=CC(C)(O)CCC=C(C)C
CC(C)C(C)C(C)(C)C,0.3125,CC(C)C(C)(O)C(C)C
CCCCCCNC(C)CCC1=CC=CCC1,0.2857142857142857,CC1=CC=CCC1
CC(O)c1ccccc1O,0.37037037037037035,COc1ccccc1O
C=CCCSOOC,0.3333333333333333,C=CCCC(=O)OC
CCC(O)C(CC)CC(C)=O,0.4,CCC(O)C(C)=O
C=C(CC(C)C)CC(C)S,0.34782608695652173,CC(C)CC(=O)CC(C)C
CC(C)COCC(C)c1ccccc1,0.4375,CC(C)COC(Cc1ccccc1)OCC(C)C
CCCCCCCCSCC(O)OC,0.3870967741935484,CCCCCCCCCC(OC)OC
CC1CCC(C(C)(C)C)OC1,0.25,CC1COC(C)O1
CCC1=C(C)N=CC(C)C1,0.2647058823529412,CCc1cnc(C)cn1
C=C(O)C1NC1CCCCC,0.2903225806451613,CCCCCC(=O)O
C=C1CCC(C)C1CCCCC,0.3684210526315789,CCCCCC1CCC(=O)O1
C=C(C=CCC)OCCCCCC,0.4375,CCCCCCCCCCOC(C)=O
CC1=CC=CC(C)C1,0.3333333333333333,CC1=CC=CCC1
CCC1C=CC(O)O1,0.2692307692307692,CCC1CCC(CC)O1
C=CC(C)(C)CCC1C(C)(O)CC=C2C(C)(C)C=CCC21C,0.30158730158730157,C=C[C@](C)(O)CC[C@@H]1[C@@]2(C)CCCC(C)(C)C2CC[C@@]1(C)O
CC(C)CCCC(C)CCC(C)C,0.65,CC(C)CCCC(C)CCO
COc1cc(C2CC(C)C(C)O2)ccc1O,0.41025641025641024,COc1cc(C)ccc1O
CC=CC(=O)CC1CCCCC1,0.375,C/C=C/C(=O)CCCC
COC(C)(C)CC(C)C,0.2631578947368421,COC(C)OC
CC1OC(C)C(C)C1=O,0.3076923076923077,CC1OCCC1=O
CCCCC1CC=C(CC)N1,0.25,CCCCC1OC(=O)c2ccccc21
C=C(C)OC1C(=O)CCC1C,0.35135135135135137,C=C(C)C1CCC(C)C(=O)C1
CC1(C)CCCC2(C)C(C)(C)C3CCC12C3,0.2777777777777778,CC1(C)[C@H]2CC[C@@]1(C)[C@@H](O)C2
CCCC(=O)C1CCCCC1CC,0.4,CCCC(=O)OC1CCCCC1
CC1CCCCC1C1CCCCC1,0.2564102564102564,C=C1CCC[C@H](C)C2CC(C(C)(C)O)CC12
CC=CC(C)CCCC,0.4166666666666667,CCCCC(C)O
CC(C)CC(C)OCCCCOCO,0.3055555555555556,CCCCCCOC(C)OCCC(C)C
C=C(C)C(C)CO,0.38461538461538464,C=C(C)C(CO)CC=C(C)C
CCCCCCCCCCCC(C)C1=C(N)CC=CC1,0.35294117647058826,CCCCCCC(C)O
CC1=C(C(O)CCCCc2ccccc2)CCC=C1,0.32558139534883723,O=C(O)CCCc1ccccc1
CCCCCCCCC(CCC)CCC,0.6190476190476191,CCCCCCCCC(CO)CCCCCC
CCCC1OC=CC=C1C,0.2631578947368421,CCCC1CC(=O)C=C(C)C1
CCC1CCC(C=C(C)CCNC(C)C)C1,0.23255813953488372,CC(C)C1CCC(CO)CC1
CCCC1=C(C)CCC1,0.30303030303030304,CCCCCC1=C(C)CCC1=O
CCCCCC(C)OCCCC,0.4827586206896552,CCCCCCOC(C)OCCC(C)C
CCc1coc(C)c1,0.2571428571428571,c1coc(Cc2coc(Cc3ccco3)c2)c1
C=CCCCC(C)C(=O)O,0.43333333333333335,C=CCCCCCCCC(=O)O
C=C(CCC)CCCCCC,0.4583333333333333,CCCCCCCC(=O)O
CCCC(C)CC(=CC(C)=O)C(C)C,0.3611111111111111,CC(C)=CCCC(C)CC(=O)O
CCC(C)=CCCC(C)CCO,0.6666666666666666,CC(C)=CCCC(C)CCO
C=CCOC(C)CC,0.41379310344827586,C=CCOC(=O)C(CC)CC
CCCCCCOC(=O)O,0.6666666666666666,CCCCCCCCCCOC(C)=O
COC(=O)C1CC1c1ccc(C)cc1,0.3333333333333333,CC(=O)Oc1ccc(C)cc1
CCCOCCCCCCC=CCO,0.6296296296296297,CCCCCCCC=CCO
CC1=CCC2C3CC(C2C1)C1(C3)CC1C,0.3684210526315789,CC1=CCC2C(C1)C2(C)C
CCCCCc1ccccc1,0.5161290322580645,CCCCOC(C)OCCc1ccccc1
CCOC(=O)C(CC1=CC=CCC1)C(C)C,0.3333333333333333,CC1=CC=CCC1
CC1CCC2CCC(C)C2C1,0.3448275862068966,CC(C)[C@@H]1CC[C@@H](C)C[C@H]1O
CCC1=COC(CC)CC1,0.35714285714285715,CCC1CCC(CC)O1
OCCC1CCC=C1S,0.2972972972972973,CC1=CCC(CCO)C1(C)C
CCCC1CCCC1,0.39285714285714285,CC(=O)OCCC1CCCCC1
C1=Cc2ccccc2C1,0.25,O=C1CCc2ccccc2O1
C=C1CCC2C=CCCC2C1,0.2571428571428571,C=C1CCC(C(=C)C)CC1
CCC1OCC(=O)C1S,0.2903225806451613,CC1OCCC1=O
CC1=C(C)CCC=C1,0.36,O=C1C=CCCC1
CCC1=CCC(C)=C1,0.3103448275862069,CC1=CCC(C(C)C)=CC1
c1ccc(CCCc2ccccc2)cc1,0.5909090909090909,O=C(O)CCCc1ccccc1
CCCCCCCC(=O)CCCCC,0.7894736842105263,CCCCCCC(=O)CC
CCC1(CC)CCCC1,0.36363636363636365,CCOC1(OCC)CCCCC1
CCC(C)CC(C)SC,0.38095238095238093,CCC(C)SSC(C)CC
CCCC(=O)OC1C=CC=CC1,0.43243243243243246,CCCC(=O)OC1CCCCC1
CCC1=NC=C(C)CC1C,0.2647058823529412,CCc1cnc(C)cn1
CCCCC1CC(C(C)C)C(=O)O1,0.41025641025641024,CCCCCC1CCC(=O)O1
Cc1ncoc1CCCC(C)C,0.2571428571428571,CC(C)CCCC(C)CCO
CCCC(O)CC(C)C,0.6111111111111112,CCCC(O)CCC
CC1=CC=CC1C,0.22857142857142856,CC1=COC(=O)C2C(C)CCC12
CCSCNC1CCCCC1C(C)CC,0.3170731707317073,CCC(C)C1CCCCC1=O
C=C(CCO)C(=CC)OCC,0.3333333333333333,C=CC(=O)OCC
C=C(C)CCC(C)C,0.46153846153846156,C=C(C)CCC[C@H](C)CCO
CSCC1=CC=CC1,0.32142857142857145,CSCc1ccccc1
C=COC(C)C,0.3333333333333333,C=CC(C)O
CCC=CCCCCCOC(C)O,0.40540540540540543,CC/C=C\C/C=C\C/C=C\CCCCCCCC(=O)O
C=C(CC)CCCc1ccccc1,0.5333333333333333,O=C(O)CCCc1ccccc1
CC1(C)C=COCC1,0.20689655172413793,CC(C)C12CCC(C)(CC1)O2
CCCC1C=C(OC)C(O)C(OC)C1,0.22727272727272727,CC1=CC(O)C2CC1C2(C)C
CCC(O)CC1C=CC(C(C)(C)C)CC1,0.25,CCCCC(O)CC
CCCC(C)C(S)OC,0.3333333333333333,CCCC(C)O
CCCCCCC1CCCC1C,0.35135135135135137,CCCCCCCC1CCC(=O)O1
CC1=CCC=CC1O,0.2857142857142857,C=C(C)C1CC=C(C)C(O)C1
C=C(CC)OC(C)c1ccccc1,0.34375,COC(OC)c1ccccc1
COC1=CC=C(C)ON1C,0.23333333333333334,COc1ccc(C)cc1
Cc1ccc(CC(=O)C(C)C)cc1,0.5925925925925926,Cc1ccc(CC(=O)O)cc1
CCCC(C)CCc1ccc(OC)cc1,0.6206896551724138,CCCc1ccc(OC)cc1
COC(O)CO,0.28,COC(=O)CC(C)O
CCNC(C)OC=O,0.3076923076923077,CCC(C)C=O
CCCCCC(CCCC)OCCCC,0.43333333333333335,CCCCCCOC(C)OCCC(C)C
Cc1cc(CC(C)C)oc1C,0.2571428571428571,Cc1nc(CC(C)C)sc1C
CCC1CC(C)CCC1C,0.3333333333333333,C=C(C)C1CCC(C)CC1O
CC(O)CCOCCOO,0.375,CC(C)CCC(C)O
CC(C)CCCC=O,0.5416666666666666,CC(C)CCCC(C)CC=O
C=CC(=CC)CCC,0.4,C/C=C(/C=O)CCCC
CCC1C=C(CC=N)C=CC1O,0.20930232558139536,CC(C)C1=CCC(CO)C=C1
CCC(C)CC1(C)CCCCC1(C)C,0.2857142857142857,CCC(C)CN
CC1=C(CC(C)C)CC(C)C1,0.2571428571428571,CC1CCC(C(C)C)C(=O)C1
CC1CC2C3CCC(C3)C2CC1C,0.2413793103448276,CC(C)[C@H]1CC[C@H](C)[C@@H](O)C1
CCCCCCCCCCC(C(C)O)C(C)OCC,0.5555555555555556,CCCCCCC(C)O
COC(=O)C1CCCC1,0.43478260869565216,O=C(O)C1CCCCC1
CCCC(=O)C1C(C)OCCC1(C)C,0.2857142857142857,CCCC(=O)OC1CC2CCC1(C)C2(C)C
C=C1C=C(C)OC1,0.2608695652173913,Cc1cnc(C)cn1
CCC(C)CC(C)(C)C1CCC(C)CC1,0.26666666666666666,CCC(C)CN
CCCCCCC(CC)CO,0.8095238095238095,CCCCCCCCC(CO)CCCCCC
CC=Cc1ccc(OCO)c(OC)c1,0.7096774193548387,C/C=C\c1ccc(OC)c(OC)c1
CCC1=CCCC(O)=C1,0.24324324324324326,CC(C)=C1C/C=C(\C)CC/C=C(\C)CC1
CCCCCC(C)CCC(C)=O,0.56,CCCCCC(C)=O
CCCCCCCCC1CCCC1=O,0.5,CCCCCC1CCCC(=O)O1
CC(C)(C)CCOCO,0.2,COC(CC(C)CCCC(C)(C)O)OC
CC=COO,0.20689655172413793,C/C=C/c1cc(OC)c(O)c(OC)c1
CCCC(=O)C(CO)CCC,0.4,CCCC(=O)C(CC)Cc1ccccc1
CCC=CCCCC=CC=O,0.6521739130434783,CCCCC=CC=O
CC(=O)C=CC1C=C(C)CC(C)C1C,0.37777777777777777,CC(=O)/C=C/C1C(C)=CCC(C)C1(C)C
CC(C)C=CN,0.21052631578947367,C=CC(C)O
CCCCCCCCCC(=O)CC,1.0,CCCCCCC(=O)CC
CC(C)C1CCC(CCCO)CC1,0.6153846153846154,CC(C)C1CCC(CO)CC1
CC(=O)C1CCCCO1,0.38235294117647056,CC(=O)OCC1CCCO1
CC(C)CCC1(C)CCCCCC1,0.27586206896551724,CC1(C(=O)O)CCCCC1
CC(O)c1ccco1,0.39285714285714285,CC(=O)c1ccco1
CCCC(C)SCC,0.38095238095238093,CCCC(C)O
C=C(C)CC,0.42857142857142855,CCC(C)=O
CCCCCCCCC(=O)CC,1.0,CCCCCCC(=O)CC
CCC(C)CCCC(C)CCCC(C)C,0.5909090909090909,CC(C)CCCC(C)CCO
CC1CC2CC1(C)CC2(C)C,0.28125,CC12CCC(C1)C(C)(C)C2O
CC(=O)C=CC1C(C)CCCC1(C)C,0.3953488372093023,CC(=O)/C=C/C1C(C)=CCCC1(C)C
CCCCCCCCCCCCCCCCN,1.0,CCCCCCN
C=C(CC(C)NC)OC,0.3103448275862069,COC(=O)CC(C)O
COCSCCCC(=O)CCCC1C=COC1C,0.20408163265306123,CCCCCC(=O)CCCC(=O)O
CCCC1CC(C)=CC(O)C1,0.45714285714285713,CCCC1CC(=O)C=C(C)C1
CCCCCCCCCCCC(O)CCCCCCC,0.65,CCCCCCC(C)O
C=CCCCCCCC(=O)S,0.64,C=CCCCCCCCC(=O)O
CC1CCCCCCC=CCCCCCCC1C,0.36,O=C1CCCCCCCC=CCCCCCCC1
O=C(CCO)OCCCc1ccccc1,0.6285714285714286,CCCC(=O)OCCc1ccccc1
C=CCCCCC=CO,0.5,C=CCCCCCCCCO
CCC(C)C(C)C(C)COC,0.25,CCOC(C)OCC
CCC(CC)CC1=CCCC=C1,0.20833333333333334,CCC/C=C1\OC(=O)C2=C1CCC=C2
C=C(CCC)C(CC)CC(C)C,0.28205128205128205,CCCC(=O)C(CC)Cc1ccccc1
CCCCCCC1=CCC=CS1,0.325,CCCCCC1=CCC(=O)O1
CC1=CCCC=N1,0.2727272727272727,Cc1cnc(C)cn1
C=C(C)COCC,0.25925925925925924,C=CC(=O)OCC
C=C(C)CCCC(C)CCC,0.6923076923076923,C=C(C)CCC[C@H](C)CCO
CCCCCC1CCCC(C)C1,0.3333333333333333,CCCCCC1CCCC(=O)O1
C=CCCC(=O)C(C)CC,0.43333333333333335,C=CCCC(=O)OC
CCCC(C)NCC,0.38095238095238093,CCCC(C)O
CCNC,0.2727272727272727,CCN
CCCCC1OC(O)CC1C,0.24390243902439024,CCCCCC1CCC(=O)O1
CCCCCCCC(C)C,0.6,CCCCCCC(C)O
Cc1ccc(CC(C)C)o1,0.3333333333333333,Cc1ccc(C=O)o1
CC(=O)CCCC1=CCC=CO1,0.3235294117647059,CCCCCC(C)=O
Cc1occc1OC(C)O,0.3181818181818182,Cc1occc1SC(C(=O)CC(C)C)C(C)C
CCCCCCC(=O)CCC1=CCC=C1,0.42857142857142855,CCCCCCC(=O)CC
C=C(CCC)CCC,0.4117647058823529,CCCC(=O)C(=O)CCC
CCCC=CCC(C)C,0.45454545454545453,CCC/C=C/CO
C=CC1C(C)CCCC1(C)C,0.29411764705882354,CC1CCCC(C)(C)C1=O
CCC(C)C1=CC=CCC1,0.41379310344827586,CC1=CC=CCC1
C=C(CC(C)C)C(=O)O,0.5238095238095238,CC(C)CC(=O)O
CCCC1=CSC=CO1,0.22857142857142856,CCCc1ccc(OC)cc1
CCC=Cc1ccccc1,0.5833333333333334,OC/C=C/c1ccccc1
CSCC(SCO)C1C=CC2CCCC2=C1,0.20754716981132076,CC1=CCC(C(C)CO)CC1
CCCC=CCCCC,0.6,CCCC/C=C\CCCCO
C=CC(=O)C(C)CC(C)(C)C,0.2903225806451613,C=CC(=O)OCC
CC=C(C)C(C)CCC(C)CC,0.3548387096774194,CCC(C)CCCC(C)C=O
CCCC(O)C(=O)C(C)CO,0.4166666666666667,CCCC(O)CCC
CC1=CC(C)CC(C)C1C,0.2727272727272727,CC1=CC(O)C2CC1C2(C)C
C=CC1(C)CCC(C(C)(C)O)C1,0.4444444444444444,C=CC1(C)CCC(C(C)(C)O)O1
CCc1ccc(C2CC=C(C)O2)nc1,0.3,CCc1cnc(C)cn1
CCCCCOC(O)C1OC=CC=C1C,0.29545454545454547,CCCCCCOC(C)OCCC(C)C
CC(=O)CCCCCOCC(C)O,0.43333333333333335,CCCCCCC(C)=O
CCCCCC(CC)CC,0.5714285714285714,CCCCCCCCC(CO)CCCCCC
CC(C)C1CCC(C)C23CCC(C)C2C13,0.5277777777777778,CC(C)[C@@H]1CC[C@@H](C)[C@@]23CC[C@](C)(O)[C@@H]2[C@@H]13
CCCCCC(C)CC(C)=O,0.46153846153846156,CCCCCC(C)=O
C=C=NCCCC,0.5454545454545454,CCCCN=C=S
CC(O)CCCCCC(C)O,0.7647058823529411,CCCCCCC(C)O
CC(C)OCC(CO)OC(C)C,0.23076923076923078,CCOC(C)OCC
CCCCCCCC(=O)C1=CCC(CC)C=C1,0.34210526315789475,CCCCCCCC(=O)O
C=CCC1C=CC(O)C=C1,0.23333333333333334,C=C/C(C)=C/CC=C(C)C
CCCCC(CCC(C)C)CCC(C)C,0.45454545454545453,CCCCC(C)O
CCCCCOOCOCC,0.3333333333333333,CCCCCCCCCCOC(C)=O
C=C(C)C=Cc1ccccc1,0.6153846153846154,CC(=O)/C=C/c1ccccc1
C=C(CC)CCC1CCCC1,0.35294117647058826,CC(=O)OCCC1CCCCC1
C=CC(=C)CCCC(C)(C)C,0.41379310344827586,C=CC(=C)CCC=C(C)C
CCCC(C)CCCCC1CCCCC1,0.3157894736842105,CC(=O)OCCC1CCCCC1
CCCC(CCC)CCS,0.3684210526315789,CCCCS
CCCCC1=CC(C)C(C)O1,0.35135135135135137,CCCCCC1=CCC(=O)O1
CCC1C=CC(CS)=CN1,0.18181818181818182,SCc1ccccc1
CCC1CCC(OO)C1,0.2647058823529412,CCC(=O)OC1CCCCC1
CCC1NC=CCC1OC,0.18181818181818182,CCC1CCC(CC)O1
CCC1=CC=CCC1C=O,0.23809523809523808,CC1=CCC(CC=O)C1(C)C
CCCC(=O)CCCC(C)CCCC(C)C,0.4827586206896552,CC(C)CCCC(C)CCO
CCCc1ccc(C)c(OC)c1,0.7142857142857143,CCCc1ccc(OC)c(OC)c1
CC=CCCC,0.47368421052631576,CCC/C=C/CO
CCC(C)C1=CCC(C)CC1,0.2926829268292683,CC1=CCC(C(C)CO)CC1
CC1C=CC=CC1C=O,0.23076923076923078,C/C=C/C(=O)C1C(C)C=CCC1(C)C
CCCC(CCC)c1ccccc1,0.4482758620689655,CCCC(O)Cc1ccccc1
c1ccc(Cc2ccncc2)cc1,0.391304347826087,OCc1ccccc1
C=CC1CC(C)CCC1C,0.3225806451612903,C=C(C)C1CCC(C)CC1O
CC(C)C(=O)CO,0.4117647058823529,CC(C)C(=O)O
CC(=CCCC(C)Cc1ccccc1)CCCC(C)C,0.4523809523809524,C/C(=C\CO)CCC[C@H](C)CCC[C@H](C)CCCC(C)C
CCCCCCOCCCCCC(C)O,0.7391304347826086,CCCCCCC(C)O
OC1=CC=CCC1O,0.2413793103448276,CC1=CC=CCC1
CCOC(=O)C1=C(O)C=CCC1,0.29411764705882354,CCOC(=O)CC(=O)OCC
CCCCC1CCOS1,0.2894736842105263,CCCCCC1CCC(=O)O1
CC1=CCC2C(C1)OC(C)C2C,0.34285714285714286,CC1=CCC2C(C1)C2(C)C
CC1=C(O)C(C)CC(C)(C)C1,0.23684210526315788,CC1=CCC(CCO)C1(C)C
CC1=CC(O)C(C(O)CCS)CC1,0.3409090909090909,CC1=C[C@@H]2C(=C(C)CC[C@H]2C(C)C)CC1
CC1=C(C(=O)OC2CCCCC2)C=COC1,0.39473684210526316,CC(=O)OC1CCCCC1
CSC(O)CC(C)O,0.3181818181818182,CC(C)CCC(C)O
CCCC(CCC)C(C)C,0.4444444444444444,CCCC(C)O
CC1=S(CCO)C=CO1,0.21875,OCCc1ccccc1
CCCC(O)C(C)Cc1ccccc1,0.6333333333333333,CCCC(O)Cc1ccccc1
CCCCCCCCCCCC(=O)CC(C)C,0.6,CCCCCCC(=O)CC
CC1CC(C(C)C)CC(C)S1,0.35714285714285715,CC(C)[C@H]1CC[C@H](C)[C@@H](O)C1
CC1C=CC=CC1,0.2631578947368421,C1=CCCC=C1
CCC(C)c1ccc(C)c(C)c1C,0.37142857142857144,CCOc1cc(C(C)C)ccc1C
CCSCCC(C)C,0.5263157894736842,CC(C)CCSSCCC(C)C
CCCC(=O)OC1(C)CC(C)CO1,0.375,CCCC(=O)OC1CCCCC1
CSCCC1CCC(C)O1,0.32142857142857145,CCC1CCC(CC)O1
CC(C)CCCC(C)CCC(C)CO,0.6818181818181818,CC(C)CCCC(C)CCO
C=C1CCC2CCC(C)CC2C1,0.30303030303030304,C=C1CCC(C(=C)C)CC1
CCC(O)C1OC(C)C(O)C1O,0.22580645161290322,CCC(O)C(C)=O
CC(C)C1CC(=O)CO1,0.30303030303030304,CC1CCC(C(C)C)C(=O)C1
CCNCC(C)(C)C,0.19047619047619047,CC(C)C(C)(O)C(C)C
CC(C)CC(O)CCc1ccccc1,0.6551724137931034,CC(C)CC(O)Cc1ccccc1
CCCCCCCCC(O)C=O,0.6153846153846154,C=CC(O)CCCCCCC
COC(C)C1CCCC=C1CC(C)O,0.26666666666666666,CC(C)CC(=O)OC1CCCCC1
CCCC1C=CC=C1,0.25,CCCC1CC(=O)C=C(C)C1
CC(C)CC1CCCC(C)C1,0.3125,CC(C)[C@@H]1CC[C@@H](C)C[C@H]1O
C=CCOC(O)C(C)C,0.4090909090909091,C=CC(C)O
CCC(C)C(O)Cc1ccccc1,0.5161290322580645,CCCC(O)Cc1ccccc1
CC=C(C)C(O)CC,0.47619047619047616,CCC(O)C(C)=O
c1ccc(CCCC2CCCC2)cc1,0.40625,O=C(O)CCCc1ccccc1
CC1CCC2(C1)C(C)CCCC2(C)C,0.2857142857142857,CC1CCCC(C)(C)C1=O
CCCCOCCC(O)C1=CCC=C1,0.30952380952380953,CCCCOCc1ccccc1
CC(=O)C(C)C(C)O,0.5625,CC(=O)C(C)O
O=C(CCC1=CC=CCC1)OCCCc1ccccc1,0.4489795918367347,CCCCCC(=O)OCCc1ccccc1
CCCCCC1CCCC(C)N1,0.325,CCCCCC1CCCC(=O)O1
CCC(CC)CCC1CC=C(C)C1(C)O,0.47368421052631576,CC1=CCC(CCO)C1(C)C
COC1CC=CCC1,0.22580645161290322,CC(=O)OC1CCCCC1
CCCCCCCCCC(O)CC(CCCCCOCO)C(C)C,0.3888888888888889,CCCCCCC(C)O
CCC1C=CC(O)=CC1,0.4117647058823529,CC(C)C1=CCC(CO)C=C1
CC(C)CC(C)(C)O,0.3888888888888889,CC(C)C(C)(O)C(C)C
CC(CN(C)O)c1ccccc1,0.3548387096774194,CC(C=O)c1ccccc1
CC(C)OC(=O)CC1CCCCC1,0.43333333333333335,CC(C)OC(=O)CCCCC(=O)OC(C)C
CC1=NC(CC(C)C)CCC1O,0.35135135135135137,CC1=NC(CC(C)C)SC1C
C=CC(C)(C)CC(C)=O,0.39285714285714285,C=CC(C)(C)C(=O)C=C(C)C
CCCC(C)C(C)C,0.4444444444444444,CCCC(C)O
CCC(=O)CC(C)C,0.7058823529411765,CC(C)CC(=O)CC(C)C
CC(C)CCCC(C)CCNC(O)CC(C)C,0.4666666666666667,CC(C)CCCC(C)CCO
CC1CCC(C(C)c2ccccc2)O1,0.3142857142857143,CC(C=O)c1ccccc1
CCCC1CC=CO1,0.25,CCC1CCC(CC)O1
CC(C)CCC1=CONC=C1,0.21875,CC(C)CCC(C)O
CCCCCCCC(C)CC(C)C,0.5,CCCCCCC(C)O
CCC=C(C)C(C)CCC,0.391304347826087,CCCC(O)CCC
CCCCC(C)CCC,0.5,CCCCC(C)O
CCCCC1CCC(CC)C1,0.2777777777777778,CCCCCC1CCC(=O)O1
CCCC(CCC)CNC,0.3333333333333333,CCCC(O)CCC
OCC1=CCC=N1,0.2222222222222222,OCc1ccccc1
CC(=O)C1C(C)OC(C)C1C,0.23809523809523808,CC(=O)O
CCCCCCCCCC(C)OCC,0.48,CCCCCCC(C)O
CCCCCCOCCC(C)CC(C)C,0.45454545454545453,CCCCCCOC(C)OCCC(C)C
CCC(=O)CC1(C)CCCCC1(C)C,0.3225806451612903,CC1(C(=O)O)CCCCC1
CCCN1C=CC(OC)=CO1,0.23684210526315788,CCCc1ccc(OC)cc1
CCCC(=O)CC(C)CCC,0.39285714285714285,CCCC(=O)CC(=O)[O-]
CCC1=CC(C)C(C)O1,0.25806451612903225,CC1CCC(=O)OC1C
C=Cc1ccc(C)cc1,0.5238095238095238,C=Cc1ccc(O)cc1
OCN1C=CC2=C(C1)OCC2,0.18421052631578946,CC1=C(S)CCO1
CNC1C=CC=CC1C,0.175,C/C=C/C(=O)C1C(C)C=CCC1(C)C
CCCCCCC1CCC(C)N1,0.34210526315789475,CCCCCCCC1CCC(=O)O1
C=CCCCCCC(=O)CCC,0.5714285714285714,C=CCCCCCCCC(=O)O
C=CCCC(=O)C(C)=O,0.5,C=CCCC(=O)OC
CC(C)CCCCC1C=CC=CC1,0.25,CC(C)CCCC(C)CCO
CCCC(C)CCC1=CC=CCC1,0.35294117647058826,CC1=CC=CCC1
C=C(C)C1CCC(C)CC1C,0.6666666666666666,C=C(C)C1CCC(C)CC1O
CCC(C)(C)C,0.2727272727272727,CCN
COc1cc(C(C)O)ccc1O,0.5333333333333333,COc1cc(C)ccc1O
CCCCCN(CC)OC,0.35,CCCCCCCCCC
CC1CC(S)CO1,0.3333333333333333,CC1COC(C)O1
CC1CCCC(C)(C)C1CC=O,0.3055555555555556,CC1CCCC(C)(C)C1=O
COC1C=CC(C=O)C(O)C1,0.20512820512820512,CC(C)[C@@H]1CC[C@@H](C)C[C@H]1O
CCCCCC(=O)CCCC,0.7368421052631579,CCCCCC(=O)CC
CC1=CC(N)C(C(C)S)S1,0.20588235294117646,Cc1ccc(C(C)O)cc1
COC(C)C1CCCC1,0.3157894736842105,COC(C)OC
CCCCCCCc1ccccc1,0.5294117647058824,CCCCCCCC(=O)OCCc1ccccc1
COC(C)CCCc1ccccc1,0.43243243243243246,CCCCOC(C)OCCc1ccccc1
CCCCCC1CCC(=O)C1,0.45714285714285713,CCCCCC1CCC(=O)O1
C=C(CCCCCCCOCCCCCC)OC,0.45161290322580644,CCCCCCCCCC(=O)OC
CC1=CC(C=O)CC=C1,0.2702702702702703,CC1=C(C=O)C(C)(C)CC=C1
CCC(=O)C(O)O,0.4117647058823529,CCC(=O)O
CCCC(C)CCCC(C)C,0.5909090909090909,CC(C)CCCC(C)CCO
CCc1cc(C)cnc1C,0.4,CCc1nc(C)cnc1C
CCCC(C)(C)c1ccccc1,0.5,CC(C)(CC=O)c1ccccc1
C=C(O)C(O)Cc1ccccc1,0.5714285714285714,CC(=O)C(O)Cc1ccccc1
CCCCCCC(C)CC(C)=O,0.48148148148148145,CCCCCCC(C)=O
CCCCC1N=CC(C)CC1C,0.2222222222222222,CCCCC1OC(=O)c2ccccc21
CCOC(=O)OCSc1ccccc1,0.3684210526315789,CCC(=O)OCc1ccccc1
CCCCSCC=C=O,0.3333333333333333,CCCCSSCCC
CCC(=O)C(C)CC1C(C)=CCOC1(C)C,0.26785714285714285,C=C(C)C1CC=C(C)C(OC(=O)CC)C1
CCCOC(=O)CCCc1ccccc1,0.7428571428571429,CCCCCC(=O)OCCc1ccccc1
COCCCCc1ccco1,0.6333333333333333,CCCCCc1ccco1
CCC(C)C1N=CCO1,0.2564102564102564,CCC(C)C1CCCCC1=O
CCCCC(=O)CCC(C)CC,0.43333333333333335,CCCCCC(=O)CCCC(=O)O
CC(S)CC(=O)CCc1ccccc1,0.5161290322580645,O=C(O)CCc1ccccc1
CCC=CCCCC(O)C(CC)CC,0.40625,CC/C=C\CCCC(=O)O
CCCCC(O)O,0.6111111111111112,CCCCC(C)O
C=C(CC(C)S)CC(C)(C)C1CCC(C)CC1,0.25,C=C(C)C1CCC(C)CC1=O
CCC1=CC=CCC1,0.48,CC1=CC=CCC1
CCCC(CC)CCCC(C)C,0.4230769230769231,CC(C)CCCC(C)CCO
CC12C=CC(CC1)C(C)(N)C2,0.2631578947368421,CC(C)[C@H]1C=C[C@@](C)(O)CC1
CC(=O)CCCC(C)S,0.44,CCCCCC(C)=O
CC(=O)OCC=C(C)OCCC(C)C,0.4594594594594595,CC(=O)OCCC(C)CCC=C(C)C
c1ccc(CCCCc2ccccc2)cc1,0.5909090909090909,O=C(O)CCCc1ccccc1
Cc1ccc2c(c1)C(C)OC2C,0.4,Cc1ccc2c(c1)[C@H](C(C)C)CC[C@@H]2C
CCC1=COC(C)C=C1,0.2,CCc1nccnc1CC
CCC1C=CC=N1,0.19230769230769232,CCC1SSC(CC)S1
CC(C)CCC(CCC(C)C)CC(C)C,0.42105263157894735,CC(C)CCC(C)O
CC=CC1=CC(OC)C(CCC)C=C1,0.23809523809523808,C/C=C/c1ccc(OC)cc1
CSC1=CCC(C)C=N1,0.1891891891891892,CC1=CCC2C(C1)C2(C)C
CC(C)CC(C)C1C=CC=CC1C,0.21621621621621623,CC(C)CC(O)Cc1ccccc1
CC(C)=CC1=CC(C)CCO1,0.28205128205128205,CC(C)=CC1CC(C)CCO1
O=c1cccco1,0.36,O=Cc1ccco1
C=C(C)C1=CCC(C)C=C1,0.3333333333333333,C=C(C)[C@H]1CC=C(C)CC1
CON(O)CCc1ccccc1,0.5357142857142857,CN(C)CCc1ccccc1
CCCCc1ccc(C)cc1,0.39285714285714285,CCCc1ccc(OC)cc1
CC1CC=CC1,0.1935483870967742,Cc1coc2c1CCC(C)C2
CC1C=CC(CO)=CN1,0.23529411764705882,CC(C)c1ccc(CO)cc1
CCC(C=O)CO,0.4090909090909091,CCC(C)C=O
CCC(=O)C1CCCC=C1CC,0.3157894736842105,CCC(=O)OC1CCCCC1
CC=CC(=O)CCCC(C)CCCC(C)C,0.5161290322580645,C/C=C/C(=O)CCCC
CCCC(S)Cc1ccccc1,0.5862068965517241,CCCC(O)Cc1ccccc1
C=CC(C)CCCC(C)CC,0.6153846153846154,CCC(C)CCCC(C)C=O
CSc1ccccc1S,0.36,Cc1ccccc1SSc1ccccc1C
CC(C)=CCC1C=CC=C1C,0.2826086956521739,CC(C)=CCC[C@H](C)[C@@H]1C=CC(C)=CC1
CC(=O)OC(C)CCCO,0.5,CC(=O)OCC(C)OC(C)=O
CCCC(C)CCC(C)C,0.4,CC(C)CCC(C)O
CCOCCCCCCC=CC(C)C,0.3157894736842105,CCCCCCC/C=C/C1CCCCC1
C=CCCC(O)CCCC,0.75,C=CCCC(O)CCC
CC(C)CCCCCCCCCCCO,0.5454545454545454,CC(C)CCCC(C)CCO
CCC(C)CCC1CCCCC1C(C)(C)C,0.2619047619047619,CCC(C)C1CCCCC1=O
CC(C)CCC1CCCC1C,0.25,CC(C)CCC(C)O
C=CC1=CCCC1C,0.2608695652173913,CC1CCC=C(C=O)C12CCC(C(C)(C)O)C2
CC1C=CCC1O,0.2702702702702703,C/C=C/C(=O)C1C(C)C=CCC1(C)C
C=CCC1CCC(CC=C)C(CC)C1,0.21875,CCC1CCC(CC)O1
CCC1C=C(C=O)C=CC1,0.2564102564102564,CC1=C(C=O)C(C)(C)CC=C1
CC(=O)c1cccc(C)c1,0.5416666666666666,CC(=O)c1ccccc1
CCCCCC(=O)CCC(C)C,0.56,CCCCCC(=O)CC
CC(C)C(=O)CCCS,0.32142857142857145,CC(C)OC(=O)CCCCC(=O)OC(C)C
CCCC1=CC2NCOC2C=C1,0.1875,CCCCCC1CCC(=O)O1
CC(C)CCC1(O)C(C)CC(O)CC1(C)S,0.22727272727272727,CC(C)C12CCC(C)(O)C1C2
O=C(CC1=COCC=C1)C1CCC=CC1O,0.17647058823529413,CC(C)C1C=CC(=O)CC1
C=C(C)CC(=O)C=CCCC,0.5555555555555556,CCCC=CC(C)=O
CC(O)C1C=CCC1,0.29411764705882354,CC(C)[C@H]1C=C[C@@](C)(O)CC1
CCCC(C)C(C)(C)C(O)CCC,0.43478260869565216,CCCC(C)O
CC(=O)C1C=CCCC1C(C)C,0.3170731707317073,CC(=O)OC1CC(C)CCC1C(C)C
C=CC(C)(CC)Cc1ccccc1,0.4666666666666667,CC(C)(O)Cc1ccccc1
CSc1ccc(C(O)O)cc1,0.3333333333333333,Cc1ccc(C(C)O)cc1
C=C(CCC)C(C)O,0.36363636363636365,CCCC(C)O
CCCC(C)OC=O,0.3333333333333333,CCCC(C)O
CCCCC1CC(=O)C2CCCSC12,0.2978723404255319,CCCCCC1CCCC(=O)O1
CCC(C)C1=CC=CCC1NCCCc1ccccc1,0.3018867924528302,CCCCOC(C)OCCc1ccccc1
CCCCC1CC1C=O,0.32142857142857145,CCCCCC=O
CCC(C)(C)CC(C)=O,0.42105263157894735,CCC(C)=O
CCCCCC(=N)C(C)O,0.5,CCCCCC(C)O
C=CC(C)=CCCCCC,0.48,C=CCCCCCC
CCC(O)CCCCCCCCC(=O)OC,0.5862068965517241,CCCCCCCCCC(=O)OC
C=CCC1C=CC(OC)C=C1,0.24324324324324326,C=CCc1cc(OC)c(OC)c(OC)c1
CCCC(C)CCCC(C)(C)O,0.5517241379310345,CC(CC=O)CCCC(C)(C)O
C=CC(C)(CCCC(C)S)CC(C)OOC,0.2608695652173913,COC(CC(C)CCCC(C)(C)O)OC
CC(C)(C)CCCC(N)CC=O,0.45454545454545453,CC(CC=O)CCCC(C)(C)O
CC(=O)CCCC(C)OCC=C(C)C,0.40625,CC(=O)CCC=C(C)C
CNC1=CCCCC1C(=O)CC(C)C,0.3488372093023256,CC(C)CC(=O)OC1CCCCC1
CC1CC(C)C(NC(C)O)C1,0.2647058823529412,CC(C)[C@@H]1CC[C@@H](C)C[C@H]1O
CCC1=CC=C(C(CC)CC)CC1,0.3125,CC1=CC=C(C(C)C)CC1
CCCCCOCCCCCCC(O)CCC,0.5,CCCC(O)CCC
COC1CCCCC1O,0.27586206896551724,CC(=O)OC1CCCCC1
CC(C)=CCCC(C)CCCC(C)CCCC(C)CCCCC(C)CCCC(C)CCCC(C)CCCC(C)C,0.6071428571428571,CC(C)=CCCC(C)CCO
CC1CCC(C(C)O)C2(C1)OC(C)C(C)O2,0.2972972972972973,CC(C)[C@@H]1CC[C@@H](C)C[C@H]1O
CCCCCCCC(=O)CCCC,0.75,CCCCCCC(=O)CC
CC=CCCC(C)C,0.36,CC=CCCCCCCCC=O
CC(C)C1=CC=CCC1,0.48,CC1=CC=CCC1
CC1=CN=CC1,0.35,Cc1cnc(C)cn1
C=C(CCC)C(C)C(C)CC(C)=O,0.34285714285714286,CCCC(=O)OC(C)C(C)=O
CCOC,0.3333333333333333,CCOC(C)OCC
CC(C)C(S)C(C)C,0.23076923076923078,C[C@H](O)[C@@H](C)O
CCCCCCCCCCCCC,1.0,CCCCCCCCCC
CC(O)OC(C)C1CCC(C)C1(C)C,0.30952380952380953,CC(C)[C@@H]1CC[C@@H](C)[C@@]23CC[C@](C)(O)[C@@H]2[C@@H]13
CCC(O)OC1CCCCCCC1,0.41935483870967744,CCC(=O)OC1CCCCC1
CCCCCC(C)OCOC,0.42857142857142855,CCCCCCCCCC(OC)OC
CCCCCCCCC1COC(C)C1,0.3333333333333333,CCCCCCCC1CCC(=O)O1
CCOSC,0.2631578947368421,CCOC(C)OCC
COC(C)C,0.5454545454545454,COC(C)OC
CC1=CCC(C(C)C)C(O)=C1,0.3939393939393939,CC1=CCC(C(C)C)C=C1
CCCSCCCCCCOC(C)O,0.3611111111111111,CCCCCCOC(C)OCCC(C)C
CCC1C=C(OC)C(CC)CC1,0.2222222222222222,COc1ccc(CO)cc1
C=C(C)C(C)CCCC(C)O,0.4583333333333333,CCCCC(C)O
CCCCOCCCNC,0.3548387096774194,CCCCOCc1ccccc1
CC(C)CCCC(C)CCCC(C)CCCC(C)CCCC(C)O,0.6363636363636364,CC(C)CCCC(C)CCO
C=C(C=Cc1ccccc1)CC,0.5,CC(=O)/C=C/c1ccccc1
CCCCCCCC=CNC,0.5,CCCCCCCC=CCO
COC1CCCCC1C(=O)CC(C)C,0.43243243243243246,CC(C)CC(=O)OC1CCCCC1
O=C1CCC(S)C1O,0.2727272727272727,CC(C)=C1CCC(C)CC1=O
CC(=O)C1CCCCN1,0.3333333333333333,CC(=O)OC1CCCCC1
CC(=O)c1ccc(C)nc1C,0.43333333333333335,CC(=O)c1ccc(C)cc1C
CC(S)OCCC(O)O,0.2916666666666667,CC(C)CCC(C)O
CCSc1cc(C2CCC(C)C2)ccc1O,0.24444444444444444,C=C(C)C1CCC(C)CC1O
CCC(C)C1CCCC1,0.4482758620689655,CCC(C)C1CCCCC1=O
OC1CCC=C1S,0.22857142857142856,C=C(C)C1CC=C(C)C(O)C1
C=CCC(CCCCC)CC(C)C,0.40625,C=CC(O)CCCCC
C=CC1CC(C)CC(C)C1C,0.24242424242424243,C=C(C)C1CCC(C)CC1O
CCCC(C)CCC=C(C)C,0.68,CC(C)=CCCC(C)CCO
CC(=O)CCCCc1ccccc1,0.6071428571428571,O=C(O)CCCc1ccccc1
CCC(C)(CCCC(C)C)OC(C)O,0.35135135135135137,CCOC(CC(C)CCCC(C)(C)O)OCC
CCCCCCCCC(=O)CC(C)C,0.6,CCCCCCC(=O)CC
CC1C=CC(CO)S1,0.2222222222222222,CC(C)C1=CCC(CO)C=C1
CC1=CCC(OC(C)C)C=C1,0.5161290322580645,CC1=CCC(C(C)C)C=C1
C=C(C)C=C(C)C,0.3888888888888889,CC(C)=CC(=O)O
CC1C=CSC1OC1NC1(C)C,0.19148936170212766,C/C=C/C(=O)C1C(C)C=CCC1(C)C
CC(=O)CCC1CCC(C(C)S)CC1,0.35294117647058826,CC(C)C1CCC(CO)CC1
CCCCC1OCCS1,0.28205128205128205,CCCCCC1CCCC(=O)O1
CC1C(O)C(O)CC1C(O)CN,0.2777777777777778,CC(C)[C@@H]1CC[C@@H](C)C[C@H]1O
CSC1(C)CCCCCCCCCNC1,0.2916666666666667,C1CCNC1
CCC1CCCC=C1C,0.25,CC1=CCC[C@]2(C)CC[C@@H](C(C)(C)O)C[C@@H]12
CCC1=C(C(C)=O)C=CCC1,0.2894736842105263,CCc1nccnc1C(C)=O
CCCCCCCOCC=O,0.48,CCCCCCCC=O
OCC1=CC=CC1,0.3076923076923077,CC1=CC=CCC1
C=Cc1cccc(CC)c1,0.36363636363636365,C=Cc1ccc(OC)c(OC)c1
C=C1C(C)CC23CC1C(C)(C)C2CCC3C,0.275,C=C1CCC2CC1C2(C)C
CCCCCCCC(=O)CCCc1ccccc1,0.6216216216216216,CCCCCCCC(=O)OCCc1ccccc1
NC1=C(C(=O)CCc2ccccc2)C=CCC1,0.43243243243243246,O=C(O)CCc1ccccc1
CC(O)C1C=CS2=CC=CC=C2N1,0.17073170731707318,Cc1ccc(C(C)O)cc1
CCC1C=CC(CC)C=C1,0.2631578947368421,CCC1SSC(CC)S1
CCC1(C)CCC(C)C1,0.2972972972972973,CCC1OC(C)(CC)CCC1C(C)C
C=CCC1=CC=C(O)CC1,0.3548387096774194,C=CCc1ccc(O)cc1
C=C(Cc1ccccc1)c1ccccc1C,0.41935483870967744,CC(=O)c1ccccc1C
CC=Cc1ccc(NC(C)CC(C)C)c(CC)c1,0.32558139534883723,C/C=C\c1ccc(OC)c(OC)c1
CCCCCCCOCCCCS,0.631578947368421,CCCCCS
CC(CCCCO)c1ccccc1,0.34375,CC(C=O)c1ccccc1
COC1CCCCC1OC,0.28,CC(=O)OC1CCCCC1
CC(O)CCC1CCCCC1,0.40625,CC(=O)OCCC1CCCCC1
CCC(C)C(O)OCc1ccccc1,0.4594594594594595,CC(C)CC(=O)OCc1ccccc1
CCCCCC(C)OC(O)CC(C)C,0.4642857142857143,CCCCCC(C)O
CCCCC(C)CCC(C)C,0.4583333333333333,CC(C)CCCC(C)CCO
COC(=O)CCCCNCO,0.6521739130434783,COC(=O)CCCCC(=O)OC
CCC1CCCC1,0.35,CCC1CCC(CC)O1
C=C(CC)CCCC(C)C=O,0.4838709677419355,CCC(C)CCCC(C)C=O
CCOCCC(C)O,0.47619047619047616,CCCC(C)O
CCC1CC(C)=CC(C)S1,0.2857142857142857,CCC1N=C(C)C(C)S1
CC(C)(C)c1ccccc1,0.44,CC(C)(CC=O)c1ccccc1
CCCC1CCC(CO)C=C1OC,0.25,CCCc1ccc(OC)cc1
CC(=O)C1=CC(C)CC=N1,0.2777777777777778,CC(=O)c1ccccn1
CCOC(O)C1=CCCC=C1CO,0.25,CCOC(C)OCC
COC1C=C(C(C)=O)C=CC1OO,0.2702702702702703,COc1ccc(C(C)=O)cc1
CCC(C)C1=CC(C)=C(C)CC1,0.30303030303030304,CC1=CC=C(C(C)C)CC1
CC(C)CNN,0.24,CC(C)C[C@H](N)C(=O)O
CCOC(=O)C1C=CC(O)C(C)=C1,0.34375,CCOC(=O)CCC(=O)OCC
C=C(C)C1CCC(C)(O)C(C)C1,0.5517241379310345,C=C(C)C1CCC(C)(O)CC1
CC(C)C1CCCC(O)C1,0.4642857142857143,CC(C)[C@H]1CC[C@H](C)[C@@H](O)C1
CCC1CC=C(O)CC1,0.28205128205128205,C=C(C)C1CC=C(CO)CC1
CCC=C(C)C(C)OCCCCCC,0.42857142857142855,CCCCCCOC(C)OCCC(C)C
CC1C=C2C(C)CC(C)C2CO1,0.275,CC1=CC2OCC(C)C2CC1
C=CCCOCCSCCCC,0.4,C=CCCCCCC
CCCCC1CCCC1,0.36666666666666664,CC(=O)OCCC1CCCCC1
CCC(C)CCS,0.4,CCC(C)CN
CSN1C=NC=CO1,0.13333333333333333,Cc1cccc(C)n1
CC(C)CC1=NC2C=CC=CC2C=C1,0.21951219512195122,Cc1nc(CC(C)C)sc1C
CC(=O)C1C=C2CCCCC2O1,0.2631578947368421,CC(=O)OC1CCCCC1
CC(=O)CC(C)C(C)NCO,0.3333333333333333,CC(=O)CO
CCCCCCCC(CC)CC,0.6190476190476191,CCCCCCCCC(CO)CCCCCC
OC(O)C1CCCCC1,0.3181818181818182,O=C(O)C1CCCCC1
CC1CCC(C(C)(C)N)C(C)C1,0.3125,C=C(C)C1CCC(C)CC1O
CC(C)C(O)CC(C)(C)Cc1ccccc1,0.5,CC(C)(O)Cc1ccccc1
CCCCCC(C)(C)CC(C)C,0.3333333333333333,CCCCCC(C)O
C=CCCC(=O)CCO,0.4444444444444444,C=CCCC(=O)OC
CC1CCC(C(C)CO)CC1,0.42424242424242425,CC1=CCC(C(C)CO)CC1
C=CCCC(=O)CCC1C=CNC=C1,0.32432432432432434,C=CCCC(=O)OC
CCC1CSC(CC)S1,0.391304347826087,CCC1SSC(CC)S1
CC1CCC(C(C)(C)OC=O)OC1,0.25,CC1CCC(C(C)C)C(=O)C1
CCC(C)c1ccccc1,0.4230769230769231,CC(C=O)c1ccccc1
CCC(C)C1CC(C)C(CC)O1,0.2619047619047619,CCC1OC(C)(CC)CCC1C(C)C
CC(C)SC(C)C(C)O,0.4,C[C@H](O)[C@@H](C)O
COC1=CCNCC1,0.20588235294117646,CCCc1ccc(OC)cc1
c1ccc(Cc2ccccn2)cc1,0.5,CCCc1ccccn1
CCS1(C)CC(=O)C(C)=C(C)C1C,0.275,CCC(C)C1CCCCC1=O
C=C(C=CC)C1C(C)CCCC1(C)C,0.3111111111111111,C/C=C/C(=O)C1C(C)C=CCC1(C)C
CCCC(O)C(C)C(C)C,0.5,CCCC(C)O
CC(O)COC(=O)c1ccccc1O,0.5675675675675675,CCCCOC(=O)c1ccccc1O
CCCCCC(C)CCCC(O)CCC1CCC(C)(C)C1,0.325,CCCCCC(C)O
CC(C)CCCC(C)CC1CCCO1,0.35294117647058826,CC(C)CCCC(C)CCO
CCC(Cc1ccccc1)OC,0.4375,CCCC(O)Cc1ccccc1
CCCC(C)C(C)CC,0.42105263157894735,CCCC(C)O
CCCCCCCCC(CC(C)C)C(=O)OC,0.4473684210526316,CCCCCCCCCCCC(=O)OCCC(C)C
CCC1C(OC)=CCC=C1OC,0.25,CCCc1ccc(OC)cc1
C=C1C(C)COC1C,0.2962962962962963,CC1OCCC1=O
CCCC1CCC(C)C1(C)C,0.24324324324324326,CC1=CCC(CCO)C1(C)C
CC1CC(C)(C)OC(c2ccccc2)S1,0.21052631578947367,CC1OCCC1=O
CC=CC(O)OC1CCCCC1,0.34375,CC(=O)OC1CCCCC1
CC,0.16666666666666666,CSSC
CC1CCCC(C(C)(C)O)C1O,0.3170731707317073,C=C1CCC[C@H](C)C2CC(C(C)(C)O)CC12
CC(CO)CCc1ccccc1,0.5,OCCc1ccccc1
COC1C=NCCC1,0.17647058823529413,CC(=O)OC1CCCCC1
C=CC(C)(CCC)CCCC(C)C,0.3333333333333333,C=CC(O)CCCC
CCCC(=O)CCCCC(C)CCC,0.41935483870967744,CCCCCC(=O)CCCC(=O)O
COC(C)C(C)C,0.42857142857142855,COC(C)OC
COCCCCC(=O)CC(C)C,0.48,CC(C)CC(=O)CC(C)C
CCC(C)(C)C1CCC(C)CC1,0.25,C=C(C)C1CCC(C)CC1O
OCC1C=CCC=C1,0.24242424242424243,CC(C)C1=CCC(CO)C=C1
C=C1C(C)CC(C)C1OC,0.2222222222222222,C=C1C(O)CC2CC1C2(C)C
CCCC(=Cc1ccccc1)CO,0.7666666666666667,CCCCC/C(=C\c1ccccc1)CO
COC(C)CCC(=O)CC(C)C,0.5,CC(C)CC(=O)CC(C)C
CCCC(O)CC(C)=O,0.55,CCCC(O)CCC
CCCC(C)CC(CC)c1ccccc1,0.3611111111111111,CCCC(O)Cc1ccccc1
CC(N)CC(C)O,0.35,CC(C)CCC(C)O
CCC=CCCCC(C)CCCC=CCC,0.42857142857142855,CC/C=C\CCCC(=O)O
CCCCCC(CCC=O)Cc1ccccc1,0.4473684210526316,CCCC(O)Cc1ccccc1
C=CCCCC(O)CCC,0.75,C=CCCC(O)CCC
CCOC(C)C(C)NC,0.42857142857142855,CCOC(C)OCC
CCC1COC(C)C1,0.3076923076923077,CC1COC(C)O1
CCC(C)C(C)C(C)=O,0.45454545454545453,CCC(O)C(C)=O
CC(=O)OO,0.5454545454545454,CC(=O)C(C)=O
CC1=CC(C)CS1,0.24324324324324326,CC1=C2CC[C@@H](C)C=C2OC1=O
CC(C)OSC(C)C,0.3125,CC(C)SSC(C)C
C=CCC1=CC(OC)C(C)C(OC)=C1,0.30952380952380953,C=CCc1cc(OC)c(OC)c(OC)c1
CCC1CCCCC1C(C)=O,0.3333333333333333,CCC(=O)OC1CCCCC1
C=C(CC)CSCCCC,0.34615384615384615,CCCCSSCCC
CC1CCSCC1,0.35714285714285715,C1CSCCS1
CCCCCCCC=CC(C)OC,0.43333333333333335,CCCCCCCC=CCO
C=CCCC=CCC,0.5238095238095238,CC/C=C/CC/C=C/CO
CCCCc1ccc(CC)cc1,0.4074074074074074,CCCc1ccc(OC)cc1
CCC(CC1CCOO1)c1ccccc1,0.2564102564102564,COC(OC)c1ccccc1
CSCC(=O)C1OC1C1C=CCCC1,0.2127659574468085,CCC(=O)OC1CCCCC1
CC1CCCC2(C=CCCC2)C1,0.2777777777777778,CC1CCCC(C)(C)C1=O
CCc1ccc(C)cc1C,0.4444444444444444,Cc1ccc(C=O)c(C)c1
CCCC(CCC)CCCCC(C)C,0.4,CCCCCCCCC(CO)CCCCCC
CCCCC(CC)CC,0.5,CCCCC(O)CC
CCC1C=CC=CC1C,0.2,CCC1SSC(CC)S1
CCC1CC(C(C)O)=CC=C1O,0.24324324324324326,CC1=CC=C(C(C)C)CC1
COC1=CC2C=CC=CC2=CC1,0.21951219512195122,CC1=CCC(C(C)C)C=C1
COC(C)C1CCCCC1C,0.2727272727272727,CC(C)[C@@H]1CC[C@@H](C)C[C@H]1O
CCCCCC(CCCOC)CCCSC,0.36363636363636365,CCCCCCCCCC(OC)OC
c1ccc2c(c1)CCC2,0.34615384615384615,O=C1CCc2ccccc2O1
CCCC(C)OO,0.45,CCCC(C)O
COC(=O)OS,0.4117647058823529,COC(C)=O
C=CCCC(=O)CCCC(C)(C)CC,0.37142857142857144,C=CCCC(=O)OC
CCC1CC(C(C)C)CCC1C,0.5172413793103449,CC(C)[C@H]1CC[C@H](C)[C@@H](O)C1
CCC1CC(C)C(O)C1C,0.24242424242424243,C=C(C)C1CCC(C)CC1O
CCCCCCCCCC(O)OCCCC,0.5,CCCCCCC(C)O
OCCCCCOCCCS,0.3333333333333333,CCCCCCCCO
CC(C)=S,0.3,CC(=O)O
CC(C)C1CCCC(C(C)C)C1O,0.46153846153846156,CC(C)[C@@H]1CC[C@@H](C)C[C@H]1O
CCCN1C=CCC(OC)C1C,0.175,CCC/C=C/C(OC)OC
CC1=CC2CCCOC2C=C1,0.2619047619047619,CC1=CC2OCC(C)C2CC1
CC(CO)CC1C=CCC=C1,0.2631578947368421,CC(C)C1=CCC(CO)C=C1
CC1CCC(C(C)COC(C)C)CN1,0.2708333333333333,CC(=O)OCC(C)C1CC=C(C)CC1
C1=CC2OCOC2C=C1,0.21212121212121213,CC1=CC2OCC(C)C2CC1
C=CCOC1C=CC(C)C=C1C,0.23076923076923078,C=CCOC(=O)CC
C=C(CCC)CC(C)SCC,0.25,CCC(C)SSC(C)CC
CCCSCCCCCCC(C)O,0.6,CCCCCCC(C)O
CC12CCN(CC1OCCO)C2(C)C,0.22,CCC(=O)O[C@H]1C[C@@H]2CC[C@@]1(C)C2(C)C
CC1=CCCC2(CCCCC2)C1,0.2727272727272727,C/C1=C\CC[C@@](C)(O)/C=C/[C@H](C(C)C)CC1
OC1CCC(CS)CC1,0.25,CC(C)C1CCC(CO)CC1
CCC(C)C(C)C(C)O,0.375,C[C@H](O)[C@@H](C)O
CC1=C(C)OSC=C1,0.20833333333333334,Cc1cscc1C
CCCCOC(C)C(C)CC,0.3870967741935484,CCCCOC(=O)CC(C)C
C=CCOC(C)CCCCC,0.41935483870967744,C=CC(O)CCCCC
CCCCCC1CCCO1,0.5,CCCCCC1CCCC(=O)O1
CCCCCC(CCC(C)C)OCC(C)C,0.42424242424242425,CCCCCCOC(C)OCCC(C)C
CC(C)OC(C)C=Cc1ccccc1,0.39473684210526316,CC(C)C(=O)OC/C=C/c1ccccc1
CCCCNCCCC(C)O,0.6363636363636364,CCCCC(C)O
C=CCCCCCCOCC(=O)CCC=C(C)CCC=C(C)C,0.4523809523809524,C=CCCCCCCCCOC(C)=O
CC(C)Cc1cccc2c1OCC=C2,0.22727272727272727,CC(C)CC(O)Cc1ccccc1
CC=C(C)C(C)C,0.29411764705882354,CC(C)C(=O)O
CC(C)CC1CCC(S)CC1,0.3103448275862069,CC(C)C1CCC(CO)CC1
C=C(C)CCCC(C)CCOCC,0.6,C=C(C)CCCC(C)CCOC(=O)C(C)C
CCC1CCC(C)C(C)C1,0.28,CCC1CCC(CC)O1
CC(CO)Cc1ccccc1,0.5172413793103449,CC(C)CC(O)Cc1ccccc1
CC1=NC(CC(C)C)=CC1C,0.2972972972972973,CC1=NC(CC(C)C)SC1C
CCCC1=CCCC1,0.25,CCCc1ccc(OC)cc1
CCCCSCCC,0.5555555555555556,CCCCSSCCC
CC(O)CCC(=O)S,0.4090909090909091,CC(C)CCC(C)O
CC1C=CC2=C1SCC2,0.21052631578947367,C=C1C=CC(C(C)C)CC1
CCNC(O)CC(C)CC,0.32,CCC(C)CN
CCC(=O)COC(C)C,0.3333333333333333,CC(C)CC(=O)CC(C)C
O=CCCCO,0.45,CCCCCC=O
COC1=C(S)CCC=C1,0.25806451612903225,O=C1C=CCCC1
CC1C=CC(C=O)C=C1,0.2222222222222222,CC=O
O=CC1=CC2C=CC=CC2=C1,0.2222222222222222,Cc1ccc(C=O)o1
CCC(C)C=CC1CCC(CC)NC1,0.2571428571428571,CCC(C)C=O
CCCCC(C)C1C(C)=CCCC1(C)C,0.34782608695652173,C/C=C/C(=O)C1C(C)=CCCC1(C)C
CCCCCCC(CC)C(=O)CO,0.5172413793103449,CCCCC(CC)C(=O)O
C1CCCCCC2CCCC2CCCC1,0.3181818181818182,O=C1CCCC1C1CCCC1
CCCCCCCCCCCCCCCCCC(O)OC,0.5833333333333334,CCCCCCCCCC(OC)OC
CCCCC(CN)c1ccccc1,0.3333333333333333,CCCCOCc1ccccc1
CCC(O)CC(C)OC,0.34615384615384615,CCCCC(O)CC
CC=CC=CCCC(C)O,0.4444444444444444,CC(C)=CCCC(C)O
C=CCCOCC=C,0.3103448275862069,C=CCCCOC(C)=O
CC(C)CC(=O)C(C)C,0.5555555555555556,CC(C)CC(=O)CC(C)C
C=C(CC)CCCCCCC,0.5,CCCCCCC(=O)CC
CC1CCC(C(C)(C)O)C(C)C1,0.3548387096774194,C=C(C)C1CCC(C)CC1O
Cc1ccsc1CCS,0.2222222222222222,Cc1cscc1C
OCC(O)SO,0.2,OCC(O)/C(O)=C/c1ccccc1
CCc1ccc(CCC(O)C(C)C)cc1,0.3055555555555556,CCCC(O)Cc1ccccc1
C=CCCCCCC(S)CCC,0.5384615384615384,C=CCCCCCC
CCCCCc1ccc(CCC)cc1SC,0.3684210526315789,CCCc1ccc(OC)c(OC)c1
C=C(C)C(CC(C)=O)CC(C)O,0.3225806451612903,COC(=O)CC(C)O
Oc1ccc2c(c1)CCC2,0.2826086956521739,COc1ccc(C2CCc3ccc(O)cc3O2)cc1O
C=C(CCC=O)CCCC(C)CC,0.4411764705882353,CCC(C)CCCC(C)C=O
COCCCCOC,0.25,CCCCCCCCCCOC(C)=O
CC=CCC=CC,0.3333333333333333,CC=CCCCCCCCC=O
CCC(S)CCCC(C)CCCC(C)C,0.5,CC(C)CCCC(C)CCO
CCC(=O)C(C)CC(C)O,0.36,CCC(C)C(=O)O
CCSCCCCOOC(=O)CC,0.37142857142857144,CCCCCCCCCCOC(=O)CC
CC1CC(C)C2(C)CC(C(C)C)CCC2C1,0.32432432432432434,CC(C)[C@H]1CC[C@H](C)[C@@H](O)C1
CC(=O)C1C=CCC1,0.3,CC(=O)OC1CCCCC1
CC1=CCC(C)=C1,0.36,CC1=CCC(C(C)C)=CC1
OCOCCCc1ccccc1,0.5,OCCc1ccccc1
Cc1ccc(C)c(C)c1C,0.3125,Cc1cscc1C
CCCOC(CC)C(=O)OCCc1ccccc1,0.5945945945945946,CC(C)C(=O)OCCc1ccccc1
COCCCC(CO)COC,0.39285714285714285,CCCCCCCCC(CO)CCCCCC
C=CC(=C)CCCC(C)C=O,0.4375,CCC(C)CCCC(C)C=O
CC1CCC(CC=S)C1(C)C,0.225,CC1=CCC(CC=O)C1(C)C
C1CC1,0.2727272727272727,O=C1CCCCC1
CC1=CC(C=CC=O)C=C1,0.24324324324324326,CC1=CCC(C(C)C)C=C1
CCC1C=CC=C1C,0.2222222222222222,CCCC1CC(=O)C=C(C)C1
C=CC(C)(C)C(N)CC(C)C,0.3,CC(C)C[C@H](N)C(=O)O
CCCC1=CCC(CC)C=C1,0.35135135135135137,CC(C)C1=CCC(CO)C=C1
CC1C=CCC(C)C1=O,0.24444444444444444,C=C(C)[C@@H]1C=CC2=CC(=O)C[C@@H](C)[C@]2(C)C1
CCCC1CCC2CCCCC2C1,0.2702702702702703,CCCC1CC(=O)C=C(C)C1
COc1ccc(C)nc1C,0.39285714285714285,COc1ccc(C)cc1C
CCCC(O)C1=CC=C(CC)CC1,0.3,CCCC(O)CCC
CCCC(CCC)OCC,0.42105263157894735,CCOC(C)OCC
C1=COCCC1,0.26666666666666666,O=C1CCCCC/C=C\CCCCCCCCO1
CCc1ccccc1C(C)S,0.3142857142857143,CC(C)C(=O)OCc1ccccc1
CCCC1SC=C(C)C=C1C,0.2894736842105263,CCCC1CC(=O)C=C(C)C1
C=C(O)CCCCCCCCCCOCCCCCC,0.45161290322580644,CCCCCCOC(=O)CCCCC
CC=CC1=CC=CCC1,0.4444444444444444,CC1=CC=CCC1
CCCC(C)OCCC(C)C,0.5,CCCCCCOC(C)OCCC(C)C
C=C1CC(N)C2CC1C2(C)C,0.3939393939393939,C=C1CCC2CC1C2(C)C
CCOC(=O)C1(c2ccncc2)CC1CS,0.2545454545454545,CC(=O)OCC[C@@H]1CC=C(C)C1(C)C
CCC1C=CCC(C)C1,0.21052631578947367,CC(C)C1=CCC(CO)C=C1
CCCc1ccccc1C,0.3793103448275862,CCCc1ccccn1
COC1=CCC(C(C)O)C=C1,0.4,CC1=CCC(C(C)C)C=C1
CC(C)C(O)OC(C)(C)CCC1=CCCC=C1,0.2,CC(C)C1=CCC(CO)C=C1
C=CCC1CC(C(=C)C)CCC1C,0.5151515151515151,C=C(C)C1CCC(C)C(O)C1
CCC1=CC=C(C)ON1,0.21875,CCc1nccnc1C
CCC(C)C(O)C(S)C(C)CO,0.25925925925925924,CCCC(C)O
CCCC(=O)CCCCCCCCC(O)CCC,0.48,CCCC(O)CCC
CCC1CC(C)CCC1C(C)C,0.5172413793103449,CC(C)[C@@H]1CC[C@@H](C)C[C@H]1O
CCCC(=O)CCCCCCC(C)C,0.47058823529411764,CCCCCCCCCCCC(=O)OCCC(C)C
C=C(CCC)OCCCCCCCC,0.5714285714285714,CCCCCCOC(=O)CCC
OCC1C=CCO1,0.2222222222222222,CC(C)C1=CCC(CO)C=C1
COC(=O)C1C(C)CCCC1(C)C,0.2972972972972973,CC1CCCC(C)(C)C1=O
CCCCCCCC(C)CCCCSCC,0.42857142857142855,CCCCCCC(C)O
CN(C)C1(C)CC(C)(CCC2C=CC=C2)C(O)O1,0.22916666666666666,CC1=CCC(CCO)C1(C)C
COC1CC(C=O)C=CC1C,0.20454545454545456,CC(=O)OC1CC(C)CCC1C(C)C
CC1CCCC(c2cccnc2)C1,0.3,CC(=O)c1cccnc1
C=C(C(C)C)C(C)C,0.3333333333333333,CC(C)C(=O)O
CC(C)CCC(C)C1C=CC=C1,0.3333333333333333,CC(C)CCC(C)O
CCC1=CCCC=C1,0.2413793103448276,O=C1C=CCCC1
CCCCCC=C(C)C,0.48148148148148145,CCCCC/C=C(/C=O)CCCC
C=CC(C)(C)CCCC(C)CCCCCC(=C)C,0.5,C=C(C)CCC[C@H](C)CCO
CCCC(C)CCCC(O)CCC,0.6,CCCC(O)CCC
CC(C)CC1(C)CCCCS1,0.25,CC1(C(=O)O)CCCCC1
C1CNCOC1,0.35294117647058826,C1CCNC1
CC1CC2CCC(C)(C)CC2CC1C,0.23529411764705882,CC1(C)[C@H]2CC[C@@]1(C)[C@@H](O)C2
CC(C)C(O)Cc1ccccc1,0.5714285714285714,CC(C)CC(O)Cc1ccccc1
CCCC(C)OCCC(C)CCCC(C)C,0.43333333333333335,CC(C)CCCC(C)CCO
C=C(OC)C(=O)C(C)CC,0.4230769230769231,CCC(C)C(=O)O
CC1(C)C2CCC3(C2)C1CCCC3(C)C,0.35294117647058826,CC12CCC(C1)C(C)(C)C2O
CCCC1C=C(CC)N=C1NC,0.20930232558139536,CCCC1CC(=O)C=C(C)C1
CCC(C)(O)CC(C)C,0.3333333333333333,CC(C)C(C)(O)C(C)C
CCC=CCCNCCO,0.5652173913043478,CC/C=C\CCO
CCC=CCCCCCCCCCC,0.6363636363636364,CCCCCCCC=CCO
CCCC(=O)C(CC)C(C)O,0.375,CCCC(=O)C(=O)CCC
C=C(O)C1=CCCC=C1O,0.2,Oc1ccccc1
CCCC(C)CCOC(C)=O,0.6129032258064516,CC(=O)OCCC(C)CCC=C(C)C
CC1=CC(C)C(C)C=C1,0.3,CC1=CCC(C(C)C)C=C1
C=CC(C)(CCCC(C)C)CC(=O)Cc1ccccc1,0.47619047619047616,CC(C)CC(=O)Cc1ccccc1
CCCCCCOC(C)CCC,0.5714285714285714,CCCCCCOC(C)OCCC(C)C
OC1=CC2C=CCSC2CC1,0.17777777777777778,CC1=CC2OCC(C)C2CC1
CC(C)C1CCCC(c2ccccc2)C1,0.2972972972972973,CC(C)[C@H]1CC[C@H](C)[C@@H](O)C1
CCCc1ccccc1CO,0.48,OCc1ccccc1O
CCC1OC(C)C(O)C1O,0.2692307692307692,CCC1CCC(CC)O1
CC(C)C1CCSS1,0.23333333333333334,CC(C)C1CCC(CO)CC1
CC(C)CCC(CCC(C)C)C(C)C,0.4444444444444444,CC(C)CCC(C)O
CCC1CC2CCC1(C)C2(C)C,0.59375,CC1(C)C2CCC1(C)C(CC(=O)O)C2
CCOC(C)CC(C)C,0.47368421052631576,CCOC(C)OCC
C1=CN=CCC1,0.29411764705882354,C1=CCCC=C1
C=C(C)C(C)C(C)(C)c1ccccc1,0.3888888888888889,CC(C)C(=O)OC(C)(C)c1ccccc1
CCCC(CC)CCCSC,0.34615384615384615,CSCCCN
CC(C)C1C=CC=C2C=CCCC21,0.2682926829268293,C=C1C=CC(C(C)C)CC1
CCCC(C=S)c1ccccc1,0.38235294117647056,CCCC(O)Cc1ccccc1
CCCCCC(C)(C)C,0.4666666666666667,CCCCCCCCCC
CC(O)CC(C)CCOC(C)C,0.3076923076923077,CC(C)CCC(C)O
C=CCCCCCCCCCCC,1.0,C=CCCCCCC
CCOCC(C=O)Cc1ccccn1,0.41025641025641024,CCCc1ccccn1
C=CC(C)(C=O)CCC(C)C,0.3055555555555556,CC(CC=O)CCCC(C)(C)O
CC1CCC2C(CC(=O)C2C)C1,0.4411764705882353,CC1CCC2C(C1)OC(=O)C2C
CC1=CCCO1,0.32,CC1=CCC(=O)O1
C=CC(S)CCCC(C)(O)O,0.3125,C=CC(O)CCCC
C=CC(C)C(S)CC,0.3181818181818182,C=CC(C)O
CCC1(C)OCC(O)O1,0.3,CC1COC(C)(C)O1
CCCOC(C)OCCS,0.45161290322580644,CCCOC(C)OCCc1ccccc1
CC(C)C1CCCC1,0.45454545454545453,CC(C)C1CCC(CO)CC1
CC1CC(c2ccccc2)CCN1,0.21428571428571427,c1ccc(-c2ccccc2)cc1
CCCC(=S)CCC,0.4117647058823529,CCCC(=O)C(=O)CCC
CC(C)=CCCC1=CSCC(C=O)C1,0.29545454545454547,CC(C)=CCCC(C)CC=O
CCCC(=O)C=Cc1cccnc1,0.38461538461538464,CC(=O)c1cccnc1
CCCCC(CCC)OCO,0.38461538461538464,CCCCC(C)O
C=C(O)CCC(=O)C(CC(O)CCC(N)C(C)=O)C(C)C,0.2857142857142857,CC(C)C[C@H](N)C(=O)O
CCC1CCC(C)=CC1C,0.3611111111111111,CC1=CC2OCC(C)C2CC1
CCC1CCCC(C)S1,0.2692307692307692,CCC1SSC(CC)S1
OCCC1CCCCO1,0.38235294117647056,CC(=O)OCC1CCCO1
CCOC(O)C1=CCC=C1,0.27586206896551724,CCOC(C)OCC
CC1=CCC(CO)=C1,0.3055555555555556,C=C(C)C1CC=C(CO)CC1
CC1CCC(=O)CC1C,0.4074074074074074,CC1CCC(=O)OC1C
CCCCCC(CCCCC)CC(C)C,0.5,CCCCCCCCC(CO)CCCCCC
C=C(CCCC)CCCCCCC,0.4782608695652174,CCCCCCCC(=O)O
CCCCCC(CCC)CCC,0.5714285714285714,CCCCCCCCC(CO)CCCCCC
CC=CC(O)C1CCC(C)(C)CC1C,0.2391304347826087,CC(C)[C@@H]1CC[C@@H](C)[C@@]23CC[C@](C)(O)[C@@H]2[C@@H]13
CCCCNC(C)CCCC(C)C,0.3333333333333333,CC(C)CCCC(C)CCO
CCCCCCc1ccccc1,0.5294117647058824,CCCCCCCC(=O)OCCc1ccccc1
CC1CCC2CCC(=O)CC2C1,0.32432432432432434,CC1CCC2C(C1)OC(=O)C2C
CC1CCCC(C)C1C,0.23076923076923078,CC1CCC(=O)OC1C
C=CCC(C)CCc1ccccc1,0.3684210526315789,CC(C)C(=O)OCCc1ccccc1
CCCC(C)CC1=C(C)CCN1,0.25,CCCC(C)O
CC(Cc1ccccc1)C(N)=O,0.5333333333333333,NC(Cc1ccccc1)C(=O)O
CCC(CCCCO)Cc1ccccc1,0.45714285714285713,CCCC(O)Cc1ccccc1
CC1CCC=C(C(C)(C)C)C1,0.2682926829268293,CC(=O)SC(C)(C)C1CCC(C)CC1=O
CC1=CCC(NS)C=C1,0.45161290322580644,CC1=CCC(C(C)C)C=C1
COC1CCC(C=O)=CC1O,0.36585365853658536,C=C(C)C1CC=C(C=O)CC1
CC1CCC2C(=CC(C)N2C)C1,0.3142857142857143,CC1CCC(C(C)C)C(=O)C1
Cc1ccc(O)c(C(C)C)c1,0.68,Cc1ccc(C(C)C)c(O)c1
CCCCCC(C)C1CC=CC=C1N,0.2972972972972973,CCCCCC(C)O
CCC1(C)C(C)C(C)CC(C)C1C,0.21621621621621623,C[C@H]1CCC2C1C1C(CC[C@@]2(C)O)C1(C)C
C=C1CCCC(C)(C)C1C=CC(C)C,0.35555555555555557,C=C1CCC[C@]2(C)CC[C@@H](C(C)(C)O)C[C@@H]12
CCCC(=O)CC(CC(N)=O)C(N)=O,0.46153846153846156,CCCC(N)=O
CCCOC(C)(CS)CCC,0.23076923076923078,CCCCS
CCCCC1=C(C)CCC=C1,0.3333333333333333,CCCCCC1=C(C)CCC1=O
C=C1CCC(C)CC1,0.4782608695652174,C=C1CCC(C(=C)C)CC1
C=C1CCC2CCOCC2O1,0.3055555555555556,O=C1CCC2CCCCC2O1
CCCCCC(CC)Cc1ccccc1,0.48484848484848486,CCCC(O)Cc1ccccc1
CC1C(=O)C(O)C(C)C1C,0.23529411764705882,CC1CCC2C(C1)OC(=O)C2C
CCCCCCCN,1.0,CCCCCCN
OC(CSCC1C=C2C=CC=CC2C1)CC1=CC2CCCCC2CC1,0.18309859154929578,C=C1C=CC(C(C)CCC=C(C)C)CC1
CC(=O)CCC(C)C1CCC(C)CC1,0.3235294117647059,CC(C)C1CCC(CO)CC1
C=C(C)OCCCCCCC,0.6,CCCCCCCCCCOC(C)=O
CC=CC(=O)C1C(C)OCCC1(C)C,0.4634146341463415,C/C=C/C(=O)C1C(C)C=CCC1(C)C
C=C(C)C(C)C(C)C,0.2727272727272727,CC(C)C(N)C(=O)O
C=C(C)C1C=CC(C(C)C)C=C1,0.23076923076923078,C=C(C)C1C=CC(C)(OO)CC1
CCCC(=O)CS,0.4782608695652174,CCCC(=O)CC(=O)[O-]
CCC(C)Cc1ccccc1,0.4827586206896552,CCCC(O)Cc1ccccc1
CCC(C)CCC(C)O,0.5263157894736842,CC(C)CCC(C)O
COCCSC,0.43478260869565216,CSCCOC(C)=O
CCCC(CCC)c1ccc(C)cc1,0.4583333333333333,Cc1ccc(C(C)C)cc1
CCC(=O)C1CCCC1,0.43478260869565216,O=C(O)C1CCCCC1
C=CCCC=C=O,0.2857142857142857,C=CCCCCCCCC(=O)O
CCC(O)C(C)(C(C)C)C(C)C,0.3333333333333333,CC(C)C(C)(O)C(C)C
C=C(CC)CCC(C)CC,0.3225806451612903,CCC(C)CCCC(C)C=O
CC(O)C1CCC(O)C(O)C1,0.48148148148148145,CC(C)[C@H]1CC[C@H](C)[C@@H](O)C1
CC(CO)CC1C=CC2OCOC2O1,0.2127659574468085,CC(C)C1=CCC(CO)C=C1
CCC(C)C(O)OC,0.30434782608695654,CCCC(C)O
CC1CCOC1,0.3,CC(C)=CC1CC(C)CCO1
CC(C)CCCC(=O)C=Cc1ccccc1,0.4857142857142857,CC(=O)/C=C/c1ccccc1
CCCC(O)CCCCO,0.631578947368421,CCCC(O)CCC
C1=COCC(C2CC=CCC2)=C1,0.18604651162790697,O=C1CCCCC/C=C\CCCCCCCCO1
CCCCCOCCCCCC(OCC)OCC,0.5,CCCCCCCCCC(OC)OC
C=C(C)C(C)CC(C)=O,0.36,CC(=O)C(=O)CC(C)C
CCCOCSCCC,0.28,CCCCSSCCC
CCC1=C(OC)C=CC(C(C)O)C1,0.2926829268292683,CC1=CCC(C(C)C)C=C1
CC(C)CC1C=CC=C1,0.25,CC1=NC(CC(C)C)SC1C
CCCCCCCC=CC(C)=O,1.0,CCCCCC/C=C/C(C)=O
C=CC(C)CCCC,0.5416666666666666,C=CC(O)CCCC
CCC(=O)CCCOc1ccccc1,0.45714285714285713,CCCC(=O)Oc1ccccc1
C=CCCCCCCOC,0.5357142857142857,C=CCCCCCCCCOC(C)=O
O=C(CC1CCCCC1)c1ccccc1O,0.42424242424242425,O=C(O)c1ccccc1O
CC1(C)CCC2CC1C2(C)C,0.3333333333333333,CC1(C)[C@H]2CC[C@@]1(C)[C@@H](O)C2
C=C(C)CC(=O)OOC(C)C,0.3225806451612903,COC(=O)CC(C)O
CC(C)CC(=O)c1ccccc1,0.5333333333333333,CC(C)CC(=O)Cc1ccccc1
CC(CC=O)C1C=CC(C(C)(C)C)=CC1,0.3673469387755102,CC(C)=CCC[C@H](C)[C@@H]1C=CC(C)=CC1
CCCOCC(C)OC1CCCCC1,0.34210526315789475,CCCC(=O)OC1CCCCC1
CC1C=CSC1C,0.15384615384615385,C/C=C/C(=O)C1C(C)C=CCC1(C)C
CCOCC(C)CC,0.38095238095238093,CCC(C)CN
CC1(C)CCCC2CCC(C=O)CC21,0.2564102564102564,CC1CCCC(C)(C)C1=O
CCCC(C)CC(=O)CC,0.375,CC(C)CC(=O)CC(C)C
CCC=CC(O)O,0.36363636363636365,CC/C=C\CCO
CCCCC(CCC)CCC,0.45454545454545453,CCCCCCCCC(CO)CCCCCC
CCC(C)COC(C)C(C)O,0.32,CCC(C)CN
COC1C=CC(CS)C=C1,0.16666666666666666,COC(C)OC
CCCC(C)OC,0.4,CCCC(C)O
CCC1=CCC(OC)=C(C)C1,0.2222222222222222,CCc1cnc(C)cn1
C=C(C)C1CC2CCC1C2,0.4,C=C(C)C1CCC(C)CC1O
O=C(O)C1CCCS1,0.36,O=C(O)C1CCCCC1
CCC(C)C(O)CC(C)S,0.28,CCCC(C)O
C=CC(C)(C)CCC=C(C)C,0.6538461538461539,C=CC(C)(O)CCC=C(C)C
c1ccc(CCCC2CCCCC2)cc1,0.3939393939393939,O=C(O)CCCc1ccccc1
CC=CCCC(O)CCCCCCC,0.4838709677419355,C=CC(O)CCCCCCC
C=C(C=CC)C(N)C(C)C(C)C,0.32142857142857145,CC(C)C(N)C(=O)O
CCCC1=CC(CC)C(CC)C1,0.225,CCCC1CC(=O)C=C(C)C1
CCCCCCC(C)CCC=C(C)C,0.5862068965517241,CC(C)=CCCC(C)CCO
CCCC(CC(C)C)CC(O)C1C=C(C)C(C)CC1,0.2564102564102564,CCCC(C)O
CCCCC(=O)CCCOCC,0.4482758620689655,CCCCOC(=O)CCCC
CCC=CC(O)CCC,0.4090909090909091,CCCC(O)CCC
CCOC1C=CCCC1CC,0.21875,CCC1CCC(CC)O1
CC1=C(C)C(C)C(C)(C)C1,0.21875,CC1CCCC(C)(C)C1=O
C=CC(C)CCC,0.4,C=CC(O)CCCC
CC=CCCCSC,0.44,CC=CCCCCCCCC=O
C=CCCC(O)CCC,1.0,C=CCCC(O)CCC
CCC1=C(C)CCC1,0.2894736842105263,CCC(=O)C=CC1=C(C)CCCC1(C)C
Cc1cccc(C(C)O)n1,0.5217391304347826,Cc1cccc(C)n1
CCCC(=O)C(CC)C(C)C,0.391304347826087,CCCC(=O)C(=O)CCC
CCC1=C(C)COC=C1,0.24242424242424243,CCc1cnc(C)cn1
C=C(O)CC(C)CCCC(C)C,0.5,CC(C)CCCC(C)CCO
C=C(C)C1CC(C(C)C)C=CO1,0.28205128205128205,C=C1C=CC(C(C)C)CC1
CCCCCC(C)CCC,0.5238095238095238,CCCCCC(C)O
CC(C)=CCCC(C)CC(C)(C)C,0.5714285714285714,CC(C)=CCCC(C)CCO
CCCCCCCC(C)CC,0.5454545454545454,CCCCCCC(C)O
C=CCCC(C)CCc1ccccc1,0.3939393939393939,O=CCCc1ccccc1
COC1C=CC(C)=N1,0.20689655172413793,COc1ccc(C)cc1
CCC(C)C1=CCCS1,0.3142857142857143,CCC(C)c1nccs1
COCC=O,0.3157894736842105,CCCC=O
CC1(C)CCOCC1,0.24,CC(C)C12CCC(C)(CC1)O2
CCCCCC(=O)CCCC(C)O,0.625,CCCCCC(C)O
C=C(CC)C1OC1(C)CCC1C(C)=CCCC1(C)C,0.3269230769230769,C/C=C/C(=O)C1C(C)=CCCC1(C)C
CCCCCCCCCCCOCC(C)=O,0.5555555555555556,CCCCCCCCCCOC(C)=O
CC(C)CC(O)CCC(C)N,0.37037037037037035,CC(C)C[C@H](N)C(=O)O
CC(C)CCCC1CCCCC1,0.36363636363636365,CC(=O)OCCC1CCCCC1
CC=CC1C=CC(CC(C)NCC)=C(OC)C1,0.1935483870967742,CC(C)=CCC[C@H](C)[C@@H]1C=CC(C)=CC1
CC(O)CC(C)(C)C,0.35,CC(C)CCC(C)O
CCOCCC1=CCCC1,0.2571428571428571,CCOCc1ccccc1
CCCCC(CCCC)COCC,0.37037037037037035,CCCCCCCCC(CO)CCCCCC
CCC1C=CC=CC1,0.22727272727272727,C1=CCCC=C1
c1ccc(CCC2CCCC2)cc1,0.4074074074074074,NCCc1ccccc1
C=C(CCC)CCC(C)c1ccccc1,0.34210526315789475,CCCC(O)Cc1ccccc1
CCCOCCCCC(C)C,0.43333333333333335,CCCCCCOC(C)OCCC(C)C
C=C1CC(C)(CC)CO1,0.19444444444444445,C=C1C2CCC(C2)C1(C)C
C=CC(=C)CC,0.4166666666666667,C=CC(=C)CCC=C(C)C
CCCC(=O)CC(O)OCC,0.36666666666666664,CCCC(=O)CC(=O)[O-]
C=CCC=CCCC(O)CC,0.4666666666666667,C=CCCC(O)CCC
CC(=O)CC1CCC2C(C)(C)C3CC12CCC3C,0.26,CC1(C)C2CCC1(C)C(CC(=O)O)C2
CCC1CCCS1,0.28,CCC1CCC(CC)O1
CCCCCC1CCCOC1O,0.34146341463414637,CCCCCC1CCCC(=O)O1
C=CC=C(C)CCC=C(C)CC,0.4375,CC(C)=CCC/C(C)=C/CC/C(C)=C\C=O
CCc1ccc2ccccc2c1,0.4,CC(=O)c1ccc2ccccc2c1
CCCC(O)CCC(C)C,0.7058823529411765,CCCC(O)CCC
C=C(OCCC(C)C)C(C)C,0.4642857142857143,CC(C)CCOC(=O)CC(C)C
CCCCCC(C)CO,0.5652173913043478,CCCCCCCCC(CO)CCCCCC
CC(C)CCCN,0.391304347826087,CC(C)CCCC(C)CCO
C=CC(C)CCCCC,0.56,C=CC(O)CCCCC
CCCCCC(C)Cc1ccccc1,0.5,CCCC(O)Cc1ccccc1
CCCC(C)CC(CC)CCCO,0.3548387096774194,CCCCCCCCC(CO)CCCCCC
CC=CCC,0.3684210526315789,CC/C=C\CCO
CC(C)CC1CC(CC(C)C)NC(CC(C)C)C1,0.2222222222222222,CC(C)CC(=O)CC(C)C
CC1CC(CS)C(=O)C1O,0.2222222222222222,CC1=C(O)C(=O)C(C)O1
CCCOCCCCCCCCCCCCCCCC(C)=O,0.6,CCCCCCC(C)=O
C=CCOC(O)CC,0.4482758620689655,C=CCOC(=O)C(CC)CC
CCC1=CC=CC1,0.3076923076923077,CC1=CC=CCC1
C=C(CC)C(O)c1ccccc1,0.41935483870967744,O=C(c1ccccc1)C(O)c1ccccc1
CC(C)CCCC1CCC(C)(CO)CC1,0.3142857142857143,CC(C)CCCC(C)CCO
Cc1cccc(CCC(C)C)c1,0.3055555555555556,CC(C)CC(O)Cc1ccccc1
CCC(C)CC(=O)OC,0.5833333333333334,COC(=O)CC(C)O
CCCCC1=CC=CC1,0.3055555555555556,CCCCCC1=CCC(=O)O1
C=C1CCCC(C)(C)C1C(=O)CC,0.37777777777777777,C=C1CCC[C@]2(C)CC[C@@H](C(C)(C)O)C[C@@H]12
CC(O)OCCCc1ccccc1,0.5428571428571428,CCCCOC(C)OCCc1ccccc1
C=CCCCOCCCCCCCCCC,0.6521739130434783,C=CCCCCCC
CCC(CC)C(C)C,0.35294117647058826,CCC(C)SSC(C)CC
CCC(C)C1=C(C)OCCC1,0.3125,CC1=C(S)CCO1
CCC(C)CC1CCCC1,0.3333333333333333,CCC(C)CN
CCCC(C)N,0.4444444444444444,CCCC(C)O
CCc1cccc(C)c1,0.3103448275862069,CCOCc1ccccc1
C=CCC1=CC(OC)C(OC)=CC1,0.3191489361702128,C=CCc1cc(OC)c2c(c1OC)OCO2
CC1CCCC(C)(C)C1C=O,0.3333333333333333,CC1CCCC(C)(C)C1=O
CCOC(C)CC1(C)CCC(C)C1,0.28125,CCOC(C)OCC
CC(C)=CCCc1ccco1,0.5483870967741935,CCCCc1ccco1
CC(Cc1ccccc1)OCc1ccccc1,0.5517241379310345,CC(C)COC(Cc1ccccc1)OCC(C)C
CCC1CCc2ccccc21,0.2619047619047619,CCCCC1OC(=O)c2ccccc21
CSCOSC,0.23076923076923078,CSCCOC(C)=O
CCCCCCCCCCC1CCC(C)O1,0.45714285714285713,CCCCCCCC1CCC(=O)O1
CCC(C)C(C)S,0.3157894736842105,CCC(C)SSC(C)CC
CCC(O)C(C)S,0.3333333333333333,CCCC(C)O
CC1=CC(C)C(C=CC(C)O)C(C)C1,0.24,CC1=CC2C(C(C)C)CCC(C)C2(O)CC1
CCCCCCCCC(C)C,0.6,CCCCCCC(C)O
CCCOC1C=CCC1,0.23684210526315788,CCCC(=O)OC1CCCCC1
CC=CC(C)OC(C)(C)Cc1ccccc1,0.4864864864864865,CC(C)(Cc1ccccc1)OC=O
CC(=O)CCC1CCC(C)CC1C,0.358974358974359,C=C(C)[C@@H]1CC[C@@H](C)C[C@H]1OC(C)=O
CC(C)OCCC(C)c1ccccc1,0.36666666666666664,COC(OC)c1ccccc1
CCCCCCCOC(O)CCc1ccccc1,0.5384615384615384,CCCCOC(C)OCCc1ccccc1
CCc1ccc(CO)cc1OC,0.6129032258064516,COc1cc(CO)ccc1O
CC1C=CCC(C)C1,0.1875,CC(C)[C@@H]1CC[C@@H](C)C[C@H]1O
C=CCCCCCCCC(=O)CCC,0.5714285714285714,C=CCCCCCCCC(=O)O
CSC=CC(C)C,0.2222222222222222,CC(C)SSC(C)C
C1CSCCSC1,0.6666666666666666,C1CSCCS1
C=CCCNCCSCC=C,0.2962962962962963,C=CCSSSCC=C
CCCCC(O)C1=CC=CC1,0.3793103448275862,CCCCC(C)O
CC(=O)CCC(=O)C(C)CCOO,0.3333333333333333,CCCCOC(=O)CCC(C)=O
CCC(C)C,0.42857142857142855,CCC(C)SSC(C)CC
CCC(C)CC(C)C(C)O,0.36363636363636365,CCC(C)CN
CCC(C)C1CCC(C)C(C)=N1,0.34210526315789475,CCC(C)C1CCCCC1=O
CC=CCCCC,0.5,CCCCC=CC=O
CCC(C)CCC(C)C1=CCC=CC1C,0.23809523809523808,CCC(C)CCCC(C)C=O
C=CCC(C)c1ccccc1,0.48484848484848486,C=CCC(C(=O)[O-])c1ccccc1
C=C(CCCCCC)OCC=O,0.4857142857142857,C=CCOC(=O)CCCCCCC
CC(C)CCCC(C)CC1CC(C)CC(C)(C)C1,0.32432432432432434,CC(C)CCCC(C)CCO
C=C(CC)CCCC(C)C,0.35714285714285715,CC(C)CCCC(C)CCO
CCCC(C)C(=O)CC,0.42857142857142855,CCCC(O)CCC
CC(O)S,0.5,C[C@H](O)[C@@H](C)O
CCC(C)CCCC(C)OCC=C(C)C,0.4,CCC(C)CCCC(C)C=O
CCC(C)(C=O)SC1C=CC=C1,0.20512820512820512,CC(C)(CC=O)c1ccccc1
C=CCCCC1CCCC(=O)C1,0.5128205128205128,C=CCCCC1CCCC(=O)O1
COC1C=C(C(C)C)C=CC1C,0.3157894736842105,CC(C)C1=CCC(CO)C=C1
CCCCC(O)CCCc1ccccc1,0.53125,CCCC(O)Cc1ccccc1
CCCCC1CCC(C)O1,0.38461538461538464,CCC1CCC(CC)O1
COC(C)C1CCCC=C1NCC1CCC(C)CC1C,0.22807017543859648,CC(=O)OC1CC(C)CCC1C(C)C
CNC(C)CC(C)O,0.3181818181818182,CC(C)CCC(C)O
CC1C=CC2=CC=CCC21,0.24242424242424243,CC1=CC=CCC1
CC(C)C1CCC(C)(C)CC1C,0.35135135135135137,CCC1OC(C)(CC)CCC1C(C)C
C=C(CC)CCCCC,0.4782608695652174,CCCCCC(=O)CC
CC1CCC(CCCCCO)OC1,0.2903225806451613,CCCCCCCCO
CCCCC(CCC)C(C)C,0.45454545454545453,CCCCC(C)O
CC(OCC=Cc1ccccc1)c1cccnc1,0.4444444444444444,CC(C)C(=O)OC/C=C/c1ccccc1
CCCC(O)C(CC)CCC,0.45,CCCC(O)CCC
CC(C)=CCCC(C)C(C)C,0.6086956521739131,CC(C)=CCCC(C)O
CCCOC(O)CC,0.32,CCCCC(O)CC
C=CC1=NC=CNC1,0.2,C=CCc1ccc2c(c1)OCO2
CC1Cc2ccccc2CC1C,0.26666666666666666,O=C1CCc2ccccc2O1
CCC=CCCCC(=O)C1C=CC=CC1C,0.4722222222222222,CC/C=C\CCCC(=O)O
C=C(CCCCCCCC)OC,0.5384615384615384,CCCCCCCCCC(=O)OC
C=C(COOC(C)=N)c1ccccc1,0.3333333333333333,CC(=O)c1ccccc1
CC(C)C(O)OCCCc1ccccc1,0.5135135135135135,CCCCOC(C)OCCc1ccccc1
C=C(CCOCCCC)OCCC(C)C,0.47368421052631576,CCCCCCCCCCCC(=O)OCCC(C)C
C=C1C(O)C(C)CCC1C(C)C,0.3939393939393939,CC1CCC(C(C)C)C(=O)C1
CCCCCCCCCC(C)CCC,0.5454545454545454,CCCCCCC(C)O
C=CC(C)=N,0.3181818181818182,C=C/C(C)=C/CC=C(C)C
CCCCCCCCCOC(C)C,0.5769230769230769,CCCCCCOC(C)OCCC(C)C
C=C(CCC)CCSC,0.2916666666666667,CCCC(=O)C(=O)CCC
CCC(=O)C(C)CC,0.55,CCC(C)C(=O)O
CCCC1CCC(O)O1,0.4,CCC1CCC(CC)O1
CCCC(CCC)C1=CCC=CN1,0.23333333333333334,CCCC(O)CCC
COC(O)CCC(C)C,0.5,CC(C)CCC(C)O
CCCC=CC(CC)CO,0.44,CCC/C=C/CO
C=C(O)CC(C)CCC,0.391304347826087,CCCC(C)O
CC(=O)C1CCCC1,0.5,O=C(O)C1CCCCC1
CC(C)CCCCCS,0.4,CCCCCS
CSC=CCC1NCC(=O)C1C,0.20512820512820512,CC1OCCC1=O
CCC(=O)CCSOC(=O)OC,0.3548387096774194,CCCCCC(=O)CC
C=C(C)C(C)C,0.3333333333333333,CC(C)C(=O)O
CCCCC(S)CC,0.45454545454545453,CCCCC(O)CC
CC(C)CCC(CO)CC(C)O,0.5,CC(C)CCC(C)O
CCOCCCCC(C)CC,0.4,CCC(C)CCCC(C)C=O
CCOC(O)CC(C)CCCC(C)C,0.4444444444444444,CCOC(CC(C)CCCC(C)(C)O)OCC
C=C(C)C=CC1C(C)CCOC1(C)C,0.2564102564102564,C=C(C)C1CCC(C)(O)CC1
SC(Cc1ccccc1)OCCc1ccccc1,0.5,CCCOC(C)OCCc1ccccc1
NCCCCCCC=CCO,0.5833333333333334,CCCCCCCC=CCO
CCSC(O)C(C)OCO,0.25925925925925924,CCOC(C)OCC
CCCN(C)CCC(C)O,0.5,CCCC(C)O
CCCSCC(C)C,0.3181818181818182,CC(C)CCSSCCC(C)C
C=CC(C)(CCC=C(C)C)CC(=O)c1ccccc1,0.5869565217391305,C=CC(C)(CCC=C(C)C)OC(=O)c1ccccc1
C=C(C)C(=O)CCC(C)C,0.38461538461538464,CC(=O)C(=O)CC(C)C
CC1CCC2C=CC=CC12,0.2631578947368421,CC1=CCC(C(C)C)=CC2C(C)CCC12
CCCC(CCC)CCC,0.4666666666666667,CCCC(O)CCC
C=C(OCC)C(C)CCC(C)CCC,0.32142857142857145,CCCC(O)CCC
CCCC(=O)C(C)C1C=CC=CC1,0.28888888888888886,CCCC(=O)C(CC)Cc1ccccc1
CC1=C(O)CC(C(C)C)=CC1,0.4482758620689655,CC1=CCC(C(C)C)=CC1
CCCCC(C)C(C)CC,0.47619047619047616,CCCCC(C)O
C=C(O)CCC,0.4444444444444444,CCCC(=O)O
C=CC1=CC(CC)C=C1,0.2,C=CC(O)CCCC
CNC1CC=CS1,0.15789473684210525,CC1=CCC(CCO)C1(C)C
C=C(CCC)CCC1=CC=S(C)OC1,0.22,CCCC(=O)OCCc1ccccc1
CC(C)C(O)COCc1ccccc1,0.5185185185185185,c1ccc(COCc2ccccc2)cc1
CCC1C=C(CO)CC1,0.3888888888888889,C=C(C)C1CC=C(CO)CC1
CCC1C=NC(C)=C(C)O1,0.2222222222222222,CCc1nc(C)cnc1C
CCCCOCC(CC)CC(C)=O,0.40625,CCCCOC(C)=O
CC1CCC2(CC1)C(C)CCC2C(C)(C)C,0.20930232558139536,CC(C)[C@@H]1CC[C@@H](C)[C@@]23CC[C@](C)(O)[C@@H]2[C@@H]13
CCCCC(O)C(C)CC(C)(C)CC,0.42857142857142855,CCCCC(C)O
NCC1C=CC(C=O)C1,0.17073170731707318,CC1(C)C2CC=C(C=O)C1C2
CCCCCCCCCC(=O)CCC,0.7142857142857143,CCCCCCC(=O)CC
CCC(C)C1CCC(C)(C)C1,0.2972972972972973,CCC(C)C1CCCCC1=O
CC(C)C1(C)CCC23CC1C(C)(C)C2CCC3C,0.275,CC(C)C12CCC(C)(O)C1C2
CCCCCC=CCCC(CCC)CCC,0.5384615384615384,CCCCCC=CCCC=O
CCCOC(C)CCC1CC=CCC1,0.2608695652173913,CCCOC(C)OCCc1ccccc1
CC1=CC=CC1CS,0.1935483870967742,CC1=CC=CCC1
CCC(=O)CCc1ccco1,0.53125,CCCCc1ccco1
CCC(CCC1C(C)CCCC1(C)C)CC(C)=O,0.23404255319148937,CC1CCCC(C)(C)C1=O
CCCCCCC1CC(CS)CO1,0.375,CCCCCCCC1CCC(=O)O1
C=C(CCC)CCCO,0.45,CCCCO
CCC(=O)CCCCCOOC,0.5555555555555556,CCCCCCC(=O)CC
CCCCCOC(C)C(C)CC,0.4666666666666667,CCCCCCOC(C)OCCC(C)C
CC(C)COC(C)Oc1ccccc1,0.5161290322580645,CC(C)COC(Cc1ccccc1)OCC(C)C
CCCOCC,0.2916666666666667,CCOCc1ccccc1
CCC1=COC(C)O1,0.2222222222222222,CCc1nccnc1CC
CC1CC(C)OC(C)C1,0.3333333333333333,CC1COC(C)O1
CCCCC(CC)CCC(O)C(CC)CCCC,0.42857142857142855,CCCCC(O)CC
CSCC1OCC(C)CC1C,0.21951219512195122,CC1=CC2OCC(C)C2CC1
CC1CC(C)C(C)C1,0.2916666666666667,C=C(C)C1CCC(C)CC1O
CCC1(C)C2(C)CCCC1(C)CC2,0.25925925925925924,CCOC1(OCC)CCCCC1
CCCCC(C)CCO,0.6363636363636364,CC(C)CCCC(C)CCO
CCCCCC(C)CCCC(S)CCC,0.4074074074074074,CCCCCC(C)O
COC1=CC(C=O)=CCC1CC(=O)C(C)C,0.2777777777777778,CC(=O)OCC(C)C1CC=C(C)CC1
CCCOCCC(=O)CO,0.35714285714285715,CCCCCC(=O)CC
COCCC(O)C(C)O,0.3157894736842105,C[C@H](O)[C@@H](C)O
COC(O)C1=C(C)CCOC1,0.22857142857142856,CC1=C(S)CCO1
CCCC=CCCC(C)C,0.45454545454545453,CCC/C=C/CO
CCCCCCCC1SC1CC,0.4,CCCCCCCCCC
CC1=CCCC1,0.39285714285714285,CC(C)=C1C/C=C(\C)CC/C=C(\C)CC1
COC(C)C1=C(C=CC2CCC(CCC=C(C)C)CC2)CCC=C1,0.296875,C=C1C=CC(C(C)CCC=C(C)C)CC1
C1=CCC(CC2=CCCCC2)C=C1,0.24324324324324326,O=C1CCCCCCCC=CCCCCCCC1
CCC(C)CCC(C)OCCC(C)C,0.40625,CCCCCCOC(C)OCCC(C)C
CCCCSCC(C)OC,0.3333333333333333,CCCCCCCCCC(OC)OC
CCCCOC(C)CCC(C)CC,0.3939393939393939,CCCCCCOC(C)OCCC(C)C
CC1CCC=CC1C=O,0.21875,O=COC1CCCCC1
CC(C)CC1CCC(S)CO1,0.26666666666666666,CCC1CCC(CC)O1
CCc1ccc(C=CC(C)C)cc1,0.3125,CC(C)c1ccc(CO)cc1
C=CCC1C=C(O)C(OC)CC1,0.27906976744186046,C=CCc1cc(OC)c(O)c(OC)c1
CC(C)CCC(=O)CCC(C)O,0.5238095238095238,CC(C)CCC(C)O
C=C(O)C1C=C(O)C(S)=CC1,0.24390243902439024,C=C(C)[C@H]1CC=C(C)C(=O)C1
CC(CO)CCC1C(C)CCCC1(C)C,0.25,CC(C)[C@@H]1CC[C@@H](C)[C@@]23CC[C@](C)(O)[C@@H]2[C@@H]13
CCCCCC1CCC(=O)C1C,0.4878048780487805,CCCCCC1C(=O)CCC1CC(=O)OC
CCOC1CC=CC=C1CC,0.22857142857142856,CC1=CC=CCC1
CCCC=C1CC2C(CC1C)C2(C)C,0.28205128205128205,CC1=CCC2C(C1)C2(C)C
CCCC(=O)C(=O)OCC,0.55,CCCC(=O)C(=O)CCC
Cc1ccc(C(C)C)nc1,0.4,Cc1ccc(C(C)C)cc1
CC(C)CC(O)O,0.3888888888888889,CC(C)CCC(C)O
C=C1C=C(C)C(=C)C(C)(C)C1,0.23076923076923078,Cc1cnc(C)cn1
CCC(C)(OO)C(C)C,0.3181818181818182,CC(C)C(C)(O)C(C)C
CCCCOC(C)CCCOC,0.3939393939393939,CCCCCCOC(C)OCCC(C)C
CCCCOC(C)CCc1ccccc1,0.6764705882352942,CCCCOC(C)OCCc1ccccc1
CCCc1cc(C=O)ccc1O,0.5277777777777778,CCOc1cc(C=O)ccc1O
CCCOCOCCCCCCC(C)C,0.4375,CCCCCCOC(C)OCCC(C)C
CCC(=O)C(C)CCC1C=CC=C1,0.28125,CCC(C)C(=O)O
CCC1CCC(C)CC1(C)C,0.2564102564102564,CCC1OC(C)(CC)CCC1C(C)C
CC(C)CCCc1ccccc1,0.4482758620689655,O=C(O)CCCc1ccccc1
CCCC(C)C(C)NC(C)COC,0.27586206896551724,CCCC(C)O
C=C(CCCCC)OC(C)C,0.42857142857142855,CC(C)OC(=O)CCCCC(=O)OC(C)C
C=CCCC(=C)C(C)C,0.39285714285714285,C=CCCC(=O)OC
CCCCCCCOC(=O)OC(C)C,0.5517241379310345,CCCCCCCCCCOC(C)=O
CC(=O)OC1=CC2CC1C1CCCC21,0.28205128205128205,CC(=O)OC1CCCCC1
O=C1CCCCCO1,0.8333333333333334,O=C1CCCCCCCCCCCC(=O)OCCO1
CC(=O)C(S)CC(=O)O,0.45454545454545453,CC(C)CC(=O)O
CC1=CC(O)CC1,0.375,CC1=CC2OCC(C)C2CC1
CC1CCCC2(C)CCC(C(C)(C)O)CC12,0.5,C=C1CCC[C@]2(C)CC[C@@H](C(C)(C)O)C[C@@H]12
CCOC(=O)C1=CC=C(C)CC1C,0.29411764705882354,CCOC(=O)CC(=O)OCC
CC(CO)C(C)CS,0.24,N[C@@H](CS)C(=O)O
OCCc1ncco1,0.27586206896551724,OCCc1ccccc1
CC(O)CC(C)(C)Cc1ccccc1,0.5172413793103449,CC(C)(O)Cc1ccccc1
CCCCC(CC=N)SC,0.3125,C=CC(O)CCCC
CC1CCC(C)N1,0.23809523809523808,CC1COC(C)O1
CCC1CCOC1C,0.32,CCC1CCC(CC)O1
C=CCCC(C)C(C)CC,0.4444444444444444,C=CCCC(O)CCC
CC1CC(=O)C(O)C1C,0.30303030303030304,C=C(C)C1CCC(C)C(=O)C1
CCCC(C)SCC(=O)C(C)CCC,0.3333333333333333,CCCC(O)CCC
CC1=C(N)C(N)C(O)C(C(O)CC2CCCCC2C)=C1S,0.17857142857142858,CCC(C)C1CCCCC1=O
CCC(C)(CCc1ccccc1)CC(C)C,0.48484848484848486,CC(C)(O)CCc1ccccc1
CC(C)CCCC1C=CCC=C1,0.28125,CC(C)CCCC(C)CCO
CC(C)CCC(C(C)C)C(C)CC(C)C,0.34782608695652173,CC(C)CCC(C)O
CC(=O)C1=CC(C)=CC1,0.3103448275862069,CC(=O)c1ccc(C)cc1
C=CC(C)C1CCC(C)CC1,0.2916666666666667,C=CC(C)O
C=C(C)C(C)CC,0.42857142857142855,CCC(C)C(=O)O
CCC1CC(C)CC(C)C1,0.2608695652173913,CCC1CCC(CC)O1
CCC(C)C(S)CCCC(C)C,0.35714285714285715,CC(C)CCCC(C)CCO
Cc1cc2c(cc1C(C)C)C(C)(C)CC(C)C2(C)C,0.24444444444444444,CC1=CCC(CCO)C1(C)C
C=C(C=CO)NCCc1ccccc1,0.3870967741935484,OCCc1ccccc1
C=CCC(CC)CCC,0.39285714285714285,C=CCCC(O)CCC
CC(C)=CCCC(C)CCCC(=O)c1ccccc1,0.5208333333333334,CC(C)=CCCC(C)CCOC(=O)Cc1ccccc1
CCCCC(CC)C1CCCO1,0.30303030303030304,CCCCC(O)CC
COCCCCC(C)=O,0.5217391304347826,CCCCCC(C)=O
CCCC(C)CCc1ccccc1,0.48484848484848486,CCCOC(C)OCCc1ccccc1
C=CCCC(C)C(C)C,0.4230769230769231,C=CCCC(O)CCC
CCC1CCC(C)N1O,0.25925925925925924,CCC1CCC(CC)O1
CCNCCCCCC(O)CC(C)C,0.34375,CCCCCCC(C)O
C=CC(=O)CCO,0.5,C=CC(=O)CCCCC
CC(N)CCC1C=CC(C)CC1,0.21428571428571427,CC(C)C1=CCC(CO)C=C1
CCCCCC1C(C)CCC1CC(=O)OC,0.5454545454545454,CCCCCC1C(=O)CCC1CC(=O)OC
CC(O)CC1CCCCCCOCCCC1,0.2894736842105263,CC(=O)OCCC1CCCCC1
OCOC1CCCCS1,0.2571428571428571,CCC(=O)OC1CCCCC1
CCCOCCCCCC(C)CC,0.375,CCC(C)CCCC(C)C=O
CC(CC1CCCCC1)CN1C=CCC=C1,0.23255813953488372,CC(=O)OCCC1CCCCC1
CCSCCCCCCO,0.47619047619047616,CCCCCCCCO
CC1CCC(C(C)O)C1,0.42857142857142855,CC(C)[C@@H]1CC[C@@H](C)C[C@H]1O
CC(C)CC(O)CCO,0.4,CC(C)CCCC(C)CCO
CC(O)OC1CCCC1C,0.2647058823529412,CC(C)[C@H]1CC[C@H](C)[C@@H](O)C1
CCC1CC(C)CC=C1C(C)C,0.25,CC(C)C1=CCC(CO)C=C1
CC(C)CC(O)c1ccccc1,0.5172413793103449,CC(C)CC(O)Cc1ccccc1
C=CC1CCC(OCC)C(OC)C1,0.21052631578947367,C=CC(=O)OCC
CCC1CCC(C)C1,0.35714285714285715,C=C(C)C1CCC(C)CC1O
CC1CCC2CCC(S)CC2C1,0.28125,CC(C)[C@@H]1CC[C@@H](C)C[C@H]1O
CC1=CC2COCC2C=C1,0.29411764705882354,CC1=CCC(C(C)C)C=C1
CCC1C=CC(C)CC1,0.2692307692307692,CCC1CCC(CC)O1
CCCCCCCCCC(C)C(CCC)CCC,0.5,CCCCCCC(C)O
CC1CCCC(C)C1,0.32,CC(C)[C@@H]1CC[C@@H](C)C[C@H]1O
CCCC(O)CCOC,0.631578947368421,CCCC(O)CCC
CC=C(C)C(=O)OCCCc1ccccc1,0.8181818181818182,C/C=C(\C)C(=O)OCCc1ccccc1
C=CC(C)CCCC(C)CCCC(C)C,0.5,CC(C)CCCC(C)CCO
C=C(CCCCCCCCC)CC(C)=O,0.6,CCCCCCC(C)=O
CC(CO)CCCC(C)CCC=O,0.43333333333333335,CC(C)CCCC(C)CC=O
C=C1C(C)=CCCC1C(C)C,0.34146341463414637,C=C1/C=C\C(C(C)C)CC/C(C)=C\CC1
CCSC1=C(C)CCC(OC)C1,0.24444444444444444,C=C(C)C1CCC(C)=C(C=O)C1
CCC(=O)C1C=CC=C1,0.3333333333333333,CCC(=O)O
CCc1ccccc1OC,0.48,COc1ccccc1C
CCCCCCCCOC(=O)CCc1ccccc1,0.7777777777777778,CCCCCCCC(=O)OCCc1ccccc1
CC1CCSC(C2C=CCCC2)O1,0.18421052631578946,CC1COC(C)O1
CC1(C)C2CCC(C2)C1(C)C,0.4166666666666667,CC1(C)[C@H]2CC[C@@]1(C)[C@@H](O)C2
C=C1CC(CC)C(C)C1O,0.2222222222222222,C=C(C)C1CCC(C)CC1O
CSOC(C)C(C)CCO,0.3,CC(C)CCCC(C)CCO
C=CCC1=CC(CC)C(CC(=O)CC(C)C)C=C1,0.3,CC(C)CC(=O)CC(C)C
CC(C)COC=Cc1ccccc1,0.425,CC(C)CC(=O)OCC=Cc1ccccc1
CC(C)C=CC(C)C,0.26666666666666666,C=CC(C)O
CC(=O)CC1CC2CCC1(C)OC2(C)C,0.5277777777777778,CC1(C)O[C@]2(C)CC[C@H]1C[C@@H]2O
CCOCCC(=O)OC,0.5217391304347826,COC(=O)CCCCC(=O)OC
C=CC=CC=C,0.23076923076923078,C=CCS
CCCC(C=O)CC(C)CC,0.43333333333333335,CCC(C)CCCC(C)C=O
CCCC(CCC)SC,0.3684210526315789,CCCC(O)CCC
CCc1ccc2c(c1)OCC2,0.3,C=CCc1ccc2c(c1)OCO2
O=CC1=CCC2OCCC2=C1,0.2857142857142857,CC1OCCC1=O
CC1OCC2CC1C2(C)C,0.375,CC1C(=O)CC2CC1C2(C)C
CCCC(O)CC(CC)CCC(C)C,0.4583333333333333,CCCC(O)CCC
CCC(C)C(O)CCC(C)C,0.47619047619047616,CC(C)CCC(C)O
CC(=O)Cc1ccc(CCC(C)O)cc1,0.5,COc1ccc(CC(C)=O)cc1
CC(C)CC1CCCCC1C,0.2857142857142857,CC(C)CC(=O)OC1CCCCC1
C=CC(C)(C)OCC=C(C)C,0.41935483870967744,C=CC(C)(O)CCC=C(C)C
CC1CCC(C)(C(C)C)CC1,0.3,CC(C)[C@@H]1CC[C@@H](C)C[C@H]1O
CCCCCCC(O)OO,0.5416666666666666,CCCCCCC(C)O
C=C=CCC=C,0.2777777777777778,C=CCS
CCC1C=CC=C1,0.23809523809523808,CCC1SSC(CC)S1
CC(=CCCC=O)CCCC(C)C,0.5294117647058824,C/C(=C\CO)CCC[C@H](C)CCC[C@H](C)CCCC(C)C
CCC(S)C(O)OCCc1ccccc1,0.5135135135135135,CCCOC(C)OCCc1ccccc1
CC1OCCC(C)(C)C1C=O,0.24242424242424243,CC1OCCC1=O
CC1CC(C)(C)CC(=O)C1O,0.2777777777777778,CC1C(=O)CC2CC1C2(C)C
CCCCCCCC(=O)C(C)C,0.5416666666666666,CCCCCCCC(=O)O
CCOC(N)C(C)C,0.47368421052631576,CCOC(C)OCC
CC(C)C1CCC(OO)CC1,0.46153846153846156,CC(C)C1CCC(CO)CC1
CC1=CC=CC(O)C1C,0.2647058823529412,CC1=CC(O)C2CC1C2(C)C
NCCC1C=CC(O)=CO1,0.17647058823529413,NCCc1ccccc1
CC(C)OC(C)S,0.23529411764705882,COC(C)OC
CCCC(C)C(C)SC,0.36363636363636365,CCCC(C)O
CCCCCCCCC(C)CC,0.5454545454545454,CCCCCCC(C)O
CCCCC1=CC=CCC1,0.41379310344827586,CC1=CC=CCC1
CCCCSC1=CCC=C1C,0.3103448275862069,CCCCSSCCC
CCCCOCCC(=O)CCC,0.5,CCCCOC(=O)CCC
CCC(C)C(S)CC,0.3684210526315789,CCC(C)SSC(C)CC
C=CC(C)(C)CCCC(C)C,0.39285714285714285,CC(C)CCCC(C)CCO
OCCCCCCCO,0.6153846153846154,CCCCCCCCO
CCCC1=C(C(=O)CC)C=CCC1,0.3,CCC(=O)C1=NCCC1
C=CCCCCCCCC(C)O,0.52,CCCCCCC(C)O
C=C(OC(CC)CCCCC)C(C)=CC,0.4864864864864865,CCCCCC(CC)OC(=O)CCC
O=CC1C=CCC1,0.25,O=COC1CCCCC1
CC(O)CC(O)OC1CC(C)CCC1C(C)C,0.5128205128205128,CC(=O)OC1CC(C)CCC1C(C)C
CCOCCCCCC(O)C(C)CC,0.34375,CCCCCCC(C)O
CC1CC(C)NC(C)C1,0.21739130434782608,CC1COC(C)O1
CCC(C)C1CCCCCCCCCCO1,0.3611111111111111,CCC(C)C1CCCCC1=O
COCO,0.2727272727272727,COc1ccc(CO)cc1
C=C(CC)CCCCCCCCC,0.5,CCCCCCC(=O)CC
CCC(C)CCCCCCCCCCCCCO,0.45454545454545453,CCCCCCCCO
CCCCC(CC)CCCO,0.5,CCCCO
Cc1ccn(C(C)C)c1,0.3076923076923077,Cc1ccc(C(C)C)cc1
C=CCCC(C)C(CC)CC,0.42857142857142855,C=CCCC(O)CCC
C=CCCCNC,0.43478260869565216,C=CCCCCCC
CC(C)CCCC(CCCC(C)C)CC(C)C,0.4166666666666667,CC(C)CCCC(C)CCO
C=C(CC)C(C)CCCCCC,0.5,CCCCCCC(C)O
CCCC(C)CCC(C)CC,0.4,CCC(C)CN
CCCCCCCCC(=O)CCC,0.7142857142857143,CCCCCCC(=O)CC
COC(O)C=C(C)C,0.25925925925925924,CC(C)=CCCC(C)O
CCC(C)CC1C=CC2C3C=C(CC3)C12,0.23404255319148937,CCC(C)C1CCCCC1=O
CCCCCCCCC(CC(C)=O)C(C)CCC,0.41935483870967744,CCCCCCC(C)=O
CCCCCCCCCCCCCCCC(C)O,1.0,CCCCCCC(C)O
CCC(CC)CCCCCCSC,0.36,CSCCCN
C=Cc1cccnc1,0.3548387096774194,CC(=O)c1cccnc1
c1ccc2c(c1)CCCC2,0.34615384615384615,O=C1CCc2ccccc2O1
CCCCCCCCCC(O)CC,0.7894736842105263,CCCCC(O)CC
CCC1=C(C)C(OC)CC(C(C)C)=C1,0.2682926829268293,CC1=CCC(C(C)C)C=C1
CCCC1=COCO1,0.2702702702702703,CCCCCC1=CCC(=O)O1
CCC1C=CC(C)=CC1CC,0.2727272727272727,CC1=CCC(C(C)C)C=C1
CCC(O)SCC1C(C)CCCC1(C)C,0.23255813953488372,CC1CCCC(C)(C)C1=O
CCCCCCCCC(C)C1C=CC=CC1,0.35294117647058826,CCCCCCC(C)O
CCCC(C)OCC(C)C,0.34782608695652173,CCCC(C)O
CC(C)CCCC(C)CCCC(C)C,0.7222222222222222,CC(C)CCCC(C)CCO
OC1CCCCCCCCC1,0.3684210526315789,O=C(O)C1CCCCC1
CCCC=C(C)CCCC(C)C,0.5625,C/C(=C\CO)CCC[C@H](C)CCC[C@H](C)CCCC(C)C
CCC1=CC(OS)C(CC)CC1,0.2222222222222222,C=C(C)C1CC=C(CO)CC1
CC(C)C1CC(c2ccccc2)CCO1,0.2682926829268293,C(=C/C1OCCO1)\c1ccccc1
CCOC1C=CCC=C1CC,0.18604651162790697,CC1=CCC(CCO)C1(C)C
CCCC(CCC)SS,0.35,CCCC(O)CCC
CCC(C)(O)CCCC(C)C(C)O,0.3333333333333333,COC(CC(C)CCCC(C)(C)O)OC
CCCC=CCC(C)O,0.4782608695652174,CCC/C=C/CO
CC1C=C(O)C(C(C)C)=CC1,0.325,CC1=CCC(C(C)C)=CC2C(C)CCC12
CC(=O)NCC(C)C,0.38235294117647056,C/C=C/C=C\CC/C=C/C(=O)NCC(C)C
C=CCCc1ccc(C)cc1,0.36666666666666664,Cc1ccc(CC(=O)O)cc1
CCC(=O)C(C)(C)C,0.4117647058823529,CCC(=O)O
C=C(CCC)CNc1ccccc1O,0.3142857142857143,OCc1ccccc1O
CCCC1CC=C(C)N1,0.2972972972972973,CCCC1CC(=O)C=C(C)C1
CCCCCCCC(C)C(C)O,0.6363636363636364,CCCCCCC(C)O
CCC(CC)OC,0.3125,COC(C)OC
CCCCCC1CCC(C)C1,0.3333333333333333,CCCCCC1CCC(=O)O1
CC1CCC(C(C)C)CC(C)C1,0.48148148148148145,CC(C)[C@H]1CC[C@H](C)[C@@H](O)C1
COC1C=CC=CC1,0.22727272727272727,C1=CCCC=C1
C=C(C)CCCC,0.42857142857142855,CCCCC(=O)O
CC(O)OC1CCC(C(C)(C)C)CC1,0.2564102564102564,C[C@@H]1CC[C@H](C(C)(C)O)CC2=C1CC[C@H]2C
CC1OC(C)C(O)C1=O,0.3103448275862069,CC1=C(O)C(=O)C(C)O1
COC1C=CC(OC)C(C(C)(C)C)C1,0.17391304347826086,C=C(C)C1CC=C(C)C(OC(C)=O)C1
CCCC1CCOC(C)C1,0.2972972972972973,CCCC1CC(=O)C=C(C)C1
CCCCCC(O)OCOC,0.4444444444444444,CCCCCC(C)O
C=C(CCC=CC1C=CC=CC1)C(C)CC,0.20930232558139536,CCC(C)C(=O)O
CCOCC(C)OC(C)C,0.30434782608695654,CCOC(C)OCC
CCCCCCCCCCCCCCS,0.9230769230769231,CCCCCS
CC(=O)C1(CC(C)C)CCCCC1,0.375,CC(=O)OC1(C(C)=O)CCCCC1
C=CC(C)SCCC(C)CCCC(C)C,0.41935483870967744,CC(C)CCCC(C)CCO
CCCCCCCCCSC(C)CC(C)C,0.36363636363636365,CCCCCCCCCC
CCCC1C=CSO1,0.21052631578947367,CCCC1CC(=O)C=C(C)C1
CC(C)CCCCC(O)O,0.47368421052631576,CC(C)CCC(C)O
C=CCCC(C)C,0.4583333333333333,C=CCCC(O)CCC
CCCCCC(C)C,0.5789473684210527,CCCCCC(C)O
CCCCCCCCCCCOC(C)O,0.5357142857142857,CCCCCCOC(C)OCCC(C)C
C=CCCOSCOSCC=C,0.2857142857142857,C=CCSSSCC=C
CC1=CCC(C(C)C)CC1,0.6333333333333333,CC1=CCC(C(C)CO)CC1
O=C(CCc1ccccc1)OCO,0.6333333333333333,COC(=O)CCc1ccccc1
CC(C)(C)C1CCC(O)OC1,0.25,CC(C)=CC1CC(C)CCO1
CCCC(C)CCCC(C)CCCC(C)C,0.5909090909090909,CC(C)CCCC(C)CCO
CCC(O)C1C=CC=C1,0.2692307692307692,CCC(O)C(C)=O
CCCCCCCCCOC(O)CC(C)C,0.5161290322580645,CCCCCCOC(C)OCCC(C)C
CC=CCCC(O)CC(C)C,0.3235294117647059,CC(C)CC(O)Cc1ccccc1
CC(C)CC1CCCN1,0.2777777777777778,CC(C)CC(=O)OC1CCCCC1
CC(C)C1CC=C2OCCCC2C1,0.26666666666666666,CC1=CCC(C(C)CO)CC1
CCCC=CCCCCCC,0.6666666666666666,CCCCCCCC=CCO
CC1C=CC(C(C)O)=CC1,0.4411764705882353,CC(C)C1=CCC(CO)C=C1
CC1CCC(O)C1C,0.38461538461538464,CC(C)[C@H]1CC[C@H](C)[C@@H](O)C1
CC(C)CCN(C)O,0.38095238095238093,CC(C)CCC(C)O
CCC(C)C1NC(C)C(C)O1,0.23076923076923078,CCC(C)C1CCCCC1=O
CC(=O)C1CCC=C1C,0.358974358974359,CC(=O)/C=C/C1C(C)=CCCC1(C)C
COC(C)OC(C)=O,0.5,CC(=O)OC(C)C(C)=O
Cc1cc(C(C)(C)C)c(C)c(S(C)(C)C)c1,0.21875,Cc1ccc(C(C)(C)O)cc1
CCC=C1C2CCC(C2)C1(C)C,0.4838709677419355,C=C1C2CCC(C2)C1(C)C
CC(C)(C)OCc1ccccc1,0.5217391304347826,c1ccc(COCc2ccccc2)cc1
CCC1CCCC(OC)C1,0.29411764705882354,CCC(=O)OC1CCCCC1
CC(C)C1C=CC=CC1,0.4642857142857143,CC1=CCC(C(C)C)C=C1
CC1CCCCCCCCCC=CCCCO1,0.3142857142857143,O=C1CCCCC/C=C\CCCCCCCCO1
CCC(CC)CCC(C)C,0.42105263157894735,CC(C)CCC(C)O
CCCCOC=CCC=CCCCCCCCC(=O)O,0.7142857142857143,CCCCC/C=C\C/C=C\CCCCCCCC(=O)O
C=C(C)CCC(C)CCC(C)C,0.5,C=C(C)CCC[C@H](C)CCO
CC=CCCC(C)CC,0.3793103448275862,CCC(C)CCCC(C)C=O
CCCCCOCC(S)CCC1=COC=CC1,0.26,CCCCOCc1ccccc1
CCC1C=C(C)CC1C,0.2777777777777778,CCCC1CC(=O)C=C(C)C1
CCOC1C=C(OC)C(OC)=CC1,0.21052631578947367,CCCc1ccc(OC)cc1
CCCOO,0.30434782608695654,CCCCOC(C)=O
CCC1N=C(C)C(C)O1,0.3548387096774194,CCC1N=C(C)C(C)S1
CCCC(C=O)c1ccccc1,0.4827586206896552,CC(C=O)c1ccccc1
CCCCC1C=CNC=C1,0.2727272727272727,CCCCCCCCCC
CC1=CC(C)CC(C)=C1,0.29411764705882354,CCCC1CC(=O)C=C(C)C1
CCCCCC(CCC)OCC,0.4074074074074074,CCCCCCCCCC(OC)OC
CC(O)C(=O)CCC1=CCC=CC1,0.24242424242424243,CC(=O)C(C)O
COC(C)C(C)CCCCCCCO,0.34615384615384615,CCCCCCCCO
CCCCC1C=CC(C)C=C1,0.2857142857142857,CCCCCCCCCC
C=C(CC)CC1CCCC1,0.3125,CCC(=O)OC1CCCCC1
CCCCCCSCC=O,0.48,CCCCCCCC=O
CSCCC(C)C,0.5882352941176471,CC(C)CCSSCCC(C)C
CC(C)OC1C=CC2CCCCC2C1,0.20930232558139536,CC(C)CC(=O)OC1CCCCC1
C=C(C)O,0.4,CC(=O)O
C=CCCCCOCC=C,0.43333333333333335,C=CCCCCCCCCOC(C)=O
CCCCC1C=CC=C1,0.3157894736842105,CCCCCCCCCC
C=CC1CCN(C)CC1,0.19444444444444445,C=C[C@]1(C)OC(C)(C)CC[C@@H]1O
CC1=CC(O)C2CC1C2(C)S,0.6551724137931034,CC1=CC(O)C2CC1C2(C)C
CC=C(C)C(O)CNCC=CCC,0.28125,CC/C=C\CCO
CCCCCC1CCC(C)O1,0.4411764705882353,CCCCCC1CCC(=O)O1
CCCC=CC(C)CCC,0.48,CCC/C=C/C(OC)OC
CC(C)C(S)CCCC1CCCCC1,0.32432432432432434,CC(=O)OCCC1CCCCC1
CC1(S)C2CCC(CO)C1C2,0.2857142857142857,CC(=CCCC1(C)C2CC3C(C2)C31C)CO
CCCC(OCC)C(C)CC,0.45454545454545453,CCOC(C)OCC
CC(C)=CCCC(C)CC(C)C,0.64,CC(C)=CCCC(C)CCO
CC(C)CCCC(CC(C)C)OCC(C)C,0.3333333333333333,CC(C)CCCC(C)CCO
CC1C=CC=C(O)C1,0.22857142857142856,CC(C)=C1CCC(C)CC1=O
CCCCC(=O)CCCCCC1CCCCC1,0.4375,CCCCCCC(=O)CC
CCCC1C=CC(O)CC1,0.23684210526315788,CCCC1CC(=O)C=C(C)C1
CC(C)CCCCCCC(C)C,0.45,CC(C)CCCC(C)CCO
CC(C)=CC(=O)CC(C)C,0.4583333333333333,CC(=O)C(=O)CC(C)C
CCC(C)(C)Cc1ccccc1,0.56,CC(C)(O)Cc1ccccc1
C=CCCC(C)CC,0.46153846153846156,C=CCCC(O)CCC
CCC(O)CC(C)C,0.4090909090909091,CCCCC(O)CC
CC(N)C(C)c1ccccc1,0.4230769230769231,CC(C=O)c1ccccc1
CCC1=C(OC(O)C(C)C)C=CC(CC)C1,0.2826086956521739,CC(C)C1=CCC(CO)C=C1
C=C(C)C1(O)CCC(C)CC1,0.3793103448275862,C=C(C)C1CCC(C)(O)CC1
CCCCCCOC(C)CC,0.5357142857142857,CCCCCCOC(C)OCCC(C)C
CCC(C)CCCC(C)=CCO,0.7,C/C(=C\CO)CCC[C@H](C)CCC[C@H](C)CCCC(C)C
COC1C=CC(C)O1,0.17857142857142858,CC1COC(C)O1
CC(CC(C)C(C)C)c1ccccc1,0.39285714285714285,CC(C=O)c1ccccc1
CC(C)c1ccccc1,0.5263157894736842,Cc1ccc(C(C)C)cc1
CC(C)CC(O)C1=CCCC=C1N,0.2894736842105263,CC(C)CC(O)Cc1ccccc1
CCC(O)C1=NC=CC1,0.22580645161290322,CCC(O)C(C)=O
CC1CCCC(c2ccccc2)C1,0.24324324324324326,CC(C)=C1CCC(C)CC1O
CCC1C=CC(C2CCC(C)O2)=CC1,0.29545454545454547,CC(C)C1=CCC(CO)C=C1
CC(C)C1C=CCC1,0.41379310344827586,C=C1C=CC(C(C)C)CC1
C=C1CC(C)C2CC13C(=CCC3C)C2(C)C,0.275,CC1=CCC2C(C1)C2(C)C
CCCCCOC,0.4666666666666667,CCCCCCCCCC
CC(C)CC(C)(C)C1CCCC1,0.2857142857142857,CC(C)CC(=O)OC1CCCCC1
CCC(C)C1=CC(C)CO1,0.2631578947368421,CCC(C)c1nccs1
CCC(C)CC(C)C(C)C,0.4,CCC(C)CN
CCCCCCC(C)CCC,0.5454545454545454,CCCCCCC(C)O
Cc1ccc(C=O)cc1C,0.41935483870967744,COc1cc(C=O)ccc1O
CC1CCCC1C,0.25,CC1CCC(=O)OC1C
CC(C)CCC1CCCC1,0.3548387096774194,CC(=O)OCCC1CCCCC1
CCC(C=O)=CC1C=CCC=C1,0.2894736842105263,CCCCC/C=C(/C=O)CCCC
OC1C=Cc2ccccc2O1,0.21621621621621623,O=C1CCc2ccccc2O1
OC1C=CC2=CCC=CC2C1,0.21951219512195122,CC(C)C1=CCC(CO)C=C1
CCC(C)C(C)C1=CC=CCC1,0.3870967741935484,CC1=CC=CCC1
CNC1CCCC1C,0.1951219512195122,C=C1CCC[C@H](C)C2CC(C(C)(C)O)CC12
CC(C)CCC1C(C)CCCC1(C)C,0.2631578947368421,CC1CCCC(C)(C)C1=O
CCCC(=O)C1N(C)CCCC1(C)C,0.3170731707317073,CCCC(=O)OC1CCCCC1
CC1CC(C)C(O)C1,0.48,C=C(C)C1CCC(C)C(O)C1
CC(C)=CCCC(C)CCOCO,0.6666666666666666,CC(C)=CCCC(C)CCOCC=O
CCSC=CCCS(=O)OO,0.225,CCC=CCCOC(C)=O
CC(=O)C1CCCCC1,0.55,O=C(O)C1CCCCC1
CC1=CC(C)CC(CCC(C)C)C1,0.2926829268292683,CCCC1CC(=O)C=C(C)C1
COC1=CC(C)C=C1,0.21428571428571427,COc1ccc(C)cc1
O=C1C=CC=CC1,0.32,O=C1C=CCCC1
CC(=O)C1C=C(C)OC1C,0.2647058823529412,CC(=O)c1ccc(C)o1
CCC1=CCC(C)O1,0.2777777777777778,CCCCCC1=CCC(=O)O1
CCCCCCOC(C)O,0.5357142857142857,CCCCCCOC(C)OCCC(C)C
CCCC1C=CC(OC)C=C1,0.21621621621621623,CCCC1CC(=O)C=C(C)C1
CC1=CCC(c2ccccc2)C=C1,0.42424242424242425,CC1=CCC(C(C)C)C=C1
CCCC(=O)CC1=CSCO1,0.3055555555555556,CCCC(=O)CC(=O)[O-]
CC(O)CCCC(=O)CCCC1=CCC=C1,0.2894736842105263,CCCCC(C)O
CC1=CCC(C)C(C(C)O)C1,0.40540540540540543,CC1=CC[C@H]2C(C)=CC[C@@H](C(C)C)[C@@H]2C1
CC1CCOO1,0.25,CC1COC(C)O1
CCCCCC1CC(C)C(C)C1,0.35,CCCCCCCCCC
CCCCC(CNCC)CC(C)C,0.3448275862068966,CCCCC(C)O
CC=CC(C)CCC1=CCCN1,0.19607843137254902,CC(C)=CCCC(C)C1=CCC(C)=CC1
O=C(O)CCCCO,0.7333333333333333,O=C(O)CCCCC(=O)O
CCCCC(=O)OCCCC1C=CC=CC1,0.5277777777777778,CCCCOC(=O)CCCC
CCC(C)CC(C)CC,0.5,CCC(C)CN
CC(O)C(=O)c1cccnc1,0.6,CC(=O)c1cccnc1
C=CC(CCCCC)CC(O)C(C)O,0.5161290322580645,C=CC(O)CCCCC
CC(CC=O)CC1=CC=CC1C,0.3333333333333333,CC(C)CCCC(C)CC=O
CCOCC(C)C,0.3684210526315789,CCOC(C)OCC
CCCCCCCCCCC(C(C)O)C(O)OCC,0.5555555555555556,CCCCCCC(C)O
CCCCCCNC(=O)CCCC,0.4482758620689655,CCCCCCCCCC(=O)OC
CCCC(=O)CCCC(C)C,0.41379310344827586,CCCCCC(=O)CCCC(=O)O
COC1C=CC=C(C)C1,0.3,CC1=CC=CCC1
CCCCCCC1C(C)CCC1C(=O)CS,0.3157894736842105,CCCCCCC(=O)CC
CCCCCCCC(C)CCc1ccccc1,0.4864864864864865,CCCCOC(C)OCCc1ccccc1
C1=CC2(CC1)CC1CC2C2=CSCC21,0.18181818181818182,C=C(C)[C@H]1CC[C@@]2(C)CCC=C(C)[C@@H]2C1
CCCCCC(C)CCCC(C)C,0.5652173913043478,CC(C)CCCC(C)CCO
CC(C)C,0.375,C[C@H](O)[C@@H](C)O
C=C(C)C(C)C(C)C(C)C(C)(C)C,0.25,CC(C)C(C)(O)C(C)C
CCC1C=C(C)CC1,0.35294117647058826,CC1=CC2OCC(C)C2CC1
CC(C)OC(C)c1ccccc1,0.44,COC(OC)c1ccccc1
CC(C)(O)CC=O,0.39285714285714285,CC(CC=O)CCCC(C)(C)O
CCCC(O)CCc1ccccc1,0.6785714285714286,CCCC(O)Cc1ccccc1
CC(C)=CCOC(C)C,0.38461538461538464,CC(C)=CCCC(C)O
CCCCCCNCC1CCCC(=O)O1,0.631578947368421,CCCCCC1CCCC(=O)O1
CC(C)CC(=O)C(O)C(C)O,0.47619047619047616,CC(C)CC(=O)CC(C)C
CC1CC=C(O)C(OCO)C1,0.24,C=C(C)C1CC=C(C)C(OC(=O)CC)C1
COC(=O)C1CC=CCC1C,0.2692307692307692,COC(C)=O
CCCC(CS)CC=O,0.36,CC(C)CC=O
C=C(O)C(C)CCC,0.45,CCCC(O)CCC
COCSC,0.24,CSCCOC(C)=O
CCCCC1CC(C)CCO1,0.3611111111111111,CC(C)=CC1CC(C)CCO1
CCCC(C)OCc1ccccc1,0.4857142857142857,COCCOC(C)OCc1ccccc1
CC(=O)CCCC1CCC(C)C1(C)C,0.375,CCCCCC(C)=O
CC(=O)CCCC(C)COCC(C)C,0.3939393939393939,CC(C)COC(=O)CCCCC(=O)OCC(C)C
COCCCC1C=CC(CC(C)C)C=C1,0.2682926829268293,COCCOC(C)OCc1ccccc1
CCC1=CC(CC)NC1C,0.20689655172413793,CCC1SSC(CC)S1
CCC1C=CC(CC2C=C2)C=C1,0.22727272727272727,CCC1SSC(CC)S1
CC(O)C=CC(C)O,0.5,C=CC(C)O
CS(C)(N)O,0.16666666666666666,CCN
CCCC(C)CC(=O)OCC,0.5172413793103449,CCOC(=O)CC(O)C(=O)OCC
CCCCC(C)CC(C)CCCC,0.5,CCCCC(C)O
CC=CC(C)S,0.2,C=CC(C)O
CCCCCCCCCCC(=O)CC,1.0,CCCCCCC(=O)CC
CCC1C=CC=C(C=O)C1,0.2894736842105263,CC(C)C1=CC=C(C=O)CC1
CC(C)C1=CCC(CO)C=C1,1.0,CC(C)C1=CCC(CO)C=C1
C=CC1=CCC(C(=C)C)CC1,0.71875,C=C(C)C1CC=C(C=O)CC1
C=CCCC1CCC(C)(C)C23CC4C=C2C13C4(C)C,0.23809523809523808,C=CCCC(=O)/C=C/C1C(C)=CCCC1(C)C
CCCCC(C)CCCC(C)N,0.4230769230769231,CC(C)CCCC(C)CCO
CC(C)C(C)CC(C)C(C)O,0.375,C[C@H](O)[C@@H](C)O
CCC1CCC(O)O1,0.65,CCC1CCC(CC)O1
CCC(O)Oc1ccc(C)cc1,0.4074074074074074,COc1ccc(C)cc1
C=C(OCC(C)C)C(C)CCC,0.34615384615384615,CCCC(O)CCC
C=C(C1=CCC=C1)C(C)C,0.23684210526315788,CC(C)C1=CCC(CO)C=C1
C=CCCC(=O)CCC,0.48148148148148145,C=CCCC(=O)OC
CCCCCC1=CCCC1,0.3611111111111111,CCCCCC1=CCC(=O)O1
CC=CC1=CC(O)C(OCC)CC1,0.24,CC(C)=CC/C=C(/C)C1CC=C(C)CC1
CC(C)C1CCCCC1(C)C,0.29411764705882354,CC(C)[C@H]1C=C[C@@](C)(O)CC1
O=C(CCC1C=CC=CC1)C1=C(S)CCC=C1,0.2,CCC/C=C1\OC(=O)C2=C1CCC=C2
CC1=CC=CC1CCCC=O,0.3125,CCCCCC=O
COC1=CC2C=CCCC2=N1,0.21621621621621623,CC1=CC=CCC1
CCC1=NCCCC1,0.3548387096774194,CCC(=O)C1=NCCC1
CC1CCCC(C)(C)C1CCC(O)O,0.2564102564102564,CC1CCCC(C)(C)C1=O
CC(C)C(C)c1ccccc1,0.4583333333333333,CC(C=O)c1ccccc1
CCC(C)OC(C)(C)C1CCC(C)CC1,0.23809523809523808,C[C@@H]1CC[C@H](C(C)(C)O)CC2=C1CC[C@H]2C
CCC(=O)CCc1ccccc1,0.6153846153846154,O=C(O)CCc1ccccc1
CCC1=CC=C(CCC(C)O)CC1CC,0.2857142857142857,CCCC(C)O
CC12C=CC3(CCC1)C1(C)CC1CCC23C,0.25,CC1(C)[C@H]2CC[C@@]1(C)[C@@H](O)C2
CCC(O)SC,0.3181818181818182,CCC(O)C(C)=O
C=C1CC(C)C(CCNCCC)O1,0.21739130434782608,CCCCCC1CCC(=O)O1
C=C(CCC1C=CC(CC)C(OC)C1)OCCc1ccc(CC)c(OC)n1,0.2028985507246377,CCCC(=O)OCCc1ccccc1
CC1CC(C)(C)CC(C)C1C,0.24,CC1COC(C)(C)O1
CCC1=CC=C(C)CC1,0.4074074074074074,CC1=CC=C(C(C)C)CC1
CCCCCCCC(=O)c1ccccc1,0.5277777777777778,CCCCCCCCC(=O)OCc1ccccc1
CCOC(C)Cc1ccccc1,0.5517241379310345,CC(C)COC(Cc1ccccc1)OCC(C)C
CC=CC1C=CC(OCc2ccccc2)=C(NC)C1,0.32727272727272727,C/C=C/c1ccc(OCc2ccccc2)c(OC)c1
C1=Cc2ccccc2CC1,0.27586206896551724,O=C1C=CCCC1
CCC(CC)C(=O)CCOC,0.3611111111111111,CCCC(=O)C(CC)Cc1ccccc1
CCCOOOC,0.2222222222222222,CCCCCCCCCC(OC)OC
CC(=O)C1=CC(C)CC1,0.35135135135135137,CC1=C2CC[C@@H](C)C=C2OC1=O
CCCC1=CCCO1,0.3055555555555556,CCCCCC1=CCC(=O)O1
CC(C1C=CCC=C1)N(C)C,0.2,CC1=CCC(C(C)C)C=C1
CCC=CCCCCCCO,0.7272727272727273,CCCCCCCC/C=C/CCCCCCCCO
CCC1C=C=C(C)O1,0.23529411764705882,CCC1N=C(C)C(C)S1
CCCC(=O)CCC(C)CC(O)CCC,0.4074074074074074,CCCC(O)CCC
C=C(CCC)OCCCC,0.5384615384615384,CCCCOC(=O)CCC
OCC1=CCC=C1,0.23076923076923078,OCc1ccccc1
SCCC1=CCCC=N1,0.16129032258064516,SCc1ccccc1
OC1CCC(CCS)C1,0.21875,CC(C)C1CCC(CO)CC1
Cc1ccoc1C,0.2894736842105263,Cc1occc1SC(C(=O)CC(C)C)C(C)C
CCCCCCC(O)O,0.65,CCCCCCC(C)O
CC=CCC(=O)OCCOC,0.34210526315789475,CCC=CCCOC(=O)CCCC
CC(O)C1CCC=N1,0.23076923076923078,CC(=O)C(C)O
CCCC(C)CC(C)O,0.5789473684210527,CCCC(C)O
CC=CCCCCCCC(C)CCC(C)C,0.4482758620689655,CC=CCCCCCCCC=O
CC(=O)C1C(C)=CC(C(C)(C)O)=CC1C,0.2777777777777778,Cc1ccc(C(C)(C)O)cc1
CCC1CC(C)C(O)C1O,0.25,C=C(C)C1CCC(C)CC1O
CC(C)CCC(O)CC(C)C,0.5263157894736842,CC(C)CCC(C)O
CCC1CCCC(CC)C1OC,0.2692307692307692,CCC1CCC(CC)O1
C=C1CC2CNC1C2(C)C,0.3235294117647059,C=C1CCC2CC1C2(C)C
CCCCC(CCC)CC(=O)OCC,0.4838709677419355,CCCCCC(=O)OCC
CCCOC(C)C,0.3793103448275862,CCCOC(C)OCCc1ccccc1
O=CCCCSC1CCCCS1,0.2571428571428571,CCCCCC=O
CCCCC(=O)C(C)(C)O,0.4782608695652174,CCCCC(=O)O
COC(=O)CC(C)OC,0.6086956521739131,COC(=O)CC(C)O
CCCCCCOCC,0.5,CCCCCCCCCC
CC1=NC(C)SC(C)C1,0.28125,CCC1N=C(C)C(C)S1
CCCC(CC(C)=O)CC(C)CC,0.3103448275862069,CCC(C)CN
CC1=CCC(C)(C)CCCC(C)CCC1,0.3488372093023256,C=C1CC/C=C(\C)CC[C@@H]2[C@@H]1CC2(C)C
CC1CCC(C)C1,0.4090909090909091,CC(C)[C@@H]1CC[C@@H](C)C[C@H]1O
CCCCCCCCSCC,0.5,CCCCCCCCCC
CC(=O)C1CC(C)OC1C,0.2972972972972973,C=C(C)[C@@H]1CC[C@@H](C)C[C@H]1OC(C)=O
CC(C)C(C)CO,0.26666666666666666,C[C@H](O)[C@@H](C)O
CCC(CC)CN(C)C,0.23809523809523808,CCC(C)SSC(C)CC
CC=CC=CC(C)OCCCCCC,0.42857142857142855,CCCCCCOC(C)OCCC(C)C
CCCCCC1CCC(C(C)C)CC1,0.5,CC(C)C1CCC(CO)CC1
CCOC(CCC(C)C)C(C)C,0.47619047619047616,CCOC(C)OCC
C=CCC(C)C(C)O,0.4,C=CC(C)O
CC(C)C(C)Cc1ccccc1,0.5,CC(C)CC(O)Cc1ccccc1
CCCCOCCCCC(C)C,0.4827586206896552,CCCCCCOC(C)OCCC(C)C
C=C(OCC(C)C)C(C)C,0.4074074074074074,CC(C)COC(=O)CCCCC(=O)OCC(C)C
CNCC(C)C(C)CC(C)=O,0.32142857142857145,CC(=O)C(=O)CC(C)C
CCCC=CC(=O)CCCC,0.6153846153846154,C/C=C/C(=O)CCCC
CC1(S)C=CC2(CCCCC2)OC1,0.24242424242424243,CC1(C(=O)O)CCCCC1
CCCCC=CCC(C)OCC,0.4,CCCC/C=C\CCCCO
CCNCCC(C)CCCC(C)C,0.48148148148148145,CC(C)CCCC(C)CCO
C=C(C)CCCC(C)O,0.5769230769230769,C=C(C)CCC[C@H](C)CCO
CC(=O)OCO,0.45454545454545453,CCCCOC(C)=O
C=C(C=C1CCOC1)CC,0.1951219512195122,CCC(=O)C1=NCCC1
CC1OCCC1CCO,0.2777777777777778,CC(C)=CC1CC(C)CCO1
CCCC(=O)CCC1CCCCC1,0.45454545454545453,CC(=O)OCCC1CCCCC1
CCC(C)C=C(C)C,0.42857142857142855,CCC(C)C=O
C=C(O)CCCCCCCCCCCCCC,0.5454545454545454,CCCCCCCC(=O)O
CCC1C(=O)C(C)CC1C,0.25,CCC1CCC(CC)O1
COCCCCCCCCC(C)C,0.41379310344827586,CCCCCCOC(C)OCCC(C)C
Cc1ccc(C)c(C)c1,0.5,COc1ccc(C)cc1C
C=C(C=CCCC)CC,0.5,CCC/C=C/C(=O)O
CC(C)c1ccccc1C(C)C,0.36,Cc1ccc(C(C)C)c(O)c1
CC(C)CCCC(C)CCCC(C)O,0.6363636363636364,CC(C)CCCC(C)CCO
CC(C)=CCCC(C)CC1CCCC1,0.5,CC(C)=CCCC(C)CCO
CCCC(C)C1CC=C(C)CC1,0.6666666666666666,CC1=CCC(C(C)CO)CC1
CCOC(C)C(C)(C)CC,0.42857142857142855,CCOC(C)OCC
CC1=CC=CC2CC(C)C(C)C12,0.2682926829268293,CC1=COC(=O)C2C(C)CCC12
C=C(CCC)C1C(C)CCCC1(C)C,0.2653061224489796,CCCC(=O)OC1CC2CCC1(C)C2(C)C
CC1=CC(CC(C)CC(C)C)C(C)=C1,0.225,CC(C)CC(O)Cc1ccccc1
C=C(CCC)CC(O)C(C)OCO,0.2564102564102564,CCCC(=O)OC(C)C(C)=O
CCCCCCCCCC(=O)COCC,0.5769230769230769,CCCCCCC(=O)CC
CCC1=C(O)NC=C(CSC)C1,0.25,CSCc1ccccc1
CCCOC(=O)COC(C)CC,0.4117647058823529,CCCCOC(=O)CC(C)C
OC1=CC(C(O)S)=CC1,0.1794871794871795,CC(C)C1=CCC(CO)C=C1
CC1C=CC(OCCO)=CC1,0.2926829268292683,CC(C)C1=CCC(CO)C=C1
CCC1CCCC1CC,0.35,CCC1CCC(CC)O1
CC1CCC2=C(N1)C(C)OC2C,0.24242424242424243,CC1OCCC1=O
C=C(CC)CC(C)(C)C,0.23809523809523808,CCC(=O)O
C=CC(C)=CC,0.42857142857142855,C=C/C(C)=C/CC=C(C)C
CNCC1CCCC=C1O,0.21951219512195122,CC1=CCC(C(C)(C)O)CC1
CC(C)=CCCC(C)CCCC(CCCC(C)CCCC(C)C)Cc1ccccc1,0.5,CC(C)=CCCC(C)CCOC(=O)Cc1ccccc1
CSCCCC1=CC=C(C)C1,0.3,CSCCCN
C=CC1=CC(CC)C(O)C(OC)=C1,0.24444444444444444,C=Cc1ccc(O)c(OC)c1
CC1CCC2CC1CC2(C)C,0.3125,C=C1C2CCC(C2)C1(C)C
O=CCCCCCCCO,0.5238095238095238,CCCCCCCC=O
CC1CCCCCCCCCCOCCCC1,0.24242424242424243,CC(C)=CC1CC(C)CCO1
CCc1ccc(NC)cc1O,0.2682926829268293,CCOc1cc(C=O)ccc1O
CCCCCCCC(O)CCC(C)=O,0.5769230769230769,CCCCCCC(C)=O
CC(C)C1CCC(C)C23CCC(O)(S)C2C13,0.6857142857142857,CC(C)[C@@H]1CC[C@@H](C)[C@@]23CC[C@](C)(O)[C@@H]2[C@@H]13
C=CCC(C)C(O)O,0.4,C=CC(C)O
CCCC(CCO)CC(C)C,0.375,CCCC(C)O
CC(C)CCCC(C)CC(C)C,0.5454545454545454,CC(C)CCCC(C)CCO
C1=CC(CCCC2=CCCCC2)=COC1,0.21951219512195122,O=C1CCCCCCCC=CCCCCCCC1
CCC(C)CC(C)C,0.4444444444444444,CCC(C)CN
C=C(CC=CCC)OCCCCCC,0.42424242424242425,CCCCCCCCCCOC(C)=O
CC1CCC2CCCNC12,0.22857142857142856,C=C(C)C1CCC(C)C(O)C1
CCC(CC(S)CCCC(C)C)OC,0.29411764705882354,CC(C)CCCC(C)CCO
C=CC(C)CCC1OC1(C)C,0.42857142857142855,C=CC(C)(O)CCC1OC1(C)C
CCC1=CC2CCCC2C=C1,0.225,CCC(C)C1CCCCC1=O
OCCCCO,0.5384615384615384,CCCCCCCCO
CCC(O)C(C)O,0.42857142857142855,C[C@H](O)[C@@H](C)O
CCCCC(C)CC(C)=O,0.5185185185185185,CCCCC(C(C)=O)C(=O)O
CCCC(O)C(C)(O)c1ccccc1,0.4411764705882353,CCCC(O)Cc1ccccc1
CC1SCCC(C)(C)S1,0.21212121212121213,CC1CCCC(C)(C)C1=O
CC1CCC2C(C)CCC2C1,0.3333333333333333,CC1CCC2C(C1)OC(=O)C2C
CCC(C)C(=O)CCCC(C)CCC=C(C)C,0.5238095238095238,CCCCC(=O)OCCC(C)CCC=C(C)C
CC1CC=CC2=C1C(C)C(=O)O2,0.2571428571428571,CC1OCCC1=O
CC(C)(N)C1CCC(CC(O)CS)CC1,0.23684210526315788,CC(C)C1CCC(CO)CC1
CC(CCS)OCc1ccccc1,0.4722222222222222,COCCOC(C)OCc1ccccc1
CC1=CCC(C(C)C)C(C)C1,0.59375,CC1=CC[C@H]2C(C)=CC[C@@H](C(C)C)[C@@H]2C1
CC1=C(C(=O)CCC=O)CC=CC1,0.25,CCCC=O
CCCC(OSC)C1C=CC2CCOC2=C1,0.16981132075471697,CCCC(O)Cc1ccccc1
CCCCCC(O)C(C)CCCC,0.5652173913043478,CCCCCC(C)O
CCCC(C)SC,0.4,CCCC(C)O
C=C1CCC(C)C1,0.38461538461538464,C=C1CCC(C(=C)C)CC1
CCC(C)OCCS(C)(C)C,0.28,CCOC(C)OCC
C=C(CCC)CCCCCCCC,0.4583333333333333,CCCCCCCC(=O)O
CCC1CCCCC1,0.35714285714285715,CC(=O)OCCC1CCCCC1
C=CC1(C)CCC(C(C)C=O)C1,0.35,CC1=CCC(C(C)C=O)CC1
CCCC(CC=O)OC,0.36,CC(C)CC=O
CC(C)C1=CC(C)C(C)C1,0.35135135135135137,CC1=CCC(C(C)C)=CC2C(C)CCC12
C=C1CC(C(C)C)CCC1C,0.34375,CC(C)[C@H]1CC[C@H](C)[C@@H](O)C1
CCC=CCCCCCCCO,0.7272727272727273,CCCCCCCC/C=C/CCCCCCCCO
CC1SC2(CC1N)C(C)CCCC2(C)C,0.25,CC1CCCC(C)(C)C1=O
CC1C=CCCC1O,0.2564102564102564,C/C=C/C(=O)C1C(C)C=CCC1(C)C
CCC1CCCOC1(CC)CC,0.27586206896551724,CCC1CCC(CC)O1
CC(C)C(=O)C1CCCC1,0.43478260869565216,O=C(O)C1CCCCC1
CCCC(=O)CC(C)O,0.4230769230769231,COC(=O)CC(C)O
Sc1ccoc1,0.3,Sc1cccc[13cH]1
C=CC(C)C,0.5384615384615384,C=CC(C)O
CC(=O)CCC1=CCC=C1,0.35135135135135137,COc1ccc(CCC(C)=O)cc1
COC(C)C1CCC(C)CC1,0.3,CC(C)[C@@H]1CC[C@@H](C)C[C@H]1O
CCCC(=O)CCC(O)C(C)CCC,0.37037037037037035,CCCC(C)O
CCCC1C=CC(C)CC1,0.24324324324324326,CCCC1CC(=O)C=C(C)C1
CCC(C)CC1C=CC=C1,0.3333333333333333,CCC(C)CN
CCCCCCCCC(C)O,1.0,CCCCCCC(C)O
CC1CCC2=CCCCC21,0.2647058823529412,CC1CCC(=O)OC1C
CCCCCCC(=O)NOCCC,0.5,CCCCCCCCCC(=O)OC
CCC(=O)CC(O)C=C(C)C,0.3448275862068966,CCCCCC(=O)CC
OC1CCCC1C1CCCC1,0.2413793103448276,O=C1CCCC1C1CCCC1
CCCCCC(C)CC,0.5238095238095238,CCCCCC(C)O
CCOC1C=CC(C=O)=CO1,0.24444444444444444,CCOc1cc(C=O)ccc1O
C=C(C)CC1CCCCC1,0.3870967741935484,CC(=O)OCCC1CCCCC1
CC=CCCCCCCCCC,0.5909090909090909,CC=CCCCCCCCC=O
C=C(CCC)CCC1=CC=CC1,0.2222222222222222,CCCC(=O)OCCc1ccccc1
CCCCCC(C)CC(C)C,0.4782608695652174,CCCCCC(C)O
C=C1C(C(C)C)CCC2(C)NC12,0.28888888888888886,C=C1CC[C@@H]2[C@H]1[C@H]1[C@H](C(C)C)CC[C@]12C
CCCCCCCCC(=O)C(O)CC(=C(C)C)C(C)CC,0.4,CCCCCCC(C)=O
CCCC(S)CCC1CCCO1,0.35,CC(=O)OCC1CCCO1
CCCCOCCC,0.4230769230769231,CCCCOCc1ccccc1
CCOC1CCC=CC1C,0.21052631578947367,CCC(=O)OC1CCCCC1
C=CC(C)(O)CC(C)=CCC,0.45454545454545453,C=CC(C)(O)CC/C=C(\C)CO
CC1CCCC(C)(Sc2ccccc2)C1O,0.2682926829268293,CC1CCCC(C)(C)C1=O
CC1=CC(S)SC1,0.21875,CC1=CCC(=C(C)C)CC1
CCC(C)C(C)CC(C)C,0.3,CCC(C)SSC(C)CC
CC(=O)CC1CCNC1,0.3055555555555556,CC(=O)OCCC1CCCCC1
CCCC(C)c1ccccc1,0.43333333333333335,CCCC(O)Cc1ccccc1
CC(C)CC(=O)CCC=O,0.5454545454545454,CC(C)CC(=O)CC(C)C
CC(C)CCCC(C)CO,0.6666666666666666,CC(C)CCCC(C)CCO
CCC(C)c1c(C)cc(O)c(C)c1C,0.3142857142857143,Cc1ccc(C(C)C)cc1O
C=CCC1=CCCC(SC)=C1O,0.30952380952380953,C=CCc1cc(OC)c(O)c(OC)c1
COC1=NC=CCC1,0.26666666666666666,CC1=CC=CCC1
CCCCCCCCCOO,0.5,CCCCCCCCCCOC(C)=O
CCSCC(=O)C(C)CC(C)(C)CC,0.2727272727272727,CCC(C)C(=O)O
CC(C)CC1CC(C)C(C)O1,0.24324324324324326,CC1=NC(CC(C)C)SC1C
CCCCC(CCC(C)C)OCC(C)C,0.3939393939393939,CCCCCCOC(C)OCCC(C)C
CCCC(CC(=O)CC)OC(C)O,0.3448275862068966,CCCC(C)O
C=CC1CC(C)OC1C,0.25,CC1COC(C)O1
CCCC(C)C(S)CC,0.36363636363636365,CCCC(C)O
CC1CCC2C(C1)C(C(C)C)CCC2(C)C,0.4,CC(C)[C@@H]1CC[C@@H](C)C[C@H]1O
CC(O)C1CCCS1,0.22727272727272727,C[C@H](O)[C@@H](C)O
COCCCCCCCC(C)O,0.5416666666666666,CCCCCCC(C)O
CCCCCCCCOC(C)CC(C)C,0.5517241379310345,CCCCCCOC(C)OCCC(C)C
CC1CC=C(C(C)O)C(C)C1,0.2564102564102564,CC(C)C1=CCC(CO)C=C1
CC1CC(C)C(O)C1C,0.2857142857142857,CC(C)[C@H]1CC[C@H](C)[C@@H](O)C1
CCCC1CC(C)C(N)C1,0.2777777777777778,CCCC1CC(=O)C=C(C)C1
COC(C)C1CC=CC=C1C,0.2647058823529412,CC1=CC=CCC1
CCCCCCCCCCCCSC(C)C(C)C,0.4,CCCCCCCCCC
Oc1ccccc1C(O)CCCCc1ccccc1,0.4,O=C(O)CCCc1ccccc1
CC1(C)C2=CC1CCC21CC1,0.23529411764705882,C=C1C2CCC(C2)C1(C)C
COC1=CCC(C)C=C1C,0.2619047619047619,CC1=CCC(C(C)C)=CC2C(C)CCC12
C1=NC=C(CCCc2ccccc2)C1,0.37142857142857144,O=C(O)CCCc1ccccc1
CC1CC2CCC1C2(C)C,0.3548387096774194,CC1C(=O)CC2CC1C2(C)C
CCCOc1ccccc1,0.5,OCOc1ccccc1
CC(=O)CCCC1(C)CCC(C(C)C)C1,0.2972972972972973,CCCCCC(C)=O
C=CCC=C=O,0.2631578947368421,C=CCS
CCC(CO)CCC1CCC(C)C1(C)C,0.2631578947368421,CCCCCCCCC(CO)CCCCCC
CCCCCCC1CCC(O)C1,0.34210526315789475,CCCCCCCC1CCC(=O)O1
CCCCCOCC(C)C,0.4482758620689655,CCCCCCOC(C)OCCC(C)C
CC1C2CCC3C2C(C)(C)CCCC13C,0.28888888888888886,CC1(C)CCC[C@]2(C)[C@H]3CC(=O)O[C@]3(C)CC[C@@H]12
CCC1CCCCC1CN,0.28,CCC1CCC(CC)O1
CCCCCCCC(O)c1ccccc1,0.4642857142857143,CCCCCCC(C)O
CCCC1CCCC(C)S1,0.25,CCCCCC1CCCC(=O)O1
CC(C)CCOC(CCC(C)O)C(C)C,0.5,CC(C)CCC(C)O
CCOC1CCCC=C1CC,0.23076923076923078,CCC(=O)OC1CCCCC1
CSC1=S(C(C)C)C=CCC1,0.23529411764705882,CC1=CC=CCC1
CC1CCCCCCCCCCCCCC=CO1,0.25806451612903225,O=C1CCCCCCCC=CCCCCCCC1
C=CCCC1CC2CC1C1CCCC21,0.26666666666666666,C=CCCCC1CCCC(=O)O1
CC(O)CC1C2(C)C=C(CC2)C1(C)C,0.25,CC1=CCC(CCO)C1(C)C
C=C(CC)C(C)=CCC,0.36,CCC=C(C)C=O
CC1=CCCC(C)CCCC(C)CCC1C(C)C,0.3888888888888889,CC1CCC(C(C)C)C(=O)C1
CC(C)CCCC1C=CC=C1,0.3103448275862069,CC(C)CCCC(C)CCO
CCCC1CC=C(C)C1(C)C,0.6896551724137931,CC1=CCC(CCO)C1(C)C
CC(C)CCCC(C)O,0.6470588235294118,CC(C)CCC(C)O
CCCOCC(C)=O,0.4,CCC(C)=O
CC12CCCC(C)(CC1)C2=CO,0.3,CC1(C)CCCC(C)(O)C1=O
OCCCc1ccoc1,0.3103448275862069,OCCc1ccccc1
CCCCC(C)C(C)(C)CC(O)CC(C)C,0.4,CCCCC(C)O
C1CN1,0.8333333333333334,C1CNCCN1
CCC(C)CCC(C)C,0.42105263157894735,CCC(C)CN
CCC=CCC(C)CC,0.36363636363636365,CCC(C)CN
C=C(O)CCCC(C)C,0.38461538461538464,CC(C)CCCC(C)CCO
CCC1=C(CO)C=CCC1,0.2608695652173913,CCC/C=C1\OC(=O)C2=C1CCC=C2
CCC(C)CC(C)c1ccccc1,0.36666666666666664,CC(C=O)c1ccccc1
C=CCc1ccc2c(c1)CCC2,0.45714285714285713,C=CCc1ccc2c(c1)OCO2
CNSCC1CC=CO1,0.18181818181818182,CCC1CCC(CC)O1
CCC(C)C1C=CCC1,0.3055555555555556,CCC(C)C1CCCCC1=O
CCCC(CC)COC(C)C,0.32,CCCC(C)O
CC(C)OC(C)C(C)C,0.23529411764705882,COC(C)OC
COC1=C(O)C=CC(C(O)C(C)O)C1,0.3,CC1=CCC(C(C)C)C=C1
CCCC(=O)CCCCC1CCCCC1,0.4166666666666667,CC(=O)OCCC1CCCCC1
CCCCC(C)CC,0.5,CCCCC(C)O
CCCCCCCOC(O)CC,0.4666666666666667,CCCCCCOC(C)OCCC(C)C
CCCCCCC(=O)c1ccccc1N,0.5526315789473685,CCCCOC(=O)c1ccccc1N
C=C(C)C(CC)CCCC,0.5384615384615384,CCCCC(CC)C(=O)O
CC1=CC(C)C(C(C)(C)S)CC1,0.35135135135135137,CC1=CC2OCC(C)C2CC1
CCCC=CC1CCC(C)OO1,0.3076923076923077,CCCCCCC/C=C/C1CCCCC1
Cc1cccc(CO)c1,0.4782608695652174,OCc1ccccc1
CCC(C)C1CCC(C)CC1,0.3333333333333333,CCC(C)C1CCCCC1=O
Cc1ccc(C(C)O)nc1C,0.3448275862068966,Cc1ccc(C(C)O)cc1
CC1CSC(C(C)C)C1,0.2903225806451613,CC(C)[C@@H]1CC[C@@H](C)C[C@H]1O
CC(C)CC1=CCC=C1,0.24324324324324326,CC(C)C1=CCC(CO)C=C1
OC(CCc1ccccc1)C1C=CC=C1,0.4,OCCc1ccccc1
CCC1(C)CCC(C)(S)C(C(C)C)C1,0.2857142857142857,CCC1OC(C)(CC)CCC1C(C)C
COC1C=C(C)CC=C1O,0.2647058823529412,CC1=CCC(C(C)C)=CC1
CC1CSC(C)C1,0.23333333333333334,CC(C)=C1CCC(C)CC1O
CCC1C=C(C)C=C1C,0.2222222222222222,CCCC1CC(=O)C=C(C)C1
COC1C=C(CCC=O)CN=C1O,0.2619047619047619,O=CCCc1ccccc1
C=C1CCCC(C)O1,0.2903225806451613,CC1CCC(=O)OC1C
CCCCCCC(O)Cc1ccccc1,0.7241379310344828,CCCC(O)Cc1ccccc1
CCCC(C)(C)C,0.26666666666666666,CCCN
C=C1CCC(C(C)C)CC1,0.4230769230769231,C=C1CCC(C(=C)C)CC1
CC(O)C1C=CCCC1,0.2777777777777778,CC(C)[C@H]1C=C[C@@](C)(O)CC1
CCC1=CCC(C(C)C)CC1,0.40540540540540543,CC1=CCC(C(C)CO)CC1
CC1CC2CC(C1C)C2(C)C,0.4,CC1C(=O)CC2CC1C2(C)C
OC=CCCCCOS,0.29411764705882354,C=CCCCCCCCCOC(C)=O
O=CCC(O)CCc1ccccc1,0.5,O=CCCc1ccccc1
C=C(C)C1CC(C(C)C)CCC1(C)CC,0.3076923076923077,C=C(C)C1CCC(C)(O)CC1
CC1CC(C)OC(C)O1,0.47368421052631576,CC1COC(C)O1
CCN1C=NCCC1OC,0.17647058823529413,CCC1CCC(CC)O1
CC1C=CC=C(O)C1C,0.1951219512195122,C/C=C/C(=O)C1C(C)C=CCC1(C)C
CC1C=CC(C)C1,0.21428571428571427,CC1=CC(=O)C2CC1C2(C)C
CCCCCCCCCC(C)CCCC,0.5714285714285714,CCCCCCC(C)O
COC1CCC=CC1CCC(O)O,0.1956521739130435,CC(C)CC(=O)OC1CCCCC1
C1COSOCO1,0.1111111111111111,O=C1CCCO1
CNc1cccc(CO)c1,0.4230769230769231,OCc1ccccc1
O=C(CCCc1ccccc1)C1C=CCO1,0.4864864864864865,O=C(O)CCCc1ccccc1
CC(C)C1C=CC=C1O,0.23529411764705882,CC1=CCC(C(C)C)C=C1
CC(C)=CCCC(C)CC(C)CC(C)C,0.5925925925925926,CC(C)=CCCC(C)CCO
C=C(C)N1C=COC=C1,0.21428571428571427,C=C(C)c1ccc(C)cc1
CCCCCCC(O)CCC,0.6666666666666666,CCCC(O)CCC
CC(C)CCCCCc1ccccc1,0.41935483870967744,O=C(O)CCCc1ccccc1
C=CC(S)CCCC,0.52,C=CC(O)CCCC
C=C(C)C1=CC(CC)NN=N1,0.2564102564102564,C=C(C)c1cnccn1
CCC(CC)SC,0.3333333333333333,CCC(C)SSC(C)CC
Cc1ccc(C)cc1,0.6153846153846154,Cc1ccc(O)cc1
CC=CCCCCC(C)C(C)C,0.4444444444444444,CC=CCCCCCCCC=O
CCc1ccc(OC)c(C(C)(C)C)c1,0.4411764705882353,CCCc1ccc(OC)c(OC)c1
O=C1C=CCC1,0.6842105263157895,O=C1C=CCCC1
CC1CCOS1,0.25806451612903225,CC(C)=C1CC[C@H](C)C2=C(C1)[C@@H](C)CC2
CCCCCOCCCC(=O)O,0.6521739130434783,CCCCCC(=O)O
CCC(C)(S)CCC=C(C)C,0.4666666666666667,C=CC(C)(O)CCC=C(C)C
CCCCCC1=CC=C(C)C1,0.34285714285714286,CCCCCc1ccccn1
CC(C)CCSC(O)C(C)C,0.45454545454545453,CC(C)CCSSCCC(C)C
Cc1occc1CC(C)C,0.36585365853658536,Cc1occc1SC(C(=O)CC(C)C)C(C)C
CC(O)OC1CC(C(C)C)CCC1C,0.5161290322580645,CC(C)[C@H]1CC[C@H](C)[C@@H](O)C1
CCCCCC(Cc1ccccc1)C(CS)OC,0.3902439024390244,CCCC(O)Cc1ccccc1
CC1C=CC(CC(C)C)=C1,0.2571428571428571,CC1=CCC(C(C)C)C=C1
CCCCCCC1=CCCC=C1,0.3611111111111111,CCCCCCCCCCc1ccco1
O=CCCC1=CCOC=C1,0.3333333333333333,O=CCCc1ccccc1
C=C(C)C1CCC(C)C(OC(=O)CC(C)C)C1,0.6486486486486487,C=C(C)[C@H]1CC[C@@H](C)[C@@H](OC(C)=O)C1
CCCCCCCCOCCCCOC(C)O,0.4838709677419355,CCCCCCOC(C)OCCC(C)C
C=CCOC1=CCC(C)C=C1,0.23404255319148937,C=CCOC(=O)COc1ccccc1
Cc1ccccc1CCC(C)O,0.3611111111111111,Cc1ccccc1OC(=O)C(C)C
CCCC(C)(C)CCC,0.26666666666666666,CCCN
CC(C)CC(C)OCCCO,0.3,CC(C)C[C@H](N)C(=O)O
COC(C)CC(C)C,0.35294117647058826,COC(C)OC
CC1COC(O)C1,0.3225806451612903,CC(C)=CC1CC(C)CCO1
CCCCCCC1=CC(C)CC=C1,0.3,CCCCCCCCCCc1ccco1
CC1CC(CC(O)C2CCCC2C)CC(C)(C)C1,0.25,CC(C)[C@@H]1CC[C@@H](C)C[C@H]1O
CCOC(=O)C1(CN)CC1(C)c1ccccc1,0.3111111111111111,CCC(=O)OCc1ccccc1
CCC(CC)CC(C)CCC=C(C)C,0.5517241379310345,CC(C)=CCCC(C)CCO
Oc1ccccc1C(O)O,0.36,OCc1ccccc1O
CC1CCC(C(C)C)C(C=O)C1,0.5172413793103449,CC(C)[C@@H]1CC[C@@H](C)C[C@H]1O
CCC=CCCCC(C)C(C)O,0.41935483870967744,CC/C=C\CCCC(=O)O
CCCOc1ccc(C)cc1,0.4583333333333333,COc1ccc(C)cc1
CCNC(O)C1OC=CO1,0.21428571428571427,CCCC(O)CCC
CCCC(=S)CC,0.3684210526315789,CCCC(=O)C(=O)CCC
CCC(C)CC(C)CCCOC,0.34375,CCC(C)CCCC(C)C=O
CC1CCC(S)C1,0.3333333333333333,CC(C)[C@@H]1CC[C@@H](C)C[C@H]1O
CCC1C=CC(OC)CC1,0.2413793103448276,CCC1CCC(CC)O1
CCC(OC)c1ccccc1,0.52,COC(OC)c1ccccc1
CC1CC=CO1,0.24,CC1COC(C)O1
CC(C)CCC(C)C,0.6153846153846154,CC(C)CCC(C)O
CC(CCCCc1ccccn1)CCc1ccccc1,0.5405405405405406,CCCCCc1ccccn1
CCC1CCC=C1C,0.2619047619047619,CC1=CCC[C@]2(C)CC[C@@H](C(C)(C)O)C[C@@H]12
C=C(C)CCCC(C)CCCC(C)CC,0.6666666666666666,C=C(C)CCC[C@H](C)CCO
CCC(O)S,0.3684210526315789,CCC(O)C(C)=O
CC(=O)CC(C)(O)O,0.3888888888888889,CCC(C)=O
CCCCCCCCCCC(=O)C(C)C,0.5416666666666666,CCCCCCCC(=O)O
CC=CCCC(CCC)OOC,0.29411764705882354,CCC/C=C/C(OC)OC
C=CC1(C)CCC(C(C)(C)CCC=C(C)C)C1,0.4,C=CC(C)(O)CCC=C(C)C
CC1CC(C(C)O)CCS1,0.29411764705882354,CC(C)[C@H]1CC[C@H](C)[C@@H](O)C1
CC1C=CC2(C1)C(C)CCCC2(C)C,0.2631578947368421,CC1CCCC(C)(C)C1=O
CCCCCCCCCCC(O)CCCCCCCC,0.65,CCCCCCC(C)O
CCC=C(C)C,0.5,CC(C)=CCO
CC1CC(c2ccccc2)CO1,0.2702702702702703,C(=C/C1OCCO1)\c1ccccc1
CCC1CC(CC(C)C)CC1C,0.23684210526315788,CC1=NC(CC(C)C)SC1C
COC1CCC(CS)CC1OC,0.21052631578947367,CC(=O)OCCC1CCCCC1
CCOCCCCCC1CCCC(O)C1,0.2857142857142857,CC(=O)OCCC1CCCCC1
COC(C)(C)C1CCC(C)CC1,0.29411764705882354,C[C@@H]1CC[C@H](C(C)(C)O)CC2=C1CC[C@H]2C
CCC1=NC=COC1OCS,0.19444444444444445,CCc1nccnc1CC
CCCCCC(O)CC=O,0.46153846153846156,CCCCCC(C)O
CCOC(C)CCC(C)=O,0.36,CCOC(C)OCC
CC(C)SCO,0.3125,CC(C)SSC(C)C
C=C1CCC(C(=O)O)C1,0.42857142857142855,C=C1CCC(C(=C)C)CC1
CC(C)=CCCC(=O)CC(C)C,0.5384615384615384,CC(=O)CCC=C(C)C
C=CCCCCC,0.9375,C=CCCCCCC
CSNc1ccccc1,0.36,CSCc1ccccc1
CC(O)CC(C)CC(C)(C)C,0.2916666666666667,CC(C)CCC(C)O
CCCCCCOCCCC,0.5333333333333333,CCCCCCCCCC
CCCCCC(=O)C(C)C,0.5217391304347826,CCCCCC(C)=O
CC1CC(O)CC1=O,0.3870967741935484,C=C(C)C1CCC(C)C(=O)C1
CC1=CC(C)CCC1,0.36363636363636365,CC1=CC2OCC(C)C2CC1
CC1=C(OC(C)C)CC(CO)=CC1,0.2727272727272727,C=C(C)C1CC=C(CO)CC1
C=C=NC(C)C,0.2,C=CC(C)O
CC1COC(C)(C)C1,0.36,CC1COC(C)(C)O1
CCCC(OC)c1ccccc1,0.48148148148148145,COC(OC)c1ccccc1
C=CCc1ccc(C)cc1,0.5833333333333334,C=CCc1ccc(O)cc1
CC1CCCC1CS,0.19047619047619047,C=C1CCC[C@H](C)C2CC(C(C)(C)O)CC12
CC(C)C(=O)OC1C(C)CCCC1C,0.32432432432432434,CC(C)CC(=O)OC1CCCCC1
CCC1CCC(OC)C(OC)C1,0.25,CCC1CCC(CC)O1
C=C(CN)CCCCCCCCC=S,0.30303030303030304,C=CCCCCCCCC(=O)O
CCc1ccccc1,0.5,CCOCc1ccccc1
CCC(C)c1ccccc1OC,0.42857142857142855,COc1ccccc1C
CCCCCC(C(C)=O)C(S)CCC,0.40625,CCCCC(C(C)=O)C(=O)O
CCCCCC(C=O)CC(C)C(C)C,0.36666666666666664,CCCCCC(C)O
CC(C)C(C)CCC1=CCCC1,0.20930232558139536,CC1=CCC(C(C)CO)CC1
OC1COC2=C(OOCC2)S1,0.18604651162790697,CC(=O)SC1=C(C)OCC1
CCCC=CCNC(=O)C(C)CC,0.3939393939393939,CCCC=CCC(=O)O
CCCCCCCC(O)Cc1ccccc1,0.7241379310344828,CCCC(O)Cc1ccccc1
CCCCCC=C=N,0.43478260869565216,CCCCCC=O
CCC=C(S)C(C)=O,0.4166666666666667,CCC=C(C)C=O
CCCCCCCCC(=O)CCCCC,0.7894736842105263,CCCCCCC(=O)CC
C=CCCCC,0.7647058823529411,C=CCCCCCC
COC(O)c1ccccn1,0.36363636363636365,CC(=O)c1ccccn1
CCCC(=O)C(C)CS,0.391304347826087,CCCC(=O)C(=O)CCC
C=C(CCCCCCCCCCC)OCC(C)C,0.45161290322580644,CC(C)COC(=O)CCCCC(=O)OCC(C)C
CCCCCCCCC(CCC)CSC,0.5,CCCCCCCCC(CO)CCCCCC
CCCCC(C)c1ccccc1C,0.3333333333333333,CCCCC(C)O
CCCC(O)C(CC)Cc1ccccc1,0.6129032258064516,CCCC(O)Cc1ccccc1
C=C(CC)c1ccccc1,0.4,CC(=O)c1ccccc1
C=C(C)CC(C)OC(C)C(C)C,0.2647058823529412,C=C(C)CCC[C@H](C)CCO
C=CCSCSCCC,0.52,C=CCSSCCC
CCCC(C)C(C)C(C)S,0.36363636363636365,CCCC(C)O
CCOC(=O)CO,0.631578947368421,CCOC(=O)CC(=O)OCC
CCC1=CCC=C1C,0.3103448275862069,CCc1ncc(C)nc1CC
CC1CCCC(C)COC(C)(C)CCC1,0.3333333333333333,CC1CCCC(C)(C)C1=O
CC1=CC(CC(C)(C)CS)=CCC1,0.2682926829268293,CC(C)=C1C/C=C(\C)CC/C=C(\C)CC1
C=CCCC,0.5555555555555556,C=CCCCCCC
CCCCC(O)CCC1CCCCC1,0.4482758620689655,CCCCC(O)CC
CC(C)C1=CC=C(O)CC1,0.56,CC1=CC=C(C(C)C)CC1
CCC1C=CC(COC(O)Cc2ccccc2)=CC1,0.3404255319148936,CCCC(O)Cc1ccccc1
C=C1CC2CCC1(C)C2(C)C,0.5925925925925926,CC12CCC(CC1=O)C2(C)C
CC1CC(=O)C(C)(C)C12CCCCCC2,0.3235294117647059,CC1CCCC(C)(C)C1=O
CC(=O)C1CCC(=O)C1,0.3333333333333333,CC(C)=C1CCC(C)CC1=O
CC1=NC=COC1,0.25,Cc1cnc(C)cn1
CCOC(=O)C1=CC(OC)=C(O)CC1,0.2777777777777778,CCOC(=O)CC(=O)OCC
CCC1C=CC=C(NC)C1CC,0.18421052631578946,CCc1cncc(C)n1
CCCCCCCCCC(=O)CCC(C)C,0.5769230769230769,CCCCCCC(=O)CC
CC(C)=CCCC(C)CCCCO,0.7307692307692307,CC(C)=CCCC(C)CCO
CCCCCCCCCCC(C)C,0.6,CCCCCCC(C)O
CCCCCCC1CNC(CC)C1,0.3076923076923077,CCCCCCCCCC
C=C1CCCC(C)(C)C1CSC(C)=O,0.3541666666666667,C=C1CCC[C@]2(C)CC[C@@H](C(C)(C)O)C[C@@H]12
CCCC(C)CCCc1ccccc1,0.4722222222222222,CCCCOC(C)OCCc1ccccc1
CCCCCC(=O)C1C=CC=C1,0.4444444444444444,CCCCCC(C)=O
CC(O)CCCCCC(O)S,0.5909090909090909,CCCCCCC(C)O
CCC1=CC(C)C(C)=C1,0.26666666666666666,CCc1nccnc1C
CCC1CCC(C(C)=O)CC1,0.36363636363636365,CCC(C)=O
CCCCCC(O)CCOC,0.46153846153846156,CCCCCC(C)O
CCC(C=O)CCN,0.375,CCC(C)C=O
C=CCCC(C)CCCC(C)C=C,0.375,CCC(C)CCCC(C)C=O
C=C(C)C(O)CCCCC,0.5,CCCCCC(C)O
CSC(O)CCC1CCCC=C1C(C)(C)C,0.21052631578947367,CC(C)=CCC[C@H](C)[C@@H]1C=CC(C)=CC1
C=CC(C)CC,0.47368421052631576,CCC(C)C=O
CC1=CCCN=C1C,0.2608695652173913,Cc1cnc(C)cn1
CCC(C)C1OCCC1C,0.2972972972972973,CCC(C)C1CCCCC1=O
CC(C)C1C=CC(CC=N)=CC1,0.5151515151515151,CC1=CCC(C(C)C)C=C1
CCCC1CCCC(C)O1,0.3333333333333333,CCC1CCC(CC)O1
CC(CCO)CCO,0.6666666666666666,CC(C)CCCC(C)CCO
CCCC(C)COCCCCCCCCS,0.35714285714285715,CCCCCS
CCCC(O)C=C(C)CCC=C(C)O,0.40540540540540543,CCOC(/C=C(\C)CCC=C(C)C)OCC
CCCC(C)CC(C)C,0.4,CCCC(C)O
CCCCCC=CCCCC=CC=O,0.8636363636363636,CCCCCCCC=CC=O
CC(C)C(C)C,0.3333333333333333,C[C@H](O)[C@@H](C)O
CCC(C)(C)OC,0.2,CCOC1(OCC)CCCCC1
C=C(NC)C(C)CS,0.21428571428571427,CCC(C)C(=O)O
CC1CC1,0.3333333333333333,CC(C)[C@@H]1CC[C@@H](C)C[C@H]1O
CCCCC(C)OC1=CC=CCC1,0.3333333333333333,CC1=CC=CCC1
CCCCCCCC(=O)C(CC)CC,0.52,CCCCCCCC(=O)O
COC1=CC(C2CCC(C)C2)C=CC1O,0.2682926829268293,CC(C)[C@@H]1CC[C@@H](C)C[C@H]1O
CC(C)CC(=O)C1CC=CCC1N,0.3333333333333333,CC(C)CC(=O)CC(C)C
CCCC(O)CC1C(C)CCC(C)C1C,0.4074074074074074,CCCC(O)CCC
CCCCC(C)C,0.5555555555555556,CCCCC(C)O
CC1CC(C)SC(C)O1,0.2692307692307692,CC1COC(C)O1
CCC1CCC2=NC=CNC21,0.2,CCC1SSC(CC)S1
C=CC(C)(C)CCCC(C)CC,0.41935483870967744,CCC(C)CCCC(C)C=O
C=CCCC(C)c1ccccc1,0.4166666666666667,CC(C)=CCCC(C)c1ccc(C)cc1
CCCCCC(C)OCCc1ccccc1,0.6571428571428571,CCCCOC(C)OCCc1ccccc1
CCCC(=O)CCC1(C)CCC(C)C1,0.3125,CCCC(=O)OC1CC2CCC1(C)C2(C)C
CCCC(O)c1ccccc1C,0.42424242424242425,CCCC(O)Cc1ccccc1
CCCC(=O)CC(C)CC1C=CCC=C1,0.2894736842105263,CCCC(=O)CC(=O)[O-]
CCC(C)OO,0.3181818181818182,CCC(C)C(=O)O
CCCC(C)CC(C)c1ccccc1,0.38235294117647056,CCCC(O)Cc1ccccc1
CCCC(C)C(=N)O,0.45,CCCC(O)CCC
CC(C)CC(C)CC(C)C,0.3333333333333333,CC(C)C[C@H](N)C(=O)O
Cc1ccc[nH]1,0.4,CC(=O)c1ccc[nH]1
CC(C)CCC1CCC(C)(C)C23CC4CC2C13C4(C)C,0.26666666666666666,CC1(C)[C@H]2CC[C@@]1(C)[C@@H](O)C2
CSCCC(C)O,0.45,CC(C)CCC(C)O
CCCC(C)CCS,0.38095238095238093,CCCC(C)O
C=C(C)OC1CC(C)CC(C)(C)C1,0.2926829268292683,C=C(C)[C@@H]1CC[C@@H](C)C[C@H]1OC(C)=O
COC1C=C(C)CC1C,0.2702702702702703,CC1=CC2OCC(C)C2CC1
CC(=O)CCC1CCCC(C)C1(C)C,0.29411764705882354,CCCCCC(C)=O
CC1CC(C)(C)C(O)C2(C)CC12,0.2727272727272727,CC12CCC(C1)C(C)(C)C2O
CCC(S)CCC(O)C1=C(C)CC=CC1,0.22857142857142856,CCCC(C)O
CCCCCCC(=O)Cc1ccccc1,0.5833333333333334,CCCCCCCCC(=O)OCc1ccccc1
CCC(C)OC,0.375,COC(C)OC
C=CC(C)(C)C=CC1=C(C)CCCC1(C)C,0.5142857142857142,CC1=C(C=O)C(C)(C)CCC1
CC1=CC(=O)CC(C)(C)C12C=CC(C)C2,0.28846153846153844,C=C(C)[C@@H]1C=CC2=CC(=O)C[C@@H](C)[C@]2(C)C1
CC(C)(O)Oc1ccccc1,0.4074074074074074,CC(C)(O)Cc1ccccc1
CCC(C)C(=O)CC1CC2C=CC1(C)C2(C)C,0.28205128205128205,CCC(C)C(=O)O
C=C(C)C1CCC2CC(=O)CN(C)C2(C)C1,0.5454545454545454,C=C(C)[C@@H]1CCC2CC(=O)C[C@@H](C)[C@]2(C)C1
C=C(CCCCC)CCC(C)CCC,0.3793103448275862,CCCCCC(C)O
CC1=CC(C)C(C)=C1,0.21875,CC1=CC(=O)C2CC1C2(C)C
CCCCCCCCCCC(=O)CCC,0.7142857142857143,CCCCCCC(=O)CC
COc1nc(C)ccc1C,0.375,Cc1cccc(C)n1
CC(O)CCN,0.5,CC(C)CCC(C)O
CC1(C)CCCC(C)(O)C1O,0.3448275862068966,CC1(C)CCCC(C)(O)C1=O
CCC1CCC(C)CO1,0.4782608695652174,CCC1CCC(CC)O1
CC=C(C=O)COC,0.4230769230769231,C/C=C(/C=O)CCCC
C=C(C)OCCC(=O)c1ccccc1,0.42424242424242425,NCC(=O)c1ccccc1
CC(=O)C1CCC(C)CC1=O,0.6785714285714286,C=C(C)C1CCC(C)CC1=O
CCCCC(=O)CCC,0.5714285714285714,CCCCCC(=O)CC
CCCC(O)CCN,0.7058823529411765,CCCC(O)CCC
CC(=O)C1CC(C)C=C1C,0.2857142857142857,C=C(C)C1CC=C(C)C(OC(C)=O)C1
CC(C)C(C)C(C)O,0.5,C[C@H](O)[C@@H](C)O
COCCCCC1CCCC(C)O1,0.3023255813953488,CCCCCC1CCCC(=O)O1
OCC1C=CCCC1,0.2857142857142857,CC(C)C1=CCC(CO)C=C1
CC1CCC(O)C1,0.44,CC(C)[C@@H]1CC[C@@H](C)C[C@H]1O
CC1CCC2(O1)C(C)C=CCC2(C)C,0.25,CC1COC(C)(C)O1
CCCC(=O)OC(C)(CCC)CCC,0.4444444444444444,CCCC(=O)OC(C)(C)Cc1ccccc1
CCN(C)c1ccc(C)cc1,0.3333333333333333,Cc1ccc(O)cc1
C=C(C)C1C2CC(C)(C(C(=O)OC)O2)C1C,0.25925925925925924,C=C(C)[C@@H]1CCC2CC(=O)C[C@@H](C)[C@]2(C)C1
CCC1CC=CC1,0.2727272727272727,CCC1CCC(CC)O1
CCCC(C)C(CC)Cc1ccccc1,0.53125,CCCC(O)Cc1ccccc1
C=CC(CC)CCCC,0.52,C=CC(O)CCCC
CC1CCCCCCCCCCCCCCC1,0.30434782608695654,CC(=O)OC1CCCCC1
CC(=O)OC1=CCC(CCC(C)C)C=C1,0.36363636363636365,CC(C)C1=CCC(CO)C=C1
CC1CCC(O)C1O,0.38461538461538464,CC(C)[C@H]1CC[C@H](C)[C@@H](O)C1
C=CC(C)NCCC(C)CCCC(C)S,0.2777777777777778,CC(C)CCCC(C)CCO
CCC=CCC=CCCCCCCCCCCC(C)N,0.4857142857142857,CC/C=C\C/C=C\C/C=C\CCCCCCCC(=O)O
C=CCC1=CC(C2CC(CCC)CC=C2O)C(C)CC1,0.25,CC1=CCC(C(C)C)=CC2C(C)CCC12
CCCC=C(C)CCC=C(C)C,0.6666666666666666,CC(C)=CCC/C(C)=C/CC/C(C)=C/CO
C=C(CC)CCCC(C)(C)CC,0.21875,CCCCCC(=O)CC
CC1COC(c2ccc3c(c2)NCC3)O1,0.28205128205128205,CC1COC(C)O1
C=C(CC)CCCC,0.4090909090909091,CCCCC(=O)O
C=CC1=CC=CCC1,0.4230769230769231,CC1=CC=CCC1
CCc1ccoc1CC,0.29411764705882354,CCCC(=O)c1ccco1
C=C1CC(C)CO1,0.25,CC1CCC(C(C)C)C(=O)C1
CCC1=NC(CC)C=C1,0.25,CCc1nccnc1CC
CCCCCCCCCCCCCC1CCCC(C)O1,0.4594594594594595,CCCCCC1CCCC(=O)O1
CC(C)=CCCCO,0.48,CC(C)=CCCC(C)CCO
C=C(CCCCCCCC)OCCO,0.4375,CCCCCCC(=O)OCCCC
CC(C)CC=CCCC1C=CC=CC1,0.22857142857142856,CC(C)CC=O
CCC(OC(C)O)C1=CCC(OC(C)=O)CC1,0.32727272727272727,CC(=O)OCC(C)C1CC=C(C)CC1
CCC(=O)C1=C(CCCCc2ccccc2)CCC=C1,0.38095238095238093,O=C(O)CCCc1ccccc1
C=CC=CCCCCCCC,0.6,CCCCCCCC=CC=O
CCOc1ccccc1CC,0.3611111111111111,CCOc1cc(C=O)ccc1O
COC1COC=CC1CO,0.21428571428571427,CC(C)C1=CCC(CO)C=C1
CCNC(=O)CCc1ccccc1C,0.3333333333333333,CC(=O)c1ccccc1C
CCC(=O)c1ccccc1NCCCCCCCCO,0.32558139534883723,CNc1ccccc1C(=O)OC
C=C(CCOC)c1cnccc1N,0.27906976744186046,COC(=O)c1ccccc1N
Cc1cccn1CCc1ccoc1O,0.23255813953488372,CCCCc1ccco1
OC1CCCCO1,0.2903225806451613,CC(C)=CC1CC(C)CCO1
CCCC1CCCC(C)(CC(C)C)C1,0.2391304347826087,CCC1OC(C)(CC)CCC1C(C)C
CC1C=CC(C(C)C)CS1,0.30303030303030304,CC1=CCC(C(C)C)C=C1
C=C(C)CCC(C)CCC,0.5,C=C(C)CCC[C@H](C)CCO
COC(O)C(C)(O)O,0.3,CC(C)C(C)(O)C(C)C
C=CC1CCCC(CCCC(C)C)C1,0.25,CC(C)CCCC(C)CC=O
CC(C)CCCC(C)OCOC=O,0.40625,CC(C)CCCC(C)CC=O
CCCCCC1C=CC=C1,0.3684210526315789,CCCCCCCCCC
CCC=C(C)C(C)CCCCC,0.4444444444444444,CCCCCC(C)O
CCCCCC(O)CCCCC,0.631578947368421,CCCCCC(C)O
C=CCCC1C=CCC1,0.28205128205128205,C=CCCC(=O)OC1CCCCC1
CCCC(O)C(=O)OCC,0.5769230769230769,CCOC(=O)CC(O)C(=O)OCC
CCCCC(CC)C(O)CCC,0.5,CCCCC(O)CC
C=CCCOCC(C)C,0.3125,C=CCCCOC(C)=O
CC1CCC(c2ccccc2)S1,0.24,c1ccc(-c2ccccc2)cc1
CCSC1=CCC=C1C,0.21875,CCc1cnc(C)cn1
C=CC1C=C(CC)C(O)=C(OC)C1,0.29545454545454547,C=CCc1cc(OC)c(O)c(OC)c1
CC(C)(C)C,0.25,CC(C)C(C)(O)C(C)C
C=CCOCOOOCCCC,0.3333333333333333,C=CCOC(=O)CCCCCCC
CCCC1=CC(OC)C(OC)C(CC)C1,0.25,CCCc1ccc(OC)cc1
C=CC(CCCC)Cc1ccccc1,0.45714285714285713,CCCC(O)Cc1ccccc1
C=C(CCCCC)CC(C)C,0.375,CCCCOC(=O)CC(C)C
C1CCC2OCCCC2C1,0.39285714285714285,O=C1CCC2CCCCC2O1
CC1C=CC(c2ccccc2)CC1,0.23076923076923078,c1ccc(-c2ccccc2)cc1
CCc1ccc(C2CCc3ccc(O)cc3C2)cc1O,0.3684210526315789,COc1ccc(C2CCc3ccc(O)cc3O2)cc1O
CC(C)=CC1CCCC(C)C1,0.4375,CC(C)=CC1CC(C)CCO1
CCOC1=CC=C(C)CC1,0.36666666666666664,CC1=CC=C(C(C)C)CC1
CCCCCC(O)OCC,0.5,CCCCCC(C)O
CCCc1ccc(CC)cc1,0.5652173913043478,CCCc1ccc(OC)cc1
COC1CC(C)=CC1C,0.23684210526315788,CC1=CC2OCC(C)C2CC1
CC1=C(C)C(O)C(C)C=C1,0.21621621621621623,CC(C)C1=CCC(CO)C=C1
CCC1=CC=C(O)CC1,0.21875,CCc1cnc(C)cn1
CCC(O)CCCCCOC,0.52,CCCCC(O)CC
CC1=COC(C(C)C)CC1,0.38235294117647056,CC1=CC(=O)C(C(C)C)CC1
CC(C)C1=CCCC(CCO)=C1,0.3684210526315789,CC(C)C1=CCC(CO)C=C1
COc1ccc(C(=O)CCO)cc1,0.5517241379310345,COc1ccc(C(C)=O)cc1
CCCC1CCCC=C1CC,0.25,CCCC1CC(=O)C=C(C)C1
CC(C)C1CC2C(C)CC1CC2CO,0.2972972972972973,CC(C)[C@@H]1CC[C@@H](C)C[C@H]1O
CC1=C(O)C(O)CC1C,0.28125,CC(C)=C1CCC(C)CC1O
CC1=CC(C)=C(N)C(C)C1,0.3142857142857143,CCCC1CC(=O)C=C(C)C1
CC(C)C1=CC(O)C(C)CC1,0.35,CC1=CCC(C(C)C)=CC2C(C)CCC12
CCCCCSCCCCCC=O,0.7272727272727273,CCCCCCCC=O
CCCC1CCOC1,0.2857142857142857,CCCC1CC(=O)C=C(C)C1
C=CC=CCNCCCCCC,0.36666666666666664,C=CCCCCCC
CC1CCCC2=C1C=CCC2,0.2727272727272727,O=C1C=CCCC1
CC1CCOC(C)C1C,0.28125,CC(C)=CC1CC(C)CCO1
CCCC(C)CCCC(C)(C)C,0.38235294117647056,CCOC(CC(C)CCCC(C)(C)O)OCC
Cc1cccc(CC(C)C)c1,0.36363636363636365,CC(C)CC(O)Cc1ccccc1
CCC(CC)CC(C)CCCC(C)C,0.46153846153846156,CC(C)CCCC(C)CCO
C=C(C=CC)OCCC=CCC,0.5,CCC=CCCOC(C)=O
C=Cc1cc(CC)c(C)c(OC)c1,0.47058823529411764,C=Cc1ccc(OC)c(OC)c1
CC1CCCC(C)(C)CC1=O,0.5172413793103449,CC1CCCC(C)(C)C1=O
C=CCCOC(C)CCCC(C)C,0.3235294117647059,CC(C)CCCC(C)CC=O
CC(C)=CCCC(=O)C(C)C,0.5833333333333334,CC(=O)CCC=C(C)C
CCCCCCCC1CCCC1O,0.34210526315789475,CCCCCCCC1CCC(=O)O1
CCCC(C)CC(C)C1CCCCC1,0.2972972972972973,CCC(C)C1CCCCC1=O
CCC(C)CCCC(C)C,0.5454545454545454,CC(C)CCCC(C)CCO
CC(O)CCCOc1ccccc1,0.4482758620689655,OCOc1ccccc1
CCC(C)CCC=C(C)C,0.64,CC(C)=CCCC(C)CCO
CC1CCNC1,0.23529411764705882,C1CNCCN1
CC1CCCC1CCCCCCS,0.2857142857142857,CCCCCS
CC(C)C1C=CC(CO)CC1,0.38235294117647056,CC(C)[C@H]1C=C[C@@](C)(O)CC1
COS1=CCC(C)C=C1,0.16279069767441862,CC1=C2CC[C@@H](C)C=C2OC1=O
CC1CCC=C2C=CC=CC21,0.2222222222222222,C=C1/C=C\C(C(C)C)CC/C(C)=C\CC1
CC(O)CC(C)C(O)O,0.35,CC(C)CCC(C)O
C=C(C)C(=O)CCCCC,0.5652173913043478,CCCCCC(C)=O
CC1CCC=C1O,0.275,C=C(C)[C@@H]1CCC2=CCC[C@@H](C)[C@]2(C)C1
C=COCC(=O)c1ccccc1,0.4666666666666667,NCC(=O)c1ccccc1
Cc1ccccc1C(=O)CCCCCCCCCO,0.46875,CC(=O)c1ccccc1C
CC(C)C1CC=C2C=CCCC2C1,0.275,CC1=CCC(C(C)C)C=C1
CC(N)OC1(C)OCCC(C)(C)C12COC(C)C2,0.20454545454545456,CC1COC(C)(C)O1
CC(O)CCC(OC(C)C)c1ccccc1,0.3448275862068966,CC(C)CCC(C)O
C=C(CC(C)C)OCCC=CCC,0.48484848484848486,CCC=CCCOC(C)=O
CCCCCCC1CCSC1,0.34210526315789475,CCCCCCCC1CCC(=O)O1
CCCCNC(O)CCCC,0.4782608695652174,CCCCC(C)O
C1CCOC1,0.21052631578947367,O=C1CCCO1
CCCC1=CC(C)C(C)=C1,0.23684210526315788,CCCC1CC(=O)C=C(C)C1
CCC(C)C1CCCCC1(CC)CC(C)O,0.3023255813953488,CCC(C)C1CCCCC1=O
C=C1CCCC(CCCC)O1,0.5714285714285714,CCCCCC1CCCC(=O)O1
CC(=O)C1=CC=CC1,0.3103448275862069,CC(=O)c1ccccc1C
CC1C(C)(C)C2CCC3C=CC=CC3C2C1(C)C,0.30952380952380953,C[C@H]1CCC2C1C1C(CC[C@@]2(C)O)C1(C)C
CC1CC=CCCCCCCCCC(C)C1,0.2903225806451613,O=C1CCCCCCCC=CCCCCCCC1
CC1CCC2(C1)C(C)CCCC2(C)O,0.2702702702702703,CC1CCCC(C)(C)C1=O
C=C(CC)C(CC)CC,0.32142857142857145,C=CCOC(=O)C(CC)CC
CC(O)CC(C)CCc1ccccc1,0.45454545454545453,CC(C)CC(O)Cc1ccccc1
OC1C=CCCCC1,0.25,O=C1CCCCCCCC=CCCCCCCC1
CCCCCCC(C)CCCC(C)C,0.5416666666666666,CC(C)CCCC(C)CCO
CCCc1cc(CC)c(C)c(CC)c1,0.34375,CCCc1ccc(OC)c(OC)c1
CC1CCCC(C)CCC(C(C)C)CC1,0.4230769230769231,CC(C)C1CCC(CO)CC1
O=C(OCC1C=CC=CC1)C1=C(O)CC=CC1,0.21568627450980393,CCCCOC(=O)c1ccc(O)cc1
CCC1C=CCOC1O,0.23333333333333334,CCC1CCC(CC)O1
C=CC(O)CS,0.4166666666666667,C=CC(O)CCCC
CC1CC=C(C(C)(C)C)CC1,0.3142857142857143,CC1=CCC(C(C)(C)O)CC1
CC1=CC(C(C)O)CC(C)O1,0.24324324324324326,CC1=C(O)C(=O)C(C)O1
CC(O)C1C(C)OC(C)C1O,0.22727272727272727,C[C@H](O)[C@@H](C)O
CCCC(C)CC(C)Cc1ccccc1,0.5483870967741935,CCCC(O)Cc1ccccc1
CCC(CC)CC(C)OCCC(C)C,0.40625,CCCCCCOC(C)OCCC(C)C
CCOCC1=CC(C)CC1,0.3333333333333333,CCOCc1ccccc1
CCC(C)=CCCC(C)(O)CC,0.42424242424242425,C=CC(C)(O)CC/C=C(\C)CO
C=CCCCCCC(C)CCC,0.56,C=CCCCCCC
CC1=CCC2(C)CC1C2(C)C,0.375,CC1=CCC2CC1C2(C)C
OC1=CCCCC1O,0.225,CC(C)=CC/C=C(/C)C1CC=C(C)CC1
CCCCCCCCC1CCC(=S)O1,0.6363636363636364,CCCCCCCC1CCC(=O)O1
C=C(C)CCc1ccccc1,0.5384615384615384,O=C(O)CCc1ccccc1
C=C(CC)OCCCCCCC(C)C,0.37142857142857144,CCCCCCOC(C)OCCC(C)C
CCCCC(C)CCCC(C)C,0.5909090909090909,CC(C)CCCC(C)CCO
CCc1cc(C)cc(OC)c1O,0.4375,COc1cc(C)ccc1O
CCC(C)N1CCCC1,0.2727272727272727,CCC(C)C1CCCCC1=O
C=CC(C)(CCCC(C)C)CC(C)CCC,0.3055555555555556,CC(C)CCCC(C)CCO
CC1=CC(C)=C(C(C)C)C1,0.3103448275862069,CC1=CCC(C(C)C)=CC1
CCC1CC(CCC(C)CCSC2CCC(NC)C(OC)C2)=CC=C1OC,0.1527777777777778,C=CCc1cc(OC)c2c(c1OC)OCO2
CCCNC(=O)C(C)CC,0.44,CCC(C)C(=O)O
CCCC1(C(C)(C)C)C=CC(C)C1,0.16666666666666666,CC1CCC=C(C=O)C12CCC(C(C)(C)O)C2
C=CSCC(O)C1=C(N)CCC=C1,0.19642857142857142,CCC/C=C1\OC(=O)C2=C1CCC=C2
CCC(C)CC(CC)CSC,0.3333333333333333,CCC(C)CN
CC(C)CC1CCCC1,0.3225806451612903,CC(C)CC(=O)OC1CCCCC1
C1=CC2CCCCC2CC1,0.22580645161290322,O=C1CCCC1C1CCCC1
CCCCOCCC(C)CCC,0.36666666666666664,CCCCOC(=O)C(C)C
CCCCCC1=C(C)CCC1C,0.4,CCCCCC1=C(C)CCC1=O
CC(C)C1CCCNN1,0.21875,CC(C)C1CCC(CO)CC1
CCC(CCC(C)C)CCC(C)C,0.42105263157894735,CC(C)CCC(C)O
CC(C)C(O)CCC1C(C)CCCC1(C)C,0.25,CC(C)[C@@H]1CC[C@@H](C)[C@@]23CC[C@](C)(O)[C@@H]2[C@@H]13
C=C1CCCC(CCCCCCCCC)O1,0.6285714285714286,CCCCCC1CCCC(=O)O1
CCCC(C)C(C)O,0.5555555555555556,CCCC(C)O
CC1CCC(S)CC1,0.25925925925925924,CC(C)[C@@H]1CC[C@@H](C)C[C@H]1O
Cc1cc2c(o1)=CCCC=2,0.2727272727272727,CC(=O)c1cc(C)oc1C
CCCCCCCC(=O)CCC(C)C,0.5769230769230769,CCCCCCC(=O)CC
CCc1cccc(OC)c1O,0.64,COc1cccc(OC)c1O
C=C(C)CC(C)CCC,0.391304347826087,CCCC(C)O
CC(=O)C1=CCCO1,0.2857142857142857,CC(=O)SC1=C(C)OCC1
CCCCCC1C=C(C)SC1,0.3,CCCCCC1CCC(=O)O1
CC(O)CCO,0.5294117647058824,CC(C)CCC(C)O
C=C(C)C(O)CCC,0.45,CCCC(O)CCC
CC(C)CCCCCCCC(C)C,0.45,CC(C)CCCC(C)CCO
CCOCCCCC(C)OCC,0.36,CCOC(C)OCC
CCCC1C=C(CC)C(C)C(CC)=C1,0.24324324324324326,CCCC1CC(=O)C=C(C)C1
CCOCOC(C)C(C)C,0.36363636363636365,CCOC(C)OCC
CC1=CC(C(C)C)=CC1C,0.2857142857142857,CC(C)C1=CCC(CO)C=C1
CCCC1(C(C)(C)C)CCC(C)C1,0.19230769230769232,CC1CCC=C(C=O)C12CCC(C(C)(C)O)C2
COC=CCC1C=CCC1C,0.17777777777777778,CC1=CCC(CC=O)C1(C)C
CC(C)C1CC2CC(C=O)C1CC2C,0.2972972972972973,CC(C)[C@@H]1CC[C@@H](C)C[C@H]1O
COC(O)C(C)C,0.375,COC(C)OC
C=C(CC)C(S)CC,0.23076923076923078,CCC(C)C(=O)O
C=C(CCCC)OCc1ccco1,0.5,CCCCc1ccco1
CC(C)C(C)SC(C)C(C)C,0.2857142857142857,CC(C)SSC(C)C
CC(C)=CCCC(=O)C=C(C)C,0.6086956521739131,CC(=O)CCC=C(C)C
CC1CCC(O)C(O)C1S,0.3333333333333333,CC(C)[C@H]1CC[C@H](C)[C@@H](O)C1
CC=CC1CC=C(NCC)C(OC)C1,0.22448979591836735,CC1(C)C2CC=C(C=O)C1C2
CCCCCCCSCCCC,0.5333333333333333,CCCCCCCCCC
CC(C)(C)C1=CCC(C=O)CC1,0.3,CC1=CCC(C(C)C=O)CC1
C=C(COCCC)C(C)=O,0.3333333333333333,CCCCOC(C)=O
CCC=CCC(CCC)CCC,0.36,CC/C=C/CC/C=C/CO
C=C(CC)C1=CCC=C1,0.23404255319148937,C=C(C)C1CC=C(C)C(OC(=O)CC)C1
C=C(O)CCCCCC,0.5454545454545454,CCCCCCCC(=O)O
CC(=O)CC(CC(C)C)CC(C)O,0.35714285714285715,CC(=O)C(=O)CC(C)C
CC12C=CC(C1)C(C)(C)C2O,0.30303030303030304,CC12CCC(C1)C(C)(C)C2O
CCC1CCCO1,0.4666666666666667,CC(=O)OCC1CCCO1
CCC=CCCCCCCC(C)=O,0.6333333333333333,CC/C=C\C/C=C\C/C=C\CCCCCCCC(=O)O
OCCCCCC1C=CC=CN1,0.26666666666666666,CCCCCCCCO
CC(=O)C1=CC2C(C=C1C)C(C)(C)C(C)CC2(C)C,0.3,CC(=O)/C=C/C1C(C)=CCC(C)C1(C)C
CCCC(C)C(C)(C)O,0.42857142857142855,CCCC(C)O
C=C(CCC)C(C)C(C)C,0.30434782608695654,CCCC(=O)C(=O)CCC
C=C(CCCC)C1C(C)CCCC1(C)C,0.3,CCCCC(=O)O[C@@H]1CC2CCC1(C)C2(C)C
CCC(C)(C)COC,0.17857142857142858,CCCCCCCCCC(OC)OC
CCCCCC(O)CCC(O)S,0.48,CCCCCC(C)O
CCC(=O)CCCC(C)C,0.5416666666666666,CCCCCC(=O)CC
CCC(=O)C=C(C)C,0.45,CC(C)=CC(=O)O
CCCCCC(O)OCC(C)O,0.5833333333333334,CCCCCC(C)O
CCCCCCCCCC,1.0,CCCCCCCCCC
CCSC1CC=CNC1C(C)S,0.1956521739130435,CC(C)C1=CCC(CO)C=C1
CC(O)CC1(C)CCCC1C,0.2857142857142857,CC(C)[C@@H]1CC[C@@H](C)[C@@]23CC[C@](C)(O)[C@@H]2[C@@H]13
C=C(C)CC1(CC)CCCCC1,0.30303030303030304,CC(=O)OC1(C(C)=O)CCCCC1
Cc1cocn1,0.35,Cc1cnc(C)cn1
CC=C(C)C(C)CCC1=CC=CCC1,0.32432432432432434,CC1=CC=CCC1
CC1COCC(O)C1,0.2727272727272727,CC(C)=CC1CC(C)CCO1
CCC(CC)C(O)OCCC(C)CCCC(C)C,0.4375,CC(C)CCCC(C)CCO
CC(=O)OC1=C(C)CC(C)C1,0.3333333333333333,CC(=O)Oc1ccc(C)cc1
COC1=CC(C)=COC1C,0.22580645161290322,COc1ccc(C)cc1
C=CCC1=CC=C(OC)CC1,0.35714285714285715,C=CCc1cc(OC)c2c(c1OC)OCO2
CCCCC(CC(C)C)OCCC,0.3939393939393939,CCCCCCOC(C)OCCC(C)C
CC=CC(O)CC,0.2962962962962963,C=CC(O)CCCC
CC1CC(C)C(C)S1,0.23333333333333334,C=C(C)C1CCC(C)C(O)C1
CCCCNCC,0.375,CCCCCCCCCC
CCCCC1CCCC(C)O1,0.40540540540540543,CCCCCC1CCCC(=O)O1
CC1COC(C)C1O,0.28,CC1COC(C)O1
CCCc1ccccc1NCC,0.34375,CCCc1ccccn1
CC(C)CCCC(O)C(C)C,0.4583333333333333,CC(C)CCCC(C)CCO
C=COCCc1ccccc1,0.6296296296296297,O=COCCc1ccccc1
CC1CCCC(C)O1,0.3333333333333333,CC1COC(C)O1
C=C1CC(C)CCC1C(C)C,0.5714285714285714,CC1CCC(C(C)C)C(=O)C1
C=CCCCCCCC,1.0,C=CCCCCCC
CCc1ccccc1C(=O)CCC(C)C,0.3333333333333333,CC(C)C(=O)OCc1ccccc1
CC1=CC(N)CC(C)(c2ccccc2)C1,0.21951219512195122,CC1=CCC2C(C1)C2(C)C
CCCC(CC)CCOC(C)O,0.38461538461538464,CCCC(C)O
C=CC(C)CCCC(C)O,0.4583333333333333,CCCCC(C)O
CC(C)CCCC(=O)C(C)C,0.37037037037037035,CC(C)CCCC(C)CCO
COC1C=CC(C(C)C)C=C1,0.22727272727272727,COC(C)OC
O=CCCCC=CCCCO,0.44,CC=CCCCCCCCC=O
C=Cc1ccc(C)cc1C,0.6,Cc1ccc(C=O)c(C)c1
C1=COCC1,0.23529411764705882,C1=CCCC=C1
CCCC(=O)C(CC)CCC,0.5,CCCC(=O)C(CC)Cc1ccccc1
CNCCC(C)Cc1ccccc1,0.45454545454545453,CCCC(O)Cc1ccccc1
CCCCCCCCCN1C=CCC=C1C(=O)NC,0.2727272727272727,CCCCCCCCCC(=O)OC
C=C=CCCCCC,0.4782608695652174,C=CCCCCCC
CCC(C)COCCCCC(C)C,0.35294117647058826,CCCCCCOC(C)OCCC(C)C
CC(C)C1CC2CC(CN)C1CC2C,0.2631578947368421,CC(C)[C@@H]1CC[C@@H](C)C[C@H]1O
CCCCCCC(C)OCC,0.48,CCCCCCC(C)O
CC(C)CCC=COC(C)C,0.2692307692307692,CC(C)CCC(C)O
CCCCCCSCOCC(=O)CCCCCC,0.46875,CCCCCCC(=O)CC
CCCC(=O)C(C)C(C)C,0.42857142857142855,CCCC(=O)C(=O)CCC
CC(O)C=O,0.4666666666666667,C=CC(C)O
C=CCOC(O)C(C)CC,0.40625,C=CCOC(=O)C(CC)CC
CC(=O)OC(C)CS,0.56,CC(=O)OCC(C)OC(C)=O
CCC(C)C(C)OCCCCOC,0.3235294117647059,CCCCCCOC(C)OCCC(C)C
CC1CC(C)CC(C)C1,0.2608695652173913,CC(C)[C@@H]1CC[C@@H](C)C[C@H]1O
CCC1C=CCOC1C(C)=O,0.23333333333333334,CCC(C)=O
C=C(C=C(C)C)CCC=C(C)C,0.6666666666666666,C=CC(=C)CCC=C(C)C
CC(S)CC(C)OCCCc1ccccc1,0.48717948717948717,CCCCOC(C)OCCc1ccccc1
CC1C=CC(O)C1,0.23333333333333334,CC1(C)[C@H]2CC[C@@]1(C)[C@@H](O)C2
CC1C=CC(C(C)C)C1,0.3333333333333333,CC1=CCC(C(C)C)C=C1
Cc1ccc(CC(C)C)c(C)c1,0.36666666666666664,COc1ccc(C)cc1C
C=CCOSC,0.3333333333333333,C=CCOC(=O)CC
CCCCC(O)C1=CC=C(O)CC1,0.3548387096774194,CCCCC(C)O
CCOC1CCCC1,0.4074074074074074,CCC(=O)OC1CCCCC1
CC(C)C(C)CC1C(C)CCCC1(C)C,0.2631578947368421,CC1CCCC(C)(C)C1=O
CC(C)CCCCCC(C)C,0.45,CC(C)CCCC(C)CCO
Cc1cc(O)c(C=O)cn1,0.4838709677419355,Cc1ccc(C=O)c(O)c1
C=C(C)OC(C)CCCCC,0.4444444444444444,CCCCCC(C)O
CCC(C)(C)CCC1SC(C)CCC1C(C)C,0.2619047619047619,CC(C)[C@@H]1CC[C@@H](C)C[C@H]1O
CCCC(C)c1ccc(OC)cc1,0.4666666666666667,CCCc1ccc(OC)cc1
CC(C)C1=CC(O)CC=C1,0.38235294117647056,CC(C)C1=CCC(CO)C=C1
Cc1cccc2c1CCC=C2,0.28125,CC1=CC=CCC1
C=CCCC(S)CC,0.4444444444444444,C=CCCC(O)CCC
CCCc1ccccc1C(C)OCC,0.358974358974359,CCCOC(C)OCCc1ccccc1
CCC=CCC,0.5333333333333333,CC/C=C\CCO
CC(O)C1CCCC1,0.36,CC(C)C1CCC(CO)CC1
CCCCCC(C)CCC=Cc1ccccc1,0.45652173913043476,CCCCCC(/C=C/c1ccccc1)OC(C)=O
C=C(C)CCCc1ccccc1,0.5925925925925926,O=C(O)CCCc1ccccc1
CC=CC=CCCC(O)C(C)C,0.39473684210526316,C/C=C/C=C\CC/C=C/C(=O)NCC(C)C
CCC(C)CC(C)SCCC(C)C,0.4,CC(C)CCSSCCC(C)C
C=C(CC)C1C=CC=CC1,0.23809523809523808,C=C(C)C1C=CC(C)(OO)CC1
CCCCOCCCCCCCCC(C)O,0.6666666666666666,CCCCCCC(C)O
CCC(C)C1=C(OC)C=CCC1,0.24390243902439024,CCC(C)c1nccs1
CC(=O)CC(C)(C)Cc1ccccc1,0.5454545454545454,CC(=O)OC(C)(C)Cc1ccccc1
CC1=CCCC(CCS)C1,0.3157894736842105,CCCC1CC(=O)C=C(C)C1
CC(C)C1CCC(CS)CC1,0.5833333333333334,CC(C)C1CCC(CO)CC1
CCOC(O)CC(C)C,0.42857142857142855,CCOC(C)OCC
CC(C)CCCOOCCC(C)C,0.3793103448275862,CCCCCCOC(C)OCCC(C)C
C=C(O)CCCCCCCCCCCC,0.5454545454545454,CCCCCCCC(=O)O
CCc1cc(CO)cc(CC)c1O,0.3333333333333333,COc1cc(CO)ccc1O
CC1CCC(C(C)C)C(CCC(S)CO)C1,0.43243243243243246,CC(C)[C@@H]1CC[C@@H](C)C[C@H]1O
C=CCCCOO,0.5,C=CCCCOC(C)=O
CC=C(C)C(O)CCC=C(C)C,0.56,CC(C)=CCCC(C)O
CCCCCC(C)SCC,0.4583333333333333,CCCCCC(C)O
C=C(OCCC)C(C)(C)C,0.27586206896551724,CCCCOC(C)=O
OCCC(O)C1C=CC(O)C(O)C1,0.21428571428571427,CC(C)C1=CCC(CO)C=C1
CCC1(O)CCC(C)(CO)CC1,0.2222222222222222,CC1(O)CSC(C)(O)CS1
C=CCCOCO,0.375,C=CCCCCCCCCO
CCC1=CC=C(OC)CC1,0.23529411764705882,CCCc1ccc(OC)cc1
CC1CCC(C(C)S)C(CC(=O)CCC(C)C(C)C)C1,0.3333333333333333,CC(=O)OC1CC(C)CCC1C(C)C
C=COC(C)CC,0.30434782608695654,CCC(C)CN
C=C(CCCC(C)C)CC1C=C(C)OCC1C(C)C,0.24561403508771928,CC1=CC2C(C(C)C)CCC(C)C2(O)CC1
CC1=CCCCC1Cc1ccccc1,0.2857142857142857,CSCc1ccccc1
C=C(OCCC(C)CC)C(O)CC,0.35,C=C(C)CCCC(C)CCOC(=O)C(C)C
CC1CCC2C1C1C(=CCC2(C)O)C1(C)C,0.4146341463414634,C[C@H]1CCC2C1C1C(CC[C@@]2(C)O)C1(C)C
CCCC(C)C(C)C1CCCOC1,0.24242424242424243,CCCC(C)O
CCC(O)c1ccc(C)o1,0.3548387096774194,CC(=O)c1ccc(C)o1
C=C(C)OC,0.42857142857142855,COC(C)=O
CCC(C)C1CCCCC1,0.43333333333333335,CCC(C)C1CCCCC1=O
CCCC(C)C(C)C(C)N,0.36363636363636365,CCCC(C)O
OOC1=CCCC(O)C1,0.20454545454545456,CC(=O)OC(C)(C)C1CC=C(C)CC1
CCC(O)C1C(C)CCCC1(C)C,0.2631578947368421,CC1CCCC(C)(C)C1=O
CNC(O)COC,0.2962962962962963,COC(=O)CC(C)O
C=C(CCC=C(C)C)C1CCC(C=O)CC1,0.4883720930232558,C=C(CCC=C(C)C)[C@@H]1CC=C(C)CC1
CCCC(C)CCC,0.5,CCCC(C)O
CCCCC1C=CC(C(C)(C)C)CC1,0.23809523809523808,CCCCCC1CCC(=O)O1
CC(O)C(O)Cc1ccccc1,0.5714285714285714,CC(C)CC(O)Cc1ccccc1
CCCNC(C)C(C)CC,0.25,CCC(C)SSC(C)CC
CCC(C)ONC(C)=O,0.3333333333333333,CCC(C)C(=O)O
CC(C)CC(C)C,0.3684210526315789,CC(C)C[C@H](N)C(=O)O
C=C(C)CC(=O)CCCCC,0.56,CCCCCC(=O)CC
C=C(CCCC(C)C)C1CCC(C=O)OS1,0.2857142857142857,C/C(=C\CO)CCC[C@H](C)CCC[C@H](C)CCCC(C)C
C=C1C2=CC3CC1CC(C2CC(C)C)C3C,0.20833333333333334,CC1=NC(CC(C)C)SC1C
CC1CCCN1,0.2222222222222222,C1CCNC1
CCCCCCOC(C)C(C)(C)C,0.5,CCCCCCOC(C)OCCC(C)C
CC1=C(C(C)C)CC(C)C1,0.28125,CC1CCC(C(C)C)C(=O)C1
C=C(C)C(=O)OCCC,0.4074074074074074,CCCCOC(C)=O
CCCc1cccc(C(C)C)c1,0.38235294117647056,CCCc1ccc(OC)c(OC)c1
CC=CC(C)C1C(C)CCCC1(C)C,0.2564102564102564,CC1CCCC(C)(C)C1=O
CC1=C(C)CC2(CCCOC2)C(C)C1,0.24324324324324326,CC1OCCC1=O
CCCC(O)C=CCCCOCC,0.3142857142857143,C=CC(O)CCCC
CCC=CCCOC(=O)CCC1C=CC=CC1,0.5476190476190477,CCC=CCCOC(=O)CCCC
CCC1CCC(O)C(CC)C1,0.2727272727272727,C=C(C)C1CCC(C)CC1O
CCCCCCC(C)C(C)CN,0.48,CCCCCCC(C)O
C=CCCCCCCCC,1.0,C=CCCCCCC
C=CCC1(O)C(C)(C)CC=CCC1(C)C,0.22916666666666666,C=C[C@]1(C)Cc2occ(C)c2CC1C(=C)C
CCCCCCCCC(C)CCC,0.5454545454545454,CCCCCCC(C)O
CCCCCCCCC(C)C(C)=O,0.52,CCCCCCC(C)O
C=CC(C)CCCC(C)(C)CC(=C)C,0.2894736842105263,C=C(C)CCC[C@H](C)CCO
CC(C)CCCCCCCCC(C)O,0.65,CCCCCCC(C)O
CCCCCC(C)CCCCC,0.5789473684210527,CCCCCC(C)O
CCC(C)(C)CC,0.36363636363636365,CCN
CC(S)C(=O)CCC1C=CC=CC1,0.24444444444444444,CC(C)C1=CCC(CO)C=C1
COC1CCCCC1CC1=CC1,0.21739130434782608,CC(C)=CC/C=C(/C)C1CC=C(C)CC1
CCC(CC)CC(C)C,0.3157894736842105,CCC(C)SSC(C)CC
CCOC(C)C1(c2ccccc2)CC1(C)CC,0.28888888888888886,CCCOC(C)OCCc1ccccc1
C=C1OC(CC)C(C)C1O,0.21052631578947367,C=C1C(O)CC2CC1C2(C)C
Cc1cocc1C,0.29411764705882354,Cc1cscc1C
CCOC(O)C(C)C(C)CC,0.391304347826087,CCOC(C)OCC
CC1=CC=CN2C=CC=CC12,0.18181818181818182,CC1=CC=CCC1
CCCCCC1C=CC(CC)=CC1,0.325,CC(C)C1=CCC(CO)C=C1
CC1CC(C)C2(CC(C)(C)CC(C)(O)C2)C1(C)C,0.21621621621621623,C=C(C)C1CCC(C)(O)CC1
CCCCCC(=O)C(C)CCC,0.46153846153846156,CCCCCC(C)=O
CC1CNC(C)N1,0.15384615384615385,CC1COC(C)O1
CCOC(C)C1(c2ccccc2)CC1CC,0.29545454545454547,CCCOC(C)OCCc1ccccc1
C=CCCCCc1ccccn1,0.59375,CCCCCc1ccccn1
CCC1C=CCCC1C,0.25,CCC1CCC(CC)O1
CCCC1CC(C(C)C)C=CC1C,0.2631578947368421,CC1=CCC(C(C)C)C=C1
CCCOCCCCCC=CC(C)=O,0.6666666666666666,CCCCCC/C=C/C(C)=O
CCCC(C)CC(O)CCC,0.5789473684210527,CCCC(O)CCC
CCSC(C)(C)CO,0.2631578947368421,CCSSCC
CCCOC(C)CCC(C)O,0.4782608695652174,CCCC(C)O
CCCCCNC(=O)CCC,0.4230769230769231,CCCCCC(C)=O
C=C(O)CC,0.42857142857142855,CCC(=O)O
COC1C=CC(CO)CC1,0.2972972972972973,CC(C)C1=CCC(CO)C=C1
CC1=CC=CC(CO)C1,0.37142857142857144,CC(C)C1=CCC(CO)C=C1
CC(C)CCC(C)CCCC(C)S,0.48,CC(C)CCCC(C)CCO
CC(C)CCCC(O)C1OC=COC1O,0.3225806451612903,CC(C)CCC(C)O
CC1CCC(C)(c2ccccc2)C1,0.24324324324324326,CC1CCCC(C)(C)C1=O
CCC1CC(C)CO1,0.375,CCC1CCC(CC)O1
CCCC(C)(CCC)c1ccccc1,0.4,CC(C)(CC=O)c1ccccc1
CC1=CCC(C)C=C1C(C)(C)C,0.2702702702702703,CC1=CCC(C(C)(C)O)CC1
C1CSSCSN1,0.15789473684210525,C1CNCCN1
CC1=C(C)C2=CC=CCC2O1,0.2727272727272727,CC1=CC=CCC1
CCC(CO)c1ccccc1,0.375,CCC(C(=O)O)C(=O)c1ccccc1
C=C(CCCCC)C(C)CCC,0.4074074074074074,CCCCCC(C)O
CCCC1=NCC=C1,0.2727272727272727,CCCc1ccccn1
CC1=CC(=O)CC(C)=C1,0.30303030303030304,CCCC1CC(=O)C=C(C)C1
CCCCC1C=CCC1,0.2631578947368421,CCCCCC1CCC(=O)O1
CC1=CC2CCCC2=CO1,0.24390243902439024,CC1=CC2OCC(C)C2CC1
C=C(C)CCCC(C)(S)CC,0.3235294117647059,C=C(C)CCC[C@H](C)CCO
CC(C)CC=C(CS)C1C=CCC=C1,0.2727272727272727,CC(C)C/C=C(/C=O)c1ccccc1
CC1CCC(C(C)(C)C)CC2C(C)CCC12,0.325,C=C1CCC[C@H](C)C2CC(C(C)(C)O)CC12
OC1C=CC2CCOC2=C1,0.175,CC1=CC(O)C2CC1C2(C)C
CCCC1C=CC(NC(C)=O)=C(OC)C1,0.2708333333333333,CCCC1CC(=O)C=C(C)C1
CCC(C)CC(C)(C)C,0.4,CCC(C)CN
CCCC(C)N(C)CCC,0.34782608695652173,CCCC(C)O
CC(C)C1CCC(C)C(O)C1=O,0.4838709677419355,CC1CCC(C(C)C)C(=O)C1
CCCC=CC(C)O,0.48,CCC/C=C/C(OC)OC
CCCOCCCCO,0.47619047619047616,CCCCCCCCO
CCCCCC,0.875,CCCCCCCCCC
CC1C=CC(CO)C(C)C1,0.24324324324324326,CC(C)C1=CCC(CO)C=C1
CCCC(C)CCCC(C)CCCC(C)CCCC(C)C,0.5909090909090909,CC(C)CCCC(C)CCO
CCCCCOCC,0.4375,CCCCCCCCCC
CC1CCC(C(C)(C)CC(=O)C(C)C)CN1,0.22448979591836735,CC(=O)OC1CC(C)CCC1C(C)C
CCCCC(C)CC(C)CCC,0.45454545454545453,CCCCC(C)O
Cc1ccccc1C(C)C,0.375,Cc1ccccc1SSc1ccccc1C
C=CCCOSSCCC,0.4482758620689655,C=CCSSCCC
CC(C)=CCCC1CCCC(CO)C1,0.35294117647058826,CC(C)=CCCC(C)=CCO
CCCC(CCCC(C)=O)CC(C)C,0.4482758620689655,CCCCCC(C)=O
CC1C=COC1,0.24,CC1COC(C)O1
CC(C)CCC(C)O,1.0,CC(C)CCC(C)O
CC1CCCC1,0.2916666666666667,CC1CCCC(C)(C)C1=O
C=C(O)C(C)O,0.38461538461538464,C[C@H](O)[C@@H](C)O
COCCCC(C)C,0.36,CC(C)CCCC(C)CCO
C=C(C=CC(=O)CCC)CCC,0.41379310344827586,C/C=C/C(=O)CCCC
COCCCC=CO,0.3225806451612903,C=CCCCOC(C)=O
CSCCC1=NCC=C1,0.22580645161290322,CSCCCN
CCC(CO)CO,0.42857142857142855,CCCCCCCCC(CO)CCCCCC
C=C(OSC)C(C)OC(O)CC,0.22580645161290322,CCC(C)SSC(C)CC
CC1CCC(C(C)(C)OC(C)C)C(=O)C1,0.475,CC(=O)SC(C)(C)C1CCC(C)CC1=O
C=CCC(C)(O)C1C2=CCC(C2)C1(C)C,0.2708333333333333,CC1(C)C2CC=C(C=O)C1C2
CC(C)=CCCC(C)CC1CC=C(C)O1,0.4375,CC(C)=CCC[C@H](C)[C@@H]1C=CC(C)=CC1
CCOC(C)C=O,0.47368421052631576,CCOC(C)OCC
CC(C)CC1CCC(C)O1,0.34615384615384615,CCC1CCC(CC)O1
CC=C1CC2CC(CC(C)C)C1C2,0.20930232558139536,CC1=NC(CC(C)C)SC1C
C=C(CCC)CCOC,0.3,CCCCOC(=O)CCC
CC(O)CC1=CC(C)CCC1C(C)C,0.3157894736842105,CC1CCC(C(C)C)C(=O)C1
CCC1=C(C=O)CCC1,0.2571428571428571,CC1=C(C=O)C(C)(C)CCC1
CC(C)C(C)CS,0.21739130434782608,N[C@@H](CS)C(=O)O
CCCCCCCC(C)CCC,0.5454545454545454,CCCCCCC(C)O
CCCCC(CC)CC(C)=O,0.4482758620689655,CCCCC(CC)C(=O)O
CCCC1CCCN1,0.23076923076923078,CCCCCC1CCCC(=O)O1
CC(C)C(O)C(=O)O,0.5,CC(C)C(=O)O
COC(C)CC(C)CCC=C(C)C,0.5333333333333333,CC(C)=CCCC(C)CCO
C=C(OCC)C(C)C,0.375,CCOC(=O)C(O)C(O)C(=O)OCC
CCCCCCCC(O)O,0.65,CCCCCCC(C)O
CC(O)C(C)c1ccccc1,0.4230769230769231,CC(C=O)c1ccccc1
COCCCCCCCC(O)S,0.3103448275862069,CCCCCCC(C)O
C=C(C)C1C=C(C(C)C)N=CC1,0.2777777777777778,C=C1CCC(C(=C)C)CC1
CC(C)CCCC(C)CSCC(O)C(C)C,0.43333333333333335,CC(C)CCCC(C)CCO
CC1CC=CCC1OCC1C=CC=C1,0.19047619047619047,CC(C)C1=CCC(CO)C=C1
CCCCCCC1CCCO1,0.4857142857142857,CCCCCC1CCCC(=O)O1
CCC(C)C(=O)OC(C)CCC(O)C(C)CC,0.34375,CCC(C)C(=O)O
C=C1COCCC1C,0.25,CC1CCC(=O)OC1C
CCCC=CCCCCCO,0.8095238095238095,CCCCCCCC/C=C/CCCCCCCCO
C=CCCOCCCCCC(=C)O,0.40625,C=CCCCCCCCC(=O)O
CCC1=C(S)CCCC1,0.25,CC1=C(S)CCO1
CCCC(CC(C)O)CC(C)CC,0.4583333333333333,CCCC(C)O
CCC=CCCCC(=O)CC(C)=O,0.5862068965517241,CC/C=C\CCCC(=O)O
CCC(OC)C(C)C,0.35,CCOC(C)OCC
CCc1cccc(OC)c1,0.6086956521739131,COc1cccc(OC)c1
CCCCCOCCC,0.4375,CCCCCCCCCC
C=C(C)CCC,0.3888888888888889,CCCC(=O)C(=O)CCC
CCCCCCC(=O)CCC,0.7142857142857143,CCCCCCC(=O)CC
CNC1=CC=C(CO)CC1,0.28205128205128205,C=C(C)C1CC=C(CO)CC1
CCCC1CCC(O)CC1,0.30303030303030304,CCCC1CC(=O)C=C(C)C1
CCCCCCCCCC(C)CCCC1C=CN=C1C,0.3157894736842105,CCCCCCC(C)O
CC1C=CC2(O1)C(C)CCC(C)C2C,0.20454545454545456,CC1=COC(=O)C2C(C)CCC12
CCCCCOC(C)O,0.5,CCCCCCOC(C)OCCC(C)C
CCCCCCc1ccc(C=CC(CC)CC)cc1,0.3469387755102041,CCCCCC(/C=C/c1ccccc1)OC(C)=O
C=C(C)CCC(O)CCCCC,0.4827586206896552,C=CC(O)CCCCC
CCOC(C)C,0.6,CCOC(C)OCC
CSC1C=CCC=C1C(C)C,0.2702702702702703,CC1=CCC(C(C)C)C=C1
CCCC(=O)C(C)CC,0.5,CCC(C)C(=O)O
CCCCCC=CCCC(O)OCC,0.45161290322580644,CCCCCCCC=CCO
CCCCC1C=C(C)C=CC1,0.2558139534883721,CCCCC1OC(=O)c2ccccc21
CCCOCCCCC(O)CCO,0.37037037037037035,CCCC(O)CCC
CCOCC1CCC=CC1O,0.225,CCC(=O)OC1CCCCC1
CCCC(C)CC(C)CC,0.38095238095238093,CCC(C)CN
CCC(CC)CC,0.3333333333333333,CCC(C)SSC(C)CC
CC=CC=CCCCCCCC,0.6153846153846154,CCCCCCC/C=C/C=C/C=O
OC(CS)SS,0.25,N[C@@H](CS)C(=O)O
CCCC(CC)OCC,0.38095238095238093,CCOC(C)OCC
CC(C)CC(C)C(=O)O,0.55,CCC(C)C(=O)O
CC(=O)C1C=CC=C(C)C1,0.28125,CC1=CC=CCC1
CCC(O)CCCC(C)CC(C)S,0.48148148148148145,CCCCC(O)CC
CCCC(CNC)CC(C)CCCC(C)C,0.36363636363636365,CC(C)CCCC(C)CCO
CCCCCC=CCC=S,0.5,CCCCCC=CCCC=O
CSC1CC=C(C)O1,0.26666666666666666,CC1=CCC(=O)O1
CC(C)C(C)(C)CCC1CCC(C)C1(C)C,0.2391304347826087,CC(C)[C@@H]1CC[C@@H](C)[C@@]23CC[C@](C)(O)[C@@H]2[C@@H]13
COCCCCOC(C)CCc1ccccn1,0.45,CCCCCc1ccccn1
CCONCCCCCCCCO,0.4166666666666667,CCCCCCCCO
CCCCCCCCCC(C)OCCC,0.4666666666666667,CCCCCCOC(C)OCCC(C)C
COCCC(C)O,0.45,CC(C)CCC(C)O
C=C1CCCCC1C(C)(C)C,0.3333333333333333,C=C1CCC[C@H](C)C2CC(C(C)(C)O)CC12
C=C(OC(C)CCC)C(C)C,0.375,CCCC(C)O
CCOC(OCC)C1C=CCC1,0.2857142857142857,CCOC(C)OCC
CCC=CCC=COCCCC,0.35135135135135137,CCC=CCCOC(=O)CCCC
CCCCC(=O)CCc1ccccc1,0.5517241379310345,O=C(O)CCc1ccccc1
CC(C)(CC=O)c1ccccc1,1.0,CC(C)(CC=O)c1ccccc1
CCCC(=O)C(C)CCC,0.4090909090909091,CCCC(O)CCC
CC=CC1C=CC(CC)C=C1,0.17857142857142858,CCC1SSC(CC)S1
CCCCCC1=C(C(C)CC)CCCC1,0.3157894736842105,CCCCCC1=C(C)CCC1=O
CCCC(C)C(C)C(S)C(=O)OCC,0.4,CCOC(=O)C(O)C(O)C(=O)OCC
CC1CC(C)SC(C)C1,0.2962962962962963,CC(C)=C1CCC(C)CC1O
CC1C=C2OC=CC=C2O1,0.18604651162790697,CC1=C2CC[C@@H](C)C=C2OC1=O
CC(O)C=CC1C=CC=C1,0.2916666666666667,C=CC(C)O
CC1CCCC1=O,0.44,O=C1CCCC1C1CCCC1
CCC1C=C(C=O)CC1,0.3684210526315789,C=C(C)C1CC=C(C=O)CC1
CCC(O)C1(c2ccccc2)CC1C,0.3076923076923077,CCCC(O)Cc1ccccc1
CC(O)CC(C)C(C)O,0.4,C[C@H](O)[C@@H](C)O
CCC(C)(C)CCC=C(C)C,0.5,C=CC(C)(O)CCC=C(C)C
CCCC(C)CCSCO,0.36,CCCC(C)O
C=CC(C)CCCC(C)CCCC(C)C=O,0.6296296296296297,CCC(C)CCCC(C)C=O
CCC(CC)CCC(C)CCO,0.48,CC(C)CCCC(C)CCO
C=CCOC(C)CCCC,0.4,C=CC(O)CCCC
CCCNCCC,0.29411764705882354,CCCC=O
CCCCCCC(C=O)CCCC,0.44,CCCCCCCC=O
CCCC1CC(C)CC(C)(C)C1,0.2631578947368421,CCCC1CC(=O)C=C(C)C1
CCCCC1(CCCC)CCC(C)C1,0.2972972972972973,CCCCC1(CCCC)CCC(=O)O1
CC1CCCCC1C(C)(C)C,0.2564102564102564,C=C1CCC[C@H](C)C2CC(C(C)(C)O)CC12
CC1C=CC(C(C)C)CC1,0.4,C=C1C=CC(C(C)C)CC1
C=C1CC(C)C(=O)C(C)(C)C1,0.41935483870967744,CC1CCCC(C)(C)C1=O
CCCC(C)CC(C)=O,0.39285714285714285,CCCCC(C(C)=O)C(=O)O
CC1C=CC(=O)C1,0.41379310344827586,CC(C)C1C=CC(=O)CC1
C=CC=C(C)C,0.3333333333333333,C/C=C(C)/C=C/C=C(C)C
CCC=CCCCC(O)CCC,0.5217391304347826,CCCC(O)CCC
C=C(O)C1C=CC(O)C(O)=C1,0.2222222222222222,Oc1ccccc1
C=C(C)C1=CC(=O)C(C)CC1,0.40540540540540543,C=C(C)C1CCC(C)=CC1=O
CCCOSC,0.23333333333333334,CCCCOC(=O)CC(C)C
CCCC(C)CC(=O)OC,0.5384615384615384,COC(=O)CC(C)O
CCC(C)CCC1CC=C(C)C1(C)C,0.5714285714285714,CC1=CCC(CCO)C1(C)C
CC1=CCC(C)C=C1,0.5185185185185185,CC1=CCC(C(C)C)C=C1
C=C(CCOCCC)C(C)C,0.3125,CCCCOC(=O)C(C)C
C=C(CC(C)C)OC,0.36363636363636365,CC(C)CC(=O)CC(C)C
C=C(CC)OCCCC,0.52,CCCCOC(=O)CC
CCCC(CC)CCC(C)C,0.36363636363636365,CC(C)CCC(C)O
CC(C)OC(C)O,0.35714285714285715,C[C@H](O)[C@@H](C)O
CC(C)=CNCC(C)CCCCCC(C)CCCC(C)C,0.4375,CC(C)CCCC(C)CCO
CCCCC1=COCC=C1,0.3055555555555556,CCCCc1ccco1
O=C(C=Cc1ccccc1)NC1CCCCC1,0.55,O=C(/C=C/c1ccccc1)OC1CCCCC1
CCC1C=CC(CC)N=C1,0.17857142857142858,CCC1SSC(CC)S1
C=Cc1occc1C,0.2413793103448276,C=Cc1ccc(O)cc1
CCCCCCC(CC)CC,0.6190476190476191,CCCCCCCCC(CO)CCCCCC
CC1CCSC1,0.23529411764705882,C1CSCCS1
CCCCC(CC)C(C)CCC(C)CC,0.37037037037037035,CCCCC(C)O
CCCC(O)OC,0.47368421052631576,CCCC(O)CCC
C=C(C)CCOC(C)C1(C)CCC(C)CC1,0.2708333333333333,C=C(C)CCCC(C)CCOC(=O)C(C)C
CC(C)(C)C1C=CC=CN1,0.13157894736842105,CC1=CCC(C(C)(C)O)CC1
CCCC(C)C(CC)CC,0.4,CCCC(C)O
CC1CCC2=C(CCC(O)C2)O1,0.24324324324324326,CC1CCC(=O)OC1C
CCCC(C)C(Cc1ccccc1)C(C)=O,0.5142857142857142,CCCC(O)Cc1ccccc1
CC1=CC=COC1CC(C)C,0.2564102564102564,CC1=NC(CC(C)C)SC1C
CCCCCC(=O)c1ccccc1,0.5142857142857142,CCCCCC(=O)OCc1ccccc1
CC(C)CCCC1CCC(C)C1(C)C,0.2571428571428571,CC(C)CCCC(C)CCO
CC1=C(O)C(=O)C(O)OC1,0.37142857142857144,CC1=C(O)C(=O)C(C(C)C)CC1
CC1=CC=CC1,0.55,CC1=CC=CCC1
CCC(C)C1C=C(C)C(C)C1,0.3157894736842105,CCC(C)C1CCCCC1=O
Cc1ccc(C(C)C)c(CC(C)O)c1,0.5161290322580645,Cc1ccc(C(C)C)c(O)c1
C=C(CCCCCCC)OCC,0.5555555555555556,CCCCCCCCCC(=O)OCC
CCSCCCCO,0.42857142857142855,CCCCCCCCO
CCCC1C=CC(C)C=C1,0.23529411764705882,CCCC1CC(=O)C=C(C)C1
C=C(COC(C)c1ccccc1)C(C)C,0.34210526315789475,CC(C)C(=O)OCc1ccccc1
CCCC(=O)CCCCc1ccccc1,0.5483870967741935,O=C(O)CCCc1ccccc1
C=CCC1CCC(CC(=O)CC(C)C)C(CC)C1,0.3157894736842105,CC(C)CC(=O)CC(C)C
C=CCCC1C(O)C(=O)CCC1(C)C,0.3148148148148148,C=CCCC(=O)/C=C/C1C(C)=CCCC1(C)C
CC1C=CC(CO)=CC1,0.3333333333333333,CC(C)C1=CCC(CO)C=C1
CC(C)=CCCC(C)CCCC(C)C,0.6296296296296297,CC(C)=CCCC(C)CCO
CC(C)CCOOCC(C)C,0.35714285714285715,CC(C)CCOC(=O)CC(C)C
CCC(S)CO,0.28,CCCCCCCCC(CO)CCCCCC
CC1CC(c2ccccc2)CC(C)(C)C1,0.225,CC1C(=O)CC2CC1C2(C)C
C=C(N)CCC,0.47368421052631576,CCCC(N)=O
C=CC(C)(CCC=C(C)C)CC(C)OCC,0.4473684210526316,C=CC(C)(O)CCC=C(C)C
CC1(C)C2CCC1(C)C(CC(O)c1ccncc1)O2,0.23809523809523808,Cc1ccncc1
CC=CC(=O)CC(C)CC(C)C,0.3870967741935484,C/C=C/C(=O)CCCC
C=C1CCCCC1O,0.28205128205128205,C=C1CCC[C@H](C)C2CC(C(C)(C)O)CC12
CCCCCCC(=O)C1C=CCCC1O,0.3611111111111111,CCCCCCCC(=O)O
CCCc1cccc(C(C)N)c1,0.3611111111111111,CCCc1ccc(OC)c(OC)c1
CC(C)CC(C)(C)CCc1ccccn1,0.5,CCCc1ccccn1
CC1=CC(C(C)C)OC1,0.2894736842105263,CC1=C[C@@H]2C(=C(C)CC[C@H]2C(C)C)CC1
CC(C)C1CC23CC1(C)CC(C)C2CCC3C,0.2553191489361702,CC(C)[C@@H]1CC[C@@H](C)[C@@]23CC[C@](C)(O)[C@@H]2[C@@H]13
CCC1CCCC(CC)O1,0.7647058823529411,CCC1CCC(CC)O1
OC1=CCC2C=CCCC2C1,0.2,CC1=CCC(C(C)C)C=C1
CC(C)=CCCC(C)(C)C1=CC1,0.42857142857142855,CC(C)=CCCC(C)(O)C1CC=C(C)CC1
SC(c1ccccc1)C1C=CCC=C1,0.28125,COC(OC)c1ccccc1
CCC1=CCCC=C1C,0.3103448275862069,CCc1ncc(C)nc1CC
CC(Cc1ccccc1)OCCc1ccccn1,0.4722222222222222,CCCc1ccccn1
CC1OC(CCCCO)C(C)C1C,0.2962962962962963,CCCCCCCCO
C=C(OC)C1CC2(C(C)C)CCC1(C)CC2,0.3076923076923077,CC(C)C12CCC(C)(O)C1C2
CCCC1CCC(C)O1,0.4166666666666667,CCC1CCC(CC)O1
c1ccc(COc2ccccc2)cc1,0.5714285714285714,c1ccc(COCc2ccccc2)cc1
CCCC(=O)c1ccccc1O,0.5142857142857142,CCCCOC(=O)c1ccccc1O
CC(=O)CSCC(C)CCCC(C)C,0.41935483870967744,CC(C)CCCC(C)CCO
CC(C=O)C1CC=CCC1,0.5,CC1=CCC(C(C)C=O)CC1
COCCCC1CCCC1C,0.23076923076923078,CC(=O)OCCC1CCCCC1
C=CCC1C=CC(CC2OC(CC)C(O)C(O)C2O)C=C1,0.2777777777777778,C=CCc1ccc(O[C@@H]2O[C@H](CO)[C@@H](O)[C@H](O)[C@H]2O)cc1
c1ccc(CCC2COCO2)cc1,0.34375,NCCc1ccccc1
C=C(CCC)CC(C)OCO,0.2777777777777778,CCCC(=O)OC(C)C(C)=O
CCC(=O)CC1CC(C(C)C)CCC1C,0.45714285714285713,CC(C)[C@H]1CC[C@H](C)[C@@H](O)C1
CC(CC(C)c1ccccc1)OO,0.36666666666666664,COC(OC)c1ccccc1
CCCC(=O)C1C=CC=CC1,0.3103448275862069,CCCC(=O)C(=O)CCC
C=C(CCC)CCC1C=CC=C1,0.25,CCCC(=O)C(=O)CCC
C=C(C)C=CCC(O)CCC,0.44,CCCC(O)CCC
CCCC(O)OC1=C(C)OC(C)C1=O,0.40540540540540543,CC1=C(O)C(=O)C(C)O1
CC=CC=CCC,0.45454545454545453,CCC=CC=CC(C)=O
CCCCCCCCCCCC(=O)CC,1.0,CCCCCCC(=O)CC
CCC1CCC(CC)C1,0.35,CCC1CCC(CC)O1
CCC(S)C1CCCCC1(CC)CC(C)O,0.23404255319148937,CCC(C)C1CCCCC1=O
CC12CCC(C1)C(C)(C)C2OCO,0.5161290322580645,CC12CCC(C1)C(C)(C)C2O
CC1=CC2CC(C)C(C)C2CC1,0.45714285714285713,CC1=CC2OCC(C)C2CC1
CC1CC(O)C(C(C)O)O1,0.30303030303030304,CC(C)[C@@H]1CC[C@@H](C)C[C@H]1O
CCCCCC1CC(C)C(C)=C1C,0.3157894736842105,CCCCCC1CCC(=O)O1
COCCCSC,0.42857142857142855,CSCCCN
CCC=CCCCCC,0.5909090909090909,CCCCCC=CCCC=O
CC(CC=O)CCC1CC1(C)S,0.4117647058823529,CC(C)CCCC(C)CC=O
COCC(C)=O,0.4117647058823529,CCC(C)=O
C=C1CCC(CC)C1C,0.30303030303030304,C=C1CCC2CC1C2(C)C
CCC(C)CC1=CC=CCC1,0.3870967741935484,CC1=CC=CCC1
CCCC1CCC(C)C1,0.3333333333333333,C=C(C)C1CCC(C)CC1O
O=C1CCCCCCCCCCCC1,1.0,O=C1CCCCC1
CC1CC(C)(C)C(O)C1C,0.25806451612903225,CC12CCC(C1)C(C)(C)C2O
CCCC(=O)C1=C(CC)C=CCC1,0.3170731707317073,CCCC(=O)c1ccco1
CCCCCC(C)CC(C)O,0.6363636363636364,CCCCCC(C)O
CCCCCC(C)OCCNCCC,0.3611111111111111,CCCCCCOC(C)OCCC(C)C
C=C(C)COC(=C)CCC,0.3125,C=CCOC(=O)CCC
CCCCCCCC(O)CCC,0.6666666666666666,CCCC(O)CCC
CSC1=CCCS1,0.19444444444444445,CC(C)=C1C/C=C(\C)CC/C=C(\C)CC1
CC(CCCS)C(=O)CCC(O)O,0.2777777777777778,CCCCOC(=O)C(C)O
CC1CCC2C(C1)CC(C)C2C,0.3235294117647059,CC1CCC2C(C1)OC(=O)C2C
CC1=CC(C)CC=C1O,0.275,CC1=CCC(C(C)C)=CC2C(C)CCC12
CC(C)=CN(O)CCCC(C)CCCC(C)C,0.45161290322580644,CC(C)CCCC(C)CCO
CCCC(C)(S)CCC,0.2631578947368421,CCCCS
C=C(CCC)C(C)C(CC)C(C)C,0.25925925925925924,CCCC(=O)C(=O)CCC
CC1(C)CCCC2CC(CO)CCC21,0.3055555555555556,CC(C)C1CCC(CO)CC1
CCC1OCC(C)CC1(C)C,0.25,CC1COC(C)(C)O1
C=CCC(C)CC(C)(C)C=O,0.3055555555555556,CC(CC=O)CCCC(C)(C)O
C=CC(C)C(C)CC,0.35,C=CC(C)O
O=CC1CCCC1,0.36363636363636365,O=COC1CCCCC1
CCCC(O)CC(C)C1C=CCCC1,0.3333333333333333,CCCC(O)CCC
CCCCCCCC(C)OC,0.6086956521739131,CCCCCCCCCC(OC)OC
CC(C)CCC(=O)CC(C)C,0.631578947368421,CC(C)CC(=O)CC(C)C
CCCC1CCSC(C)S1,0.225,CCCCCC1CCC(=O)O1
CCC1=CC(C)C=C1,0.2222222222222222,CCc1nccnc1CC
C=C(C)C=CCC,0.4166666666666667,CCC=CC=CC(C)=O
CCC1CSOCC1(CC)CC,0.22580645161290322,CCC1CCC(CC)O1
CCC1=C(C(C)(C)C)CC(CC)C=C1,0.23809523809523808,CC(C)C1=CCC(CO)C=C1
CC(C)(O)O,0.4166666666666667,CC(C)C(C)(O)C(C)C
CC1=C(C)C(C)=C(C)CC1,0.35,CC1=C(O)C(=O)CC1
CC1CCC2C(C)(C)C=CCC2(C)O1,0.2571428571428571,CC1COC(C)(C)O1
CCC=CCCCSC1CCC(O)C1,0.3333333333333333,CC/C=C\CCCC(=O)O
CCCC(O)C(O)C(C)O,0.5,CCCC(C)O
CCCCC(=O)CCCC(C)CCC=C(C)C,0.6410256410256411,CCCCC(=O)OCCC(C)CCC=C(C)C
C=C(NC)C(CC)CC,0.3,C=CCOC(=O)C(CC)CC
CCC(C)(CCC1=CC=NCC1)CC(O)O,0.1875,CC(C)(O)CCc1ccccc1
CCCCCNCCCCC(O)C(C)C,0.48148148148148145,CCCCCC(C)O
CCCc1ccc(C)cc1,0.5416666666666666,CCCc1ccc(OC)cc1
C=C(CCC)C(C)NCC,0.2692307692307692,CCCC(=O)C(=O)CCC
CCC(=O)CCCc1ccccc1,0.6428571428571429,O=C(O)CCCc1ccccc1
C=CC(CCC)OCC,0.3448275862068966,C=CC(O)CCCC
C=CCCCOOC,0.4642857142857143,C=CCCCOC(C)=O
CC(C)CC1C=CC(C)C1,0.2571428571428571,CC1=NC(CC(C)C)SC1C
CCCCCC(=O)CCO,0.6363636363636364,CCCCCC(=O)CC
CCC(C=O)OC,0.4090909090909091,CCC(C)C=O
CCCCCCC1=CCC(=O)C1,0.4444444444444444,CCCCCC1=CCC(=O)O1
C=C(CC)C1=CCC(C)C(C)C1C,0.2653061224489796,C=C(C)C1CC=C(C)C(OC(=O)CC)C1
CC=CC(C)CCCCCC,0.46153846153846156,CCCCCCC(C)O
CCCCCCCCNC,0.5333333333333333,CCCCCCCCCC
CC1=NC(C)CC1C,0.26666666666666666,CCC1N=C(C)C(C)S1
CCCCCCCCC(C)S,0.5454545454545454,CCCCCCC(C)O
CCCCOC(C)C(C)(C)C,0.3870967741935484,CCCCCCOC(C)OCCC(C)C
CCCCCCC1CCC(O)O1,0.4444444444444444,CCCCCCCC1CCC(=O)O1
CCCC1C=C(OC)C(OCC)=CC1,0.2222222222222222,CCCC1CC(=O)C=C(C)C1
CC(C)C12CCC(C)(CC1)C2,0.2962962962962963,CC(C)C12CCC(C)(CC1)O2
CCCNCCC(=O)C(C)O,0.3333333333333333,CCCCOC(=O)C(C)O
C1=CC2NCCC2=CC1,0.15384615384615385,CC1=CCC(C(C)C)C=C1
CC1CCC2OCCCC12,0.2702702702702703,CC(=O)OCC1CCCO1
CC1=CSCC(C)=C1,0.22580645161290322,CC1=CCC(=C(C)C)CC1
CC(C)C1CCCN1,0.23333333333333334,CC(C)C1CCC(CO)CC1
CC1C=CCC(C)O1,0.2692307692307692,CC1COC(C)O1
CC(C)C(C)(C)O,0.6153846153846154,CC(C)C(C)(O)C(C)C
CC1NOC(O)CS1,0.19444444444444445,CC(C)=C1CCC(C)CC1O
CC1=C(OC(C)O)CCC1,0.23684210526315788,CC1=C(O)C(=O)C(C(C)C)CC1
CCCC(C)CC(C)C(C)OCC,0.375,CCOC(C)OCC
CCC(=O)C1C=C(CC)C(O)C(OC)=C1,0.23404255319148937,CCCC(=O)Oc1ccccc1OC
CC(C)CCCC(C)CCCC(=O)C(C)C(C)C,0.4827586206896552,CC(C)CCCC(C)CCO
CC(=O)CCC1C(C)CCC(C)C1(C)C,0.29411764705882354,CCCCCC(C)=O
CC(=O)OCc1ccc(C)cc1O,0.42857142857142855,CC(=O)OCc1ccccc1
CC(=O)CC(C)(C)C,0.4117647058823529,CCC(C)=O
CC(C)CCC(=O)C(C)S,0.3333333333333333,CC(C)CC(=O)CC(C)C
CCCC(C)(O)CCO,0.3333333333333333,CCCCO
CC(O)CSC(CC(O)C(C)C)C(C)O,0.25,C[C@H](O)[C@@H](C)O
O=C1CC=CC=N1,0.25,CC1=CCC(=O)O1
CCC1CC=C(C)CC1C,0.375,CC1=CCC2C(C1)C2(C)C
C=C1CCCCNCCCCCOO1,0.32,C1CCNC1
CC1C=C(O)C(C)C1,0.24242424242424243,CC1=CC(O)C2CC1C2(C)C
CC(S)CCC1C(C)CCCC1(C)C,0.25,CC1CCCC(C)(C)C1=O
CC(CO)C(=O)O,0.5789473684210527,CCC(C)C(=O)O
CCCCCSOC,0.3888888888888889,CCCCCCCCCC
CCCCC1CCCC(C)C1CC(C)C,0.2391304347826087,CCCCCC1CCCC(=O)O1
CCCC(CCC)C(C)c1ccccc1,0.40625,CCCC(O)Cc1ccccc1
CCC(C)C(C)C,0.35294117647058826,CCC(C)SSC(C)CC
CCCCC(=O)Cc1ccc(C)cc1,0.5333333333333333,Cc1ccc(CC(=O)O)cc1
C=C(O)CCCCCCC(C)C,0.35714285714285715,CC(C)CCCC(C)CCO
CCCCCCCCCCOCCC,0.5,CCCCCCCCCC
CCCC(=O)C(C)C(O)CC(C)=O,0.35294117647058826,CCCC(=O)OC(C)C(C)=O
CCCC(C)CC(C)(C)C,0.36363636363636365,CCCC(C)O
CCOCCCc1ccccc1,0.5555555555555556,CCOCc1ccccc1
CNCCCC=O,0.45454545454545453,CCCCCC=O
CCCNCCO,0.3684210526315789,CCCCO
COCCSC1=COC(C)C=C1,0.1875,COCCOC(C)OCc1ccccc1
CC(C)C1C=CCC1C,0.28125,CC1=CCC(C(C)C)C=C1
C=C(CCC)CCC=CCCC,0.4583333333333333,CCC/C=C/CO
CCC(C)=Cc1ccccc1,0.5,CC(=O)C(C)=Cc1ccccc1
CCCCCC(CO)CO,0.8421052631578947,CCCCCCCCC(CO)CCCCCC
CCC=CCCCCCCC,0.6363636363636364,CCCCCCCC=CCO
CCC(C)C(C)OCc1ccccc1,0.4857142857142857,COCCOC(C)OCc1ccccc1
CCCC1=COC(O)CC1,0.2619047619047619,C=C(C)C1CC=C(CO)CC1
CC(C)CN=C=O,0.3181818181818182,CC(C)CC(=O)CC(C)C
CC(C)CCCC(=O)c1ccccc1N,0.47058823529411764,CC(=O)c1ccccc1N
CC(C)C1CCC(C)C(C)C1,0.625,CC(C)[C@H]1CC[C@H](C)[C@@H](O)C1
CCCC(=O)CCc1ccccc1,0.5925925925925926,O=C(O)CCc1ccccc1
CC(C)C1CN(C)CS1,0.18181818181818182,CC(C)C1CCC(CO)CC1
CCCCC,0.6666666666666666,CCCCCCCCCC
CCCC1CC=CC=C1CNC,0.22727272727272727,CCCC1CC(=O)C=C(C)C1
CCCCCCCC(O)CCc1ccccc1,0.5,CCCC(O)Cc1ccccc1
CC1=CCCC=C1C(C)O,0.32142857142857145,Cc1ccc(C(C)O)cc1
CN(C)C1CCC(C)(C)CC1,0.23333333333333334,C=C(C)C1CCC(C)(O)CC1
CCCC1C(C)OC(C)C1C,0.2222222222222222,CCC1CCC(CC)O1
CCCC1C=CCO1,0.2777777777777778,CCCC1CC(=O)C=C(C)C1
CCCC1=CC=C(C(OCC)SCC)CC1CC,0.2127659574468085,CCCc1ccc(OC)cc1
CCC1C=CC(C=O)C1,0.23529411764705882,CCC=CCC=CC=CC=O
CCCC(S)C1CCCC1,0.29411764705882354,CCCC(=O)OC1CCCCC1
CCCc1cc(C)ccc1C,0.3333333333333333,COc1ccc(C)cc1C
CCC1CCCC(C)C1,0.2903225806451613,C=C(C)C1CCC(C)CC1O
CCCC(C)c1ccc(O)c(O)c1,0.3939393939393939,Cc1ccc(C(C)C)cc1O
CCC1=CC(C)C(C)S1,0.21428571428571427,CCc1nccnc1CC
CCCC(=O)CCCCC1=CCC=C1,0.34210526315789475,CCCCCC(=O)CCCC(=O)O
C=C(C=CC)OC,0.24242424242424243,C=CCOC(=O)/C=C/C=C/C
CCC(S)C(=O)O,0.47619047619047616,CCC(C)C(=O)O
CC(=O)C1=CC(C)OC1C,0.2727272727272727,CC(=O)c1ccco1
CCCC(=O)SCC,0.45,CCCC(=O)C(=O)CCC
CC1=CC2C(C=C1)COC2C,0.2682926829268293,CC1=CC2OCC(C)C2CC1
CCCCCOC(=O)O,0.625,CCCCCCCCCCOC(C)=O
C=C(C)CCC1CC=CC1,0.2647058823529412,C=C(C)CCC[C@H](C)CCO
CCC(C)C(C)OCc1ccco1,0.5,c1coc(COCc2ccco2)c1
C=C(C)C(C)(C)C,0.25,C=CC(C)(C)C(=O)C=C(C)C
C1CCSNSC1,0.21428571428571427,C1CSCCS1
CC(C)C(=O)CCc1ccccc1,0.5925925925925926,O=C(O)CCc1ccccc1
CS(C)(O)O,0.18181818181818182,CC(=O)O
CCCCCC(C)C(C)=O,0.5,CCCCCC(C)O
C=CC1C=CC(C)C=C1,0.19047619047619047,C=CCS
C=C(C=CCCC)NCCCCCO,0.4117647058823529,CCCCCCCC/C=C/CCCCCCCCO
CC1CCC(C(C)(C)C)CC1,0.28125,C[C@@H]1CC[C@H](C(C)(C)O)CC2=C1CC[C@H]2C
CCC(C)CCC(=O)c1ccccc1,0.47058823529411764,CCC(C(=O)O)C(=O)c1ccccc1
C=CCCCCC=CC,0.5217391304347826,CC=CCCCCCCCC=O
C1=CC(CCC2CCCC2)CC1,0.2777777777777778,CC(=O)OCCC1CCCCC1
CC1=CC=C(C=CC=O)CC1,0.34375,CC1=CC=C(C(C)C)CC1
CC(C)C1=C2C=CC=CC2CCC1,0.3076923076923077,C=C1C=CC(C(C)C)CC1
CC=CC=CCCC(C)C(C)C,0.3783783783783784,C/C=C/C=C\CC/C=C/C(=O)NCC(C)C
CCC(C)CC,0.5714285714285714,CCC(C)CN
CSOCCc1ccoc1,0.2558139534883721,CCCCOC(C)OCCc1ccccc1
C=C(CCS)C1CCCCC1,0.34615384615384615,O=C(O)C1CCCCC1
C=CC1CC(C)CC(C)C1,0.23333333333333334,C=C(C)C1CCC(C)CC1O
CCCC1=CC(NC)C(CCc2ccccc2)=CC1,0.30952380952380953,CN(C)CCc1ccccc1
CCCC(C)C,0.5,CCCC(C)O
CCCC(C)CCCC(C)O,0.6190476190476191,CCCCC(C)O
C=C(CC=CCCCC)C1=CCCC1,0.34210526315789475,CCCC/C=C\CCCCO
OCCCCCCCCCS,0.4444444444444444,CCCCCCCCO
CCCC(COC)C(C)Cc1ccc(C(C)C)cc1,0.4,CC(C=O)Cc1ccc(C(C)C)cc1
CCC(O)COC(C)C(C)CC,0.32142857142857145,CCCCC(O)CC
CC1C=CC2=C(C1)OCC(=O)OC2,0.2564102564102564,CC1CCC(=O)OC1C
CCOC(C)C(CC)CC,0.47368421052631576,CCOC(C)OCC
CCCC(=O)CCCCCCCSO,0.4642857142857143,CCCCCCC(=O)CC
C=CCC(O)CCCCC,0.5555555555555556,C=CC(O)CCCCC
C=C(C)CC(C)C(C)OCC,0.36,CCOC(C)OCC
O=C(OCCCCCCCO)C1=CC=CC1,0.3409090909090909,CCCCOC(=O)c1ccccc1O
CCCCC(CC)OC,0.44,CCCCCCCCCC(OC)OC
CCC(C)CC1=CCSC=C1,0.25,CCC(C)CN
C=CCC1=CC(SC)C(OC(C)N)C=C1,0.22,C=CCc1cc(OC)c(OC)c(OC)c1
CCOC(C)C(C)OC(O)CC,0.375,CCOC(C)OCC
CCCC(=O)OCC1=CC=C(OC)CC1,0.47619047619047616,CCCC(=O)OCc1ccc(OC)cc1
CCCCC(C)(CC)C(C)CCC,0.32142857142857145,CCCCC(C)O
CCCC1COCCC1O,0.22580645161290322,CCC1CCC(CC)O1
CCCCC(=O)CCC1C=CCCC1,0.3333333333333333,CCCCCC(=O)CCCC(=O)O
CCOc1ccccc1C,0.5416666666666666,COc1ccccc1C
CCCC(=O)CCCO,0.46153846153846156,CCCCCC(=O)CCCC(=O)O
CC1=CCC=C1C(C)O,0.32142857142857145,Cc1ccc(C(C)O)cc1
CC1CC(=O)C(C)C1C,0.3793103448275862,CC1C(=O)CC2CC1C2(C)C
CCCCC(O)CCC(C)O,0.7,CCCCC(C)O
CCC(C)(CCC(C)C)C(C)O,0.36,CC(C)CCC(C)O
CCCc1cccc(CC)c1O,0.30303030303030304,CCCc1ccccn1
CCC(C)COC(C)C(C)CC,0.3333333333333333,CCC(C)CN
C=CC1=C(CC)CCCC1,0.21875,C=C/C(C)=C/CC=C(C)C
CCCC(C)C(O)O,0.5555555555555556,CCCC(C)O
CC1=CCC(CC(C)C)C=C1,0.5161290322580645,CC1=CCC(C(C)C)C=C1
CCCCCCC(C)CC(C)CCC,0.5,CCCCCCC(C)O
C=CCOC(O)CC(C)CC(C)(C)C,0.28205128205128205,C=CCOC(=O)C(CC)CC
COC1=C(C)N=C(CC(C)C)CC1,0.2564102564102564,Cc1nc(CC(C)C)sc1C
CCCC1C=CC=CC1C(C)OC,0.2222222222222222,CCCCCCCCCC(OC)OC
C=CCCC(=O)CC,0.5,C=CCCC(=O)OC
CC1SC(C)C(C)C1C,0.21052631578947367,CCC1SSC(CC)S1
CC1C=CC(C)C2CC(C(C)(C)O)=CCC12,0.275,CC1=CCC(C(C)(C)O)CC1
CCC(C=O)c1ccccc1,0.5185185185185185,CC(C=O)c1ccccc1
CC(C)CCC1C=CC(C(C)C)CC1,0.3611111111111111,CC(C)[C@H]1C=C[C@@](C)(O)CC1
CC(C)SC=C(C=O)C(C)C,0.25,CC(=O)C=O
CCCCCC=CC(O)O,0.5,CCCCCCCC=CCO
CCCC(O)CCCCCO,0.6,CCCC(O)CCC
COC1=CCC(O)C=C1,0.2972972972972973,CC(C)C1=CCC(CO)C=C1
CCC(C)CCc1ccccc1,0.45454545454545453,CCCOC(C)OCCc1ccccc1
CCCC(=O)C1C(C)CCCC1(C)C,0.325,CCCC(=O)OC1CCCCC1
CC1=CC(C)C(S)C=C1O,0.24242424242424243,CC1=C(O)C(=O)C(C)O1
CC(=O)C1=CCC(C)=C1,0.36666666666666664,CC1=CCC(=C(C)C)CC1
CCCc1ccc2c(c1)=CC(=O)CC=2C,0.34146341463414637,CCCc1ccc(OC)c(OC)c1
CCC(C)CNC(C)c1ccccc1,0.3333333333333333,CC(C=O)c1ccccc1
CCC=CCCCC(=O)CC,0.6538461538461539,CC/C=C\CCCC(=O)O
CNc1ccccc1O,0.4482758620689655,CNc1ccccc1C(=O)OC
CC(C)CC1=COC=CC1,0.23684210526315788,CC(C)CC(O)Cc1ccccc1
CC1CC(C)C(C)C(C)(C)C1,0.22857142857142856,C=C(C)[C@@H]1CCC2(C)OC2C1
C=CCCCCOCCC,0.5416666666666666,C=CCCCCCC
CC1CC(C)N2CCCC2C1,0.19444444444444445,CC(C)[C@@H]1CC[C@@H](C)C[C@H]1O
COC1CC(CC=O)=CC=C1O,0.25,O=CCc1ccccc1
CC1CCCC(C)(C)C1O,0.36666666666666664,CC1CCCC(C)(C)C1=O
CCSCSC,0.3125,CCSSCC
CCCCCCCCCCCC(C)C,0.6,CCCCCCC(C)O
CCCCCCSCOCC(=O)OCC,0.5,CCCCCCCCCC(=O)OCC
C=CCc1cc(CC)c(C)c(OC)c1,0.5882352941176471,C=CCc1cc(OC)c(OC)c(OC)c1
CCCC(C)CC(C)S,0.36363636363636365,CCCC(C)O
O=C(CO)CCCCC1CCCCC1,0.4117647058823529,CC(=O)OCCC1CCCCC1
C=C(C)C(O)CC,0.5,CCC(O)C(C)=O
CCCCC(C)C(C)C,0.5,CCCCC(C)O
CC1CCC2C(C)(C)CCCC2(C)C1,0.3023255813953488,CC1(C)CCC[C@]2(C)[C@H]3CC(=O)O[C@]3(C)CC[C@@H]12
CCOC(C)c1ccccc1,0.4074074074074074,COC(OC)c1ccccc1
C=C(CC)CCC(C)C,0.34782608695652173,CC(C)CCC(C)O
CCC1=C(O)CCC(C=CC=O)=C1,0.29545454545454547,COc1cccc(/C=C/C=O)c1
CC1=CCOC1S,0.24242424242424243,CC1=CCC2CC1C2(C)C
C=C(CC)C1CCCO1,0.32432432432432434,CC(=O)OCC1CCCO1
CCCOC(O)Cc1ccccc1,0.53125,CCCC(O)Cc1ccccc1
CC(C)=CCCC(N)CCCC(C)CCO,0.6666666666666666,CC(C)=CCCC(C)CCO
CCCCCCCCCCCCC1CCC(O)O1,0.4444444444444444,CCCCCCCC1CCC(=O)O1
C=CC(C)(CCC=C(C)O)CC(O)SCCCCCC,0.3023255813953488,C=CCCCCCC
CCCCCCCC(=O)CCCC(C)C,0.5769230769230769,CCCCCCC(=O)CC
CC(C)(S)C(O)OCc1ccccc1,0.42105263157894735,COCCOC(C)OCc1ccccc1
CCC(C)C(C)OC,0.3333333333333333,COC(C)OC
CCCCNCCC(N)CC(C)C,0.2903225806451613,CCCCC(C)O
CCCC(C)CNC,0.36363636363636365,CCCC(C)O
CCC=CCCC,0.5555555555555556,CC/C=C\CCO
CC1CCCCC1,0.30434782608695654,CC(=O)OC1CCCCC1
CC(C)CCCC(=O)CCC(C)CCCC(C)O,0.45161290322580644,CC(C)CCCC(C)CCO
CCC(CCC(C)C)C(C)COC,0.2962962962962963,CC(C)CCC(C)O
CC(C)CCSC(C)C,0.5555555555555556,CC(C)CCSSCCC(C)C
CC(C)C(C)C(C)C,0.2727272727272727,C[C@H](O)[C@@H](C)O
C1=CCC2OCCC2=C1,0.25,CC1OCCC1=O
CC(C)OCCC(O)CCC1=CC=CC1,0.2222222222222222,CCCC(O)CCC
C=CC=CC,0.3333333333333333,C/C=C/C=C/C=O
CC(=O)OC1CC(C)OC1C,0.4166666666666667,C=C(C)[C@@H]1CC[C@@H](C)C[C@H]1OC(C)=O
CC(C)OCc1ccco1,0.5925925925925926,c1coc(COCc2ccco2)c1
C=C1CCC(C)C1CC(C)CC,0.2727272727272727,C=C1CCC2C(C3C(C)CCC13)C2(C)C
CC(C)CC(CC(C)C)OC(C)C,0.2692307692307692,CC(C)C[C@H](N)C(=O)O
CCC(C)C(C)C(C)C,0.3157894736842105,CCC(C)SSC(C)CC
CCCC(C)C(C)CCCO,0.45,CCCCO
CC(C)CC1CC(C)(C)CCO1,0.23684210526315788,CC(C)C12CCC(C)(O)C1C2
CCCC(=O)C1CC1c1ccccc1,0.39473684210526316,CCCC(=O)Oc1ccccc1
CC(C)COCC(C)O,0.38095238095238093,CC(C)CCC(C)O
CC1CCCCS1,0.20689655172413793,CC(=O)OC1CCCCC1
C=CC=CCCOCC,0.27586206896551724,CCCC=CC=O
Cc1cnc(C(C)O)nc1,0.38461538461538464,Cc1ccc(C(C)O)cc1
CCCCC(CCC)OC,0.44,CCCCCCCCCC(OC)OC
O=C(CCC1CCCC1)Cc1ccccc1,0.5333333333333333,O=C(Cc1ccccc1)Cc1ccccc1
C=CCOCCC,0.39285714285714285,C=CCOC(=O)CCC
CNC1C=CC(CCC(C)=O)CC1,0.25,CCCCCC(C)=O
CCCCCCCCCCCCCCC(C)OC,0.6086956521739131,CCCCCCCCCC(OC)OC
CC1CCCC(C)(C)C1C=S,0.30303030303030304,CC1CCCC(C)(C)C1=O
CCCCCCCCC(O)CCCCCC,0.65,CCCCCCC(C)O
CC(O)CC1CC(C)CCC1C(C)C,0.5161290322580645,CC(C)[C@@H]1CC[C@@H](C)C[C@H]1O
CCCCCC(O)CC(C)C(=O)OCCCC,0.5625,CCCCOC(=O)C(C)O
CCCC=CC(=O)COCC(C)C,0.45161290322580644,CCC/C=C/C(=O)O
CCCCCCCC(=O)C(CC)CO,0.4642857142857143,CCCCCCCC(=O)O
CCCCCCCCCOCCO,0.5238095238095238,CCCCCCCCO
CC=CC(C)CCCCC,0.44,CCCCCC(C)O
CCCCC(C)C1CCCC1,0.38461538461538464,CCCCC(C)O
C=CCOSCCO,0.2903225806451613,C=CCOC(=O)CC
C=CCCCCCC(C)O,0.52,CCCCCCC(C)O
CC(=O)COc1ccccc1,0.5,C=CCOC(=O)COc1ccccc1
CC(S)C(O)CCCCc1ccccc1,0.4,O=C(O)CCCc1ccccc1
CCCOCCC(C)=O,0.4583333333333333,CCCCCC(C)=O
CC(=O)C(=S)CC(C)C,0.5454545454545454,CC(=O)C(=O)CC(C)C
CCCC1=CCC=CC1O,0.25,CC(C)C1=CCC(CO)C=C1
CCCC(C)SCCOC,0.2962962962962963,CCCC(C)O
O=CC=CC1=CCC=C1,0.3333333333333333,O=C/C=C/c1ccccc1
COC1C=CC(CC(C)C=O)CC1,0.29411764705882354,CCC(C)C=O
CCCOC(O)c1ccccc1,0.47058823529411764,CCCOC(C)OCCc1ccccc1
CC(C)C(C)C1CCCCN1,0.21052631578947367,CCC(C)C1CCCCC1=O
CCCOC(O)CCC(C)C,0.4166666666666667,CC(C)CCC(C)O
CCOC(O)CCC1C=CCC1,0.23529411764705882,CCOC(C)OCC
CC1CCCC2C1C(C)(C)C(C)C2(C)C,0.32432432432432434,C[C@H]1CCC2C1C1C(CC[C@@]2(C)O)C1(C)C
C=C(CC)C1C=CC=CC1CCC(C)CC1=CCC(CC)C=C1,0.2962962962962963,CC(C)C1=CCC(CO)C=C1
CCC=C1CC(C)c2ccccc21,0.3333333333333333,CCCCC1OC(=O)c2ccccc21
COCCC(C)(C)CO,0.22857142857142856,COC(CC(C)CCCC(C)(C)O)OC
CCCCCCCC(O)CCCC,0.65,CCCCC(O)CC
CCC(C)C1CC(C)C(CC)C1,0.2631578947368421,CCC(C)C1CCCCC1=O
CC1(C)CCCC2CCC(CN)CC21,0.225,CC1CCCC(C)(C)C1=O
CC(C)C(=O)c1ccccc1,0.5555555555555556,CCC(C(=O)O)C(=O)c1ccccc1
CCC,0.42857142857142855,CCN
CCCCCCC1CCCC1O,0.34210526315789475,CCCCCCCC1CCC(=O)O1
CCCC(=O)CCCCCCCC(C)CCC,0.43333333333333335,CCCCCCC(=O)CC
C=CCC(C)C(C)=O,0.39285714285714285,C=CCCC(O)CCC
NCC(c1ccccc1)C1CCCCC1,0.3125,NCCc1ccccc1
CCC(O)C1CCCCC1O,0.2857142857142857,CCC(C)C1CCCCC1=O
CC1C=CC(CCO)=CC1,0.3157894736842105,CC(C)C1=CCC(CO)C=C1
CC=COC,0.24,C/C=C/c1ccc(OC)cc1
CCC(C)C1C=CC2CCCCC2=C1,0.4,CCC(C)C1CCCCC1=O
CCCC(=O)CC1=C(C)CC=CC1CC,0.275,CCCC(=O)CC(=O)[O-]
C=C(C)C1=CCC(C)CC1=O,0.40540540540540543,C=C(C)[C@H]1CC=C(C)C(=O)C1
OCc1ccccc1O,1.0,OCc1ccccc1O
CCCC(C)Cc1ccccc1,0.6071428571428571,CCCC(O)Cc1ccccc1
CCC(=O)C1=CCNO1,0.2972972972972973,CCC(=O)C1=NCCC1
CCCCCCCCCC(=O)CC(C)C,0.6,CCCCCCC(=O)CC
CCCCCCC(=O)C1=CCCO1,0.38235294117647056,CCCCCCCC(=O)O
CCCCC(=O)Cc1ccc(O)cc1,0.43243243243243246,CCCCOC(=O)c1ccc(O)cc1
CC1CC(C)C2(CC(C)(C)CC(C)(C)C2)C1(C)O,0.21428571428571427,CC(C)[C@@H]1CC[C@@H](C)[C@@]23CC[C@](C)(O)[C@@H]2[C@@H]13
CCC(C)(C)CCCC(C)C,0.37037037037037035,CC(C)CCCC(C)CCO
CCCCCCOC(O)CCC(C)=O,0.5,CCCCCCC(C)=O
CCC=CCCCC(=O)CC=CCC,0.6296296296296297,CC/C=C\CCCC(=O)O
CCC(O)CCN,0.5238095238095238,CCCCC(O)CC
CC1CCC(C)C(C=O)C1,0.3225806451612903,CC(C)[C@@H]1CC[C@@H](C)C[C@H]1O
CC1=CCCCC1OC(C)C,0.2727272727272727,CC1=CCC23[C@@H]([C@@H]12)[C@H](C(C)C)CC[C@H]3C
CC(C)OC(C)(C=O)CCC1OC1(C)C,0.425,C=CC(C)(O)CCC1OC1(C)C
CCC1C=CC(C(C)C)=CC1,0.6896551724137931,CC(C)C1=CCC(CO)C=C1
OC1=C(C(O)CC2CCCCC2)CCC=C1,0.2608695652173913,c1cnc(CC2CCCCC2)cn1
CC(=O)CCc1cc(C)cc(C)c1C,0.34285714285714286,CC(=O)c1ccc(C)cc1C
CCCC1=CC=CCC1,0.4444444444444444,CC1=CC=CCC1
CC(=O)CC(C)CC(C)C,0.4166666666666667,CC(=O)C(=O)CC(C)C
CCCCCCCCCCCCCCCCCCC,1.0,CCCCCCCCCC
CC1(C)CCCC(O)C1C=O,0.3235294117647059,CC12CCC(C1)C(C)(C)C2O
CCC(C)c1ccccc1C,0.34285714285714286,CCOc1cc(C(C)C)ccc1C
CCC(=O)C(CO)CCOC,0.2647058823529412,CCCCOC(=O)CC
CCCCCC=CCCC(O)O,0.5384615384615384,CCCCCCCC=CCO
CCC(C)C(C)OC1C(C)CC=CC1(C)C,0.21739130434782608,CC(C)[C@H]1C=C[C@@](C)(O)CC1
CCC(C)(CCCC(C)C)CC(C)O,0.37037037037037035,CC(C)CCC(C)O
CCCCCCCCCCCCCC(C)O,1.0,CCCCCCC(C)O
CCCCCCCCC(CC)CC,0.6190476190476191,CCCCCCCCC(CO)CCCCCC
CCCOC(C)CC1C=CC=CC1,0.27906976744186046,CCCOC(C)OCCc1ccccc1
CC(C)C1CCC(C)(C)C(C(C)C)C1,0.34375,CC(C)[C@H]1CC[C@H](C)[C@@H](O)C1
CCCCC(CC)CCC(O)c1ccccc1O,0.3877551020408163,CCCCOC(=O)c1ccccc1C(=O)OCC(CC)CCCC
CCCOCC(O)C=O,0.3076923076923077,CCCC=O
CC(O)C1=CCCCO1,0.25,Cc1ccc(C(C)O)cc1
CCCCCCC(C)(C)C,0.5333333333333333,CCCCCCCCCC
CCC1=C(C)CC(C)CO1,0.225,Cc1coc2c1CCC(C)C2
CC1=CC(CC(C)O)CC(C)(C)C1,0.2708333333333333,CC1=C[C@@H]2[C@@H](CC1)[C@](C)(O)CC[C@H]2C(C)C
C=C(C)C(C)S,0.2777777777777778,CC(=O)C(C)O
CCCC(=O)CC(C)C,0.631578947368421,CC(C)CC(=O)CC(C)C
CCCCC1=CC(CC)C=C1,0.2777777777777778,CCCCc1ccco1
C=C(CCC)CCCC(C)CCC,0.45161290322580644,C=C(C)CCC[C@H](C)CCO
C=C1CC(C)C(CCC(C)C)C(C)(N)C1,0.23255813953488372,CC1CCC(C(C)C)C(=O)C1
C=C(C)CC1CC2COC1(C)C2(C)C,0.3023255813953488,CC1(C)C2CCC1(C)C(CC(=O)O)C2
CC1=C(C)COC1,0.2222222222222222,Cc1cnc(C)cn1
C=C(C=CC)OC(S)CC(C)C,0.23333333333333334,C=CC(C)O
CC(C)C1CC(C)C(C)O1,0.2903225806451613,CC(C)[C@H]1CC[C@H](C)[C@@H](O)C1
C=C(CC)C(C)CCC(C)C,0.45454545454545453,CC(C)CCC(C)O
CC(C)Cc1ccccc1,0.6,CC(C)CC(O)Cc1ccccc1
CC1=NC2C=CCCC2O1,0.22857142857142856,CC1=CC=CCC1
C=C(CCCC)CCC1CCCCC1,0.35135135135135137,CC(=O)OCCC1CCCCC1
CC(C)CC(C)CCC1C=CC=C1,0.25,CC(C)CC(O)Cc1ccccc1
CCCC=C(CO)c1ccccc1,0.41025641025641024,CCC/C=C/COC(=O)c1ccccc1
CCCC(C)CC(O)c1ccccc1,0.4411764705882353,CCCC(O)Cc1ccccc1
CCCCCC(CCCC)Cc1ccccc1,0.5,CCCC(O)Cc1ccccc1
CCCCCCCCC(CC(C)O)C(=O)CC,0.5172413793103449,CCCCCCC(C)O
C=C1CCC(CCCCC)=C1C,0.37142857142857144,CCCCCC1=C(C)CCC1=O
COC1C=CCCC1C,0.21212121212121213,CC(=O)OC1CCCCC1
CC1=CNCC1,0.2692307692307692,CC1=CC=CCC1
CC1=CC(OOC2CC(C)CC2C)C(C)C1,0.2222222222222222,CC1=CC2OCC(C)C2CC1
CC1OC(=O)C(=O)C1C,0.32142857142857145,CC1=C(O)C(=O)C(C)O1
CCCCCCC(CC)C(=O)CC,0.5357142857142857,CCCCC(CC)C(=O)O
COC1C=CC(C)CC1C,0.20512820512820512,C=C(C)[C@H]1CC[C@@H](C)[C@@H](OC(C)=O)C1
COC(C)CSC,0.3333333333333333,COC(C)OC
CC1=NC(C)C(C)C1,0.22580645161290322,CCC1N=C(C)C(C)S1
CC(CC=O)C1=CC(C(C)C)CC=C1,0.29411764705882354,CC(C)CC=O
CSCC1=CC=CC1C,0.3,CSCc1ccccc1
CCc1cc(C)c(C)o1,0.25,CC(=O)c1cc(C)oc1C
C=CCOC(C)C,0.4074074074074074,C=CCOC(=O)C(CC)CC
C=CC=CC=CC,0.4444444444444444,C/C=C/C=C/C=O
CC1=NC(C)N(C(C)C)CC1,0.2631578947368421,CC1=NC(CC(C)C)SC1C
CC=CC1=CC(CC)C(SC)C(CC)C1,0.18604651162790697,C/C=C/c1ccc(OC)cc1
CCCCNC,0.4,CCCCCCCCCC
C=CCCCCC(=C)C,0.5,C=CCCCCCCCC(=O)O
CCCCCC(=O)NCCCC,0.48,CCCCCC(C)=O
CCNCC(C)CC,0.38095238095238093,CCC(C)CN
CCCCCCC=CO,0.6086956521739131,CCCCCCCC=CCO
CC(O)C1CCC2CCC=CC21,0.23684210526315788,CC(C)[C@@H]1CC[C@@H](C)C[C@H]1O
CCCSC1=CC(C)C(C)C1,0.21951219512195122,CCCC1CC(=O)C=C(C)C1
CCCCCC(O)C(C)N,0.5652173913043478,CCCCCC(C)O
C=CC1C=CC(C(C)C)=CC1,0.47058823529411764,CC(C)C1=CCC(CO)C=C1
CCCCCCCC(CO)OC,0.5384615384615384,CCCCCCCCCC(OC)OC
CC1CC(CO)C=CC1O,0.34285714285714286,CC(C)C1=CCC(CO)C=C1
C=C(CC1C=CCC(C)=C1)CN1C=CCC=C1,0.21052631578947367,C=C(CO)[C@@H]1CC[C@@H](C)[C@@H]2CCC(C)=C[C@@H]21
C=C(CCCC)C(S)CCC,0.36666666666666664,C=CC(O)CCCC
C=CC1=C(CO)OCCO1,0.2,C=CCc1ccc2c(c1)OCO2
CC1OC2C3=CC(=C2C1C)CN3C,0.1951219512195122,CC1CCC(=O)OC1C
CCCC1=C(C)N=C(C)CO1,0.2857142857142857,CCCc1nc(C)c(C)o1
CCCSCCC(C)O,0.5238095238095238,CCCC(C)O
CCCCC1C=CCC1C,0.24,CCCCCCCCCC
CCCCCCCC(S)OC,0.5833333333333334,CCCCCCCCCC(OC)OC
CCCCCC(O)CCCC,0.6842105263157895,CCCCC(O)CC
CC(C)C=CCC(C)C,0.4,CC(C)CC=O
CCCCCC(=O)OC(CCCC)C(C)CCO,0.45454545454545453,CCCCCCCCCCCC(=O)OC(O)C(CO)OCCCCCCCCCC
C=CC=CCCC,0.5238095238095238,CCCC=CC=O
CC(CCO)COc1ccccc1,0.4827586206896552,OCOc1ccccc1
C=CCCC(O)c1ccccc1O,0.34285714285714286,C=CCCC(O)CCC
CCCCCC(C)C(C)CCCC,0.55,CCCCCC(C)O
CCCCCCCCC(CC)C(C)O,0.5833333333333334,CCCCCCC(C)O
CCC(C)C(C)c1ccccc1,0.39285714285714285,CC(C=O)c1ccccc1
CNC1C=CCC=C1S,0.18421052631578946,CC1=CCC(C(C)C)C=C1
CC(C)CC(C)C(C)C(C)C,0.28,CC(C)C[C@H](N)C(=O)O
CCCC(C)OCC,0.47368421052631576,CCOC(C)OCC
CCCC(C)C(O)OCC,0.43478260869565216,CCCC(C)O
CCCCOC(C)C(C)C,0.41379310344827586,CCCCCCOC(C)OCCC(C)C
CCOCC(=O)CC,0.36,CCCCCC(=O)CC
CCC(CC)CCc1ccccc1,0.42857142857142855,CN(C)CCc1ccccc1
CCCCCCC(C)CC,0.5454545454545454,CCCCCCC(C)O
Cc1cccc(C)c1,0.3888888888888889,Cc1cccc(C)n1
CC(C)CCCC(C)CC(C)(C)C,0.48,CC(C)CCCC(C)CCO
CC1=CC(C)CC1,0.43333333333333335,CC1=CC2OCC(C)C2CC1
CC1=CCC(CCO)C=C1,0.42857142857142855,CC(C)C1=CCC(CO)C=C1
CCC1=CC=C(C(C)O)CO1,0.2571428571428571,CC1=CC=C(C(C)C)CC1
CCCCNN,0.3888888888888889,CCCCN
CC1CCC(CC=O)C1(C)C,0.4,CC1=CCC(CC=O)C1(C)C
CCOC1=CCCC=C1O,0.28205128205128205,CCOc1cc(C=O)ccc1O
CCC(CCO)COC,0.3023255813953488,CCCCOC(=O)c1ccccc1C(=O)OCC(CC)CCCC
CC(C)CCOC(C)S,0.42857142857142855,CCCCCCOC(C)OCCC(C)C
CC(=O)CCC1C=CCC=C1,0.3,CCCCCC(C)=O
CC1COC(O)O1,0.5238095238095238,CC1COC(C)O1
CC(C)CCC(O)c1ccccc1,0.40625,CC(C)CC(O)Cc1ccccc1
Cc1ccccc1CC(C)C,0.36363636363636365,Cc1ccccc1OC(=O)C(C)C
CCC(CC)CCC1CCC(C)C1(C)C,0.22727272727272727,CCC1OC(C)(CC)CCC1C(C)C
CCC1OCCC(C)O1,0.34615384615384615,CCC1CCC(CC)O1
CC(O)C(=O)c1ccccc1,0.5769230769230769,O=C(c1ccccc1)C(O)c1ccccc1
CCC(C)CCC1CCC(C)C1(C)C,0.2631578947368421,CCC(C)CCCC(C)C=O
CC1C=C2COCC2=CC1,0.23809523809523808,CC1=CCC(C(C)C)=CC2C(C)CCC12
CC(C)=CCNC(=O)C(C)C,0.35294117647058826,CC(C)=CCCC(C)CC(=O)O
CC(c1ccccc1)C(O)C1C=CC=CC1,0.28205128205128205,CC(C=O)c1ccccc1
C=CC(=CCCC)CC,0.3548387096774194,CCCCC/C=C(/C=O)CCCC
C=C(OC)C(C)C,0.28,COC(=O)CC(C)O
O=CCCCCc1ccccc1,0.7083333333333334,O=CCCc1ccccc1
CC(C)C1=CC=COC1C,0.20588235294117646,CC1=CC=C(C(C)C)CC1
C=C(CCC(CCCCC)Cc1ccccc1)CC(C)C,0.3953488372093023,CCCC(O)Cc1ccccc1
CC=C(C)C(O)CCC,0.42857142857142855,CCCC(O)CCC
CCC(O)CCc1ccccc1,0.5333333333333333,CCCC(O)Cc1ccccc1
CCCCCNCCCC(O)CCC,0.5217391304347826,CCCC(O)CCC
CCCCCCCCCOC(C)c1ccncc1,0.40540540540540543,CCCCCCOC(C)OCCC(C)C
CCCC(C)CC=C(CC)CC,0.36,CCCC(C)O
CC1CCC2C(C3C(C)CCC13)C2(C)C,0.5625,C[C@H]1CCC2C1C1C(CC[C@@]2(C)O)C1(C)C
CCOC(C)CCOC,0.4090909090909091,CCOC(C)OCC
CCC1CC(C)C(C)C1,0.2727272727272727,CCC1CCC(CC)O1
CCC(CC)CCC(C)O,0.5263157894736842,CC(C)CCC(C)O
CCCCCC(CC)CC=O,0.42857142857142855,CCCCCCCCC(CO)CCCCCC
CC(C=O)CCC1C(C)CCCC1(C)N,0.27906976744186046,CC(C)=CCCC(C)C=O
C1=CCCN=C1,0.35294117647058826,C1=CCCC=C1
CC=C(C)C(C)CC,0.4090909090909091,CCC(C)C(=O)O
CCCC1=COC=CC1,0.2564102564102564,CCCCCC1=CCC(=O)O1
CSC(C)C,0.45454545454545453,CC(C)SSC(C)C
C=C(C)C1CCC(C)C(C)C1,0.68,C=C(C)C1CCC(C)C(O)C1
C=C(C)C1CCCC1C,0.42857142857142855,C=C(C)C1CCC(C)CC1O
CCc1cccc(SC)c1O,0.28125,OCc1ccccc1O
CC(C)C(C)CCC1CCC(C)C1(C)C,0.25,CC(C)[C@@H]1CC[C@@H](C)[C@@]23CC[C@](C)(O)[C@@H]2[C@@H]13
C=C(CC(C)c1ccccc1)C(C)C,0.34375,CC(C=O)c1ccccc1
CC(=O)C1=CC=CCC1,0.4444444444444444,CC1=CC=CCC1
COC(C)C1CC1c1ccccc1,0.34375,COC(OC)c1ccccc1
CC1=CC(Oc2ccccc2)CC=C1,0.25,OCOc1ccccc1
CCCCC1C=CC(O)CC1,0.25,CCCCO
CCCCCCCC(O)CCC(C)C,0.5833333333333334,CCCCCCC(C)O
CCCCCCCCCCS,0.9230769230769231,CCCCCS
CC(C)CCCCCO,0.5454545454545454,CC(C)CCCC(C)CCO
CC(C)C1CCC(C)(O)CC1=O,0.4117647058823529,CC1CCC(C(C)C)C(=O)C1
CC(O)C1CCCC1C,0.3333333333333333,CC(C)[C@@H]1CC[C@@H](C)C[C@H]1O
C=C(CCC)CCC(C)O,0.5,CCCC(C)O
CCCC(CC(C)C)OC(C)c1ccc(C)c(C)c1,0.3488372093023256,CCOc1cc(C(C)C)ccc1C
CC1=CC(C)C=C1,0.32142857142857145,CC1=CCC(C(C)C)C=C1
CC1CCC(c2ccccc2)C1,0.2702702702702703,CC1CCC2C(C1)OC(=O)C2C
