,KS_statistic,KS_pvalue,MW_statistic,MW_pvalue,T_statistic,T_pvalue,Jensen_Shannon_divergence
MW,0.12748907156196623,1.379373438284109e-29,7273754.0,1.9931902668321006e-34,-13.702853783010555,2.783807470373502e-42,0.11846289387366216
LogP,0.08977234459136402,7.108685390565887e-15,9475854.0,4.526351047730242e-15,6.303108820276463,3.0722876742679335e-10,0.0903890473741023
Fraction of Sp2 Hybridized Atoms,0.17784574483673485,2.6971434309903864e-57,10521953.5,2.8711905456791343e-68,18.78514069126258,3.935346661378551e-77,0.2378424883757664
FCFP4 Count,0.16300447130628892,3.6565426372304233e-48,6792547.0,2.226294439615894e-62,-16.065626314508016,3.436201747729733e-57,0.1429442220187723
