,KS_statistic,KS_pvalue,MW_statistic,MW_pvalue,T_statistic,T_pvalue,Jensen_Shannon_divergence
MW,0.4099125788090314,9.63432729753213e-41,309808.0,1.2522207903396247e-51,-18.391058185697187,5.257271172272227e-53,0.3493175814044523
LogP,0.3481012800451825,3.415915557877565e-29,367392.0,7.3220341914508586e-37,-13.838838949869109,1.3647028119955778e-34,0.3033664951250342
Fraction of Sp2 Hybridized Atoms,0.2375030991789704,1.2053086713225627e-13,804858.5,6.081940673419647e-09,5.376813378211994,1.4764327038043722e-07,0.34408405538078246
FCFP4 Count,0.29175352482451716,1.7572502463718228e-20,409992.5,9.99965754948191e-28,-12.187223592220835,2.941736269849782e-28,0.29214552529167964
